acc_x, acc_y, angular_z, stamp, 
-0.12458985725622038,0.5592624965834253,0.5081256874720576,900745000000
-0.033184746036984576,0.6230516897292603,0.5086621765942012,900750000000
-0.05705667024375308,0.479472940673211,0.5094204032573467,900755000000
-0.1268509652560463,0.5824441135120466,0.5093796670968957,900760000000
0.059778065949692205,0.5968099754753695,0.5103054873101642,900765000000
-0.10916443727765995,0.45777737082521436,0.5102856747676875,900770000000
-0.14237500841748107,0.5711322816656065,0.5111745095461034,900775000000
0.07179688554723347,0.6747846816372132,0.5117941462234049,900780000000
-0.08008773730617444,0.4934183351110147,0.5113172333960773,900785000000
-0.1519553188288426,0.5828664748884661,0.5120519134100218,900790000000
0.049268340633721555,0.6087387064585456,0.5118989436122083,900795000000
-0.08178847340818197,0.4888380839966084,0.5115096011460384,900800000000
-0.15170238503254044,0.5792583847339547,0.5122148721600202,900805000000
-0.03360045345900903,0.656653191622265,0.5120620097234265,900810000000
-0.03490137044117578,0.5732821863901886,0.5126909383676928,900815000000
-0.13950662291839244,0.606543668095959,0.5129270626230039,900820000000
-0.004147482063236887,0.6475610596435208,0.5141086905028002,900825000000
-0.04816400351216041,0.4963395458929256,0.513939483957673,900830000000
-0.10087164072291016,0.6169713332118643,0.5149632237657703,900835000000
-0.012266793704610496,0.6234680997108779,0.5155712728810717,900840000000
-0.016514976402735533,0.5144225238984976,0.5161277372770627,900845000000
-0.11212267998621611,0.6066446685244982,0.5159332769038485,900850000000
0.007696244917994238,0.6588547695253166,0.5165542918953206,900855000000
-0.04527900787470639,0.4866698467881178,0.516335456359669,900860000000
-0.10983102043323223,0.595794782587662,0.5167879491759046,900865000000
-0.008822713473256177,0.6218169354735786,0.5169113184179216,900870000000
-0.06132379392088331,0.49811613230572205,0.5164165420530499,900875000000
-0.11753986754231445,0.5720363928458586,0.5168716833725,900880000000
-0.023498433278252254,0.6288005212551697,0.5168648388406459,900885000000
-0.031720275769166736,0.4950817670684986,0.5170337215377109,900890000000
-0.11176696597452271,0.5993068741751935,0.5175152956633313,900895000000
-0.013953471618294657,0.6370753307574619,0.5175178800445053,900900000000
-0.05017779459668144,0.5167839468077257,0.5172748625136675,900905000000
-0.12999692149360687,0.599137819937534,0.5176086723716085,900910000000
-0.0011741452223415073,0.6486663285551549,0.5178196462674628,900915000000
-0.053213039169503575,0.4973069806243489,0.5176679244359408,900920000000
-0.13035006135627777,0.5772448588331928,0.5179471996413123,900925000000
-0.001066515854116099,0.6413471978516921,0.5184804040227554,900930000000
-0.05898245424227758,0.48002390703518694,0.518375058153503,900935000000
-0.10988598782307152,0.5878435346298163,0.5180912808004838,900940000000
-0.019426492859457502,0.6192591955771335,0.5187142887485188,900945000000
-0.055865241615167587,0.4825527163823998,0.5183383778294464,900950000000
-0.03809369575182451,0.587759072307194,0.5181513474718439,900955000000
-0.08844247129912515,0.5636243129562164,0.5182610441152455,900960000000
0.00046175644582875826,0.5461945071700773,0.5179342658331185,900965000000
-0.043901967454053524,0.561909568579324,0.5179079718508052,900970000000
-0.1075186301656374,0.6047598184091632,0.5183172272361337,900975000000
0.010828027417274604,0.6414134345255808,0.5186386625539744,900980000000
-0.08510699318945948,0.4975372070967461,0.5187434810376734,900985000000
-0.13180310565488285,0.6314869000341148,0.5192375881566826,900990000000
0.02064970174783021,0.6613081287575704,0.5196040447497823,900995000000
-0.008854497224585853,0.5207113462548995,0.5205864758227218,901000000000
-0.1404541286167191,0.6205073683956697,0.5207984814305328,901005000000
-0.02979239148124445,0.6485926826108098,0.5213882503428497,901010000000
-0.04067056636981999,0.47508913340790193,0.5214594176951275,901015000000
-0.1126426107002119,0.6063621495821473,0.522018669848804,901020000000
-0.016836052850240774,0.6762302237138595,0.5222100877576044,901025000000
-0.0814017035603595,0.5132934527835457,0.5225764042206623,901030000000
-0.06130603451949626,0.60264831360547,0.5219473476550803,901035000000
-0.09113907525118699,0.6167601241629682,0.5223079909173037,901040000000
-0.016376610252057708,0.5689695112167179,0.5226247270826025,901045000000
-0.0626000227771517,0.5576669883294604,0.5225776355574931,901050000000
-0.08418093671501203,0.5943442755356677,0.5225583473309644,901055000000
0.04082257460526241,0.6193481750927229,0.5228358289670075,901060000000
-0.09007431447637242,0.5055202651496129,0.5233583589685278,901065000000
-0.13119630829100387,0.6049603936398016,0.5231814851354101,901070000000
0.013259363265441162,0.6336196946791068,0.5229613897105779,901075000000
-0.10066794133559298,0.5230361490688554,0.5230027447023152,901080000000
-0.12339415648991711,0.5980309254610339,0.5224160543489185,901085000000
0.07093364148796752,0.6618426651237226,0.5228445666341031,901090000000
-0.08963286877856862,0.4864835874845539,0.5217148846644677,901095000000
-0.10431297747354171,0.6093491206361714,0.5210604983487276,901100000000
-0.020791008977101923,0.6446430498705146,0.5209064225515744,901105000000
-0.05797971416238039,0.5122856275715437,0.5206411041335661,901110000000
-0.08032202825629955,0.6033482434298008,0.5200921436242709,901115000000
0.021317217119951676,0.6069886617556581,0.5203953724328647,901120000000
-0.11927248670963428,0.5487465840958216,0.5197674529131018,901125000000
-0.1080871524909311,0.5893744364336679,0.5195451991914423,901130000000
0.027324215995891434,0.6124478173043834,0.5196981540341569,901135000000
-0.09508031722895119,0.5184304971907558,0.5194377320979686,901140000000
-0.1346388084739784,0.5677777514388089,0.5196407948626249,901145000000
0.014888836329321033,0.6406172103909153,0.5202344052971897,901150000000
-0.050214308364493,0.5120149568943477,0.5201206803327945,901155000000
-0.10975026002629192,0.6032341885369747,0.520206324035842,901160000000
0.049357540675347734,0.6259590041666709,0.5212014317262244,901165000000
-0.0814301486864872,0.4995272051308019,0.5212376291873941,901170000000
-0.15099047063677073,0.5768105220679397,0.5207856854337919,901175000000
0.01939118037658142,0.6041543058578326,0.5214225801841178,901180000000
-0.0689580477725053,0.5344092127501306,0.521095979992449,901185000000
-0.11689449182504326,0.580533328393002,0.5209867709611421,901190000000
0.06500654043014653,0.6401990396419482,0.5206313098358873,901195000000
-0.10181268919429987,0.5202554816987118,0.5203895261771597,901200000000
-0.13461825954021023,0.621316614934357,0.5206490996471188,901205000000
0.061327713427677295,0.6009965449583567,0.5206377149842392,901210000000
-0.12577079900330804,0.5260423774149671,0.5207345076042028,901215000000
-0.17640331770098433,0.6100122401887381,0.5212263432353132,901220000000
0.031081455820490666,0.5728734317427175,0.5212638912929652,901225000000
-0.06992240992258206,0.6001195671784761,0.5220593883430065,901230000000
-0.07972164999106741,0.6393952434730309,0.5229034514431218,901235000000
0.005081468215277201,0.5253348897924791,0.5228677853441995,901240000000
-0.08940631598661547,0.611806347663542,0.5232517280641711,901245000000
0.00747258615450413,0.6056304624279713,0.5240256253339804,901250000000
-0.05365601435520781,0.5279923296665624,0.5241610276721479,901255000000
-0.1273951189429108,0.5731261852304644,0.5238934313110807,901260000000
0.10275621771485834,0.6342223949293775,0.5239416858583444,901265000000
-0.11036130183447494,0.5750476167771869,0.5236009775344657,901270000000
-0.15110033096374753,0.5784255460800694,0.5231614984305841,901275000000
0.07783262464387149,0.6204842729156802,0.523074806847974,901280000000
-0.06835879759270846,0.5358103990146302,0.5220976865592667,901285000000
-0.1335075063260432,0.5851562778949585,0.5210693986721575,901290000000
0.057302913633582406,0.6095443805117665,0.5205074826924297,901295000000
-0.07390312663133132,0.5314573259043046,0.5203295793113683,901300000000
-0.13301919262217288,0.6219220790744852,0.5197784568325119,901305000000
0.032834479533651664,0.6270320165507591,0.5199531621397026,901310000000
-0.020106605659425694,0.49478053187055226,0.5196495019034302,901315000000
-0.15115940906489025,0.6015193286239812,0.5195750259755493,901320000000
0.08008179097387136,0.6121422828145141,0.5205344223226727,901325000000
-0.05871894356553437,0.49107260338431596,0.520486620845792,901330000000
-0.16871331890315155,0.6039058802813352,0.5211519532245629,901335000000
0.08684422517110227,0.6498991503202306,0.5221332092795802,901340000000
-0.06400726246615415,0.5372260513194803,0.5222341630453964,901345000000
-0.16394420646524877,0.6042926267586232,0.5226109882407981,901350000000
0.0554254121919428,0.6101416062196316,0.5235233674642918,901355000000
-0.0372976317911263,0.5013837528651228,0.5232316452406088,901360000000
-0.1601232015373079,0.5880098540175793,0.5236674744201015,901365000000
0.13621780793024196,0.6165773390112519,0.5239312100914586,901370000000
-0.14707004433046017,0.56012167091181,0.5238888278319378,901375000000
-0.17509819578856312,0.6075330332481825,0.5237142724455466,901380000000
0.1143789029935654,0.6349214940898658,0.5237395358097663,901385000000
-0.11021371840940722,0.5287229728888855,0.5234523643026577,901390000000
-0.11076165818271863,0.5951194888439776,0.5235259391008251,901395000000
0.11794499189102904,0.6228982525869527,0.5237022669859109,901400000000
-0.13094199154824784,0.5242656914024831,0.522993250750722,901405000000
-0.11556681762798593,0.589648791807791,0.5234026447721806,901410000000
0.05677680905571961,0.6162117765929883,0.5239934604767816,901415000000
-0.10545625020512796,0.5806311496135038,0.5236479650199004,901420000000
-0.13327343691163285,0.6105056648257844,0.5237948470572689,901425000000
0.09096213550595252,0.6195418805368755,0.5246771817080556,901430000000
-0.1142029797886103,0.5140432042452324,0.5240766007082628,901435000000
-0.1229131255001178,0.6118758694000834,0.5240229393803307,901440000000
0.042498814387620654,0.6430376220946125,0.5249854542797856,901445000000
-0.09228166399830388,0.5551337127650543,0.5250882133603582,901450000000
-0.14837626080612407,0.5633058973518633,0.5250984041448158,901455000000
0.05752048581283841,0.6042935302621959,0.5256550533008771,901460000000
-0.08887365393970126,0.5294968779802963,0.5255418114603573,901465000000
-0.14374978935430993,0.552267665987557,0.5252762969242877,901470000000
0.08379516180739119,0.6206132403349701,0.5260123153430712,901475000000
-0.07054088611163131,0.5582912418034386,0.5257730819052918,901480000000
-0.10101777061488125,0.6108431808808116,0.5259943691237615,901485000000
0.057322482063116326,0.6372695634315674,0.5268391101398668,901490000000
-0.09098907628617792,0.49906838873199333,0.5269762925861328,901495000000
-0.1436833848441232,0.5899035836618812,0.526569923706314,901500000000
0.016383890592260662,0.6199112193364049,0.5276685186657888,901505000000
-0.05100522715228653,0.5257070954163211,0.5282178900516343,901510000000
-0.1345598407358164,0.5914474689785179,0.5280709695308611,901515000000
0.010597664465105119,0.6048761068814299,0.5294477626221358,901520000000
-0.03391438413214711,0.5233490530118061,0.529222451746865,901525000000
-0.1344336656691963,0.5916882319310973,0.5288895682278705,901530000000
-0.018559647507421312,0.6107040439636782,0.5303657129829648,901535000000
-0.04870557361060339,0.5450472405927278,0.5300697496382596,901540000000
-0.15905215038815218,0.6095695439746359,0.5305887228409273,901545000000
-0.042482462477408806,0.6452603447294839,0.5310125730689218,901550000000
-0.038374915300778425,0.5783461277486444,0.5310602433664353,901555000000
-0.10997639749781908,0.6043495181527176,0.5311737717902697,901560000000
-0.03545719825140888,0.6154206425499007,0.5315560061893835,901565000000
0.0020552337034930174,0.5659327715275048,0.5320234025444108,901570000000
-0.10386123072348269,0.6101079227680422,0.531810742420727,901575000000
-0.01043181750321771,0.6291341879891983,0.5321154428255466,901580000000
-0.02222140724123694,0.5731382645562162,0.5324594237808801,901585000000
-0.1322739170898324,0.5703222895827653,0.5329146303687713,901590000000
-0.024509403700026307,0.6123392275975321,0.5337212846774576,901595000000
-0.05704323497297803,0.5247500767902703,0.5344061442609023,901600000000
-0.1043340423742558,0.6437726272443313,0.5351807823563651,901605000000
0.010602187412779067,0.6410993396096037,0.5369393131535718,901610000000
-0.028266823791418032,0.5599701763338281,0.5375125527933544,901615000000
-0.16497614921922518,0.5952270051173336,0.5384116414585695,901620000000
0.06895995473398298,0.5881148314215034,0.5398982395428099,901625000000
-0.0899944127556146,0.5990589297249177,0.5407160285048491,901630000000
-0.13279548853834394,0.6187386658903976,0.5413552911401993,901635000000
-0.02427380095182176,0.6313914360225292,0.542477612627077,901640000000
-0.0387381782371798,0.5915971865669322,0.5419791275433907,901645000000
0.00797588858125483,0.617847401849006,0.5422992538062693,901650000000
-0.09362062375877919,0.5700502049184439,0.5422770495364239,901655000000
-0.11120868533336142,0.6153369951534027,0.5414076051695246,901660000000
0.0185564276253971,0.6049618559144366,0.5410531174126986,901665000000
-0.09660919175705455,0.6000184055069145,0.5401730046061787,901670000000
-0.1248501617534367,0.6146479877209272,0.5397747591825484,901675000000
0.047464700834267425,0.60055183802297,0.5391365693093881,901680000000
-0.06935047263471844,0.5644621003479323,0.5384734657732682,901685000000
-0.11897542090966572,0.6127891229319098,0.5381056408240348,901690000000
0.01722187629606322,0.6222463307887549,0.5385129446994744,901695000000
-0.050447439076045944,0.5743093650366694,0.5383688035713987,901700000000
-0.11837890258508382,0.6332175678251468,0.539053546529869,901705000000
0.007058103679177691,0.6249217027429257,0.5394579047004613,901710000000
-0.020897845927886533,0.5680416171048293,0.5403802048550841,901715000000
-0.14690223463655583,0.609923981705255,0.5411588439844873,901720000000
0.02508392199783926,0.6272198583867133,0.5416005248178647,901725000000
-0.0145589940434547,0.5741288732199294,0.5420970724867646,901730000000
-0.16232158324970436,0.6001480877365498,0.5424814739349196,901735000000
0.022119184445112478,0.6035401705109352,0.5433971553852082,901740000000
-0.06236772400822018,0.5940750171297496,0.5439064780895908,901745000000
-0.11333715334969974,0.5943676289340628,0.5436756922136102,901750000000
0.011697001021677365,0.611456882639064,0.5439141629366079,901755000000
-0.0870470886964927,0.5705097232326434,0.5443912894887686,901760000000
-0.08190918149185061,0.6232205056692236,0.5437750752719471,901765000000
-0.023960684832553394,0.6295378462874446,0.543998199263451,901770000000
-0.0740479215867861,0.5843430815771743,0.5441939877442709,901775000000
-0.057419467556424506,0.623710682484902,0.5429945879473901,901780000000
-0.09536379705994769,0.5996994210391422,0.5430302594049773,901785000000
-0.0013321466862087367,0.5947933097280802,0.5431186906347925,901790000000
-0.06411239378390765,0.59429227314912,0.5428629612413846,901795000000
-0.0778677104941524,0.6079209724452205,0.5426180683286054,901800000000
0.11696378851839365,0.6269414911987586,0.5432449992194364,901805000000
-0.0995687212089484,0.5794603143724136,0.5431967671434214,901810000000
-0.1312407269358321,0.6099221161824726,0.5422081761805886,901815000000
-0.005243712945070422,0.601180121221266,0.5428783897321718,901820000000
-0.009505547370673164,0.5463354088789372,0.5423763604438586,901825000000
-0.1293142480806927,0.596083442861789,0.5417817043757404,901830000000
-0.11838487372778193,0.5868142707660873,0.5413159093298691,901835000000
0.05601808603062382,0.634920139368751,0.5421556595607244,901840000000
-0.11458375583911558,0.6055173967158352,0.5408514243819958,901845000000
-0.11654098608166846,0.6042762025800139,0.5415805473242954,901850000000
0.12989481034826791,0.5424492817664676,0.5412177525337931,901855000000
-0.1209912625797438,0.6134692694016647,0.5407800007006803,901860000000
-0.155256336221785,0.6251255432462547,0.5410094699178323,901865000000
0.17612468311402288,0.5636538881589112,0.5411295184686518,901870000000
-0.19919330623003914,0.6229119860726241,0.5397965909198292,901875000000
-0.14429967328805088,0.5884192378503632,0.5396686907738705,901880000000
0.04522836771740514,0.6295069937182102,0.5402270219631116,901885000000
-0.13988885158517045,0.5819259591299645,0.54004133202451,901890000000
-0.13913386243870066,0.6021089668763647,0.5408965391989794,901895000000
0.18131845282957432,0.5816692489705424,0.5419201084609505,901900000000
-0.16221916992422858,0.6142883608490687,0.5420735730926033,901905000000
-0.15619842451386862,0.5979792408049684,0.5432683202064085,901910000000
-0.04709509902529112,0.5620207532074567,0.544203411435519,901915000000
-0.036181856132569634,0.6641063488594239,0.5447104105843849,901920000000
-0.10734048860245995,0.6340228066611044,0.5460765145974082,901925000000
0.012473829884162919,0.5709175296546429,0.5475933769357363,901930000000
-0.04777970560896213,0.590368613826397,0.5478630445446072,901935000000
-0.12202405230345406,0.6012094780037823,0.5485232200336769,901940000000
0.06298947159336131,0.6183873746447471,0.55000222509482,901945000000
-0.07379925793447357,0.6414872396048517,0.5499665332859722,901950000000
-0.09493556665036046,0.6131168869814868,0.5504764830619795,901955000000
0.05063507701091428,0.5776245305623675,0.5507130879886175,901960000000
-0.09600196744139686,0.6053129491483229,0.5503140556757533,901965000000
-0.0929495338164624,0.62202196260173,0.55033228395376,901970000000
0.05371606859784985,0.6183264717076863,0.5499747329304379,901975000000
-0.12333553181557827,0.5535416445973509,0.5492973810224027,901980000000
-0.08679627073311875,0.6299361368590782,0.5488692563262362,901985000000
-0.0012769022611532769,0.6010316071992304,0.5491423636496359,901990000000
-0.09257087352582981,0.5810793366665938,0.5478088590247395,901995000000
0.012499123271106218,0.6053769000766278,0.5478685165340585,902000000000
-0.09276683369646654,0.6222141251308116,0.5481782675819118,902005000000
-0.0992930237274995,0.6067646030315998,0.5480126563840013,902010000000
0.02492782750205566,0.6057558817178277,0.5488619359496761,902015000000
-0.06085353113142703,0.647530718355002,0.5490065431030461,902020000000
-0.08135211593960251,0.6679368016224487,0.5489874832821041,902025000000
-0.0267798528760408,0.6058515324269665,0.5492196976047359,902030000000
-0.05980495773826246,0.633577209369645,0.5504458293195426,902035000000
-0.0768511511662312,0.6176708514758763,0.5497708494594109,902040000000
-0.10860711715877963,0.6140119222421787,0.5499934290491165,902045000000
0.11056716454514666,0.6016434368396834,0.5504891881208662,902050000000
-0.12120045824251612,0.5982991510106784,0.5506483617916491,902055000000
-0.09321185730726887,0.6108874895488827,0.550699133775372,902060000000
0.04321284093505556,0.5977194236237823,0.5514303582249755,902065000000
-0.060803901716580254,0.6294425087839967,0.5510641880539608,902070000000
-0.11867413336934063,0.6065253924228484,0.5521131559727905,902075000000
-0.010522953880279554,0.5930605028274369,0.5522591686681937,902080000000
-0.05252923651346675,0.6214530727184872,0.5531256553382893,902085000000
-0.10127705866241636,0.6497168422881215,0.5529199246218586,902090000000
-0.0010077942895705837,0.6372184372290055,0.5533228176936907,902095000000
-0.050648610041094846,0.6393569981307269,0.5535979488967395,902100000000
-0.1396891561033059,0.6170985550539869,0.5535049590365954,902105000000
0.049329285039779625,0.6741781791151287,0.5540543262290468,902110000000
-0.08917780026468512,0.5777539443328075,0.5545256107890176,902115000000
-0.15529996737507948,0.6043333981931971,0.5537318954536725,902120000000
0.04366652783813778,0.6174516918318378,0.5538075985870088,902125000000
-0.05668745777494623,0.6142055191309626,0.5532704997256469,902130000000
-0.13958478201339658,0.6475573156898693,0.5515457713562425,902135000000
0.04035652734352233,0.5992948571341566,0.5516466804042423,902140000000
-0.1374732980459079,0.596459859786422,0.5499165943420655,902145000000
-0.1377050075377724,0.6057963607395761,0.5494102902648399,902150000000
0.0237781972340887,0.6055870249576986,0.549086687154343,902155000000
-0.138836313814573,0.6137759512977509,0.5481036033100591,902160000000
-0.14932978183918522,0.6045236251112462,0.5474700513063904,902165000000
0.03865395060036879,0.6397079338770012,0.5474645830543576,902170000000
-0.04477998222193234,0.6221161108066036,0.5476120919472747,902175000000
-0.15703843656791516,0.5628724199242683,0.5469279842795579,902180000000
-0.10934427182286185,0.6628008950764877,0.5478606868113417,902185000000
0.127036348322921,0.6607576768895504,0.5476879263505556,902190000000
-0.13593608393690476,0.5054921905086184,0.5474227417143392,902195000000
-0.12591253017064438,0.6497041773841229,0.5479151077460276,902200000000
0.2073131241296045,0.609255413092163,0.5478924872278106,902205000000
-0.1489055366531744,0.6183492263380443,0.5473424426219344,902210000000
-0.16482060417008706,0.6265830812675202,0.5468409970376906,902215000000
0.11924176090393378,0.6403235740860056,0.5477130225643502,902220000000
-0.09232496570735384,0.6123152932265358,0.5473794191989074,902225000000
-0.1151147471425611,0.5767798650695567,0.5472000968746977,902230000000
-0.10659608307883667,0.6440124109944824,0.5476218012816356,902235000000
0.14803547234964137,0.5831490674876788,0.548575772329873,902240000000
-0.2171802088148244,0.5736475757848858,0.5483750394304766,902245000000
-0.19538858648106514,0.6259840029692197,0.5493628378539341,902250000000
0.1743065009823734,0.6358462657063254,0.5498093532069349,902255000000
-0.18253916526687738,0.6080122380953425,0.5497731194925357,902260000000
-0.10971133405672985,0.6046217274727934,0.5489950929647537,902265000000
-0.14830777293949685,0.5852114608848933,0.5501830289941467,902270000000
0.10913148965935646,0.6469876193569023,0.5505315526020074,902275000000
-0.18698458028837184,0.5081642413298001,0.5500334957505119,902280000000
-0.13076870741478577,0.6378415995804869,0.5508880042481905,902285000000
0.16442108782994458,0.7104511844599699,0.5509015904663187,902290000000
-0.1347887982872425,0.5399957024753279,0.5508124697290029,902295000000
-0.1721620884934726,0.6529937911403235,0.5511942790275554,902300000000
0.23735245524564136,0.6472127898769034,0.5517082155145252,902305000000
-0.19092777654337595,0.5605620197666303,0.5516622331349915,902310000000
-0.142056974937258,0.6518262580280637,0.5515487742006063,902315000000
0.10998816195402666,0.670024352681993,0.5526395116159799,902320000000
-0.13750024129450272,0.5318872723876592,0.5527332991575161,902325000000
-0.15473871694121555,0.6277867738178823,0.5541418152834366,902330000000
0.13841761132348473,0.7009456973742934,0.5560796511893956,902335000000
-0.0965080743859017,0.536121200739357,0.55694261332376,902340000000
-0.17588413795439284,0.6398668807492567,0.5583084107851518,902345000000
0.030250398151695907,0.5656381276905509,0.5601382646793996,902350000000
-0.036841421191944286,0.6222896290190179,0.5609975040786662,902355000000
-0.1813444739958116,0.6562519405282928,0.562043964888936,902360000000
-0.0344289479945002,0.6426991031573126,0.5636408826319402,902365000000
-0.07673681606411939,0.6186366612297187,0.5648435416017032,902370000000
-0.014855229722650756,0.6567280155591806,0.5654481076670723,902375000000
-0.04861263049689264,0.6809651088067497,0.5660241142611545,902380000000
-0.10643366811459881,0.6241159258598465,0.5659886499532791,902385000000
0.0416219882469901,0.6006747455366385,0.5663904522792546,902390000000
-0.08157243614252085,0.6426435504692216,0.5659575138305872,902395000000
-0.11624279432693882,0.6106896872328442,0.5655269000380306,902400000000
0.036618885728687794,0.5913141899376838,0.5650142817271134,902405000000
-0.0588839678384159,0.6021760685165237,0.5644276383801131,902410000000
-0.12795995436883528,0.6625822522414707,0.5637185445054966,902415000000
0.028132725989645415,0.5985449799322059,0.5637000317864577,902420000000
-0.1023856076847628,0.6213480403793482,0.5629723889601431,902425000000
-0.10063300778238932,0.6412623699977124,0.5622775482849013,902430000000
-0.04093664241954018,0.6108825682890027,0.5622647152205477,902435000000
-0.05223279363116323,0.6140831664331563,0.5625665754772253,902440000000
-0.014716652330400655,0.6103989741299386,0.5635462099009378,902445000000
-0.0555839074630119,0.6276958072430592,0.5639095345161721,902450000000
-0.09153741828136876,0.6122375662450118,0.5635633362152788,902455000000
0.00200986087670069,0.6193634542578615,0.5649962814429472,902460000000
-0.01211510155962522,0.6813906516349914,0.5659020581864711,902465000000
-0.12081485915517157,0.6341857426743996,0.5659252261582122,902470000000
0.031803081874705603,0.6300994658802114,0.566637696529053,902475000000
-0.09139816986773167,0.6414859060843933,0.5670882425509379,902480000000
-0.10532394954994385,0.62600204761209,0.5669733839567094,902485000000
0.003251421792059273,0.6047288616678245,0.5680590509664272,902490000000
-0.03314973693461108,0.6491502306069042,0.5678776616860254,902495000000
-0.103047808578286,0.6248396118875373,0.567551157582367,902500000000
0.017110466939614884,0.613514670254291,0.5685179331393999,902505000000
-0.05678987338661298,0.6700998656173396,0.5680786969732348,902510000000
-0.08377658493315666,0.6156027536656281,0.5674446882177473,902515000000
0.013994457757446838,0.5946336034214739,0.5681755074428759,902520000000
-0.07136382940574104,0.6690498352551891,0.5676569326262132,902525000000
-0.0879526381247224,0.6108044197322888,0.5671453508149552,902530000000
-4.3331429320028064e-05,0.5788655616401082,0.567249388654678,902535000000
-0.04731716824293508,0.7014858018184639,0.5677538692559073,902540000000
-0.11255420292785387,0.6245003974642914,0.5673873464736677,902545000000
-0.042769177907082206,0.6133956539587478,0.5681341452294295,902550000000
-0.04720751977710357,0.6731238212717606,0.5689576569682309,902555000000
-0.11764820679681287,0.6680948150655748,0.5686120463613451,902560000000
-0.09038443069226654,0.5825809737875004,0.5689289262944095,902565000000
-0.006113023618781987,0.6487043409780873,0.5702420495580078,902570000000
-0.10864241855999088,0.578906284959948,0.5699123124980483,902575000000
-0.020550417761947666,0.6119974185434908,0.5705386910150174,902580000000
-0.004235619077836257,0.6948720993272152,0.570615529449738,902585000000
-0.13112030575256328,0.5899540809429341,0.5701727356739451,902590000000
-0.0012129603720914062,0.6043492972069081,0.5704123403026966,902595000000
0.002493555935782363,0.6772604960650024,0.5702134219949128,902600000000
-0.15499313030743053,0.6259430926232399,0.5692918579185253,902605000000
-0.015406161738439002,0.5813118025245071,0.5693160202229773,902610000000
-0.01786905851394242,0.7062762591484439,0.568503273530962,902615000000
-0.1394353151959393,0.6053174442919914,0.5676662447276932,902620000000
-0.002631640716489439,0.5720113382557683,0.5674632869757504,902625000000
-0.021382489585718287,0.6891182492494533,0.5667575446241909,902630000000
-0.18274796890230904,0.5438088114680651,0.5662620714388524,902635000000
-0.02449067469591029,0.6021144381019539,0.5666798828815609,902640000000
0.01484068121376713,0.7018369452418334,0.5668129202181306,902645000000
-0.18075290134156188,0.5710717913614205,0.5670022778940977,902650000000
-0.038871759949948854,0.644554295192445,0.5678668530889772,902655000000
0.04199986390850355,0.7068692199890817,0.5679499273658006,902660000000
-0.17348341441167942,0.5745452986585716,0.5682280354656936,902665000000
-0.018203978560355487,0.5952932236224814,0.5694236403987083,902670000000
-0.08018938043981584,0.683168236220823,0.5700029110471548,902675000000
-0.13141951335707064,0.5925549338580304,0.57103243516365,902680000000
0.07316394034824336,0.6309948649834667,0.5719050552474126,902685000000
-0.019069605503714233,0.6727113882766285,0.5727205309128607,902690000000
-0.1361042917824653,0.5966207945304012,0.5725115911838038,902695000000
-0.038121814698353,0.6138904559217139,0.5729870120285862,902700000000
-0.043163487007872835,0.7240616031206261,0.5736214469083092,902705000000
-0.15817473337154286,0.6394097046917336,0.5737186515515359,902710000000
0.021039472975246123,0.6150845436427085,0.5736866474409584,902715000000
-0.042550995920123194,0.6855652071300093,0.5740074810743805,902720000000
-0.13715629949329072,0.6006186602099856,0.5743121096807902,902725000000
-0.014531838211207002,0.6177335133616726,0.5742235235562837,902730000000
-0.023123711513428354,0.6967995405081676,0.5743991791290309,902735000000
-0.1395629314400164,0.615933098393299,0.5740797791887111,902740000000
0.032783345868045474,0.6151593316945307,0.5748829781023825,902745000000
-0.08633038243850624,0.7075711746062398,0.5752501078871061,902750000000
-0.13107138209310704,0.6214774374943461,0.5750511788099001,902755000000
0.009328984868185482,0.5968163028621878,0.5760302821024569,902760000000
-0.011935817215334567,0.742715187840317,0.5765311778904378,902765000000
-0.12012506188306143,0.5775849605133806,0.5763732056624981,902770000000
0.0016510144002241135,0.6069955905066091,0.5769884150874564,902775000000
-0.10609518025298109,0.7288383510158956,0.5767896103319381,902780000000
-0.1174621121453054,0.6062687717090475,0.5763881569488473,902785000000
0.10516715513631925,0.6495959437548697,0.5767802893097901,902790000000
-0.08579353262330636,0.6943366879816023,0.5764203537116286,902795000000
-0.10584886540490006,0.5894504229214914,0.5755962075060691,902800000000
0.031030860031951813,0.5549508902583856,0.5761046650509176,902805000000
-0.0964848117917636,0.7158690162805638,0.5758107350777892,902810000000
-0.052695134566584395,0.5756635618353414,0.5764186877435452,902815000000
-0.037288676264256596,0.6806993954676357,0.5771047087022886,902820000000
-0.12434415299009818,0.5922176780111591,0.5772487737094509,902825000000
0.0029820228544844233,0.5796306966991385,0.5782093552944888,902830000000
-0.03433703898441902,0.7534886784151177,0.5790490350528427,902835000000
-0.12897510330437112,0.6420759933642997,0.5793390011537051,902840000000
-0.11479267543326752,0.6388668508060334,0.5798243569156487,902845000000
0.11724010024070089,0.6270965412938186,0.5808088395805422,902850000000
-0.13942441972089362,0.6915989632949575,0.5802969218764643,902855000000
-0.1085946943037371,0.5678801381134607,0.580501140043792,902860000000
0.006686224965546657,0.5792288221759978,0.5809397390562832,902865000000
-0.0029552282139691344,0.7675926432087504,0.5808496065678925,902870000000
-0.16092721728460552,0.6092286675511752,0.5799580435562419,902875000000
-0.008422292962655016,0.5799957116171052,0.5793718232963012,902880000000
-0.0009489607509554146,0.735178874243492,0.5796963403770223,902885000000
-0.08758533000286711,0.624669601270094,0.5790057977146039,902890000000
-0.032572512464903954,0.5818817335760774,0.578620226282009,902895000000
-0.017812826916695064,0.757865665142057,0.5784519648279577,902900000000
-0.13111829076085604,0.6169046697400572,0.5777988796280749,902905000000
0.09156009282549755,0.6063213261811512,0.5781549951365148,902910000000
0.029350865347907637,0.7484746186245166,0.5772489999602722,902915000000
-0.22208669452222354,0.5765721882183246,0.5767267142631342,902920000000
-0.010423586358375644,0.5945372238355513,0.5764460263028405,902925000000
0.029578776372523655,0.765653599352511,0.5753527864364866,902930000000
-0.20767135037769707,0.5897239182107842,0.5746526932314507,902935000000
-0.13096939689558976,0.6366490396485338,0.5741084512536754,902940000000
0.17194303669720165,0.6749511588317945,0.5739034160308721,902945000000
-0.1992079618037719,0.5764358645764485,0.572783327190783,902950000000
-0.14475263990099627,0.6358408666126856,0.572386598098474,902955000000
0.12502067238507097,0.6819661308685953,0.5725029373481775,902960000000
-0.20403298574324477,0.601605927110419,0.5716802683905718,902965000000
-0.08288707510398052,0.6378564002036288,0.572030535246104,902970000000
0.14174999702845567,0.658082360572795,0.5718464419394774,902975000000
-0.24240868727248066,0.5820004420940588,0.5710782397691005,902980000000
-0.10697194632539667,0.6845965052122938,0.57200266877522,902985000000
0.15276678445520722,0.6384320792600081,0.5714755169207252,902990000000
-0.1983656066521637,0.5829142889137843,0.5703462890449261,902995000000
-0.164240434385839,0.6414136553606418,0.5706106556106074,903000000000
0.2461379224211259,0.5369103744110713,0.5717776916111924,903005000000
-0.12642945719280094,0.6849123788502333,0.5706576508528434,903010000000
-0.22068901435607552,0.6319106154113192,0.5708146861530669,903015000000
0.14513951547129747,0.5527298930599492,0.5723876483283054,903020000000
-0.04490171763335736,0.7842669341406011,0.572568409395738,903025000000
-0.2500615317866652,0.5901330770797243,0.5731928531291292,903030000000
0.034214384590524505,0.5112718836739941,0.5746645955244621,903035000000
0.052576470842069026,0.6958232151559447,0.5753827204162576,903040000000
-0.21179480974542417,0.5903142167413395,0.575399676660879,903045000000
-0.04857492446196551,0.6194033740382983,0.5770574064048953,903050000000
0.0822776762968626,0.6449495498343522,0.5783520614370142,903055000000
-0.1894815439913735,0.5795515873466328,0.5797296073019054,903060000000
-0.07536612469621354,0.7052848567565209,0.5814243738205833,903065000000
0.12353661511364657,0.5990192100911219,0.582658845715565,903070000000
-0.18132159693254638,0.5706723218137377,0.5838726429768013,903075000000
-0.09673766300246327,0.715112866255179,0.5858155568727633,903080000000
0.049725114757935986,0.5503565111804559,0.586875186296961,903085000000
-0.14362396536143138,0.6325503640554537,0.5881997644020446,903090000000
-0.06405506618063465,0.8689315336714234,0.589858109610503,903095000000
0.06494935516361808,0.4108091930450851,0.591280924841226,903100000000
-0.13065388270767034,0.6647066923129745,0.5925123284376566,903105000000
-0.018443267683748852,0.9200116358078742,0.5937562629122418,903110000000
-0.07305737958486186,0.5012265530003168,0.594667629248469,903115000000
-0.12095385816092678,0.69729704832436,0.5949651485655586,903120000000
-0.023435366215184075,0.7807548189550578,0.5947647723232804,903125000000
0.05004760415492857,0.47771205135177386,0.5950615524345799,903130000000
-0.0983217938023922,0.7040954540069092,0.5946615528947581,903135000000
-0.03969714103343523,0.7728633297709652,0.5939056037674696,903140000000
-0.10275015893785533,0.4897764994078557,0.5932131393846352,903145000000
-0.07267692779585153,0.7000246636413041,0.592796314514258,903150000000
-0.023522421915129935,0.7492200871818994,0.5922937745591621,903155000000
-0.03129593813507046,0.4957137336575511,0.5913789873789662,903160000000
-0.13906029004331186,0.682712162282728,0.5909883016128499,903165000000
0.009446949196782971,0.7214137566001102,0.5905085284448947,903170000000
-0.019402445021775343,0.5644159197542011,0.5901418671889106,903175000000
-0.1499387673354286,0.6394744564495939,0.5900225067428145,903180000000
-0.08104645034998699,0.6774274440115596,0.590175239873517,903185000000
0.11490405687721388,0.7410995964821874,0.5897969208029463,903190000000
-0.1815943912533154,0.5221655251759922,0.5898230153238261,903195000000
-0.09576356500083974,0.6639950600899763,0.5898772696131152,903200000000
0.14066312234057626,0.7909171716753328,0.5898497009056574,903205000000
-0.12209503548370453,0.5433856335820475,0.5890805631791222,903210000000
-0.1068883797770876,0.6360207575221751,0.5888296211202171,903215000000
0.07874222789101537,0.7696744565213418,0.5887429542116674,903220000000
-0.09566546675430491,0.5067803662775469,0.588224776582362,903225000000
-0.11500153480012973,0.6347947865511498,0.5885898201675713,903230000000
0.09306009216064563,0.7766505483947024,0.588797290816675,903235000000
-0.13469445596013996,0.5379313632748669,0.5881174737065018,903240000000
-0.11148308953603164,0.6582339231341832,0.5883005112110632,903245000000
0.15974742061977715,0.8067626028592896,0.5885074265609264,903250000000
-0.1828571685600114,0.5183977206377269,0.5879659424851841,903255000000
0.009279551140430012,0.6452904045545035,0.5888798198494701,903260000000
0.082239955959771,0.7602007741599487,0.587588472523211,903265000000
-0.19630510153323638,0.5229845713425277,0.5873901649537252,903270000000
-0.1221818226888829,0.6490754436509463,0.5876596006292827,903275000000
0.10282982429748083,0.6777289114782477,0.5872005114304897,903280000000
-0.06917271619643534,0.6006972664678454,0.5864987751784111,903285000000
-0.13467117629179887,0.6312473147388653,0.5866611420905731,903290000000
0.059600130308247345,0.7226202189749866,0.5868531164328497,903295000000
0.029184520136841995,0.7325304219426167,0.5858854020682703,903300000000
-0.21701875112300986,0.5377769876263746,0.5858213438976444,903305000000
-0.012165320284983138,0.6657932562171717,0.5856509352895658,903310000000
0.035946259368416486,0.7551774434145077,0.5847040356223093,903315000000
-0.2152523655336688,0.561510839333944,0.5850589727196964,903320000000
0.02589807240063561,0.6643971836473632,0.584469558075357,903325000000
0.05658900801461095,0.7565593688590774,0.5843212358428291,903330000000
-0.13315164836962803,0.518704265921135,0.5838343030697852,903335000000
-0.058891920214668894,0.6568150307865466,0.5833569497262922,903340000000
0.04081501759710433,0.7634824518153797,0.5833188547756009,903345000000
-0.08396891963346353,0.5490346422554884,0.5824515585103474,903350000000
-0.08038636110611297,0.6679168437322714,0.5822256885117167,903355000000
0.04156106745815753,0.7510707190417419,0.5821866828847629,903360000000
-0.10255191976854626,0.5358085097708818,0.5815001041740875,903365000000
-0.07058769738766656,0.6840718857634943,0.5816493093649522,903370000000
0.02705177525545278,0.7493527483571919,0.5816975369177388,903375000000
-0.14295912425014717,0.5611554087529096,0.5810296192308729,903380000000
-0.04783522350047626,0.6685406275258402,0.5811607575215452,903385000000
0.04604092260345092,0.7114229633045005,0.5809151408391705,903390000000
-0.1504407356463533,0.5516572956518994,0.5808869260721728,903395000000
-0.03240621555143908,0.6620047575154488,0.5814065028773803,903400000000
0.01779605164585768,0.7403930317685122,0.5807612055271969,903405000000
-0.15845825617754788,0.5453176476189605,0.5810449931775117,903410000000
0.00919886139527186,0.7552486599636835,0.5813017402652003,903415000000
-0.004593386963778451,0.6452448937243377,0.5807320715170395,903420000000
-0.0843502893015808,0.5790332010544039,0.580729292583967,903425000000
-0.09589647545561335,0.6701299603769154,0.5814321697689872,903430000000
0.02495568741205001,0.6898078327315695,0.5806497334339915,903435000000
-0.02678358398081916,0.5843901415172748,0.5805494174313615,903440000000
-0.12398338194312912,0.6587710570410793,0.5808392888573972,903445000000
0.007372310028351804,0.7316344691113301,0.5805885759178245,903450000000
0.031935961690598945,0.5320053143500338,0.5806343327505139,903455000000
-0.1663244454557004,0.668288768481173,0.5804444946882484,903460000000
-0.05161488101434571,0.7292774979738114,0.5804795497041882,903465000000
-0.06289948551426637,0.5406631853528611,0.5801672817492857,903470000000
-0.07343105524344162,0.6754902550718032,0.5799384595657315,903475000000
-0.023773671541265754,0.7435388987397717,0.5798175174945106,903480000000
-0.0857064154039863,0.5717108400121538,0.5795779345423248,903485000000
-0.06862497304653792,0.6380591642987702,0.5801052102192109,903490000000
0.06133845727734865,0.734953091964441,0.5797828981122322,903495000000
-0.11118244419043423,0.5857017096620508,0.5804823418437008,903500000000
0.010662975314501392,0.7422590578941277,0.5811148534336802,903505000000
-0.05178265790795544,0.6433880286114472,0.5808242594317312,903510000000
-0.09753543518414952,0.5985824288615172,0.5810028369086532,903515000000
-0.09713656430737919,0.6473150790197532,0.5812712789926129,903520000000
-0.0038955783880567432,0.6978383435374893,0.5809968331038855,903525000000
6.708890768457321e-05,0.5803909012083046,0.5810951420771503,903530000000
-0.16349933653465756,0.6475328476135422,0.5811774044049369,903535000000
0.009681085535336652,0.7408901788722982,0.5813142704495007,903540000000
-0.17758899932806002,0.5004155746380539,0.5816660124113446,903545000000
-0.039004800222092136,0.7095578580944248,0.5817507008566709,903550000000
0.012184900728748988,0.717269084326156,0.5820030995864067,903555000000
-0.0935154858259224,0.5645014421124865,0.5819614806109973,903560000000
-0.05726703388165699,0.6214421077323851,0.5821576146851576,903565000000
-0.10945275116476763,0.7062881791377101,0.5829939251853392,903570000000
-0.0014190986345879852,0.7282317339391636,0.582829869240973,903575000000
-0.10152205242385354,0.54556417682297,0.5825731159735628,903580000000
-0.1184099450387141,0.7012302305738988,0.5834512799629319,903585000000
-0.018155244435923985,0.7024174091658054,0.583343967392678,903590000000
-0.08749962133270678,0.5691872958148412,0.5836014641062425,903595000000
-0.0814209639262851,0.6737756390114366,0.5839181832999539,903600000000
0.01533289266536226,0.7302381702427683,0.5834701948030251,903605000000
-0.16227875650311874,0.5644281426193375,0.5836682422446062,903610000000
-0.011795624966938647,0.6453510428067443,0.5839096658941997,903615000000
-0.01035249042369403,0.7132654622478878,0.584337001678178,903620000000
0.015249046257714949,0.6010215521552643,0.5842772936618121,903625000000
-0.15506502043166434,0.6580792269812795,0.5844029409807526,903630000000
-0.011404067636258017,0.6921762984116767,0.5844537971982612,903635000000
-0.05908527831024644,0.5513200944638543,0.5841985844262414,903640000000
-0.08666012457162525,0.664075279205,0.5847233051527372,903645000000
-0.04584039189381442,0.6897765567344902,0.5848076400948841,903650000000
0.10810445363832788,0.7045970797175826,0.5841466661066685,903655000000
-0.21451538170282655,0.6099200364050271,0.5855230475454845,903660000000
-0.09243640222825367,0.6879611400364527,0.5859676837962843,903665000000
0.04189255999848674,0.7110525614471289,0.5857844589977975,903670000000
-0.10731700683377784,0.5563857307127892,0.5859032885956021,903675000000
-0.08579529783919503,0.6745068694710656,0.5861738340913799,903680000000
-0.013809566141068784,0.7385013945858024,0.58591246570625,903685000000
-0.02038183550790806,0.5360500549720253,0.5864032382027926,903690000000
-0.14713946505454004,0.6689553765312917,0.5863562773909311,903695000000
-8.954617464718498e-05,0.7157647442315218,0.5861753497056361,903700000000
-0.03570522731051981,0.5581958492773446,0.5861925627371836,903705000000
-0.1329203702666772,0.6713023961742299,0.586627899814648,903710000000
-0.028057674289716186,0.7120659251026665,0.5866174971889905,903715000000
-0.06014056115113067,0.5373456813144109,0.5870705223360105,903720000000
-0.1080774183389239,0.6949368441899513,0.5873930413289435,903725000000
-0.055299132432020184,0.6702583187663643,0.587813887779376,903730000000
-0.04045245263160294,0.6400469714432182,0.5875151164306371,903735000000
-0.0057060697329256865,0.6361085156383417,0.587893516573912,903740000000
-0.061769171055708914,0.6603527489128874,0.5886023531562453,903745000000
0.022264105426237607,0.7303385750046714,0.5886948436504508,903750000000
-0.13986603311070608,0.5519090415183712,0.5883085168745387,903755000000
-0.04859894920904517,0.6609791339099441,0.5897944167858385,903760000000
-0.01670160044235642,0.6535521887235711,0.5900087024713918,903765000000
0.013155406325566155,0.7167010643089294,0.5898301896317304,903770000000
-0.179814842963904,0.6091646566275615,0.5905332828780033,903775000000
-0.043188137505369546,0.6591802947045194,0.5908764015647079,903780000000
-0.05486297246477252,0.678469923542617,0.5912620685091196,903785000000
-0.0495247748109347,0.6584265018201891,0.5911318967703806,903790000000
-0.07736447168619498,0.6486897041616855,0.5918144763617136,903795000000
-0.050655911528889715,0.6915941224381734,0.5919032830629949,903800000000
-0.04180894159623239,0.6865431850322834,0.5920341283947007,903805000000
-0.07234378740357615,0.6583740754830705,0.5923358812990143,903810000000
0.00013792193683801954,0.6376080998598764,0.5923512863803501,903815000000
-0.04971905755879695,0.6946420395184861,0.5925879315446305,903820000000
-0.06211900069975255,0.6658098812469162,0.5927819217539665,903825000000
-0.05483909711911658,0.6679428982842622,0.5926754291134778,903830000000
0.03288739631748286,0.6548792988639021,0.5928215625887203,903835000000
-0.07528901354442888,0.6895528713479079,0.5930289051388715,903840000000
-0.08091139721070298,0.6899356639457225,0.5931652545285734,903845000000
0.147630538851825,0.6674312336990056,0.5930417225378932,903850000000
-0.19681651742796713,0.600556255074965,0.5932677130459336,903855000000
-0.08852533757418629,0.6708852271241563,0.593557819054767,903860000000
-0.03129856617819127,0.6724397198019,0.5936780224502873,903865000000
0.0486216473718058,0.6894863248550581,0.5935609571941579,903870000000
-0.03557017970717247,0.5535096843176063,0.5934287650386773,903875000000
-0.14448418395711474,0.7017240569734987,0.5934282874300656,903880000000
-0.059255603636294875,0.6434334586695528,0.5934218857636533,903885000000
0.04354279718404442,0.6902512793830787,0.5936348885369584,903890000000
-0.12321449769125907,0.5606424071056791,0.5937135251323786,903895000000
-0.07049329183984751,0.6844481925416209,0.5937001668532469,903900000000
-0.0746696503150327,0.669833934158281,0.5943111714691247,903905000000
0.04611787234389591,0.6989924973496848,0.5937494596042787,903910000000
0.00744307673630781,0.550627152060194,0.5938991183014789,903915000000
-0.12659816070604213,0.7142527193431013,0.5937846969042215,903920000000
0.0033629076588187756,0.7371822147290358,0.5941585811677019,903925000000
-0.06915552981497466,0.5652729438975653,0.5944341270703557,903930000000
-0.06282309578314657,0.671918360768122,0.5933900215567478,903935000000
-0.08834495133868339,0.7167230933269527,0.5939622877987052,903940000000
0.026713774328251325,0.6964489599157913,0.5942488606450635,903945000000
-0.08670722331198273,0.6023331511744692,0.5945475308770434,903950000000
-0.0589802666961732,0.7289309475542444,0.5939725580099,903955000000
-0.13400142745254606,0.6862117959390426,0.594440787536562,903960000000
0.04319666021690653,0.6755310255513642,0.5946802563376655,903965000000
-0.10335789713020385,0.5791754737519922,0.5947830430723711,903970000000
-0.04013996312720405,0.692762008039937,0.5950087745686636,903975000000
-0.07681382870704918,0.6801922316834804,0.5957834988744637,903980000000
0.054664864612791776,0.7162953060092143,0.5954536337208538,903985000000
-0.056090675366288235,0.5383909911788509,0.5955900793742569,903990000000
-0.13820542160634053,0.6133841919118771,0.5958355152725284,903995000000
0.024941269279623795,0.7478265413970633,0.5965488878336243,904000000000
-0.10645825684549243,0.6408049549351844,0.5968014964001684,904005000000
-0.2942298344832524,0.6732805645204589,0.5974900004169272,904010000000
0.1430931195008889,0.6286439459185231,0.599467810071784,904015000000
-0.050118156680734,0.6428927489693775,0.6005273623986136,904020000000
-0.2686347264856414,0.7166904623466652,0.6017870981350236,904025000000
0.1030753388612829,0.6520641048797179,0.6045552583939799,904030000000
-0.11110364458052377,0.6383037838683849,0.6069525752902009,904035000000
-0.22964519540675307,0.6966757270515014,0.609712375780098,904040000000
-0.0322394917514559,0.7096831114925151,0.6138644525257251,904045000000
0.030949165427910527,0.6280918019321285,0.6172856368682949,904050000000
-0.19374301812578001,0.6831602763844554,0.6205541014163315,904055000000
0.07222895640967217,0.718809551035584,0.6241953118770507,904060000000
-0.07310788905008299,0.6586815237203834,0.6264497816388244,904065000000
-0.09267662326922876,0.702347736459105,0.6283033463519834,904070000000
-0.0604979116903972,0.6422310415731297,0.6298734519462245,904075000000
-0.12565797671980553,0.7232651155829566,0.6310500289046992,904080000000
-0.006400600528776166,0.698164777660264,0.6311560340814922,904085000000
-0.06215736528117642,0.6855763924628226,0.6317223108254577,904090000000
-0.004007935393223552,0.7205760497757467,0.6315996228348064,904095000000
-0.03776314507240586,0.715723326535442,0.6309684000319372,904100000000
-0.11712454254408937,0.6459556290369701,0.6299898781224804,904105000000
0.025488307984878836,0.716050410105952,0.6294039644699925,904110000000
-0.09244560908309415,0.7044488671249425,0.6280103452674406,904115000000
-0.0851185998181248,0.6364759268441383,0.6262045981022767,904120000000
0.04699787604163302,0.7177054087204984,0.6254033439712141,904125000000
-0.20104557746916546,0.684236600136846,0.6246485110758795,904130000000
-0.0654672704157608,0.7189871745387952,0.6245632999902304,904135000000
-0.0012197269916885255,0.7308496716153915,0.6251937372386596,904140000000
-0.05333259829330017,0.6182466212409466,0.6254275499613561,904145000000
-0.11770193401832743,0.7214727427582505,0.6257815018563421,904150000000
-0.017426471542375734,0.7528574797594167,0.6265931932621562,904155000000
-0.03196258745108801,0.6010579291037387,0.6277282972161075,904160000000
-0.14121481041456727,0.7331454766891776,0.6280331998189609,904165000000
-0.0212360306196568,0.7623641969511599,0.6288846539846177,904170000000
-0.08109652407393345,0.6319449992091654,0.6294622747797961,904175000000
-0.031075758841645134,0.7639351711833433,0.6299184394290595,904180000000
0.024921849762550206,0.641422830882415,0.6304233873934243,904185000000
-0.1439843777772152,0.6614660548793021,0.630321509437118,904190000000
0.050673345283920965,0.7641615879630642,0.6312244672916228,904195000000
-0.07231271612943124,0.6270536985763037,0.6301848583350701,904200000000
-0.12831097843703657,0.7451021758687542,0.6309120937056392,904205000000
0.11841726905130136,0.6481313116513623,0.6299849150733505,904210000000
-0.1523417414640046,0.666331757175904,0.62855564833559,904215000000
0.0384166651469208,0.7403574391903437,0.6274842992631299,904220000000
-0.1378802186360484,0.663942803929166,0.6261507365032652,904225000000
-0.10244169944936762,0.7580999540921572,0.6251830066341184,904230000000
0.1429004552314875,0.6301223755957078,0.6240068338092175,904235000000
-0.1587620032916509,0.7105719773961675,0.6229153113085566,904240000000
-0.004690346812243051,0.6673970837152895,0.6220612401317513,904245000000
-0.030077415086817195,0.6925799042793934,0.6208675980150562,904250000000
-0.06681283388766686,0.7272332879351538,0.6201373613229193,904255000000
-0.07097456273268608,0.6906290274642485,0.6194961764664498,904260000000
0.03320712202895068,0.663868342119304,0.6189494056649008,904265000000
0.04699221587522199,0.6803161013503892,0.6177462652409179,904270000000
-0.2206545919933067,0.6758900871328171,0.6173331634862441,904275000000
-0.03662085491440539,0.660888492085931,0.6168584962653934,904280000000
0.08532062719602478,0.7122478841825903,0.6162007764801544,904285000000
-0.2256471094282054,0.6692968472835463,0.6153096698553759,904290000000
0.007735360806037716,0.662067959771206,0.6150742095329182,904295000000
0.048230031326901325,0.6867797192082831,0.6150283908614474,904300000000
-0.12086054403959474,0.6500305797513805,0.6140734365558237,904305000000
-0.024826324872287447,0.6909873241979433,0.6136707630906189,904310000000
-0.07863848717408807,0.7088746271420205,0.6132727357732591,904315000000
-0.07804892244272744,0.6718600535500684,0.6130577338956509,904320000000
-0.009358635538102952,0.6835755314981309,0.6123570035059376,904325000000
-0.09205093658307606,0.690342201379671,0.6121750191280765,904330000000
0.04564577932715254,0.6824643997753113,0.6120838379927516,904335000000
-0.09970696972859328,0.5327092532077776,0.6115435381264652,904340000000
-0.049034133228027535,0.75166690051927,0.6116995726096351,904345000000
-0.041181242336196924,0.684637220203456,0.6118464279826746,904350000000
-0.06526234857671916,0.6593264589589939,0.6115134764541998,904355000000
-0.006943032509165115,0.7209270986340628,0.6118407240607672,904360000000
-0.10469415898503054,0.6368216884811648,0.6119410980090689,904365000000
0.08976950886719426,0.7049683017075201,0.6120283894470657,904370000000
-0.20663771287144506,0.6184743535837968,0.6121428166743622,904375000000
0.001438331140569727,0.7145314794324028,0.6121134378527715,904380000000
-0.05633305451123977,0.6654381180115829,0.6123781309994785,904385000000
0.09719765411237313,0.7039195551546075,0.6121593830545645,904390000000
-0.15445520809691068,0.6330071364700323,0.6124353094061907,904395000000
-0.023265004701443347,0.6886463260901494,0.6126189694801505,904400000000
0.04859845100235967,0.7008682258168003,0.6128474110838429,904405000000
-0.1648184820522432,0.6155139290972079,0.6128535850131729,904410000000
-0.05175542050490189,0.6694655770288442,0.6130993633530213,904415000000
-0.02409069049192007,0.7110230428288202,0.6132011773849897,904420000000
0.04075854144165691,0.6995716384813015,0.6132827207645937,904425000000
-0.21844839991167564,0.6685445987458899,0.6129235413002473,904430000000
-0.0024937064646776055,0.6741793105445405,0.613069426285503,904435000000
-0.04122533280284967,0.7449120776185499,0.6134609928047765,904440000000
0.03976079132700846,0.6920106957280613,0.6130113898681717,904445000000
-0.19056179768134696,0.5918040255503975,0.6129856263583529,904450000000
-0.04457202862019663,0.6851094833793354,0.6140253568927219,904455000000
-0.05947439719684861,0.7006384712163619,0.6137012467508307,904460000000
0.051775090442629915,0.7078981645533055,0.6136691015129135,904465000000
-0.11958095430228982,0.5660803445328048,0.6134512547426579,904470000000
-0.10749765276600193,0.7716964845516434,0.613702912908729,904475000000
-0.03294338888391495,0.6747134253646446,0.6138374629387934,904480000000
0.05735103690178746,0.6904565304765374,0.6137541970220631,904485000000
-0.08193935175160837,0.5938301745387311,0.6138030881381301,904490000000
-0.09477413145128719,0.7773047984688255,0.6141119214262841,904495000000
-0.07852664081396961,0.6602771936712205,0.6141041494330152,904500000000
0.06047189652614581,0.6683769188450116,0.614171533199364,904505000000
-0.05317497313336589,0.6510613942458665,0.6139459521012819,904510000000
-0.06959710063752703,0.7019642070860143,0.6145727005002851,904515000000
0.0461134469142441,0.7086494836190487,0.6149522068392308,904520000000
-0.10941515830189748,0.6170549691684227,0.614946034832619,904525000000
-0.09389345205927313,0.7077519355184685,0.6156660142980691,904530000000
-0.05813260508844876,0.6749760296835634,0.615611549026138,904535000000
0.053644924329723516,0.6450286366835615,0.6160424138238537,904540000000
-0.037725531147826875,0.7017142328325011,0.6156520724571523,904545000000
-0.1257556441914028,0.7008872896201692,0.6159274426957975,904550000000
-0.07831150641125303,0.6718333427704004,0.6159616664036952,904555000000
0.09845350021500628,0.6476301880197959,0.6164191343052872,904560000000
-0.1470323454074318,0.6572128092940493,0.6162685714543928,904565000000
-0.06294853094513832,0.7481850637895654,0.6164263598039152,904570000000
-0.07166366873479524,0.6694666159570518,0.6165036049613207,904575000000
0.02660890529427762,0.65522465870746,0.6166816965430264,904580000000
-0.1021959411951254,0.5630915876361476,0.6168004144471827,904585000000
-0.09578793468569718,0.7817888760925419,0.6168856884774501,904590000000
-0.065241862384363,0.691981163239475,0.6170567688448421,904595000000
0.01670511113005138,0.6782709383527601,0.6169998982293174,904600000000
-0.07747119588491791,0.6524780515297144,0.6168400313843404,904605000000
-0.08880667973989288,0.704971935098705,0.6174480882856206,904610000000
0.06375731356177988,0.7165411476471656,0.6182280480168784,904615000000
-0.08378107903942954,0.5964242196690037,0.6184391430834424,904620000000
-0.09890104551163849,0.7341601991603706,0.6188207365032223,904625000000
0.018452974303187784,0.7200727898723185,0.6189982936117994,904630000000
-0.08492521090374225,0.6221344784605808,0.6190466779975033,904635000000
-0.07137137251439171,0.7151840546765202,0.6194512953721242,904640000000
-0.04942417709632562,0.6757105444695629,0.6192015121619054,904645000000
-0.010879647995426314,0.6330075783688373,0.6194550391160253,904650000000
-0.1247144235036789,0.6457319803613589,0.6190907953468423,904655000000
-0.06323083464064135,0.6940223914779712,0.6191965753583025,904660000000
0.12259425348789131,0.6585550581935411,0.6192114001574756,904665000000
-0.21170239009442113,0.6402956975047664,0.6192830006929545,904670000000
-0.06505192507924888,0.7443940673520478,0.6189850920613839,904675000000
-0.094060427489154,0.6798870928370458,0.6194484428983706,904680000000
0.061924120797189716,0.6136377538180188,0.619741639721764,904685000000
-0.18564207119985657,0.6708588814601213,0.6199594093487353,904690000000
-0.05219816232721029,0.7872423239468764,0.6200691079650296,904695000000
-0.06261512015128375,0.6811307385839256,0.6200992671079911,904700000000
0.009529418094468473,0.6261434680313029,0.620434308824413,904705000000
-0.04957488126876366,0.689858116028617,0.6204949149174513,904710000000
-0.09586039339117584,0.7046875125667091,0.6209071920266565,904715000000
0.021433942018476954,0.6812028295033214,0.6217925138288865,904720000000
-0.1364046116708037,0.6524792483707936,0.6219571719883324,904725000000
-0.2779858564487066,0.712132596193381,0.6232599553288851,904730000000
0.09862312602345226,0.6295713273250397,0.626310557457655,904735000000
0.12927470590254841,0.6924758918826771,0.6273233798932949,904740000000
-0.2470936948078754,0.7214812198678627,0.629488375614725,904745000000
-0.1773775671975413,0.6847398845513156,0.6322375860183693,904750000000
-0.0018336741357893732,0.6259281291692196,0.6357184609544029,904755000000
-0.09863541744594322,0.772531731131397,0.639514119889352,904760000000
-0.17212791680635034,0.6855009426349629,0.6436449912577267,904765000000
0.03645557724400273,0.7083280334757602,0.6474791725762297,904770000000
-0.1074964929306736,0.7002758336848289,0.6505115394794282,904775000000
-0.07073172733095441,0.7045246227822719,0.6538298198758561,904780000000
0.00813646177339403,0.6872493519360594,0.6564962371286543,904785000000
-0.08272025110867892,0.742074736667637,0.6581956929181004,904790000000
-0.021566504938893352,0.6814426519294037,0.6593114219156391,904795000000
-0.0072554315333623436,0.6948491718630129,0.6598225423377413,904800000000
-0.11345684293500348,0.7341442977897827,0.659544913437757,904805000000
0.00640210356477584,0.7420356195677621,0.6584306858639536,904810000000
-0.12734134767439187,0.7478319423647871,0.6581927190852094,904815000000
-0.012315981201377797,0.6991227608699137,0.6570721204955733,904820000000
0.010965651241188805,0.7140996785376581,0.6570945609901488,904825000000
-0.11084579221100063,0.6976481764569661,0.6556290412116034,904830000000
-0.021915594090106152,0.7126810804400372,0.6550668716546079,904835000000
-0.0943772621939162,0.7229247993673634,0.6544574935297931,904840000000
-0.14634775014176093,0.7491315218637176,0.6532120922124364,904845000000
-0.019739608717619938,0.7079451913536456,0.6529973747380059,904850000000
-0.027290809217706116,0.6887547628601393,0.652819018364428,904855000000
-0.1262239041668143,0.7383202887032461,0.6515384842024697,904860000000
-0.05094679690174991,0.7242698279074695,0.6519944206639214,904865000000
-0.058899449325719916,0.7052124521522041,0.6522951985738575,904870000000
-0.1210163647105972,0.7242203113310557,0.6516455048404045,904875000000
-0.04690078231676277,0.7321753809076473,0.6516428056703729,904880000000
-0.06561771232252735,0.7398309557693993,0.6523888802082837,904885000000
-0.0950059380822264,0.717517061096347,0.6523901864273387,904890000000
-0.044878551434930185,0.7066318139536579,0.6535644689412039,904895000000
-0.005570172890329861,0.7103429196265209,0.653797725735986,904900000000
-0.16330786978421769,0.7542148229729546,0.6548023883851773,904905000000
0.014498022013834388,0.6899012827206186,0.6556850668560372,904910000000
-0.11494494362059997,0.7141923807354522,0.6560079610832934,904915000000
-0.03443024949528812,0.7344116681025716,0.6574321149147302,904920000000
-0.04310359446630194,0.6957570396556754,0.6588353509503626,904925000000
-0.13216859309615248,0.7531949047905314,0.6600025276197576,904930000000
0.1346875470273331,0.682729125638194,0.6611614625213017,904935000000
-0.07579537202028247,0.7555394660738285,0.6606860661184515,904940000000
-0.1807608543877582,0.7227416601439909,0.6604789268426882,904945000000
0.1306173653225188,0.7111908688536664,0.6599135493188946,904950000000
-0.1064279284817757,0.7686799271041109,0.6581398870628185,904955000000
-0.12534193630446575,0.7466999035446859,0.6564849236440919,904960000000
-0.039508563225508664,0.6912409722125543,0.6549437129123276,904965000000
0.0997384866854269,0.682168743542782,0.6530993398285291,904970000000
-0.15240065686682863,0.7219013885059415,0.6512246390206686,904975000000
-0.042777547265983394,0.6837580967923967,0.6497175226888225,904980000000
-0.03841488555496743,0.7314781213627181,0.6476844796413324,904985000000
0.0029928999377915183,0.7236311433195826,0.6467405663158041,904990000000
-0.09748254530325957,0.7181700874961673,0.6448142997796016,904995000000
-0.018233872914490832,0.6865700273738287,0.6440975323568217,905000000000
-0.012090794783877003,0.7233284625369805,0.6431410716024691,905005000000
0.16694507590053054,0.5899099812480358,0.6422982326807015,905010000000
-0.1922582943230825,0.757516221427308,0.641161157741335,905015000000
-0.0005153968683307142,0.7211921648190921,0.6402684079107617,905020000000
-0.048353773976458105,0.6966875567898143,0.6401894273245378,905025000000
0.009875189961935673,0.6548585234883613,0.6401790646571026,905030000000
-0.029720890041278432,0.7861766323945656,0.6399227322401629,905035000000
-0.07649494718944438,0.6938839558328554,0.6390759492065784,905040000000
-0.07774636705444633,0.7177881788271464,0.6384649952869221,905045000000
0.08844606085144184,0.6249058014196406,0.6385548385588495,905050000000
-0.1403788824088419,0.8045191099969725,0.6383961514063254,905055000000
-0.0897180391502597,0.7277820776052869,0.6382828926046289,905060000000
-0.07226845072051635,0.7062925847349325,0.6381438762356929,905065000000
0.06530445144482243,0.6655733085988615,0.6376566089641261,905070000000
-0.20750152591835933,0.7049986393595754,0.6379579244674444,905075000000
0.013826859334557367,0.706321879331964,0.6374892606564695,905080000000
-0.11944984569421838,0.7098290171488241,0.6372458181638259,905085000000
0.023285556612982615,0.6973104806887369,0.6367608762685473,905090000000
-0.1713798550874164,0.7317676570913375,0.636884503775271,905095000000
0.03828951121592123,0.696607246748925,0.6372189282811545,905100000000
-0.059769984647065344,0.7163042329830822,0.6369365060318974,905105000000
-0.04387791466881179,0.6993246028003183,0.6368293572856761,905110000000
0.023257077775172882,0.6953350708520167,0.6369226012035125,905115000000
-0.07054498039323906,0.7287487309824774,0.6373445687902694,905120000000
-0.07994828219419145,0.6922710831211102,0.6373713818350462,905125000000
-0.06753205661044653,0.7183489669251173,0.6375655854850864,905130000000
0.022438445153667313,0.6802603522210076,0.6381902917063451,905135000000
-0.18003099013908344,0.7242872941200948,0.6385419736318128,905140000000
0.0167364216898529,0.7282630022090046,0.6389199874790769,905145000000
-0.09932995017389631,0.728778899742851,0.6389159261655094,905150000000
-0.05729952305699284,0.7016308274075134,0.6389054330002385,905155000000
0.05662969129532762,0.6857384010750565,0.6391658485426813,905160000000
-0.06588707351781264,0.7043631182380908,0.6395250978512567,905165000000
-0.12843156552043133,0.7553920469310931,0.6393646870215393,905170000000
-0.043383637134534914,0.7135917143648122,0.6386415546114074,905175000000
-0.06936874301589863,0.7280447983577846,0.6388598285472377,905180000000
0.023209228717702982,0.7224088160766408,0.639161912462739,905185000000
-0.04958505632214788,0.6582788019147334,0.6395700339484265,905190000000
-0.04492781646583311,0.721818181001751,0.6401229298943428,905195000000
-0.05343950474835897,0.7185800635770953,0.640164347040267,905200000000
-0.019400237343442567,0.7070442623022793,0.6403789576078757,905205000000
-0.10311225901279894,0.7119460363126633,0.6403798721727849,905210000000
-0.0817743618418928,0.7161550782993811,0.6402733906062948,905215000000
0.0036878584301995344,0.7119660153628731,0.6406413820220925,905220000000
-0.008309590934348542,0.6874002712874482,0.6403620038965877,905225000000
-0.08071507515031366,0.710234185137658,0.6410754297595027,905230000000
0.022712929774968447,0.6880735177348739,0.6408299089641296,905235000000
-0.136065264435755,0.7417567154536604,0.6412416284469896,905240000000
-0.024731703352771833,0.7301947074584497,0.6410277549228448,905245000000
-0.084887142752046,0.7379158939095173,0.6415606473919546,905250000000
0.011596937277348732,0.6680900591049868,0.6410480622386883,905255000000
-0.14228292015930785,0.7530461021412137,0.6411441097277764,905260000000
0.0024314689079735323,0.7025737893737998,0.6409595183206088,905265000000
-0.13544990034442295,0.7113090708511394,0.6407776414277687,905270000000
0.016916778537421233,0.6852924138137146,0.6412915698212032,905275000000
-0.13985879669000145,0.7365937779596041,0.640990238096554,905280000000
-0.012083940686640732,0.7263075253060067,0.6405503312362703,905285000000
-0.11579286492151027,0.7147607162897973,0.640442259456489,905290000000
0.1001665332511762,0.6874114785825556,0.6410303749895948,905295000000
-0.1369978660993252,0.7029014850698986,0.6416737569348246,905300000000
-0.2263740973043395,0.7205360098886082,0.6429109146851731,905305000000
0.1578836282717252,0.6741563624629489,0.6450496389631208,905310000000
-0.1722939825297349,0.743965399804378,0.6457169357623673,905315000000
-0.29258277889920675,0.7098332272209712,0.647609335695111,905320000000
-0.0022620236277539644,0.6630484771101095,0.6512771979653222,905325000000
0.02562790368502886,0.7372612138657526,0.6545112075994428,905330000000
-0.25026541095722926,0.729493916509937,0.6580683570620849,905335000000
-0.13705544566907646,0.6581215071392149,0.66305436301796,905340000000
0.10182991940040241,0.7272250918947859,0.6681517095563321,905345000000
-0.1892994870825809,0.7249029895549985,0.672025802207805,905350000000
-0.04321163046259638,0.6945300226388031,0.676976832085876,905355000000
0.08296609446430453,0.7978865189939016,0.6805397359715726,905360000000
-0.17604730728679774,0.7068230418729059,0.6832832409400044,905365000000
0.08575066090322571,0.7636972305945083,0.6860386414875898,905370000000
-0.09314285007800086,0.7772435748097202,0.6866031127235673,905375000000
-0.10410389757232111,0.7043807125178844,0.6867420789387496,905380000000
0.012431405661467183,0.717180176052562,0.6865559711308442,905385000000
-0.15541854367952185,0.8413848641668051,0.6854796792285828,905390000000
0.008160633346697298,0.7291599408328333,0.6843258074371712,905395000000
-0.0901199682411593,0.769388449060499,0.6835104787630353,905400000000
-0.07044785803831508,0.7482739863276389,0.6817585023217243,905405000000
0.033610815527683933,0.6869814893344012,0.6815466366572226,905410000000
-0.022927244404207105,0.7827459261323327,0.6798747447385382,905415000000
-0.13723403566817413,0.7334341965936851,0.6786769302763208,905420000000
0.031197633814010785,0.6744846421902623,0.6790648252130451,905425000000
-0.034361185975893646,0.746260229797574,0.6773749923974092,905430000000
-0.15133042975565625,0.7195268945551277,0.6765152302097261,905435000000
-0.029694012068852353,0.6871896923691568,0.677468503504529,905440000000
-9.064250992909563e-05,0.7784279298810859,0.677182425560465,905445000000
-0.19575611498892115,0.7620300395455548,0.6768773784382497,905450000000
0.05484462606573112,0.6614620669471782,0.6783704458075417,905455000000
-0.03429336813387707,0.8216768671691842,0.6784375052900462,905460000000
-0.069927700549108,0.714896029226799,0.6792987849423185,905465000000
-0.00539378913182505,0.7280490064800611,0.6803825347370787,905470000000
-0.14302744505758033,0.7759162091971968,0.6805558372452445,905475000000
-0.06785574516618667,0.6873424172449217,0.68129071898054,905480000000
-0.04059640218492094,0.8004263388499264,0.6823940031169653,905485000000
-0.1091604708337411,0.7636972819719049,0.6823418096545847,905490000000
-0.024756464020572494,0.6978228621868788,0.683606333634384,905495000000
-0.01476947050021245,0.7546717695252516,0.6843590378567906,905500000000
-0.1049688812550084,0.6733909674078459,0.685363338924306,905505000000
-0.09522165200905651,0.7563833303588993,0.6867143824190445,905510000000
-0.058900227222911064,0.7754177089081765,0.6871558139772037,905515000000
-0.015415487148028734,0.6926832871193506,0.6877689814553045,905520000000
-0.00563891808221178,0.7703129948007501,0.6886543324385973,905525000000
-0.13686568351335474,0.7512756646333258,0.688333617896815,905530000000
-0.03706079225626683,0.6884323165554924,0.6885544856294937,905535000000
-0.04356905183440308,0.8048751092868255,0.688364538465043,905540000000
-0.1349728545720273,0.735331542765515,0.687351673809689,905545000000
0.02026417419476483,0.7009678928328371,0.6885680795714032,905550000000
-0.12581620760986967,0.8199158557586577,0.6876134908675506,905555000000
-0.08936150809578422,0.7509780667953635,0.6870115027531642,905560000000
0.2229246530484003,0.7238340430355005,0.6869038523387014,905565000000
-0.2190219730666792,0.76150028612229,0.6848990129003384,905570000000
-0.09265487988378496,0.7442392284446966,0.6838291933461429,905575000000
0.08321305466100708,0.6774150029985035,0.6827471918350564,905580000000
-0.16435540320112563,0.7822107595769472,0.680318727294267,905585000000
-0.12418385292712204,0.7294633959502014,0.679378928203298,905590000000
0.05763227030656532,0.7502325508935769,0.678181334492456,905595000000
-0.04394758829385498,0.7276935099491211,0.6768469261336736,905600000000
-0.048741993652774866,0.7378457197393354,0.6755729233203228,905605000000
-0.07119895567772885,0.7394424041502098,0.6741583166246042,905610000000
0.05181986912791806,0.6735973687802765,0.6732750580282303,905615000000
-0.13615542814449053,0.8277444222660354,0.6717371417883488,905620000000
-0.03699198853580524,0.7357432152816278,0.6700867473937918,905625000000
-0.06180048898043075,0.718988338264906,0.6689467519216026,905630000000
0.06528930620968246,0.6032351493521143,0.6682490675095836,905635000000
-0.1454099874144571,0.8218970488379225,0.6674403571582521,905640000000
-0.0334801713801787,0.7336301402189831,0.6662316966388411,905645000000
-0.03401537616751717,0.695229988059298,0.6653309436082625,905650000000
0.03436024317144591,0.6166526329631219,0.6647132093466985,905655000000
-0.20210760232451389,0.7779079248851127,0.6648962948459466,905660000000
0.024453508685566522,0.6897983523321483,0.6645622015337586,905665000000
-0.03548184453742556,0.7255337082590615,0.664711118434151,905670000000
-0.026066480492031724,0.7298286033992634,0.6650334074006448,905675000000
-0.1529751190532628,0.657860633783454,0.6657798736116349,905680000000
0.012394492619807377,0.7446094559639191,0.6663017743223281,905685000000
-0.07567416349233733,0.7121686748119986,0.6674156886786955,905690000000
-0.05713869123060292,0.695574881997196,0.6681702362240005,905695000000
-0.06769907214182995,0.6887329701259997,0.6684280182249127,905700000000
0.011614039716702749,0.7034480842907794,0.6691060010259777,905705000000
-0.0874709619011819,0.7457749097774126,0.6697802196836138,905710000000
-0.013821928504748594,0.873620360156031,0.6698062389485251,905715000000
-0.014353307906690316,0.5572747122672687,0.6710774342956706,905720000000
-0.12446331861288076,0.7746051218845479,0.6716149013375794,905725000000
0.004260550891566902,0.8426820928221588,0.6717414200323369,905730000000
-0.11631382103567642,0.5936610287650577,0.6717396522036647,905735000000
-0.050086447458933224,0.7490062752420587,0.6724427237002296,905740000000
-0.007423775993339918,0.756505234447101,0.6728355089042879,905745000000
0.002879445385849209,0.81046493507473,0.6731352490121587,905750000000
-0.12075927109341665,0.6256413385032938,0.6731202372186862,905755000000
-0.05116893927377626,0.753751038573676,0.6735742620592006,905760000000
-0.020275828089417837,0.7473138177635834,0.6743356497555878,905765000000
-0.012191532021915585,0.8713963439382335,0.6745564170355575,905770000000
-0.07617588535754172,0.6073428385015618,0.6742397252717781,905775000000
-0.10399250337961945,0.7374686114252198,0.6750825218164087,905780000000
-0.0701260332896046,0.7818615078746494,0.6757281284835769,905785000000
0.05049992287825954,0.7515308336882545,0.6756254549167646,905790000000
-0.1371415189456962,0.7025128252127161,0.6759821234497739,905795000000
-0.08226088616299558,0.7462262416201276,0.6764702919230936,905800000000
0.012663961585946298,0.7941472339252602,0.6763487134667662,905805000000
-0.01818273640401443,0.6212953565646754,0.6763106408330887,905810000000
-0.11640320107345235,0.7527599593374871,0.6770708587053251,905815000000
-0.044289205474572615,0.7272293051525351,0.6773009471530451,905820000000
0.012236027348154209,0.8199829083414798,0.6771434296633628,905825000000
-0.13582671538490262,0.642450059581128,0.6778066804235792,905830000000
-0.019502329721338137,0.7604036173351159,0.6781065374350453,905835000000
0.010466558047560866,0.8061282988395484,0.6778446808055405,905840000000
-0.1545795887373454,0.6112021043687126,0.6782271299582079,905845000000
0.028654595169556495,0.7250006383193103,0.677782726785254,905850000000
-0.11861357361129893,0.7426580108766841,0.6783747446978625,905855000000
-0.018627017270721684,0.8156902328281992,0.6775609994038223,905860000000
-0.04371651229101452,0.6334171889007963,0.6779818052580014,905865000000
-0.09623969871362312,0.761434232596769,0.6782595755866258,905870000000
0.007289838430964046,0.8202230965868758,0.6780278032808041,905875000000
-0.08090779930533704,0.6610571330417345,0.678801114356802,905880000000
-0.11843505442411456,0.7390285313274052,0.6788669311662149,905885000000
-0.006528760733415583,0.8037675617369172,0.6787581245828828,905890000000
-0.1589302542185502,0.6263101608496893,0.6795756456935551,905895000000
0.037886554816481316,0.816721349089227,0.6803299428958256,905900000000
-0.10318405897759783,0.6608847933498557,0.6803406768623759,905905000000
-0.0666816313698406,0.7408199883692073,0.6816515502023823,905910000000
0.033172013367869534,0.8421300197966948,0.6817714937681845,905915000000
-0.1305455628648765,0.6337881502455147,0.6821901909465967,905920000000
-0.05622983217038282,0.7287683424611577,0.6820762500968336,905925000000
0.008468226401026992,0.8060599263337943,0.6826733967152061,905930000000
0.0779387450814219,0.6996958706756472,0.6822559564679802,905935000000
-0.23230468134136675,0.6442145915824475,0.68194183663183,905940000000
-0.02035940705784537,0.8472982049151571,0.6820489048440818,905945000000
0.043941241143565665,0.7426708567248925,0.6813935352520618,905950000000
-0.19161294386661556,0.6789264292055347,0.6812149342261488,905955000000
-0.0053454467381677685,0.8306210859530238,0.6816844525919789,905960000000
-0.05036294388590689,0.7510511999442125,0.6808924503670936,905965000000
-0.12344262565733384,0.6563778703417742,0.6814580577571504,905970000000
0.03432569414107574,0.8332619215182857,0.6819986304757443,905975000000
0.04364299309581195,0.7274623289750778,0.6821104467542096,905980000000
-0.16890441174571377,0.6779238608155715,0.6824829641563502,905985000000
0.024097863305474813,0.8224215497054768,0.6827333433032869,905990000000
-0.14747665598015344,0.6876802765669894,0.6833652491791781,905995000000
-0.029787952061677527,0.79503951667373,0.6840187864819522,906000000000
0.021601867659668608,0.8396276057473657,0.6841907724659703,906005000000
-0.18304403744591877,0.6680247842236393,0.6849086346743548,906010000000
-0.025119511919220308,0.7932975793091912,0.6858522779825523,906015000000
0.00730505587041488,0.817381424333546,0.685655129356442,906020000000
-0.13027448530889998,0.6618407143135046,0.6858539858721527,906025000000
-0.017074613792533413,0.7825709881042134,0.6865614599789385,906030000000
0.056580522201591404,0.8447023216025423,0.6858973028472705,906035000000
-0.18500291001500183,0.6881771231895346,0.6862766157875632,906040000000
-0.01628718994347129,0.762209996548832,0.68696592268299,906045000000
0.0459063300538811,0.8528566248523635,0.6869981312412228,906050000000
-0.024736276469660846,0.7389925538277646,0.686296046300813,906055000000
-0.1243214710566901,0.6927446537658533,0.6869177514586201,906060000000
0.03984218282054694,0.8286064772867532,0.687069115777998,906065000000
-0.0678376548532763,0.741896003149188,0.6869464077219612,906070000000
-0.11072191738822514,0.6955874612396,0.6878815367182161,906075000000
0.0741320186215783,0.8486523231680893,0.6880222787844125,906080000000
-0.1285638416809236,0.7152186251025281,0.6884118768616383,906085000000
0.024605777082768836,0.7618628655848828,0.6887513124266452,906090000000
0.011250950969015985,0.8416875225339037,0.6890269556792008,906095000000
-0.16487660861021314,0.6596100822931791,0.6889442345784854,906100000000
0.001258275455228875,0.7881914245306058,0.6894371769885271,906105000000
-0.007907812876726084,0.829566136978692,0.6890987128689912,906110000000
-0.09080417519572982,0.6757625911245676,0.6895556485961396,906115000000
-0.08953432463661591,0.7698619245946869,0.6894815056176962,906120000000
-0.019778457390530246,0.825349185039023,0.6894861109303712,906125000000
-0.14216006480006063,0.7257760122113013,0.6901318363149381,906130000000
-0.019985594874421485,0.7809480881808785,0.6905433909488303,906135000000
0.04507649106505169,0.807990455103426,0.6898708961247823,906140000000
-0.13638049299228855,0.6727762274438103,0.6902570380413305,906145000000
-0.03814908007111646,0.78623917567797,0.690686989334866,906150000000
0.024008959030425568,0.8427051369532939,0.6911825515134172,906155000000
-0.14030067225402007,0.68610531460864,0.6906573241040395,906160000000
-0.0034240312392856825,0.7899766618018598,0.6915211374564085,906165000000
0.0775922069622178,0.8541998193104373,0.6908675661813413,906170000000
-0.15901867572233674,0.6895358127119936,0.6915361116798153,906175000000
-0.035675852073329045,0.7942097130559665,0.6925111306562949,906180000000
0.044361531407911825,0.8155200264324597,0.6930583283758281,906185000000
-0.13433665667267952,0.6720666860713954,0.6931407534109923,906190000000
-0.06798176803941242,0.7610276454520212,0.6935501221335302,906195000000
0.043807698155534,0.8215094191181059,0.6946053738068962,906200000000
0.0809505754636552,0.7852118488987289,0.693914141360527,906205000000
-0.23482412364038185,0.7069131882270367,0.6937979212106936,906210000000
-0.039404604572672725,0.7791445798995951,0.6943563066520229,906215000000
0.04850898078294896,0.8056269829204038,0.6945254196467552,906220000000
-0.1415066141754111,0.6732949967249221,0.6940947517810734,906225000000
-0.06182159918277105,0.8104612322538906,0.6942739895701749,906230000000
-0.03254822275000054,0.8180918749418495,0.6944544889455014,906235000000
0.06989114743841121,0.7360497949677431,0.6941983882258499,906240000000
-0.2362358286492301,0.7516643675450325,0.6945955872316787,906245000000
-0.02560632485119086,0.8115448792578319,0.6956003522193841,906250000000
0.07167757914256784,0.8295471327881372,0.6957903669629434,906255000000
-0.09251726933100701,0.699039301949109,0.6961596066295863,906260000000
-0.07866703888772719,0.802387808178686,0.6966887408509651,906265000000
0.011845314902339425,0.8336328023677488,0.6970388949327593,906270000000
-0.15609994786546524,0.6970405619385792,0.6968366913422378,906275000000
-0.06411965453479007,0.7469341060816558,0.6976366277238145,906280000000
-0.019767215442259494,0.7873190279602218,0.6982734829692162,906285000000
0.04541719150995622,0.8465108647653696,0.6983623268605548,906290000000
-0.05870229668359976,0.7053931365291939,0.6988259953786345,906295000000
-0.10073593786677831,0.7905153734409703,0.6994820156929876,906300000000
0.01449713290627555,0.8209379202977671,0.6988429146046328,906305000000
-0.18782777876612713,0.7054994465288777,0.6991977544665788,906310000000
-0.014638579185605361,0.761708568760363,0.7000302357593908,906315000000
0.07198975777742649,0.8225933383622887,0.6993805373154005,906320000000
-0.13381091239950413,0.7243987971269876,0.6999752899347303,906325000000
-0.03991077882821177,0.8078794072303095,0.7000931817586211,906330000000
0.03979027927687441,0.8056400891554087,0.7005253995066627,906335000000
-0.15881941672497488,0.7316751814140577,0.7000581597150572,906340000000
-0.022540301960381124,0.7481455549641417,0.7010001831169289,906345000000
-0.0196121281838385,0.8158299552134248,0.7016621849152944,906350000000
0.07032024348981672,0.816259614176227,0.7016018921216807,906355000000
-0.07153938904474448,0.6561174772382142,0.7023037917608248,906360000000
-0.054892971846692784,0.8272270683448334,0.7026360518799029,906365000000
-0.05213768271389339,0.7988577473340285,0.7029593594164808,906370000000
0.054263504141543364,0.7147894974269149,0.702872234659398,906375000000
-0.040943539888302447,0.7910679422602264,0.7027162596434173,906380000000
-0.11956352184565949,0.8116748225210967,0.7033772578179172,906385000000
0.06439302700966953,0.8220829118555882,0.703159677409561,906390000000
-0.13401596228978124,0.6865106969945802,0.7029771829704334,906395000000
-0.06219076311745421,0.7724453529913967,0.7034390613702085,906400000000
0.049437992513111824,0.8153133039778852,0.7034653087728514,906405000000
-0.06731344560161646,0.6736160982531134,0.7029780879429427,906410000000
-0.10043705934664006,0.8618622601047489,0.7033424282081076,906415000000
-0.08287798496509072,0.7603345177949108,0.7029390123733067,906420000000
0.04566858485631094,0.8062282858951227,0.7031385122580921,906425000000
-0.09554843062324324,0.6765364707163465,0.7031070730095502,906430000000
-0.05375248003921529,0.8003214616053095,0.7036078236314024,906435000000
-0.04329894975477417,0.7913398612663488,0.7040214554401842,906440000000
0.02497377483894842,0.8323671673214125,0.7042520624071295,906445000000
-0.053980644759201266,0.7152033424332229,0.7042726976136223,906450000000
-0.07544743979456091,0.8159078774439896,0.7044434320000892,906455000000
-0.04793112804450935,0.7713973935787629,0.7055181928816484,906460000000
0.09824061525175812,0.8345492135008814,0.7056834105068718,906465000000
-0.031802196534844444,0.7104195756315919,0.7060855672031634,906470000000
-0.09656975178157831,0.8389840262153717,0.7061668606725512,906475000000
-0.0720018819355811,0.8051496857380763,0.7067411011759074,906480000000
-0.06804962661038474,0.7848088770425642,0.7073820001929892,906485000000
0.023345460320690965,0.8035552861178626,0.7072524127506925,906490000000
-0.058070793200018275,0.7668865598342827,0.7077150351500964,906495000000
0.03265419308502035,0.8097624375295238,0.707914785919903,906500000000
-0.13017880415934105,0.7388847401379871,0.7074088637745234,906505000000
-0.03402619819465157,0.7894180050474796,0.7085678023067451,906510000000
0.0017074890768853952,0.817923990039195,0.7088129310006331,906515000000
-0.052495705656716476,0.8416510568465596,0.7092099660063399,906520000000
0.10308323506576238,0.7610021077926851,0.7089010448006604,906525000000
-0.12722924999307658,0.824179595232018,0.7089257689893893,906530000000
-0.09508368341550022,0.7888600506764265,0.7090231937660072,906535000000
0.06402428828084589,0.8143372283450123,0.7084127938831054,906540000000
-0.0906898051615933,0.7574330996930266,0.7087168989159596,906545000000
-0.013644614791500146,0.7984286399635919,0.7089509610100031,906550000000
0.0571645168062596,0.8283808036979207,0.7098453413241929,906555000000
-0.0875315588883123,0.7221019978094706,0.710083656477904,906560000000
-0.07287450743622097,0.8290863626161052,0.7100090925711444,906565000000
-0.03692186864481584,0.79938152156546,0.7106588660487109,906570000000
0.058723044275638694,0.7411061600046479,0.7110780516882095,906575000000
-0.06244373769134794,0.8180561268158254,0.7107269669982739,906580000000
-0.06365203112085628,0.845051513486035,0.7111295506962817,906585000000
0.04387090672836283,0.8331883587364074,0.7115261400240156,906590000000
-0.0683943434747575,0.7429954175373263,0.7115207692314681,906595000000
-0.02325495466162257,0.8152339541416174,0.7116972021682928,906600000000
-0.11595482533037581,0.7931403792033733,0.71177403445798,906605000000
0.06815183732685234,0.8396203016395171,0.7117295127692346,906610000000
-0.013318995931436685,0.7520980293485576,0.7112728200075009,906615000000
-0.14625108760178895,0.8239314219741315,0.7109765291712152,906620000000
-0.08168534938063923,0.8104680578530192,0.7113313654308543,906625000000
0.03657314247621129,0.7659849064338236,0.7107343638518255,906630000000
0.002599325534934145,0.7795500669549449,0.7108553908508115,906635000000
-0.06449912940876569,0.8191889118115759,0.7107292655489891,906640000000
0.11434708946529107,0.7782740885433652,0.7107820576686331,906645000000
-0.12458945563701428,0.786189168220399,0.7113904461597073,906650000000
-0.0741697962941282,0.7959541879617439,0.7113582851525541,906655000000
0.06324511072215466,0.8364569024061363,0.7120609863842963,906660000000
-0.06094309352886286,0.6968049489272937,0.712135134848986,906665000000
-0.0745715841978792,0.8830908006311379,0.7129551261876942,906670000000
0.07726995171895196,0.8386681819843848,0.713205465495621,906675000000
-0.18315104611082988,0.7263980704941708,0.7137892785856611,906680000000
-0.03034113101323526,0.8373919114532802,0.7142673147005918,906685000000
0.06267737469477282,0.8125462580540435,0.714858049559656,906690000000
-0.20073738893358847,0.751176304646729,0.7154380493885212,906695000000
0.02322076791700628,0.809057656658902,0.7159800451737066,906700000000
0.028208213993603674,0.8474807634603632,0.7159667472194651,906705000000
-0.11095239354343708,0.7602091783207926,0.7163529998652489,906710000000
0.022916216395132596,0.7731307299481076,0.7172927271350225,906715000000
-0.06503582708778152,0.8515281967337346,0.7173152816009141,906720000000
0.07694860083619226,0.8167827718967695,0.7176858935927884,906725000000
-0.10192935106464607,0.7251895164085094,0.7186297275206288,906730000000
-0.049215779190936164,0.8401158676325696,0.7193693238383558,906735000000
0.04196649815501376,0.8118089636318733,0.7197789303472023,906740000000
-0.1540829278778299,0.8169636907063534,0.7194161601469177,906745000000
0.004560593204294429,0.7950901619946977,0.7199989688354457,906750000000
0.07458779460437563,0.8469138808869583,0.7208654340317672,906755000000
-0.16051222148272204,0.8427699842379299,0.7206700903079807,906760000000
0.0239728985723712,0.7611590656940335,0.7211534081223245,906765000000
0.06968037215135021,0.8559269104499042,0.7210250383509994,906770000000
-0.13925436010651018,0.8191862236596983,0.7208501269350603,906775000000
-0.045351087600669006,0.7714037141934539,0.7216197501797228,906780000000
0.08776650083898907,0.815334702848333,0.7220508391311252,906785000000
-0.1697849962835902,0.8287745819868695,0.721901792414373,906790000000
-0.056766352863474236,0.7496491484709272,0.7226684291229927,906795000000
0.07188785490049865,0.8527863490244849,0.7228124070184914,906800000000
-0.12343247400514923,0.8263030518338295,0.7229783247153481,906805000000
-0.043875799619891666,0.7563556406005619,0.7232430882713852,906810000000
0.1070217386996014,0.8158629725123372,0.7237564491649989,906815000000
-0.08325848032825042,0.7908618701389422,0.7236760004008007,906820000000
-0.07944955480702917,0.8433758916697978,0.723814335367231,906825000000
0.022515018873936768,0.7842497029486772,0.723779430426562,906830000000
-0.09040898747203052,0.7256216278078034,0.7240466253677146,906835000000
-0.06251306142863969,0.8627151963109934,0.7242325226874899,906840000000
0.07361819320145811,0.8004826135566461,0.724343847728033,906845000000
-0.11160434190733437,0.8606645879386018,0.7246523598904959,906850000000
-0.03131581878060346,0.7506206264651212,0.7246543020689107,906855000000
0.05101814024953165,0.8051023856599501,0.7252282236333171,906860000000
-0.08294227572246586,0.8008743590685811,0.7251375157012638,906865000000
-0.09232572822669526,0.8204781091546017,0.7252447001512724,906870000000
0.05465023859821399,0.8037490661856254,0.7252721029738117,906875000000
-0.09903755962794844,0.87131104906049,0.7255447876445655,906880000000
-0.03586466794726753,0.7485774028455544,0.726194723089819,906885000000
0.05357336791606585,0.8196408207674378,0.7263883646214124,906890000000
-0.10300278616911074,0.8598878704737744,0.7262990519209138,906895000000
-0.038880810802275345,0.8233911204829654,0.7261370646909242,906900000000
0.033167656019664996,0.8312767125651229,0.7266954156048726,906905000000
-0.10987446655510244,0.8483399620276166,0.7268809300473076,906910000000
-0.016922538896980668,0.7746251644762431,0.7272235704130442,906915000000
0.08789810341742392,0.8249941443970729,0.7271965525015148,906920000000
-0.0723675256056449,0.8407791885195883,0.727720991043185,906925000000
-0.049844235650349275,0.7701479327223748,0.7279706663838184,906930000000
0.058015320104735785,0.8179295136109888,0.7284668708965524,906935000000
-0.08385955454065352,0.8646288693929804,0.7288319487737165,906940000000
-0.03553237554462693,0.7833869596655909,0.7289699556551256,906945000000
0.04065413203754732,0.8422114943874299,0.729264066045868,906950000000
-0.14494121079307437,0.8809509743239626,0.7297016072015263,906955000000
-0.030717560945978918,0.7769944015034372,0.7296047472623476,906960000000
0.06643552651551637,0.8232436295606993,0.730335363763546,906965000000
-0.10359891856947451,0.9193967453845501,0.7302448679710979,906970000000
-0.03704938489525252,0.7528609998973576,0.7302669338246047,906975000000
0.015989007185619866,0.8430663980253853,0.7305231137065545,906980000000
-0.17194834044306573,0.7985921247129789,0.7304823767072947,906985000000
0.04207575453194462,0.8349829044568584,0.7308238349264446,906990000000
-0.05067996595417337,0.8221476308760856,0.730888677618879,906995000000
0.08166162652845523,0.8468981822334254,0.7310169152211461,907000000000
-0.07639449955297498,0.7855592334339525,0.7310526857789528,907005000000
-0.11964733376112496,0.8070857742664712,0.7311514851986967,907010000000
0.06768943098537493,0.8206181592578352,0.731056910460033,907015000000
-0.10034635114456138,0.9184875110157091,0.7314325533545764,907020000000
-0.027812588463901396,0.7532689882587567,0.7317974458326566,907025000000
-0.06444484759960808,0.8206711260729355,0.7321437233877615,907030000000
0.1131384252672583,0.8600831305031647,0.732221087032196,907035000000
-0.10390137500702358,0.7723044132374514,0.7329101075151075,907040000000
-0.05834035502888593,0.7821950896096208,0.7329319098462311,907045000000
0.061923802330566255,0.8333385120726177,0.7335417485328659,907050000000
-0.13711985686566613,0.8439835092802632,0.733422398663412,907055000000
-0.015360336590750513,0.7523027234479818,0.7337359577501662,907060000000
0.0722679415756224,0.8219014747209793,0.7341435100661696,907065000000
-0.0832805496266143,0.8633276183817556,0.7339745008812872,907070000000
-0.03584924204258078,0.8141393419987694,0.7340599994342641,907075000000
-0.04805511261321136,0.8336358805188254,0.7341124348066628,907080000000
0.06296877268556622,0.8352625951025396,0.7342937767833481,907085000000
0.009053894591638141,0.8149551625375726,0.7341251597278514,907090000000
-0.0859904531814297,0.8134849543705964,0.7344442413613445,907095000000
0.08857339078668493,0.8486715868041664,0.7341466799043554,907100000000
0.004370567337045796,0.8564934022577302,0.7341450731635651,907105000000
-0.13505562856831121,0.8193826580183602,0.7341271815491063,907110000000
-0.08345209289124998,0.8250954714526956,0.7340102935893295,907115000000
0.059106375142103505,0.8245471662113056,0.734216724557487,907120000000
-0.026076929140660784,0.8177442380838104,0.7341167728356567,907125000000
-0.07798629550883787,0.8217417548490524,0.7346572104404291,907130000000
0.07001053438603756,0.8332709373541477,0.7352208384358379,907135000000
-0.03225548994800076,0.9193860031682941,0.7354660456050514,907140000000
-0.08825769123266843,0.7618151948752847,0.7356239063576134,907145000000
-0.05560224045598666,0.8374868903881693,0.735999651152492,907150000000
0.07420422309746061,0.821824187262934,0.7364082829695467,907155000000
-0.02311457652059541,0.9054138010500815,0.7367588352788783,907160000000
-0.11257080726635525,0.7990308085605404,0.7372711784651156,907165000000
-0.0441891172707532,0.8463148736512337,0.7374668917283059,907170000000
0.08660806802765608,0.827535589618435,0.7378876456353933,907175000000
-0.0686140135158015,0.9580444744446306,0.7382782747821863,907180000000
-0.06336437493004159,0.7346952576939654,0.7384388409501711,907185000000
-0.05183505214986706,0.828090555958571,0.738451157554837,907190000000
0.07187017010405969,0.8404746969133673,0.7392730223129174,907195000000
-0.009460182143456026,0.9274620834750906,0.7404798105095102,907200000000
-0.08245014184393865,0.7189731037474696,0.740721411023672,907205000000
-0.0463293098051447,0.8371388205330508,0.7409819246324957,907210000000
-0.01099024788959673,0.8410085680512069,0.7420012451921947,907215000000
0.02792701124506593,0.8721223227685178,0.7419979431319406,907220000000
-0.024444081269284115,0.8357163700533232,0.7426311576286023,907225000000
-0.07820310704475548,0.8261567271762391,0.7433758293690851,907230000000
-0.048471598884820055,0.8313309068068694,0.7430748464515038,907235000000
0.12822216183406637,0.8244893766407171,0.7437451140923245,907240000000
-0.050926080502883636,0.8578062169258991,0.7441696934714039,907245000000
-0.06499917095608988,0.861522652512007,0.7441311781039621,907250000000
-0.04405449460837571,0.849166758729272,0.7445608561647936,907255000000
-0.04746915883937973,0.8147832947828176,0.7444395037637564,907260000000
0.02585486033042052,0.8236309353679726,0.7449658410330875,907265000000
-0.028264766508170135,0.9006335360556426,0.74503047281656,907270000000
0.11773487484320252,0.8659414948803532,0.7451574458918899,907275000000
-0.08792718197771772,0.8886530004412206,0.7456198719099004,907280000000
-0.028775647194114264,0.7602829600099613,0.7456399518202088,907285000000
-0.025488587806692536,0.8747778387050572,0.7456304631520898,907290000000
0.08896964697664667,0.8002172115275272,0.7458594987005267,907295000000
-0.011651766692670987,0.8477069555421478,0.7461259844876071,907300000000
-0.0656524209045704,0.7832255206864407,0.7465847818989498,907305000000
-0.06342590119562502,0.8769955242597246,0.7467195803960702,907310000000
-0.008319410334784227,0.8141955215919078,0.7469461134450756,907315000000
0.054423681940208135,0.8347286839819658,0.7469602050112628,907320000000
-0.07861967909023491,0.896353662019558,0.7477757501784363,907325000000
0.044195249885112656,0.8406239850333832,0.7472622783513332,907330000000
-0.07403112529373146,0.9496187954140594,0.748128469614557,907335000000
-0.020075975917573933,0.7858223141728421,0.7476527574329278,907340000000
-0.02712574326480218,0.8614300912878159,0.7487607730449326,907345000000
0.058975817064212996,0.8521022766621417,0.7489831012786826,907350000000
-0.05167034984134279,0.8764565633143664,0.7493558905849045,907355000000
-0.05280251629707409,0.8489793286345402,0.7491342318800899,907360000000
0.0843027818949191,0.8227486074134416,0.7493515938212509,907365000000
-0.06149071326846743,0.9082192362535868,0.7495664228654195,907370000000
-0.04273387087957877,0.7770200880000655,0.7495991791199652,907375000000
-0.039189717221947556,0.8337561288638614,0.7498813420152403,907380000000
0.10592609325159483,0.8037027147453782,0.7502278046219594,907385000000
0.02933713550174074,0.904369844723367,0.7500272857880333,907390000000
-0.05639668070441283,0.8381410384207237,0.7501858077515671,907395000000
-0.013629326045035604,0.8380490076342285,0.7507542627637486,907402000000
-0.07445499954597916,0.9224923224034645,0.7511139121863709,907407000000
-0.04402192007305479,0.8441865489689576,0.7511765103688163,907412000000
0.052783407930885144,0.8524474889359096,0.7513914549439867,907417000000
-0.016238225605261378,0.9303422031852436,0.7521370534111739,907422000000
-0.054319340352144,0.7799826324053407,0.7519519575056476,907427000000
0.022321442014491814,0.8725930006920366,0.7521808212166604,907432000000
-0.037469057776336925,0.9304849259474937,0.7529710672145545,907437000000
-0.022957062328950006,0.804770478603619,0.7524860692251769,907442000000
-0.035836206946386666,0.841695303448821,0.7532147606238284,907447000000
0.09894643847701552,0.7789789806441912,0.753437920152135,907452000000
-0.02485057291152392,0.9440836104612567,0.7535495665206184,907457000000
-0.08327532568267502,0.7488756412741675,0.7533953598113103,907462000000
-0.02775216052718269,0.8607133276617784,0.7543107416272818,907467000000
0.06118513776748009,0.9093732596879391,0.7553648081061882,907472000000
0.014673829697913622,0.8300451846198574,0.756221616448338,907477000000
-0.057304505643582436,0.8435021770995091,0.7565603622176269,907482000000
0.09686506097289271,0.8420427830708472,0.7575352058747622,907487000000
-0.011267094137351604,0.9793568863389499,0.757500519352079,907492000000
-0.06109967428424312,0.7985303737602925,0.7574980543206364,907497000000
0.08760978753249782,0.8117720880873635,0.758036822434179,907502000000
-0.028427118018484004,1.008630376387688,0.7576212360328293,907507000000
-0.09320011819620504,0.7789856817526677,0.7579172784591148,907512000000
0.024392847517078382,0.7924209170545699,0.7583570324142974,907517000000
-0.08854119892054516,0.9283063120965419,0.7583828146898263,907522000000
-0.04862736411262722,0.8262707910780939,0.7588182107513425,907527000000
0.10311304446135264,0.8059309082266597,0.759184739163881,907532000000
0.06863734291712496,1.0117092467507973,0.7597426310519855,907537000000
-0.10151470871111944,0.7792364585026578,0.7602942359167529,907542000000
0.05036826533848804,0.8357255085655249,0.7606681642445678,907547000000
-0.014423772695832683,0.9659234438980812,0.7614204406725233,907552000000
-0.041069665952331955,0.8746417856144164,0.7617432215019205,907557000000
-0.04793518564835238,0.8519754510696712,0.7621318047462412,907562000000
0.08520173839580009,0.8161472997909056,0.7630668409754138,907567000000
0.07329431934700323,1.00416840071356,0.7631109087373183,907572000000
-0.13584828109170677,0.7947995073251461,0.7628113140934586,907577000000
0.032162533077836564,0.8163787566049975,0.763504093312437,907582000000
0.06461032311240372,0.9307231605811063,0.7637446085442189,907587000000
-0.10287988295433195,0.858954799261531,0.7633537753024009,907592000000
-0.0936814686083797,0.8399791032894641,0.7632408666213336,907597000000
0.07815551189868396,0.7469402166769493,0.7636317488613695,907602000000
-0.026289528113474417,1.014710888502566,0.7635924560674845,907607000000
-0.09523147258576514,0.8351719559964232,0.7631643885395725,907612000000
0.07076470267890544,0.8083183589839154,0.763380665464549,907617000000
-0.03228588045901534,0.9353727794715747,0.7637793544972382,907622000000
-0.02246228784224099,0.8471080279925574,0.7636935387317993,907627000000
-0.0013872373132628735,0.8435850587798069,0.7635169922479872,907632000000
0.05822437393702491,0.9418144988053575,0.76401596759789,907637000000
-0.11375334025194975,0.8611491162871776,0.7643099103417917,907642000000
-0.07015430598246089,0.8183869179548224,0.7646835520627948,907647000000
0.12028688334500262,0.7921587269941955,0.7655584084298966,907652000000
-0.05547518026526699,0.9608089499825281,0.7655972452317729,907657000000
-0.12446698735562214,0.816074719468402,0.7656245479503511,907662000000
0.09165118196016121,0.7920944836536191,0.7664043406459992,907667000000
-0.013496241994050953,0.9871608150616664,0.7667855292602429,907672000000
-0.06532147793328974,0.8577165470503418,0.7669118705096285,907677000000
0.054641436983463715,0.8257910898015659,0.7677901063843721,907682000000
0.028790389034865613,0.9676853297801661,0.7681681704778824,907687000000
-0.10348323188013991,0.8066074937923597,0.7684815034235899,907692000000
0.05917526724483526,0.8246449272700581,0.7685650695187822,907697000000
-0.0630837117291951,0.9242782790746119,0.7690178060428539,907702000000
-0.05751039523856812,0.8876538782647821,0.7685655289818253,907707000000
0.06534570818781416,0.8256163478700691,0.7689439920557526,907712000000
-0.014267091875428975,0.8824730838335301,0.7690939794291719,907717000000
-0.14902885927031456,0.8739046483956695,0.7691644110322394,907722000000
-0.03300579310724901,0.8863832771280303,0.7692469671654121,907727000000
0.09583201170124259,0.75699287306916,0.7697526461939656,907732000000
-0.053102705260072686,0.9907151796175855,0.769866680745321,907737000000
-0.07529700614827639,0.8478531065864958,0.7699728990350281,907742000000
0.050604249835337706,0.7759903852162408,0.7707835665656658,907747000000
0.027492707085109088,0.9920556946802076,0.7713216574153673,907752000000
-0.09828597678741989,0.8353530962388575,0.7710677629497893,907757000000
0.05415062001047849,0.847388207235814,0.7719620149084828,907762000000
0.015278617452266946,0.942981335929748,0.7718683668487477,907767000000
-0.1344050419564585,0.8522054183379032,0.7722273749613031,907772000000
0.0690854717119862,0.815676809705285,0.7730252904934722,907777000000
-0.046422078546780446,0.976322576230862,0.773322191134434,907782000000
-0.019372704417235202,0.8743501260920362,0.7730280975768664,907787000000
-0.052398027954525424,0.8853110791527288,0.7736400963512332,907792000000
0.057821691912038314,0.8424957700339408,0.7742627102425979,907797000000
0.0019791606534152045,0.968457394938165,0.7740097089569428,907802000000
-0.06276649817165242,0.882019624579672,0.7739204007625328,907807000000
0.08495463201232417,0.8235428772644989,0.7747124425998214,907812000000
0.04920115990891784,0.9944552411874448,0.7745905485815306,907817000000
-0.09960556131921315,0.8171485118303209,0.7742680357711663,907822000000
0.042124956122250486,0.800113323365168,0.7747731073688555,907827000000
0.021829552917744764,0.9449634264868408,0.774884176819622,907832000000
-0.033173553397497314,0.8990972992142537,0.774532851344346,907837000000
-0.03999848429944464,0.8639730162136825,0.7750073955225418,907842000000
0.06981727462231929,0.8214553787250775,0.7758786826310963,907847000000
-0.005984713773579179,1.0074655431466213,0.7760852033683652,907852000000
-0.04388322481173079,0.8807569715992105,0.7764803219677024,907857000000
0.04714372689738151,0.880858143865592,0.7767277133396326,907862000000
-0.016672170264222845,0.8933998773700815,0.7768576063610044,907867000000
-0.04322293651035137,0.8555255463347736,0.7773553513965602,907872000000
0.05974623730131624,0.9072855146634325,0.7780685461729139,907877000000
-0.03954065693996672,0.8999198708373448,0.7778970072492241,907882000000
-0.029586276325631336,0.9020761949752991,0.7777526680398386,907887000000
0.06250338882761224,0.9012006237412569,0.7784000305516073,907892000000
0.01731658544108783,0.9052097620813726,0.7785176917147164,907897000000
-0.08715212399228355,0.8860404370249239,0.7783529723939052,907902000000
0.08428322150771578,0.7589761853551398,0.779482105041337,907907000000
-0.04280320179404063,1.0625067103456542,0.7794518582902706,907912000000
-0.024637761649692214,0.826407099960708,0.7800078195523377,907917000000
0.07572318592199288,0.7838051583739227,0.7812787369582798,907922000000
0.011332011289048328,0.9720343274857413,0.7819514071103675,907927000000
-0.10226283698422299,0.8121056579817977,0.7828503112581376,907932000000
0.05837026736280739,0.872901135925448,0.7836987578686022,907937000000
0.06665406588531848,0.8867689321249994,0.7845295990625527,907942000000
-0.1322086258292987,0.8175159243013564,0.7858309342872182,907947000000
-0.06526951371705579,0.889103455517037,0.7863494510297824,907952000000
0.032293137838663034,1.0007440428447756,0.7876151650585986,907957000000
0.0038535889824013684,0.7364868675471513,0.7883873873022883,907962000000
-0.06631390190092462,0.9068666329048928,0.7894374152308363,907967000000
0.027639817875383176,1.0476720487754452,0.7901043093686193,907972000000
0.011282095844527232,0.7555613136127248,0.7906474331372202,907977000000
-0.11648132765134697,0.9314150920440024,0.7918648918804903,907982000000
0.02109200472473951,1.035317037244946,0.7927443337863957,907987000000
0.03191631137569326,0.7962892508847184,0.7934544864011874,907992000000
-0.08275062981056937,0.9097972425349238,0.7941934635752329,907997000000
0.03727522791101402,0.9946204095622915,0.7945236057991625,908002000000
0.04900037916484426,0.7933139921720416,0.7956575341704898,908007000000
-0.08497770209402876,0.8854919167678464,0.7963740653756286,908012000000
-0.05313080126275753,0.9070009166749062,0.7978855990117663,908017000000
-0.023590490841831485,0.9135458182787509,0.7986387811493986,908022000000
0.07370256826668611,0.9231163433188365,0.7987504046586545,908027000000
-0.05630745992125219,0.9385076971404657,0.799948790302316,908032000000
0.08594284483397065,1.0132183317090329,0.800419803612058,908037000000
-0.046663387123116296,0.8275624492389158,0.8009966984562905,908042000000
-0.05257146050800575,0.9411161570460191,0.8017878644115864,908047000000
0.01603965960338114,0.9623417597000359,0.8028791726060003,908052000000
0.054320869885248965,0.854147627517026,0.8031823350919245,908057000000
-0.0695651010383079,0.9101381374662311,0.803299585082527,908062000000
-0.047614689671439656,0.9451728875521516,0.8041727920758531,908067000000
0.027831850858998468,0.992424763474922,0.8041428157762176,908072000000
0.028592254916232733,0.8087020654051381,0.804484047174255,908077000000
-0.0819451082324832,0.9689007522779196,0.8048797178948267,908082000000
-0.2937100629613151,0.9874640673699283,0.8055404997055288,908087000000
0.3584091543734134,0.8334913893494323,0.8066556295605929,908092000000
-0.05578433992058705,0.9153360854110691,0.8075137502201779,908097000000
-0.33586452205684514,0.8893141484144567,0.8086237085379199,908102000000
-0.07569632835977688,0.8660802214753331,0.8108401992713133,908107000000
0.44713461148657174,1.0005267909936428,0.8133313078177928,908112000000
-0.030731165979657107,0.9338812675136899,0.8148737559946299,908117000000
-0.43688918640495544,0.8772552402118302,0.8172338293527514,908122000000
0.3244321944104984,0.9712639616900125,0.8197873423302755,908127000000
0.13332322003484748,0.9261684828157417,0.8207596060340226,908132000000
-0.4640632375495087,0.8813181760781438,0.8217541308333307,908137000000
-0.04049489429538467,0.9157677870903884,0.8249898305658996,908142000000
0.40787089563103945,0.981085493996577,0.8257932471126529,908147000000
-0.377207831664381,0.9173480489693221,0.8265519840710704,908152000000
-0.10761499287220297,0.888075282292414,0.8289487731484079,908157000000
0.5634666028113403,0.9948594698224577,0.8289452197502207,908162000000
-0.3330409932621506,0.9260096997088622,0.8290624549550578,908167000000
-0.13978990382803183,0.9135505413394841,0.8313342498316643,908172000000
0.45108074266238535,0.9840239425145133,0.8312212538820776,908177000000
-0.007570615371506007,0.9651577648150558,0.8307119688950974,908182000000
-0.10652405326360381,0.8977612164742534,0.831680461877949,908187000000
0.08575557215490127,0.9656691226214714,0.8309457150922049,908192000000
0.0023003708277748655,0.9841724478128833,0.8300904079516387,908197000000
-0.2867944815971174,0.9941347507053906,0.8292590716015464,908202000000
0.2408790101879043,0.8502177621542354,0.8282214023248109,908207000000
0.0011859393643696805,0.9499978224463779,0.8277460359351082,908212000000
0.1042842441198617,0.97170374497281,0.827628142648343,908217000000
0.11139832209593441,0.9338317237356545,0.8262991470322956,908222000000
-0.18213942640469655,0.8679256179305918,0.8253905589853852,908227000000
0.03953746529142102,0.9830357647172857,0.825218140603416,908232000000
-0.025876718017920512,0.9355756394290822,0.8244759824210641,908237000000
-0.0036962493614611062,0.8438856860739539,0.8238532850250908,908242000000
-0.028369922278376758,0.9437991734072106,0.8237452903283778,908247000000
0.08110620357324606,0.971451014327259,0.8234260003284268,908252000000
-0.018603985156007776,0.854183991274791,0.8227652002905117,908257000000
-0.039620941635222284,1.0024635432972944,0.82228475571092,908262000000
0.050009419553773186,0.9818363133659388,0.8219032320480569,908267000000
-0.026257678355476384,0.8206205804880736,0.8210965309413928,908272000000
-0.05878713697622453,0.9748260924990862,0.8210378952399303,908277000000
0.09459061549620473,0.9784985345279467,0.8210118015122922,908282000000
0.049254670250427936,0.8374326474911103,0.8209821636429464,908287000000
-0.09726203337112477,0.9775617040087243,0.820883783297009,908292000000
0.048958829883873727,0.9835141743505363,0.820963206119613,908297000000
0.004072748425684031,0.7837657522992435,0.8205797296632618,908302000000
-0.05791003492153478,1.0467961821403478,0.8207251546035131,908307000000
-0.02371748610655186,0.9198306457891174,0.8206095534407343,908312000000
0.029634446596042613,0.843919787427251,0.8202218740553521,908317000000
-0.05485687310136888,1.0391641211466154,0.8206485530718145,908322000000
-0.019678631972373045,0.9291291397850812,0.8204746683762264,908327000000
-0.05748568956786461,0.8713820063518015,0.8210221031134245,908332000000
0.003645058255054602,1.0113000469011226,0.821550964047347,908337000000
0.07150908231752365,0.9893863470617061,0.8217045949135725,908342000000
0.04532443185757865,0.8202202293936659,0.8219358659157054,908347000000
-0.15279891403093016,0.9824527214222613,0.8222982894257596,908352000000
0.06514802567184624,0.9873243645863854,0.8223243248371896,908357000000
0.10667136730593402,0.8102672078936669,0.822417488999629,908362000000
-0.18106859849773935,1.0029950894590194,0.8220680947002488,908367000000
0.036559062973746434,1.0129188001508396,0.8226045365411193,908372000000
0.06841303475093748,0.8834877349564364,0.822145348694151,908377000000
-0.13627280600829836,0.9433637355530028,0.8219527721919404,908382000000
0.08172839569832496,1.0064868502414515,0.8226340392933879,908387000000
-0.022754838495038687,0.8570527395983593,0.8231315616627743,908392000000
-0.015249621839094197,0.9370706943102177,0.8229130517844494,908397000000
0.0486033246415216,1.0360918943952306,0.8239162982549643,908402000000
0.07863291851609555,0.8082709755593466,0.8235296659944458,908407000000
-0.09794359070626969,0.997476038158325,0.8235291515669482,908412000000
-0.015583687206655074,1.0509680798354841,0.824030903189487,908417000000
0.06949288324177774,0.8875121611656266,0.824135041451906,908422000000
-0.06845889526359303,0.8804708593243922,0.8241266537763283,908427000000
0.04634020763589669,1.0489609651450214,0.8242734383456088,908432000000
-0.06919595333437917,0.8527571688310459,0.8247464718802752,908437000000
-0.022433404510675495,0.9631779558345179,0.825033255877605,908442000000
-0.2998462571281511,1.0000152851667843,0.8265469723829995,908447000000
0.4073511144773691,0.7846706608864119,0.827584642856414,908452000000
-0.038676771560160514,1.025929360235318,0.8290133061430197,908457000000
-0.29886170651199107,1.0066048046155804,0.8309502658278541,908462000000
0.1144622022933669,0.8579248661391017,0.8333708426429602,908467000000
0.17984676998893448,0.9599427835029332,0.8352740757174889,908472000000
-0.33413530227234284,0.9807919066179656,0.8365495906782845,908477000000
-0.08804827510834282,0.9287623397476229,0.8393101797614776,908482000000
0.14500305368418373,0.9680228307770746,0.8431962864592076,908487000000
0.2751942026604774,0.978117274770072,0.8444505926841512,908492000000
-0.457334239851956,0.9585838456078122,0.8471080793827406,908497000000
0.2495042309605553,0.9596592637946839,0.8487972575986746,908502000000
0.2022427513547042,0.9965832703179907,0.8493179401305917,908507000000
-0.5168300108297108,0.9278874017812055,0.8513738378716011,908512000000
0.29029917461220317,0.9384774246575321,0.8537571873323495,908517000000
0.12164808895644838,1.012567372754837,0.8544843540408924,908522000000
-0.4860920154800116,0.9351418595280657,0.855446445962755,908527000000
0.3524158906681908,0.9677384304887563,0.8573583747427231,908532000000
0.11148075814834311,0.9857505248914011,0.8575647252213214,908537000000
-0.4956945740734173,0.9426609455781981,0.8582729230925967,908542000000
0.4661844018471549,0.9872543588485325,0.8598224898186614,908547000000
0.013779640837088143,0.989008793507751,0.859317280195505,908552000000
-0.35127950649140993,1.0111759247157648,0.859036274445683,908557000000
0.3285481634185064,0.9024980468560103,0.8588588695657431,908562000000
0.024065619090723817,0.9831491665553632,0.8576327663655878,908567000000
0.08746435720546751,0.9784408357260573,0.8564332548089124,908572000000
-0.023064085312485605,0.9465665356773,0.855280057935741,908577000000
-0.19001391702017556,0.970173796522377,0.8541046536176953,908582000000
0.07400611972012433,0.9639445628080174,0.8527696944947436,908587000000
0.1361567238537556,0.9955414305111829,0.8523310946956768,908592000000
-0.04038120246546092,0.8762243995968507,0.8514260315662833,908597000000
-0.005960127116624005,1.04644096229625,0.8512117906922968,908602000000
0.08500140749129606,0.9728998354782308,0.8502869292159827,908607000000
-0.045198942865651626,0.8591589385363876,0.8497348090341208,908612000000
-0.033490677209153843,1.0184503864746948,0.8490024407818376,908617000000
0.09021958542163942,0.998425176980235,0.8485986809474202,908622000000
-0.07834121547178971,0.8944813200726986,0.8476155779316916,908627000000
-0.025575670778380542,1.0074905881823895,0.8479523984882309,908632000000
0.056742654648485824,1.0190574794648066,0.8475439280859638,908637000000
-0.08701016490870277,0.8667507930332562,0.8474441728161481,908642000000
-0.03523374228984909,1.0349092682330494,0.8474335939974752,908647000000
0.09025701007871677,0.9685328705242711,0.8471698993374225,908652000000
-0.01995781459358262,0.8454788895484086,0.8467817187204651,908657000000
-0.07534821613786571,1.0564171102421516,0.8460428054183425,908662000000
0.07896581428747748,0.9804442983929895,0.8462345757721655,908667000000
0.04836583783211309,0.8190666029920263,0.8461201603249435,908672000000
-0.07549345088079695,1.04599336611196,0.8456337939546912,908677000000
0.054592599321780656,0.9874829389846731,0.8455458944103059,908682000000
-0.07242673445201186,0.8628860593238996,0.845747435575338,908687000000
0.016754370391342806,0.964908935925054,0.8460056856012347,908692000000
0.08081665578195525,0.9874329787194798,0.8467628242588968,908697000000
-0.03278713490227285,0.880161179217191,0.8469340495134721,908702000000
0.012834917120922332,1.0049172168839946,0.8473005956148538,908707000000
-0.03244049398541069,0.9910897197917407,0.847732804272602,908712000000
0.04962622706330088,0.9081376547125712,0.8480522307502347,908717000000
-0.05821371273626083,0.9714203554601554,0.848235631402265,908722000000
0.05803537307655787,1.0094817695455913,0.8485947527748643,908727000000
-0.09472766318623224,0.883046976957819,0.8489551244492917,908732000000
-0.060962300403251284,1.0024372781148259,0.8497177835919197,908737000000
0.10126395048635192,1.0105444968739918,0.849577268596642,908742000000
-0.004405260601141762,0.8357569695617587,0.8498177967276697,908747000000
-0.08595314979960487,1.0720683072873143,0.8503728412504901,908752000000
0.07487284282114963,0.9997839102881737,0.8506146926324376,908757000000
0.10758847577951518,0.8370148659427243,0.8509384769397959,908762000000
-0.12277212235451723,0.9896695761795974,0.8516626142814941,908767000000
-0.06898226621340048,0.9961176099336797,0.8517107348770976,908772000000
0.16465717103197428,0.9653765189935184,0.8522390073497256,908777000000
-0.050609752483949194,0.8743034279982335,0.8518842186822136,908782000000
-0.11465228898582908,1.0365695776838584,0.8522620501047673,908787000000
0.08238919944046531,1.0160225148005935,0.8528916512341012,908792000000
-0.08203616325023223,0.8096068940330615,0.8532024253962968,908797000000
-0.061284405742356815,1.0279929274758817,0.8533796743946132,908802000000
0.10184440664143399,0.9764416097665367,0.8540692133616066,908807000000
0.006171650527700378,0.8757234734837336,0.8538871857235035,908812000000
-0.0855424242129447,1.0310380746434475,0.8546085220088575,908817000000
0.08888338386135194,0.9730677327366707,0.854907977170827,908822000000
-0.0945445789724577,0.915950642041241,0.8553044980553268,908827000000
-0.06324878544649139,1.0308252214265152,0.8554659806275657,908832000000
0.0917322253374993,0.9640588737394536,0.8558660942481996,908837000000
-0.06024349899086972,0.8592370452015118,0.8554030958217543,908842000000
-0.05787387270828073,0.9716270654994307,0.8564163166275383,908847000000
-0.05831332773470943,1.0414752684921167,0.856364104042264,908852000000
0.04824336440459574,0.9669766985587428,0.8570500165260702,908857000000
-0.0555989408723914,0.9511511361165816,0.8578384542106309,908862000000
0.033855031117671214,0.9843050748583637,0.8587634415070301,908867000000
-0.055597790214409325,0.8720441615270017,0.8592543203026632,908872000000
-0.021621291312463705,1.0377962492352144,0.8597029852559623,908877000000
0.05971819612561739,0.9393066230487125,0.8606382443529926,908882000000
0.05509411925421106,0.8962869035769456,0.860994526666987,908887000000
-0.06132451747694352,1.055183637658095,0.8612523293772301,908892000000
-0.06260543523923415,0.9950554890518576,0.861762171804792,908897000000
0.1066134758479973,1.0222193056302087,0.8623914377184547,908902000000
-0.07368538840765693,0.8856748681177556,0.8626176477552199,908907000000
0.062031862034068755,1.0205815250932533,0.8634608354698408,908912000000
0.031669879941701624,0.9057201324939795,0.8636200517154933,908917000000
-0.13603693117163698,1.0298567874296223,0.8637918242781985,908922000000
-0.0008325121760663669,0.9765275609598607,0.8644059545652504,908927000000
0.14378586888861425,1.0363091002580103,0.8648373975380111,908932000000
-0.12987491031396814,0.8757999309447732,0.8647962168812934,908937000000
-0.016037043397369458,0.9977178585995781,0.8644308957858079,908942000000
0.11284200963392843,0.9442704780265205,0.8645135107906642,908947000000
-0.052137925153508,0.8687197900218505,0.8640438769411338,908952000000
-0.09605956729731785,1.0088768137625341,0.8642106674707407,908957000000
0.07495227667674083,0.972476273277645,0.8649800729370443,908962000000
0.002832881525957382,0.844404833640429,0.8643450765869424,908967000000
-0.06870206741240122,1.0556254488965389,0.8656062289965902,908972000000
0.09518823289815527,1.0115174987087692,0.8663140617621863,908977000000
-0.062066338186190353,0.8707690248329215,0.8662377706517209,908982000000
-0.06516122722598228,1.0561412649172008,0.8667948820411387,908987000000
-0.40315425683729117,0.9633593194729954,0.8687604243663591,908992000000
0.38676124880770835,0.9390966382911496,0.8710796772065008,908997000000
0.039653679767733735,1.0274764848158158,0.8716596194064535,909002000000
-0.3644077888826677,1.0321164187404197,0.8747958555214079,909007000000
0.19556431997888507,0.9638909312287387,0.8779887232633006,909012000000
0.17046587478656697,1.0162885145869018,0.8797989921802364,909017000000
-0.4567712965764984,1.0126501723789532,0.881810945037419,909022000000
0.15489803121622137,0.9994198561619672,0.8846976020184371,909027000000
0.24257849665853426,1.029641368842455,0.8860008821233525,909032000000
-0.490754449698116,1.0378475349824448,0.8874292865522225,909037000000
0.24810215160600563,0.9693550112068093,0.8895629934998974,909042000000
0.2022509110400974,1.0209164510652717,0.8896009442888314,909047000000
-0.4899308419953974,1.0201065598464534,0.8910213146393898,909052000000
0.45340384310610954,0.976028402778749,0.8921003566260826,909057000000
-0.31605547827014435,1.0722006223586424,0.8922344563660866,909062000000
-0.10642002505525965,0.9827919112294279,0.8942815761782666,909067000000
0.45306601166097643,0.9974720696889404,0.8945010788315956,909072000000
-0.4712172816619967,1.0962637942314686,0.8945451950341493,909077000000
0.29813085176984705,1.0021501270644129,0.8963331120738234,909082000000
0.22832090389918128,1.060918996241632,0.8957639183352843,909087000000
-0.4439220083554519,1.0396226313871344,0.8960556882620111,909092000000
0.26430697973957706,1.008541957618778,0.8972414010756331,909097000000
0.07238660546066544,0.9856269387875041,0.8967340841359701,909102000000
0.022764846495789935,1.027789947714014,0.8963148162337196,909107000000
-0.29577890777249494,1.015670741409113,0.8951226796151596,909112000000
0.20731184099769215,1.0363606511804535,0.8955523806306357,909117000000
-0.002142028864913833,0.9910454354035978,0.8945116017653703,909122000000
0.00907821130944812,1.011196833704936,0.8940148224880216,909127000000
0.0805350363001093,0.9822206684910971,0.8928504950487364,909132000000
-0.06786540727701801,0.9568631941160854,0.8921464823151941,909137000000
-0.015284159737240923,1.062537631916833,0.8908794176202505,909142000000
0.1314298896796574,1.0076633816001865,0.8902067185940391,909147000000
-0.06562709801496071,0.9820237912151949,0.8886571564236098,909152000000
-0.05782600227427515,1.0245262241842956,0.8874001947752048,909157000000
0.09643244632107453,0.9856515410605242,0.8865037146534774,909162000000
0.07980502715539307,0.9054067798456267,0.8864543536256227,909167000000
-0.1483004372797725,1.0176789526779084,0.8868071072427878,909172000000
0.027315453381002854,1.0757945208113833,0.8866775158918373,909177000000
0.11036788106682441,0.999457554691094,0.8869338078047608,909182000000
-0.04147397830111161,1.0137012258695133,0.8864352144339099,909187000000
-0.07431589383446738,1.0030443637935214,0.8864377085967255,909192000000
0.2077565374159306,0.966406162707296,0.8864799149408941,909197000000
-0.15057775284972238,1.0990028655356947,0.8863829861244056,909202000000
-0.06078462477628263,0.9774549855203796,0.8863393324367999,909207000000
0.16318251872551057,0.9600590776981727,0.886242921513141,909212000000
-0.11513945781749785,1.0180283723158146,0.8862868182127587,909217000000
-0.09999451115906369,1.0308734861974769,0.8863345572645076,909222000000
0.1710890842513646,0.9241102540335944,0.8862060642666532,909227000000
-0.06612792497984295,1.0434951022055128,0.8864171929965102,909232000000
-0.08503293638774241,1.0277453401877583,0.8863293935313898,909237000000
0.1414512755132884,0.9199839338252499,0.8862102024940598,909242000000
-0.03422675401828238,1.058623236649265,0.8859830033741284,909247000000
-0.07514055515089413,1.0133148328553963,0.8860848464807477,909252000000
0.08399023207807135,0.8870877785729224,0.8861002053477922,909257000000
-0.1125433744359376,1.1244098060589742,0.8860812573866289,909262000000
-0.02938124962204253,0.9820797294983994,0.8867194449101463,909267000000
0.10734993029650264,0.8955435838415549,0.8877177636806859,909272000000
-0.06073352363901566,1.0430660451484812,0.8880607024981273,909277000000
-0.02133242562277031,1.0363614303516457,0.888852866149304,909282000000
0.07569790066682167,0.8694228162048248,0.8896360707760169,909287000000
-0.04805626075836031,1.090018509842285,0.8905423147620528,909292000000
-0.009471853581480671,1.0572494133345662,0.8908942436305824,909297000000
0.09590208555401467,0.9578055095188901,0.8919674282372085,909302000000
-0.04142910739628793,0.9550436393603935,0.8917573400194502,909307000000
-0.029607164178045764,1.0411394950412967,0.8917157135220778,909312000000
0.051268582651197124,0.9658051632327426,0.8921162562653991,909317000000
-0.039125895134576774,0.9919028465326765,0.8921995838990638,909322000000
-0.04647488599249453,1.0435815303558613,0.8928983825664427,909327000000
0.0836623122806946,0.9625176330993344,0.8930923387176024,909332000000
-0.1100347138299366,1.0236373845461102,0.894430066672122,909337000000
0.04151346208825108,0.9945224509623252,0.8952348678539597,909342000000
0.05310340748317112,0.9867940395177424,0.8959391658372415,909347000000
-0.09119697895402418,1.0598642241553309,0.8965733487081711,909352000000
-0.045184176892969635,1.0080630542313296,0.8973247462706736,909357000000
0.021321700092692436,0.9813996083281809,0.8977782284284244,909362000000
0.0009018312621703415,1.0309261326579477,0.8982547690450746,909367000000
-0.007067874079351846,0.9751738369925763,0.8981188288004789,909372000000
0.04354719499370596,0.9773155595849881,0.8982547369260269,909377000000
-0.06390882571766271,1.0296951208450165,0.8985537289349209,909382000000
-0.0024222021895397468,1.043707651939303,0.8979948556838795,909387000000
0.044879348161271225,0.9605106284812502,0.8985442403129131,909392000000
-0.09668967288271166,1.042250190220584,0.8981935686050566,909397000000
0.015887854072096204,1.0063275294703948,0.8984779820225849,909402000000
0.049863257980777634,0.9890008638017702,0.8987301932886389,909407000000
-0.04005597092415557,1.0318012018185134,0.8989963779479672,909412000000
-0.10595951539696336,0.9978484042363509,0.8997793474186504,909417000000
0.10450256386867306,0.994622130881738,0.9000418465348463,909422000000
0.10248517652577202,1.0071771937083691,0.9006348302070956,909427000000
-0.16964226756607909,1.055265058904216,0.9007823010895155,909432000000
0.031336997479354554,1.0458135658306595,0.9013454465111279,909437000000
0.17830347551543782,0.9758478227117002,0.9022002598463597,909442000000
-0.06919115736078472,1.0739717186263307,0.9029939046387353,909447000000
-0.05089416714983395,1.0104775941969597,0.9039427176381115,909452000000
0.052182219219953946,0.9660930206321913,0.9046398655699516,909457000000
-0.04257267775072086,1.1095717926770463,0.9050930764355175,909462000000
-0.08574893192656408,0.9643692591150762,0.9051347957873154,909467000000
0.04542343498418652,0.9636833719391525,0.9063009095551862,909472000000
-0.014299393040369297,1.0583480808299723,0.9058776421067166,909477000000
0.004276568200526888,1.0037995949080378,0.9057444452693822,909482000000
-0.0375107798883493,1.0326218280640944,0.906187407334815,909487000000
-0.015020405192390639,1.0275569867949301,0.9060873832061008,909492000000
0.04259667391770164,0.9621119561147017,0.906155972200975,909497000000
-0.03182473908655847,1.0240837669309033,0.9065069644221242,909502000000
-0.041428856723569704,1.0378652807709428,0.9068765188053637,909507000000
-0.25365039798282585,0.9716062237625837,0.9075928002844633,909512000000
0.28429113812408163,1.1434329692333696,0.9091835914545371,909517000000
-0.012142963428714973,0.9814027889345583,0.9091833908774788,909522000000
-0.29428508587126656,0.96760432410917,0.9105853669749534,909527000000
0.03453603479771516,1.0694821140621376,0.913024161549136,909532000000
0.20336551221258656,1.0190562329500517,0.91485736374904,909537000000
0.032360576794911555,1.0121892862410706,0.9160541802543604,909542000000
-0.4116713521049984,1.0494108620831575,0.9184443798183434,909547000000
0.12774869474881706,1.0067534921501666,0.9214697164088912,909552000000
0.2881936253260048,1.059859948749498,0.9232753254937593,909557000000
-0.4540513576316529,1.0573736060667718,0.9251084107903991,909562000000
0.2179880188607814,1.0409683339502473,0.9271947647647187,909567000000
0.16776458412887513,1.0659476418238658,0.9281814880744342,909572000000
-0.47689852693102125,1.0507253227669056,0.9293965732080559,909577000000
0.5184946674475217,1.07016353776151,0.9303720690966162,909582000000
-0.0726796831326328,0.9950106774259997,0.9303311363432739,909587000000
-0.5425254150290029,1.04440763532369,0.9324202655677563,909592000000
0.5241459108004715,1.0410748793076086,0.9328904472652658,909597000000
-0.0406594741121545,1.0078935661428905,0.9324443087824164,909602000000
-0.5133960400618619,1.013446160114654,0.9339466686641443,909607000000
0.5284465283716114,1.0066445120459877,0.9345831426705972,909612000000
-0.03515703039683438,1.0844820779489739,0.9339836173489706,909617000000
-0.5219549940673576,1.103312005793006,0.934395326863641,909622000000
0.4498299252748236,1.009799115968759,0.9347647715435404,909627000000
0.13462996535866,1.0690469191145837,0.933638942379069,909632000000
-0.3829644892973465,0.9928074431513124,0.9330633787503722,909637000000
0.29411456691149573,1.1291627380661449,0.9342507134613586,909642000000
0.11178418723541367,1.0700315374395761,0.9342686218823172,909647000000
-0.0207629980912317,1.0591914882334372,0.933375601488133,909652000000
0.038691642071610036,0.9187580708635682,0.9336674761922115,909657000000
0.02441932004554137,1.1750101825918644,0.9329549326100819,909662000000
-0.09824826048557016,1.0099982349974592,0.9318903367745167,909667000000
0.05186370286324401,0.9823059942944484,0.9319240868075788,909672000000
-0.07576196080860005,1.1135759050257077,0.9309687335299885,909677000000
0.016452466442617938,1.0522872771065401,0.9297287016204271,909682000000
0.027397027055861525,0.9852080910171167,0.9293740437156319,909687000000
-0.03503783152914064,1.0999554696412168,0.929223533893517,909692000000
0.06952011961963861,1.003641122868976,0.928234753758843,909697000000
-0.09581549329946693,1.022481950948999,0.9280793516135095,909702000000
0.1826365939039607,0.9656521710962048,0.9277708867819984,909707000000
-0.02614075002450229,1.1455148256075662,0.9280303226213278,909712000000
-0.1237674117292418,1.0248847902092237,0.927259720508557,909717000000
0.030992513857716474,0.9983950883086431,0.9272195108512131,909722000000
-0.01760268733875694,1.0853621643947187,0.9270344388908461,909727000000
0.036259527651354,1.0457647571984254,0.9262589830820612,909732000000
-0.0696279894072241,0.9898452994238686,0.9250105774986876,909737000000
0.1619969608723613,0.9664693860312703,0.9261101749348293,909742000000
-0.05058571008139833,1.1113877765991396,0.9265564245365078,909747000000
-0.04135175545651215,1.0225394289874719,0.9269617488078105,909752000000
0.05227500343344024,1.0466391128743093,0.9274698794728691,909757000000
-0.03294582491073015,1.0402661490000586,0.9277046745531209,909762000000
0.012190916631161034,0.9361966046478422,0.9283342554135467,909767000000
-0.022133233222197398,1.2021074594032286,0.928231380378171,909772000000
-0.027987013625244937,1.0062789321013874,0.9289358999496611,909777000000
0.04062721381094081,0.8693265032562771,0.9299345077896664,909782000000
-0.11189353232867627,1.0696023464741393,0.930421449917411,909787000000
0.020732683449546877,1.0040943537016624,0.931350870040934,909792000000
0.02689941726312277,1.0418800866504812,0.9319768291430766,909797000000
-0.11895132654302604,0.9293399141116705,0.93330490833889,909802000000
0.03909340861920881,1.0309001504115962,0.9342412066636725,909807000000
0.038213861676149236,1.163460173029526,0.9360159495583249,909812000000
-0.026196315220278217,0.8671193654726392,0.9370801802434082,909817000000
0.009588861552934959,1.0712526002679115,0.9393184011971581,909822000000
-0.05413773483926365,1.1058098809872294,0.9413304177168978,909827000000
0.18476741231312072,1.2042383213409058,0.941806625338352,909832000000
-0.10040462393065275,0.8994010514073877,0.9432977606910624,909837000000
-0.09993891420961669,1.100175667344688,0.9437345308845795,909842000000
0.13091632384450705,1.1396654430091413,0.9441691573200856,909847000000
-0.22438421370929446,0.9254469246603229,0.9448792828427824,909852000000
-0.037457210465985685,1.064320962220577,0.9459035921167294,909857000000
0.1680880954094209,1.1535395961480523,0.9463105956841261,909862000000
-0.2460116573762533,0.9290718551963046,0.9470274115217772,909867000000
0.0016411963623226243,1.0762760155625186,0.9479724976361064,909872000000
0.06779233378570698,1.109458540738683,0.9482724805028115,909877000000
-0.07070855275117247,0.9473064332674498,0.9489182428414625,909882000000
-0.0031616940117619036,1.0587906506754947,0.9496637301407259,909887000000
0.038810855862340524,1.1384225828849692,0.9497139343631619,909892000000
-0.13879448388490515,0.9679050123594296,0.9504987785566903,909897000000
0.10471915143833356,1.0804248315423834,0.9514666681053378,909902000000
-0.005081122374659124,1.1598669086065876,0.9515432394169933,909907000000
0.03317681324585418,0.952408565748138,0.9515996146196788,909912000000
-0.07402662955833691,1.0736754642802768,0.9532758788513298,909917000000
0.0400217952339057,1.1288488291365362,0.9538176101746305,909922000000
-0.05803340825630239,0.9532822518573149,0.9544301487568266,909927000000
0.046182679616775385,1.0920173088743863,0.954716734246137,909932000000
0.002155681991048949,1.1296918201154142,0.9558272601515284,909937000000
-0.02010036827119566,0.9571264782766377,0.955647402681941,909942000000
0.002190812163375624,1.0827091428576636,0.9558500122103524,909947000000
0.040031574508391836,1.1600513060364033,0.9559613519149622,909952000000
0.10404130286515884,1.0098759600681333,0.9556802765242948,909957000000
-0.09058027979178486,1.03105376590388,0.9562329106212046,909962000000
-0.004282763247785247,1.1912230529326284,0.9560572128298856,909967000000
0.09643897055659363,1.027351175840387,0.9560142051955406,909972000000
-0.2100149852697789,1.0052794868864146,0.9567828676874859,909977000000
0.09257479277892236,1.1610411680254704,0.9573866907735294,909982000000
0.0797161152239824,1.0442861307828462,0.9571569331740839,909987000000
-0.1528296504348593,1.0272356437508954,0.9575616045867971,909992000000
0.07023325004160394,1.146908707472853,0.9581592905609427,909997000000
0.1358322500311754,1.032166617989662,0.9582787499594719,910002000000
-0.20134060110073035,1.0127460588132224,0.9583705891859633,910007000000
0.07924140707358115,1.1737540801073822,0.9593190196371083,910012000000
0.1116161606406148,1.0626443834940884,0.9594451880019942,910017000000
-0.15330000767123364,1.01472772297268,0.9610289946904399,910022000000
0.07257469783762474,1.1615405609890426,0.9615031657881029,910027000000
0.14752195578842536,0.9646548569442122,0.9620386463051356,910032000000
-0.5138219876955681,1.189255524266088,0.9631052147849789,910037000000
0.17753934737273758,1.015654077362396,0.9654246768210525,910042000000
0.08533160390476938,1.1167236362334194,0.968023344549785,910047000000
-0.4263747026955695,1.0523157615534457,0.9717505082031703,910052000000
-0.03866322767651276,1.0510421934543737,0.9751978714515562,910057000000
0.35121821338591824,1.1121246354848666,0.9801107664619583,910062000000
-0.32684463175423556,1.097799435976287,0.9831966895688227,910067000000
-0.03245477158485317,1.076248567510785,0.9861557432542037,910072000000
0.46061600945156683,1.140497077918805,0.9895993805746215,910077000000
-0.5269549417127956,1.1425628281996707,0.9915021725477711,910082000000
-0.060176483824430416,1.0804722202744137,0.9941134097341101,910087000000
0.2697528657477224,1.1309945231733078,0.9969717449037532,910092000000
-0.220633340033157,1.114730405658122,0.9979604312031384,910097000000
-0.1371583874873445,1.0862815573310833,1.00029447553726,910102000000
-0.06133942793832542,1.1071255973241736,1.0027896699006145,910107000000
0.552562616005011,1.198245546340976,1.0047725692057299,910112000000
-0.4877412267406678,1.0742791392931812,1.0046338906671621,910117000000
-0.13195387141242615,1.0862817041360004,1.0071315183859029,910122000000
-0.0630263930918176,1.0922619067751804,1.0105505575543388,910127000000
0.5426483118539812,1.2112661093049155,1.0106912138806285,910132000000
-0.5615130327599198,1.082823970122953,1.0121288820890368,910137000000
-0.0441256027218113,1.1243502820837759,1.0145465858652207,910142000000
0.5921820065451678,1.173786166848856,1.0141428345567731,910147000000
-0.6676657958759451,1.0987091184778202,1.0147141479742787,910152000000
0.665758423993312,1.1613872215219732,1.0155175587470184,910157000000
-0.03049703045956793,1.1600870947856519,1.013690007710572,910162000000
-0.6478360149246163,1.0718479172246647,1.0145112528881923,910167000000
0.6388756461711744,1.0993047518795755,1.0132256324929918,910172000000
-0.02481998509540913,1.2131596000614833,1.0114432250476282,910177000000
0.08795470911702889,1.1830744346177002,1.008327957950018,910182000000
-0.09304747526709876,1.099815439879869,1.0055836983097806,910187000000
-0.02109112405804621,1.0800884272171718,1.003549212267703,910192000000
0.0930478316564808,1.1799036704143517,1.000987965842139,910197000000
0.015800115331721997,1.095966746055057,0.998889793776876,910202000000
-0.12379003506431388,1.0821656136232451,0.9965969789830215,910207000000
0.10763752512142381,1.199863832930852,0.9952471596303988,910212000000
-0.09537112338161458,1.063866149731128,0.9937004769428364,910217000000
-0.015751739404813288,1.1155170835106756,0.9929884754756158,910222000000
0.13236303225728943,1.1564021670372153,0.9928921510906668,910227000000
-0.13704616554700993,1.06904996173643,0.9924237161233256,910232000000
-0.005985332595138199,1.0862929463597288,0.9920412659096547,910237000000
0.11041641844897035,1.1683156111442838,0.9924751240897656,910242000000
-0.11732690469323645,1.0284925598022712,0.9920558197804228,910247000000
0.03397999066187659,1.1159784180270245,0.9925824983078193,910252000000
0.09066599450745083,1.1991078417916605,0.9919876868281297,910257000000
-0.05727389225069146,1.0211804482487568,0.9918510094666944,910262000000
0.03610355784040695,1.1861324110926053,0.9919557918269997,910267000000
0.004570872482846742,1.1102889209683504,0.9915117400409411,910272000000
-0.005561293304549428,0.9384635979179476,0.991060990171386,910277000000
0.031966782542512416,1.1620644522580883,0.9911438315503183,910282000000
0.11847617590155793,1.0856517372147036,0.9910736688481603,910287000000
-0.06334253705599693,1.0403330364155392,0.9919799594754256,910292000000
0.05785400682060093,1.1879051344822724,0.9926463817994704,910297000000
0.08025133130674629,1.0814508292180915,0.9923513996989716,910302000000
-0.22895280821519046,1.14044068191048,0.9932187670601219,910307000000
-0.006147317995135378,1.0887275482762557,0.9944330551690739,910312000000
0.0823399810501445,1.110012983016979,0.9946605130043988,910317000000
0.05646428916316972,0.9716021502954706,0.9947896253464854,910322000000
-0.13730596443110796,1.151875411403448,0.9949522421986808,910327000000
0.052472308259370506,1.1563450556431334,0.9948915812193774,910332000000
0.047548443886910846,1.0936741522987325,0.9943492282614805,910337000000
-0.05143848558823847,1.1215469206050919,0.9944051100692923,910342000000
-0.018121461618462148,1.0262725775785133,0.9941400596088859,910347000000
-0.0403489529369288,1.1708605577695606,0.9945088602478458,910352000000
0.02499930819486948,1.1634285021559343,0.9944278679160903,910357000000
-0.04580235516107533,1.0441115739692517,0.9944302039531141,910362000000
-0.01035950192303332,1.0970486320066557,0.994639686077996,910367000000
0.011827565976144774,1.1413498903395278,0.9948346692963648,910372000000
0.10478079512451106,1.080372521775358,0.9944692089156463,910377000000
-0.0964892389284745,1.106315310262371,0.9946747346649494,910382000000
-0.07309046502251532,1.1163548988445677,0.9952753557747637,910387000000
0.1440122071127417,1.1226647973915496,0.9959327947851022,910392000000
-0.07045239926726882,1.0684961151634769,0.9969857674744106,910397000000
-0.11299657230483837,1.136955197645718,0.9981043448510625,910402000000
0.05756953031972736,1.133007300236431,0.9989862179713325,910407000000
0.03905695144058209,1.0318219679730296,0.9990672752617681,910412000000
-0.0923934871921172,1.1765194777690942,0.9999338358868298,910417000000
0.07753895185466805,1.1035863802896857,1.0004662481620914,910422000000
-0.11240231716922686,1.0708706952584741,1.0003975258950362,910427000000
0.008890429568469351,1.1185771818718235,1.0009112290274704,910432000000
0.07115051684744492,1.1049418079493298,1.001315676093467,910437000000
-0.0646409162164848,1.136906133972203,1.0014367003684501,910442000000
-0.026553197473113625,1.0530922397310927,1.001869333454377,910447000000
0.03952257937015506,1.1390918214610732,1.0023807348839198,910452000000
-0.2011862255658698,1.0513194046547631,1.0043767583067598,910457000000
0.09256240443492095,1.142485659314403,1.0053816803257054,910462000000
-0.38362978728702046,1.1241882397850624,1.0072392462721946,910467000000
0.2094651532491137,1.0914461025820834,1.0100861411436954,910472000000
0.17705315360399831,1.1521986837142544,1.0116481035769387,910477000000
-0.5457677399653955,1.1326193482867035,1.0132034994151558,910482000000
-0.009161678871147907,1.1263747506440278,1.0163950945843108,910487000000
0.19146606314418343,1.1599236551755179,1.020921353601087,910492000000
0.2794384657347044,1.1423374381212037,1.023676891682834,910497000000
-0.4732607361232301,1.1127238127401125,1.0264741478466215,910502000000
0.18333897005057997,1.1558157520639525,1.0303734490679903,910507000000
0.2771711390857978,1.1662619705531874,1.0317306746349775,910512000000
-0.5333455179033952,1.1246674788244104,1.033903076177476,910517000000
-0.08627207953349068,1.13086535257168,1.0365697270019882,910522000000
0.6250455297484202,1.1637621058433432,1.0378073105471837,910527000000
-0.6003910778555843,1.1330035894123498,1.038793205935848,910532000000
-0.07246972595971128,1.1310322359326628,1.0416447827173296,910537000000
0.6263317821406287,1.128016910858887,1.0413004162667379,910542000000
-0.6176245672553967,1.1961045980879155,1.0421340722691175,910547000000
-0.02932105912682843,1.1666155533927232,1.0447225718200128,910552000000
0.5976376576382051,1.1730831365335392,1.0443681455488574,910557000000
-0.6065440374074145,1.127160400766858,1.0446847922117357,910562000000
-0.0389021876638366,1.1897163095881846,1.0465131548458824,910567000000
0.6173736178275138,1.1722889971374821,1.046067059090995,910572000000
-0.6139671618775827,1.1375890758116065,1.046265389732436,910577000000
0.46978500502545695,1.1817195322392022,1.047117731583726,910582000000
0.13893298349987732,1.1931504272364342,1.0467844929439543,910587000000
-0.5769726475949608,1.1641589782223052,1.0464298966190801,910592000000
0.5354998280208069,1.164531852173065,1.0473780958274632,910597000000
0.025975907472717854,1.164784946893277,1.047371368788423,910602000000
-0.613635557681002,1.1479711618139974,1.0479488636445493,910607000000
0.5824533615261961,1.1828941835359965,1.047969806844545,910612000000
-0.012602769510142598,1.1532475613288993,1.046743730940636,910617000000
-0.1691049977179498,1.1105479708606025,1.0468736970334303,910622000000
0.21271729297783648,1.2586676852582868,1.0471594607831638,910627000000
-0.0029029456790646817,1.077085972793836,1.0454155070424755,910632000000
-0.00843904388612065,1.1729115331102762,1.043802317305728,910637000000
-0.015106599217317425,1.1532975619234245,1.042211224837598,910642000000
-0.07216319336285146,1.1641821078542192,1.041724197014858,910647000000
0.030947672966906165,1.1656500242717966,1.0399226006259665,910652000000
0.10403988081184737,1.1395807887128877,1.0389279048261397,910657000000
-0.09401566245297767,1.0712359825991475,1.038006002037573,910662000000
-0.049315439079892415,1.1821294623296148,1.0366248023615316,910667000000
0.006265769909169772,1.1602835686987778,1.0360713517610485,910672000000
0.2520307912982918,1.023763595547391,1.0357159766451107,910677000000
-0.07982902354558397,1.255360947350066,1.0344902712550512,910682000000
-0.06339293072775849,1.1389482334427385,1.0334823029346876,910687000000
0.1460912414094559,1.0663166967155293,1.0333097717208215,910692000000
-0.0521570817547153,1.2023485026853926,1.0330610227032322,910697000000
-0.12591243076613173,1.1853493222838427,1.0330550302654145,910702000000
0.16211725080865014,1.1658694364153939,1.0335881252628019,910707000000
-0.15319301431819832,1.1317363435933656,1.0332851072972684,910712000000
-0.09706155560545643,1.1933432548598246,1.033471150269121,910717000000
0.10037491956782699,1.081556879781053,1.0335107462993758,910722000000
-0.09093599513906568,1.1458793967198966,1.0338279040207308,910727000000
0.04090658741347235,1.1556015681619471,1.0335836980083468,910732000000
0.01880875200214674,1.2162821546410756,1.0339696726965568,910737000000
-0.03197735855024688,1.0652905670270312,1.034066720591104,910742000000
0.07586693347378913,1.1705024263273922,1.03415349747173,910747000000
-0.0844493804127822,1.22388499455949,1.0342881212264166,910752000000
0.00391164220230264,1.0387860793445534,1.03430847585374,910757000000
0.12427928710109994,1.1062011510160816,1.035463484953639,910762000000
0.011159490269374893,1.2774823221768608,1.0360911386882083,910767000000
0.01608408701771709,1.107880695591891,1.0373367231126005,910772000000
-0.006311161563875031,1.1215405179708073,1.03770994681171,910777000000
-0.06886952607861185,1.1756979103295828,1.0386579066042851,910782000000
0.014717693225938432,1.1184990032306241,1.039108930565614,910787000000
0.023514104948060725,1.2364344154043974,1.0392238889536753,910792000000
-0.09122397243459886,1.057750138997049,1.0399100552252114,910797000000
0.08433542856880233,1.1352110838207123,1.0404765725300607,910802000000
0.07835750846090271,1.2929185553825484,1.0406933789898059,910807000000
-0.14961062789191362,1.038629029514703,1.0414524052990657,910812000000
0.027412131634066715,1.1251038442120644,1.0418423562713326,910817000000
0.04374124298198872,1.1655983051974397,1.0422708120469018,910822000000
-0.12632311591447654,1.1938863499121226,1.0424067167949205,910827000000
0.018861533387659928,1.1314635764550864,1.0425356477343457,910832000000
0.04960806765905781,1.0553833548281801,1.0433101361783663,910837000000
-0.04219358066917997,1.3249353842682372,1.0430558296503898,910842000000
-0.11334970161132189,1.1049971223832,1.0435059050292135,910847000000
0.08425511250469532,1.1027833382681618,1.043951199193814,910852000000
0.06417317482787424,1.2622937891281034,1.04404336354695,910857000000
-0.20606173193674338,1.045570521903457,1.0442788593075634,910862000000
0.0916045421483124,1.1197239665594731,1.0456180766745986,910867000000
-0.010898944160914678,1.0831921034473144,1.0467476900098986,910872000000
0.011339430598021137,1.242582880904418,1.0466373654286723,910877000000
-0.04321810897215713,1.10662879729314,1.0475215994141032,910882000000
0.014255999896829536,1.0794309213376811,1.0481224440454313,910887000000
0.01031368007226462,1.255022433223528,1.0486343128665339,910892000000
-0.12133076460922936,1.1477823674043637,1.04884128355668,910897000000
-0.31061674530729233,1.1538968933920892,1.0508453516822238,910902000000
0.25681487218170673,1.3122518737904265,1.0533494017164717,910907000000
-0.004164258145315371,1.092621225882134,1.0541831692783021,910912000000
-0.31878883750627723,1.0959601068570506,1.0564388490413132,910917000000
0.20795764781142742,1.3111471899275997,1.0591508373690857,910922000000
0.03803418236115928,1.096689924294395,1.0604819616290275,910927000000
-0.5062785412324591,1.1658018097393814,1.062816171204763,910932000000
-0.008841940035826591,1.260746909165126,1.0662094935009356,910937000000
0.3935354607562889,1.3018168575182592,1.069355582495058,910942000000
-0.3065158953916694,0.9680742741836661,1.0711039262115618,910947000000
-0.1406630139622516,1.221312846168939,1.073855231794928,910952000000
-0.11519453882942127,1.249349272406282,1.0767262646613476,910957000000
0.555723791411212,1.203809208480651,1.0780301214022205,910962000000
-0.5041239239170632,1.1857093882717356,1.0799823162259503,910967000000
0.029529626099695686,1.2906870854863703,1.082477965661684,910972000000
0.5084297349220033,1.1530478962660853,1.08415552572688,910977000000
-0.5735417557650282,1.160139444537401,1.0853922279885284,910982000000
0.035332034306853895,1.2396564674137418,1.0870637741340732,910987000000
0.39500659397475213,1.2877299582411856,1.089494469852481,910992000000
-0.41697348146493285,1.124594012093156,1.08965601192387,910997000000
-0.13254669860231957,1.2146012422771446,1.0911639305247354,911002000000
0.40356472413988526,1.2506666805170412,1.093090420151889,911007000000
0.20193656045157662,1.1580195388843615,1.091984121520273,911012000000
-0.779723694501706,1.2016346887621785,1.0930283168116388,911017000000
0.47043501849475305,1.2320048556383463,1.0940523747894675,911022000000
0.025048535520155752,1.1800551350131714,1.0931425435929312,911027000000
-0.562184398960995,1.2261715780819664,1.0946296278022989,911032000000
0.6297614071011381,1.266243091214335,1.0949828403822708,911037000000
0.0037754864569800282,1.1663282315378296,1.0949865453190684,911042000000
0.04789125812607842,1.1825523142431684,1.0946963892373618,911047000000
0.12009404943963935,1.2064334761360493,1.0937903141538166,911052000000
-0.20265936754268,1.222724168981275,1.0918792598639664,911057000000
0.04956158433524634,1.1866999769807771,1.091146037643941,911062000000
-0.1252219932945372,1.2096431679487893,1.0901432089264542,911067000000
0.05448527077341899,1.2673471550737407,1.0890147489451225,911072000000
0.050551791436767676,1.086041511598905,1.0876923976922586,911077000000
0.02369261741879746,1.3442634723423668,1.0865716183243384,911082000000
-0.10237687495894326,1.1795163957788608,1.0851927567299893,911087000000
0.052077677271186076,1.090149744036283,1.0846687236959929,911092000000
-0.007466791601811025,1.2778138107028103,1.083974211305499,911097000000
0.015087130468975037,1.1489912357906105,1.0831290958813542,911102000000
-0.019827246445700407,1.1451967543389332,1.0827623094231884,911107000000
0.027871626928621804,1.341650546747538,1.0809823899457203,911112000000
0.008518399465756197,1.0840672753710563,1.0809311259344805,911117000000
-0.01451752164883163,1.2592460117059294,1.0801243845653803,911122000000
-0.045247951301678205,1.2351867564713541,1.0796069792799063,911127000000
0.011222536373105935,1.1074055653200814,1.0792933639355893,911132000000
0.05606260528932188,1.2020378923799573,1.0800318874558468,911137000000
-0.00182296222933564,1.2664226069587192,1.0799827377234947,911142000000
-0.12600639712012,1.1330571111589314,1.080258330252842,911147000000
0.05687032661952806,1.1109736546665028,1.0814962031228073,911152000000
0.1923572039887008,1.3512932040671832,1.081592637715217,911157000000
-0.21666059625378123,1.0930967060743908,1.081524366163092,911162000000
0.014713024197222702,1.1003404467130709,1.0826538524663893,911167000000
0.09137029815963248,1.2932290681931395,1.0827097277126567,911172000000
-0.16821131738866435,1.1362966032060764,1.0828849139159045,911177000000
0.05180244647401638,1.1515396233661492,1.0835290966255606,911182000000
0.06631635830036378,1.3404610520705378,1.0833802976953806,911187000000
-0.1683039027205066,1.1443067593493381,1.083285703777439,911192000000
0.04343225153373636,1.1420660118587043,1.0838071799355695,911197000000
0.09719555668113762,1.338163127039899,1.0838850397823179,911202000000
-0.16343514328433545,1.1369828056267794,1.0836303303592973,911207000000
0.024354171700962317,1.1383560934347192,1.0842399148801234,911212000000
-0.00939414314943516,1.3043030973333187,1.0841362691692564,911217000000
-0.06995070858386188,1.1479153767142136,1.0846745340045858,911222000000
0.08784437288164429,1.1250893867643958,1.0847508971456266,911227000000
0.0014259711585324214,1.3310437637440742,1.085497056691993,911232000000
-0.05879288600767403,1.1581644509523776,1.0854842425558506,911237000000
0.09149461717525591,1.128341914643146,1.0876303076144134,911242000000
0.10894115160114257,1.3001272755480846,1.0883433624159795,911247000000
-0.1276682644020655,1.1213064120014309,1.0891340551626811,911252000000
0.03147370647175657,1.128419765917524,1.0903577304754675,911257000000
-0.0628561152443249,1.2987967576446238,1.0913546085825292,911262000000
0.005207802418048562,1.2063393466295846,1.0916070092279153,911267000000
0.054510546632222115,1.1440273764276712,1.0924170254281698,911272000000
-0.04748926921142736,1.3238407626982422,1.0935409957227846,911277000000
-0.09683218271543623,1.175448011235674,1.093740335918175,911282000000
-0.3313392220902765,1.113813056464747,1.0951606085193655,911287000000
0.3629231402519243,1.3362187828663579,1.0969695525117003,911292000000
-0.04379724038055669,1.1738925406578076,1.0975168811567553,911297000000
-0.36673436236312557,1.1347305256030296,1.0988396614583882,911302000000
0.1430860060269746,1.294352466405445,1.1018559684260922,911307000000
0.1756311613630619,1.2246147790322772,1.102910352129389,911312000000
-0.4652730899537595,1.2471122133694421,1.1044136418538764,911317000000
0.04421945176685105,1.2577443952782006,1.1064134774804832,911322000000
0.5796750246976249,1.195315894161701,1.1071723881556845,911327000000
-0.6489681776999584,1.2421083846681529,1.1078101828406415,911332000000
0.03330993533448507,1.2623562086432827,1.109894261780681,911337000000
0.6389150114647888,1.14083306830473,1.1109028219344868,911342000000
-0.4987892330021362,1.1562571492264897,1.1123403227063804,911347000000
-0.0930824380076562,1.1984571090123113,1.1156810061263793,911352000000
0.6970377232331505,1.2366718460586166,1.1174308616844744,911357000000
-0.43438713168682036,1.1251390687206166,1.1198044852398306,911362000000
-0.10504281890778629,1.155988015280946,1.1224564627465223,911367000000
0.5731235640037811,1.2565490555167322,1.1246943436137948,911372000000
-0.1334245344675674,1.2285188714180681,1.1254409520427555,911377000000
-0.43352804619534807,1.1743831858639995,1.129260895727978,911382000000
0.6067719028170007,1.3387676059119837,1.1311936691151865,911387000000
-0.5445799088990185,1.2191307617892375,1.1320394570209922,911392000000
-0.08713441684216984,1.2174751234344294,1.1354323362680208,911397000000
0.5986853854924683,1.3338042601494953,1.1367428976076115,911402000000
-0.12216822022828527,1.2622928525305712,1.1370652283019758,911407000000
-0.646034893455024,1.15912129301232,1.1399465895971852,911412000000
0.5690577819095647,1.2956927628789228,1.141626046090755,911417000000
-0.012336845813018471,1.298932383972388,1.141294246072661,911422000000
-0.1829919484024521,1.225070513990038,1.1428358337040365,911427000000
0.0974692777677983,1.2460948815427324,1.1433486938371549,911432000000
0.015252671244085848,1.3214545745977349,1.1426611169793808,911437000000
-0.3238814796502191,1.3305131799505812,1.143096640756641,911442000000
0.49267758071608553,1.1014329689066469,1.1433442878845355,911447000000
-0.06362963652656448,1.291592922443139,1.1435051875105517,911452000000
0.05563345184628925,1.3375420265943707,1.1431209933497144,911457000000
-0.05768195695362732,1.2328944438143556,1.1423501690587323,911462000000
-0.018392216065151814,1.1733822680555355,1.14188957015723,911467000000
-0.007051248371962429,1.3405024575785667,1.1411021276493631,911472000000
-0.03256048236520023,1.2504855997404778,1.140645230469305,911477000000
0.03065201109386332,1.1850013772849026,1.1403378098115382,911482000000
0.02742981231789551,1.333007997368776,1.1400545559009096,911487000000
-0.03955246558341667,1.248939420829178,1.1394297288793667,911492000000
-0.027796009984555906,1.1741691299101649,1.1392447186704993,911497000000
-0.07060453408952812,1.2710718926110454,1.1391736439796878,911502000000
0.090087074567442,1.3237031486035251,1.1391751772217147,911507000000
0.0458933646011014,1.1597255383628844,1.1396342160032764,911512000000
-0.09997963704972948,1.2766241381363101,1.140867946357252,911517000000
0.07788502109359459,1.3072602042555082,1.1413411583027213,911522000000
-0.023089849011083886,1.2192962777998404,1.1422400660409615,911527000000
-0.04323007447184232,1.2216871279794896,1.1429856433116448,911532000000
0.018922223395626585,1.3290507406676857,1.143490418641493,911537000000
-0.04747389671769399,1.2450220567823527,1.1433880013529427,911542000000
-0.09670024592991941,1.1861645768069635,1.1439525504604302,911547000000
0.14171124941475088,1.3847890898994406,1.1450010910454935,911552000000
-0.023440601376589383,1.2361037273016855,1.1445773283465386,911557000000
-0.13036360672260627,1.2174981880874751,1.1454440433585868,911562000000
-0.26641005947142987,1.3663859225229067,1.146618361581606,911567000000
0.21139492081383107,1.1715631136063576,1.1486688075753715,911572000000
0.10396929347404563,1.2684799279945775,1.1493923745737662,911577000000
-0.4362422506250568,1.3640114492671311,1.1514041366462948,911582000000
0.4054720072778064,1.1604854825220017,1.154037805629547,911587000000
0.00436158496731192,1.3367117431505398,1.1547889322495113,911592000000
-0.4506189061785579,1.3207407617407043,1.1571909247496306,911597000000
0.3313353602659071,1.1747057154672211,1.1615548673910572,911602000000
0.04160147466342721,1.3217767766603412,1.1621398918730739,911607000000
-0.5502976929682314,1.2421401378250254,1.1661990331716943,911612000000
0.07723495262304628,1.2510900304787316,1.1701309389307188,911617000000
0.637541631993267,1.2173597146249557,1.1733062910840333,911622000000
-0.5696407945266966,1.4633213857214817,1.1745424976349779,911627000000
-0.1497663629805699,1.282229797024032,1.177845445511052,911632000000
-0.012998653484974344,1.209578411924206,1.181529660909383,911637000000
0.5336064882812741,1.2609897308034042,1.1839395279738314,911642000000
-0.6579099618346894,1.3879740898787207,1.1855432351541482,911647000000
0.023495003333803655,1.2560866165602262,1.1883352564063996,911652000000
0.5242519284849457,1.2602666499878732,1.190463491369433,911657000000
-0.5943160985481497,1.3820264259090447,1.191153534027333,911662000000
-0.011093809069952342,1.2606458065535968,1.1937235182787556,911667000000
0.5711681608333786,1.304655015691865,1.1951217748673073,911672000000
-0.6463964100094217,1.3272515762526347,1.1958820822729999,911677000000
0.5439391468246106,1.282156648980507,1.196691806754048,911682000000
0.09445113179939957,1.3124680983915975,1.1957945970241468,911687000000
-0.5854680843824204,1.3475026867846276,1.1954064386867038,911692000000
0.5173279533048896,1.2415014058079181,1.195526217547182,911697000000
-0.010261370991710428,1.3399511393741879,1.1941749285923158,911702000000
-0.42984765019706533,1.3107329191365196,1.1924759674458603,911707000000
0.5416612118802843,1.2887144112484998,1.1924096355873943,911712000000
-0.11051095302035278,1.266188966129164,1.1917223290917525,911717000000
0.12177894288582909,1.3626041503948694,1.1911575065914133,911722000000
-0.04335900378404072,1.3101622121220184,1.1899550416514106,911727000000
-0.05331367653323861,1.2745557837777106,1.1888941925215857,911732000000
-0.10773724133148305,1.2680076696060456,1.1879710766296399,911737000000
0.13301169309173877,1.3587418492867673,1.1868012156883523,911742000000
-0.0031643580224028287,1.3028655548062562,1.1861011656329847,911747000000
-0.09495542930738948,1.2634248921195423,1.1856316922120842,911752000000
0.16227162717337165,1.3685992586734115,1.1851164987534142,911757000000
-0.021818722795242707,1.273822953805334,1.18358503837263,911762000000
-0.1630805512901977,1.2662590768213642,1.1830488690687617,911767000000
0.15782994693278662,1.389306832116689,1.1819360547231879,911772000000
0.0024362219335621518,1.319943990626346,1.1816150851586849,911777000000
-0.14061641970787153,1.2063992076464152,1.1808274807082582,911782000000
0.13074816610218032,1.3296327084013204,1.180439381862457,911787000000
-0.005476740153592331,1.3363054040281823,1.1802910246870986,911792000000
-0.1615161585119311,1.1940911574695356,1.179798776309498,911797000000
0.1388906400551106,1.3046245695030994,1.1793689472719517,911802000000
-0.029872077012434946,1.2916921416567917,1.1788987641837316,911807000000
-0.16692480045997837,1.2376082046287762,1.1790643323036085,911812000000
0.17011889209818587,1.3371897600434024,1.1798176821165034,911817000000
-0.012665483682015807,1.2745103340665067,1.1808765489878295,911822000000
-0.14597266825078062,1.2859935053997615,1.181225773174294,911827000000
0.1276571678559975,1.3420938973505971,1.1826968893850776,911832000000
-0.4329110048606884,1.222814969924289,1.1856728590416339,911837000000
0.4485763790673795,1.187020073648951,1.1882621392310464,911842000000
-0.053969106137849186,1.3978866055317924,1.189751790608387,911847000000
-0.41088285457822704,1.295268696635031,1.1925715533747525,911852000000
0.2959875344896333,1.1919322811455408,1.1957814641592555,911857000000
-0.423030228465088,1.4598081987147395,1.1979590663195736,911862000000
-0.12710904039691479,1.2969710890754689,1.2010889879676538,911867000000
0.017867764618830884,1.2142316886414313,1.204278038971376,911872000000
0.02306148200564477,1.2200682298697003,1.2086459587019636,911877000000
0.5391240812271945,1.4179514409204799,1.2098155054640414,911882000000
-0.6511775325089746,1.424226478119958,1.2130586380738373,911887000000
-0.006843863978250069,1.2841093977426452,1.2158860472698707,911892000000
0.37060557948452794,1.2198314550137386,1.2193925780343786,911897000000
-0.31901092984688206,1.5318024648634236,1.2201613779398743,911902000000
-0.15514120990806124,1.3393430519455098,1.2225427425058135,911907000000
-0.07788601498305522,1.2915537814572595,1.225255733915273,911912000000
0.7088884796755414,1.4274326178078873,1.2269419091016465,911917000000
-0.6135127922904393,1.3091525353859856,1.2288126810728714,911922000000
0.024276266125053594,1.2722226537657477,1.2315551169153305,911927000000
0.6232390817694979,1.471751120073628,1.232817179436642,911932000000
-0.7046896238254825,1.2831803308521406,1.2338428261237182,911937000000
0.003380506301513756,1.3102430712108064,1.235795165041098,911942000000
0.7027325673522006,1.457430887641464,1.236584516805332,911947000000
-0.7486780815928659,1.2914368157350908,1.2365275360467678,911952000000
0.006405379045402625,1.3082591712562581,1.2380399345700188,911957000000
0.6874039597347411,1.3747243316593245,1.2370501890098433,911962000000
-0.4465706672494022,1.3433217479256294,1.2358631524434829,911967000000
0.3824920804512537,1.335411009683759,1.2360717455615402,911972000000
0.015253143725057814,1.39018204491577,1.234792418387025,911977000000
0.10140648444831052,1.3902816665067446,1.2321443416061586,911982000000
0.016308323985860365,1.342153571090814,1.229943523316681,911987000000
-0.04846946338596994,1.3248412523597901,1.2271879220696886,911992000000
-0.018359963161581273,1.3301904026337925,1.2254169314682823,911997000000
0.11020197119237155,1.3167772740535657,1.2230707463931751,912002000000
-0.1469144213564645,1.377139566723823,1.2216857777255834,912007000000
0.006502660989220201,1.3246235048733253,1.2200765512111087,912012000000
0.07906847451144161,1.3013529381928184,1.2183140607011809,912017000000
-3.5770008977247946e-05,1.2203660385347952,1.217798688907117,912022000000
-0.037934653311844896,1.4275879516896457,1.2173225334107152,912027000000
0.0973589588973836,1.328242629516568,1.2173682768316818,912032000000
-0.027666012799784506,1.1899946063598323,1.2164609205415593,912037000000
-0.03764666673927064,1.4547807680456066,1.2171177114747813,912042000000
0.0658247295783858,1.3401604641770404,1.2169345317546858,912047000000
0.0020486569758931383,1.2146782467931967,1.2159175368509212,912052000000
-0.04732793858400575,1.4600148921371774,1.2163326839101418,912057000000
0.07642481146815382,1.3533018500649714,1.216058882328287,912062000000
0.07236838059699385,1.339518973076344,1.2154495432073575,912067000000
-0.060565958944989035,1.3126892703012087,1.2150723626923945,912072000000
-0.06354734175626134,1.2784077350999465,1.2154729229915133,912077000000
-0.009916872364211944,1.3581470323653941,1.2144348684708066,912082000000
0.006435156341158368,1.33019878194119,1.2146979705618557,912087000000
0.09133852421069627,1.2020457535791522,1.214144437226546,912092000000
-0.08694420554940022,1.4750424456448552,1.2138020805126417,912097000000
0.06515603206722768,1.2970463632481062,1.2140752223537876,912102000000
0.11290274660991748,1.3314619077930205,1.214157321992361,912107000000
-0.06481181005033516,1.3125010725254107,1.2131177168506422,912112000000
-0.013642067324415693,1.3515696889142141,1.2127510089320443,912117000000
0.0771731592848407,1.355278950629358,1.2138914510335426,912122000000
0.04418999125071734,1.1652143383136437,1.214364204407638,912127000000
-0.05244099626639483,1.4241810292623862,1.2152313662927947,912132000000
0.026513226293550157,1.4140317729413392,1.216644061859753,912137000000
-0.0651631208663497,1.2588457398615127,1.216603003836405,912142000000
-0.383296020104201,1.3410267971721415,1.2189010757249479,912147000000
0.2951542979306283,1.3358727240320782,1.222324250608057,912152000000
0.04474810866733793,1.3871462612686059,1.224051195395373,912157000000
-0.5290788801772258,1.3413495134788633,1.2282795923149747,912162000000
-0.10816257749107497,1.2529793818538306,1.232872614552012,912167000000
0.6893588934247343,1.2428926587194453,1.2362120862088062,912172000000
-0.408563477763328,1.4761494392849204,1.2394215926645082,912177000000
-0.06859209898502922,1.3178099195294117,1.243748723032286,912182000000
0.558768861003217,1.3618934698419334,1.2463761451654223,912187000000
-0.4961347607745605,1.4297842139187733,1.2494367058184324,912192000000
-0.055154210084579276,1.3228053320563518,1.2534077909534544,912197000000
0.5319804880712249,1.3397993407910587,1.2567333144324604,912202000000
-0.5205819637048279,1.430220939752626,1.2590424211729585,912207000000
-0.07253422005553493,1.346103573581353,1.2625062229201087,912212000000
0.36216888172815975,1.2454523471802492,1.2659637290078667,912217000000
0.20254828351300672,1.538941363996435,1.2668542897273976,912222000000
-0.6608648160455308,1.384038930264103,1.269062565499071,912227000000
0.3333023592662971,1.3306423540690984,1.2720568965835324,912232000000
0.315277525852554,1.4055133136015747,1.2718804094964082,912237000000
-0.7202196924854103,1.4093248146494706,1.273246574009992,912242000000
-0.07272014041150371,1.3302178204138961,1.2758673460505412,912247000000
0.7661706990383292,1.41087133140645,1.2763575525228041,912252000000
-0.7266636852396086,1.4154344396067526,1.276048575744451,912257000000
-0.0196358684591026,1.342859736107007,1.2780834263569367,912262000000
0.815426288935154,1.4033692430553601,1.2784841141193095,912267000000
-0.6434900092071301,1.4073233234740385,1.2775360692817543,912272000000
-0.12793000717070369,1.384188247902174,1.279266878775585,912277000000
0.8656851017620864,1.4237834851219018,1.2791426974499145,912282000000
-0.7223377882836457,1.3981365161742114,1.2774109497861237,912287000000
-0.07591643503852033,1.3361882191471115,1.2800846772322692,912292000000
0.7838600983712567,1.3891153514767978,1.280291432448833,912297000000
-0.45348046863542113,1.4025185492047705,1.2801715912221725,912302000000
0.31444135463924766,1.4160866656859228,1.2805647366095676,912307000000
0.017202401596185822,1.3248218803827532,1.2799792303520292,912312000000
0.09611437407671204,1.4006735969253343,1.278627572867789,912317000000
0.2138003870261171,1.4082152999438222,1.2780836752680835,912322000000
-0.26305287365289604,1.4332435127909968,1.2751033379058645,912327000000
0.02395506662863598,1.3496393796117023,1.2740366734345074,912332000000
0.18240995488315584,1.3541023485827388,1.272480756806226,912337000000
-0.25291779051921004,1.3551608868335627,1.2704808043023998,912342000000
0.008233440672987292,1.4066576238616555,1.269399053456408,912347000000
0.15975878059915163,1.3568338546953647,1.2687449551010295,912352000000
-0.04560825688987154,1.3725616914353167,1.2668587841588956,912357000000
-0.0981135727168832,1.3166919022276644,1.265106840844972,912362000000
0.14352653292303352,1.3813704471457364,1.2650725167618424,912367000000
-0.07135760378132304,1.41977365333609,1.2637558259518993,912372000000
-0.06525063597999656,1.34603780792766,1.262905395655441,912377000000
0.11722176261648837,1.3628225063718964,1.2628645415461872,912382000000
-0.06183188256783784,1.402540887598334,1.2621895891029073,912387000000
-0.14890484851903985,1.4178042185401798,1.2611601582727523,912392000000
0.09864025229343275,1.3128318379721795,1.2627695984204508,912397000000
0.1254904868247452,1.3942961522454118,1.263250675145058,912402000000
-0.07644057811485211,1.3891450776832885,1.2632252288829644,912407000000
-0.05557419226935643,1.2822896415950376,1.2646863989485837,912412000000
0.1812936829239367,1.4673093256132212,1.2647544690681034,912417000000
-0.20329894342230634,1.4052708490725763,1.2645456446905448,912422000000
0.018745403612747395,1.3138325877085464,1.266013952095162,912427000000
0.020815883089499276,1.4429466670502724,1.2657912143601775,912432000000
-0.13800104211546832,1.3464349170096528,1.266481684100135,912437000000
0.060092033025575635,1.324186630583963,1.2673395067528654,912442000000
0.13165911568231276,1.3799310599055665,1.2686652834379977,912447000000
-0.10854962908640603,1.4264680629754816,1.2685636969907446,912452000000
0.0007590580193118784,1.3341408634921925,1.2690560562186306,912457000000
-0.1797535470287106,1.4585351231215185,1.2715729832952767,912462000000
0.10473477316621851,1.3767784194545165,1.2737868410659152,912467000000
-0.41365077779549114,1.4037403853747388,1.27533820748105,912472000000
0.021025839158363233,1.2634560516533038,1.2778497396749013,912477000000
0.2945961070358937,1.4658087000618378,1.2821346943729777,912482000000
-0.45480944781747085,1.447090654552995,1.2841475628195205,912487000000
-0.03989887018567621,1.3998260043286084,1.286799552423203,912492000000
0.08712548852573682,1.451892131297306,1.2910941091677743,912497000000
0.5508415846889397,1.4363138175700534,1.2944337444579364,912502000000
-0.5602404822820395,1.3364125668088023,1.2980473491923845,912507000000
0.025737480590664163,1.3743020924089944,1.3005620780189346,912512000000
0.12376473687981605,1.4484417209151803,1.304435064942624,912517000000
-0.149382692519839,1.4105247991772751,1.3072248093261856,912522000000
-0.07481135559988619,1.4350934160115052,1.3095072967735946,912527000000
-0.1403986020969685,1.4361185008958763,1.3139480136878714,912532000000
0.6836842565686158,1.4403724132456162,1.3160292869862311,912537000000
-0.6330177888872875,1.4377847553036682,1.3180989759595179,912542000000
-0.059049988029295356,1.4450875415249478,1.320588088766144,912547000000
0.5909084046251856,1.436640613140633,1.3209398049255245,912552000000
-0.8733119545183388,1.4920087398527087,1.3231574119147764,912557000000
0.2816178029502656,1.4399072122312406,1.325563505483071,912562000000
0.3196142492625399,1.4618341432049895,1.3246818974674783,912567000000
-0.7908969946539841,1.490966433281567,1.3261021022420891,912572000000
0.38775173372103316,1.4342688746096055,1.3278927689037476,912577000000
0.24788438972129984,1.4212948259392,1.3272022842845814,912582000000
-0.5198426806588039,1.347271988479202,1.3280296075579152,912587000000
0.5912586807106647,1.5480186415760955,1.3280534265874842,912592000000
0.0064903192048669164,1.4245057353029025,1.3253289956163632,912597000000
-0.4867070954440581,1.338031303501262,1.3259459978716595,912602000000
0.43763055918265703,1.4965563078079729,1.3264367463369555,912607000000
0.11578204705144698,1.436883179225241,1.3250015057930065,912612000000
-0.002359900414996563,1.3609669514699594,1.3239915995502354,912617000000
0.2031328749435582,1.4767475517984208,1.3232491867014504,912622000000
-0.31186930828172643,1.4977356642167845,1.3208881526225937,912627000000
0.013302135232308079,1.3265469246261168,1.3194892454643,912632000000
-0.003443662357542345,1.411091456417476,1.319014518193049,912637000000
0.07611798077280421,1.5628697613548368,1.3174255376514254,912642000000
-0.12872569153772687,1.4431639561796752,1.3158945705382605,912647000000
0.08595025327403366,1.3140630963419684,1.3157295328482712,912652000000
0.18197749314495515,1.5635152456617787,1.31418068562143,912657000000
-0.2216264514517782,1.4138368581066125,1.3128845490402479,912662000000
0.084374674872216,1.2727499745672268,1.3135790954582036,912667000000
0.4352541960903522,1.4470832944166427,1.3143450083455528,912672000000
-0.402473677063993,1.4128907803218658,1.3146398461506945,912677000000
0.047193521798068475,1.4531056181503579,1.3160368191153244,912682000000
0.21630593421146274,1.426526012837951,1.3170068969644082,912687000000
-0.19222617461757352,1.233414904063459,1.3170601462407754,912692000000
-0.06345333411729322,1.6579387890007171,1.3183619175398806,912697000000
-0.031178491149441857,1.3835114848982146,1.3192060742944407,912702000000
0.2052368034998431,1.3023736347512462,1.3188303159975017,912707000000
-0.18630230407419207,1.5990593589295539,1.3195997250581004,912712000000
-0.03037823846634724,1.4551125774094356,1.3200165478895438,912717000000
0.3283940677315063,1.313362498212031,1.3200490077903084,912722000000
-0.34397894066679235,1.5051025453941604,1.3208095507414632,912727000000
-0.39071159760842394,1.5057821197558636,1.3216794772574727,912732000000
0.25244911503687767,1.3400401891768359,1.3237313245195619,912737000000
0.1360292938165509,1.4585900795425746,1.3259665350619356,912742000000
-0.38011545377867223,1.4681947551582895,1.3291480042374577,912747000000
0.39646650640752656,1.3701539271927667,1.3331441382802174,912752000000
-0.006818524317944002,1.4930627141640263,1.3357620449082286,912757000000
-0.5105772758809862,1.5123101953898355,1.3389188394224374,912762000000
-0.23753655608954405,1.2523534368081617,1.343355588932126,912767000000
0.5535848207031546,1.5148363633977442,1.3492869427385632,912772000000
-0.5265809844498931,1.4444753039280085,1.3537749643692738,912777000000
0.03702540079014392,1.4471330070050417,1.3588299926753027,912782000000
-0.09188853138638939,1.410528202062762,1.3639832627917965,912787000000
0.6701511612538988,1.535029300874582,1.3678153121257228,912792000000
-0.7361557025643719,1.480520502642434,1.3712234075401606,912797000000
0.025843919730769868,1.4644348681502795,1.37478748889179,912802000000
-0.20428351970029113,1.4682777276251078,1.380386433807349,912807000000
0.8612533296424463,1.4609524810531835,1.3826337182889261,912812000000
-0.7917859265705638,1.5056982387668962,1.3851627790421146,912817000000
0.0077250699369375946,1.4686525230072631,1.3883270669912986,912822000000
-0.18412029610989733,1.4912361032590782,1.392243431844217,912827000000
1.043892362217627,1.529602727950348,1.3941793562552616,912832000000
-0.680221612482853,1.5364501752588928,1.3964236795556604,912837000000
0.010995510898657534,1.4876489720247885,1.3988688947989834,912842000000
0.47100386896988417,1.5085505141529354,1.4017634041605562,912847000000
-0.3503174110317872,1.5107557842840889,1.40084752170009,912852000000
-0.22075948650682808,1.5448388164809144,1.402628937880512,912857000000
-0.011215701051918575,1.4800980296512505,1.4058175868556095,912862000000
0.8453626895362687,1.5611701550536559,1.4040039226373544,912867000000
-0.7506668708085811,1.462011569486385,1.4070854165250866,912872000000
-0.026371017258214696,1.5034606336545568,1.4093731267565943,912877000000
0.8872032781691375,1.5493082384737873,1.4101865470203496,912882000000
-0.6993761647896837,1.4960267385975163,1.4111648516622823,912887000000
-0.03294668300019833,1.5139798976277077,1.4141895938584306,912892000000
0.7754742333214699,1.6414228247030187,1.4148869815408827,912897000000
-0.6467052045149738,1.5277520130904063,1.414397252957829,912902000000
0.6550225923238298,1.4445112402229234,1.414982331295161,912907000000
0.00816600186737201,1.5686893593958324,1.4130120971931912,912912000000
0.07700174748536347,1.5848539641928894,1.4101752093971074,912917000000
-0.9607169835999656,1.457204360618326,1.4110162411387295,912922000000
0.5924026531889394,1.4704277485884079,1.408454215644917,912927000000
0.07818459869164356,1.5922083190924936,1.4060092565467288,912932000000
-0.017247590995840202,1.5174801133280138,1.4031847987501538,912937000000
0.021523896146557996,1.4556738787071177,1.4005760939721494,912942000000
-0.13274783307413307,1.427294653521725,1.397841206208596,912947000000
0.1569751680769533,1.5943392440952886,1.3951640340111577,912952000000
0.17007866006967523,1.4086197109195395,1.3932777890360724,912957000000
-0.2686491360640175,1.5384724958477063,1.3908755398107298,912962000000
0.07305767779900155,1.5429902147805261,1.3888125705860845,912967000000
0.08252832344935217,1.4124676400297222,1.3870809556388781,912972000000
-0.02252187179733106,1.5618045747363802,1.386404055669257,912977000000
-0.026655187848709867,1.492692294325215,1.3868207932860515,912982000000
0.23661852480725973,1.4136617359476866,1.385925869774609,912987000000
-0.15172022328584792,1.5718941584660888,1.3855233410163086,912992000000
-0.043333108561910555,1.5258042249270956,1.3849786061759606,912997000000
0.19572233872110104,1.4013753333848757,1.3842184405518696,913002000000
-0.16975528770739026,1.5923128652385796,1.3839438186301898,913007000000
-0.0020282029279567043,1.4697605483878353,1.3840662656115235,913012000000
0.3271360299428592,1.4984355328795325,1.3837234155883786,913017000000
-0.34226540481600876,1.4950839031848275,1.3830515383887467,913022000000
-0.007112855120911869,1.5060403755781706,1.3831693186948606,913027000000
-0.07396549385588726,1.4875015317869407,1.3837035814655272,913032000000
-0.0005163547291875646,1.4859863934178215,1.3833361538239972,913037000000
-0.4748759864270852,1.4677146680199022,1.3854028112259429,913042000000
0.5295692421573872,1.4586555309456501,1.3871879199581367,913047000000
-0.5358407341009004,1.5267578340175552,1.3886663815200546,913052000000
0.0726511735629117,1.4945195157572417,1.3930856356461054,913057000000
0.4597565387871398,1.517090089098689,1.3947618726672466,913062000000
-0.553174488806402,1.4864068190289097,1.3993191778449328,913067000000
0.09849238442357915,1.5254525817067548,1.4031201795962829,913072000000
0.20316443487840383,1.4972190604276556,1.4079325611991167,913077000000
0.09778107808472765,1.522349497883515,1.4129056756686498,913082000000
-0.17864114268147643,1.4979416608556246,1.4153092863480379,913087000000
-0.18909241919338335,1.5324779557305117,1.4190011216185698,913092000000
0.023597513969413078,1.55822436885127,1.4231964380478104,913097000000
0.12396159012355189,1.5220300299345977,1.4274729686257146,913102000000
-0.1677292836685788,1.5732209136013637,1.4285959167153823,913107000000
-0.1251630936541431,1.5507126242509683,1.43297059973682,913112000000
0.077694470099925,1.5217838998605322,1.435999133021687,913117000000
0.6600063581649884,1.5417050209788148,1.4393419255712692,913122000000
-0.824715426138647,1.5550116848146893,1.4410559332813018,913127000000
-0.0012342740149982913,1.5645841468400743,1.4440639329993783,913132000000
-0.12187271005444042,1.5691829488806526,1.4475122261601514,913137000000
0.8229374954578867,1.540271969041307,1.450668189494503,913142000000
-0.6687439096059578,1.5327252911072413,1.4542016653451633,913147000000
0.015766533703107807,1.5694379767045366,1.457503241058608,913152000000
0.6300106511387341,1.5662791031096042,1.46048987354823,913157000000
-0.6970559613301033,1.5532165946959073,1.4615316658955813,913162000000
-0.048162538187806136,1.5646381663874127,1.4642088606969679,913167000000
0.41835279375058054,1.6334449027686218,1.4672090200746528,913172000000
-0.33171876081013224,1.5420799218585095,1.4673876286594048,913177000000
0.4410916367453745,1.5442039073152218,1.4690875689618759,913182000000
0.14036693454997304,1.6144088563833985,1.4677608625632101,913187000000
-0.6526921489982853,1.585001872966752,1.4670981346164504,913192000000
0.5918288356913743,1.5577559882592475,1.4668682351948654,913197000000
0.12228990949119742,1.5088638978565403,1.4643777431457798,913202000000
0.051777316108163635,1.6292791299091463,1.461888045555359,913207000000
-0.05443362781395914,1.5759228491110733,1.459230553301366,913212000000
-0.06296660573952584,1.426463518146697,1.4568787173565179,913217000000
-0.0893865520686924,1.69404031733963,1.4544246429065186,913222000000
0.1509852157610733,1.5864131396485783,1.4521380302819804,913227000000
0.11173977039366159,1.445772936883357,1.4504571056184765,913232000000
-0.2035704529165557,1.6474299810723807,1.4474995636664965,913237000000
0.09650724541934792,1.6244699028182863,1.445931247646874,913242000000
0.10659506313392941,1.4673194892171009,1.4458935766503946,913247000000
-0.12622437894338076,1.5846380980091592,1.4456272820474392,913252000000
0.10067468955010338,1.6266778521807663,1.4450338232869526,913257000000
0.1764612935006728,1.3637274908085737,1.4451376823099007,913262000000
-0.2958936459377067,1.7332579432324347,1.4442647550298966,913267000000
0.11614984697411163,1.624970920950428,1.4450845416394569,913272000000
0.04770243284167244,1.503393797762107,1.4450451879839814,913277000000
-0.14215447115337193,1.477177371182564,1.4446257286179482,913282000000
0.03881729805838019,1.6115638781415509,1.4449553419475432,913287000000
0.02276574599678511,1.575715900686728,1.4453732874389615,913292000000
0.1532310690790131,1.3835554618984673,1.4455265071219685,913297000000
-0.2629197229766758,1.7368908012531945,1.4447279361452154,913302000000
0.10796117420200824,1.5785861308251905,1.4454622896125142,913307000000
-0.017249624179710002,1.7355714847925332,1.4476469692511933,913312000000
0.02511744338948512,1.4402148982299285,1.4474920541549492,913317000000
-0.60892706762384,1.5035640705127071,1.4496729488932194,913322000000
0.4358901914196804,1.713991726338765,1.4528545946503277,913327000000
0.09188950098774004,1.4690322039983135,1.453494321465236,913332000000
-0.5167317865569395,1.5402866511628126,1.4574464677204544,913337000000
0.37691869402863865,1.7224649463536084,1.460826913164591,913342000000
-0.27794070689380523,1.4291247675093817,1.4635917206929185,913347000000
-0.16509042860652473,1.602359691487134,1.4681332309279376,913352000000
0.04731775368984625,1.5042414087610059,1.4725077902236683,913357000000
0.0032940691297130703,1.6729103103072394,1.4761272345144736,913362000000
0.4714689071245641,1.6244712781675201,1.480207254787164,913367000000
-0.7736386484990068,1.5074694776168551,1.4835767037915066,913372000000
0.03918068660123633,1.60603988700936,1.4875530426653683,913377000000
-0.029861515612068634,1.7721566584406256,1.4914839116855056,913382000000
0.07329504697137981,1.4712094645790728,1.4925156340530765,913387000000
-0.2273752741526433,1.576755276459309,1.4957990053448813,913392000000
0.0667759217776783,1.6771227877495132,1.4992600987806295,913397000000
0.681264928172098,1.826287017294101,1.5014065191913721,913402000000
-0.7836747874850986,1.3522222440399094,1.5018873444376382,913407000000
-0.05246806512197296,1.613886952072164,1.5044608067458143,913412000000
-0.025708700731363957,1.6673932294547837,1.5072600863210899,913417000000
0.7661364307234455,1.7018561082283352,1.5086261055734098,913422000000
-0.8497542932645982,1.48233318826543,1.5082178854954813,913427000000
-0.03750362444939093,1.6309307910785347,1.510459103225332,913432000000
-0.047628908069855216,1.7105976860157404,1.5132610303529428,913437000000
0.8149389300441835,1.582366412312878,1.512789388240729,913442000000
-0.7466285650463943,1.663351663358255,1.5139994057988453,913447000000
0.13774918145735784,1.700634793517127,1.5171689977829403,913452000000
0.7084922580265774,1.5980683513787517,1.5177923237956277,913457000000
-0.824421911974318,1.6030050583085353,1.5179685663368623,913462000000
-0.11163130152986617,1.6768561377671396,1.5213934171842978,913467000000
0.7379120582496382,1.570141789174782,1.5217722022024673,913472000000
-0.6976856245339634,1.6298749323964083,1.5218503651654838,913477000000
0.5936604849096965,1.7218388473641328,1.5224383013663902,913482000000
0.026204193307964845,1.5593909466568792,1.5208779736247586,913487000000
0.0769690874608415,1.6222963429987494,1.5191787197879565,913492000000
-0.036244919709830695,1.627120745038834,1.517162726901696,913497000000
-0.12260530057092967,1.6354612936881652,1.51506851618624,913502000000
0.14377964066423338,1.5993481984686613,1.5132744043572244,913507000000
0.007988381530992825,1.5642234017489547,1.511593974373508,913512000000
-0.1493872751392725,1.7544701470944428,1.5095244469624023,913517000000
0.14064295990136816,1.615861173786071,1.5080443869990225,913522000000
-0.08756121538336276,1.5882557147718672,1.506008665025144,913527000000
0.022484763419731126,1.679994553256642,1.5045530529624478,913532000000
0.12944507927619786,1.5780684201465438,1.503318941702871,913537000000
-0.11132320175878951,1.6279393161442983,1.5023428934637175,913542000000
0.020227081356439,1.6469517505513642,1.5010601104834922,913547000000
0.1677803321033755,1.5562587114984772,1.5018204175146093,913552000000
-0.07065961802539585,1.583724331512119,1.5025798269805388,913557000000
-0.0198844156307725,1.6809679761631409,1.5037211663943375,913562000000
0.13950642826447274,1.5162244303310108,1.5046125875935084,913567000000
-0.09974808870765785,1.623342351788202,1.505936153869787,913572000000
-0.007985548201309839,1.6626360978949444,1.5065791769964731,913577000000
0.08960421054662658,1.5861080564568597,1.5076304030039858,913582000000
-0.12113521109312636,1.6423685565419575,1.5087435606118071,913587000000
0.012659830661177722,1.5983015410930053,1.5089464873559923,913592000000
-0.3904282697710981,1.6033170950857594,1.5107550799681078,913597000000
0.7291805082787746,1.8528083554715076,1.5106815688412731,913602000000
-0.28013928254752724,1.4861911584183551,1.5104884291793688,913607000000
-0.5490909270218786,1.5589122474823018,1.511894526941021,913612000000
0.13811233291955366,1.6921287018189255,1.5165388750640592,913617000000
0.5281599379864204,1.67749462609453,1.520043123493768,913622000000
-0.4609461145857766,1.5819903594186697,1.5222704803137799,913627000000
-0.11782119287984981,1.6391904533185733,1.5271828992930554,913632000000
0.6418573114768178,1.8495357359667353,1.530751065404499,913637000000
-0.06715450856344422,1.490324992425608,1.5319490697920257,913642000000
-0.6913679220530248,1.6061237158391874,1.5360306061650482,913647000000
0.020622484495997274,1.6930810752084515,1.5399113281746437,913652000000
0.5938259415978392,1.7461841825852826,1.5428102254759775,913657000000
-0.6677202331664185,1.4525905406103996,1.5446893800286963,913662000000
-0.03209877682462704,1.678830379772539,1.5479043500473157,913667000000
0.06743602110801823,1.7163525096671715,1.5514333594249121,913672000000
0.6339674108724173,1.6570840026462832,1.5518885364455075,913677000000
-0.7494179849420822,1.6292333679934787,1.5542651354056365,913682000000
0.04832593600780283,1.686593204816442,1.5569318807915429,913687000000
0.6050580688170752,1.7513031781863326,1.5594931236304113,913692000000
-0.6389816898517559,1.577325689878353,1.5595682319251787,913697000000
-0.20345136611370077,1.7048536646843322,1.561946995147853,913702000000
0.06048799527324803,1.7017613720296305,1.5646656561562096,913707000000
0.7226389496069302,1.6830100717489225,1.5639153972522557,913712000000
-0.8930275346216995,1.6655322958189942,1.5651412059000418,913717000000
0.22067600215560035,1.74177932094869,1.5682779900271517,913722000000
0.7283996625812269,1.682302572590177,1.5695385521473901,913727000000
-0.777074592280919,1.6462800852139337,1.5705781778478756,913732000000
0.036883343912843425,1.705683608244768,1.573135954232162,913737000000
0.7964980774436451,1.7075616564307772,1.5751101148696316,913742000000
-0.7434620421739787,1.682614548743175,1.5744868057889025,913747000000
-0.1351798592344322,1.711836684508903,1.577557679015356,913752000000
0.837507895313557,1.6679625000367966,1.57884637307712,913757000000
-0.18632301900935705,1.6892862006010263,1.577626840374578,913762000000
-0.16295060096592784,1.7586049110558175,1.5804467054926175,913767000000
0.19291734146559875,1.7401289740177035,1.5789619517705058,913772000000
-0.027894611460822363,1.5010603720950972,1.5777769391496164,913777000000
0.20353306046775818,1.6654180282880957,1.578782717391721,913782000000
-0.20439311290819967,1.684689712338567,1.5773432898187296,913787000000
-0.021131137467516974,1.7516341992653992,1.5766856395322388,913792000000
-0.03104338441126063,1.6403204876847555,1.576017868137792,913797000000
-0.10342318218331112,1.507365872560497,1.5753424032863328,913802000000
0.1007440802988959,1.8534736058365744,1.5752574369858434,913807000000
-0.0027549701917019692,1.6706844312981293,1.5743421869664695,913812000000
-0.10056939505346629,1.5752448284114227,1.5736131605867536,913817000000
0.0675597333929238,1.726058538187248,1.5749051441365542,913822000000
0.1285087292066331,1.7845573322455235,1.5760879019842144,913827000000
-0.017653072442624578,1.6276490569746658,1.5774420555677453,913832000000
-0.06181842147712177,1.6240979417251682,1.5793350180629424,913837000000
0.08839484343724735,1.7817451907418302,1.5804970587887273,913842000000
-0.04686892953976611,1.672590259769464,1.5816829766478948,913847000000
-0.1487720645847059,1.6197508289491103,1.58332323323828,913852000000
0.10613430558158654,1.7917275261189092,1.584203821104671,913857000000
-0.05291301969086445,1.6765850402010327,1.584891102168807,913862000000
-0.08409316257693383,1.644091090046976,1.5865070545550946,913867000000
0.08525929932875702,1.7655944342920407,1.5866517725658145,913872000000
-0.011412275593634167,1.696831170061068,1.5868470131034793,913877000000
-0.09887195377782547,1.6261967244785747,1.5879076619371126,913882000000
-0.5603633096037637,1.772093307821486,1.5903073067069287,913887000000
0.7687975655113468,1.5397669914937604,1.5929929233625184,913892000000
-0.11573293600243238,1.7884207515944643,1.594236223076408,913897000000
-0.5798966917575233,1.8005857257016529,1.597931402945135,913902000000
0.35045181666158826,1.5579929883779529,1.603475369459389,913907000000
0.30633095326436965,1.7829804215758904,1.6047573946433988,913912000000
-0.8053462606356689,1.7404725355509523,1.6094402149325013,913917000000
0.07317372161778846,1.7232270201878996,1.6137247437855993,913922000000
0.08245369033220944,1.6489169276514857,1.618674283766406,913927000000
0.010226246873921046,1.6933178946187446,1.624663860273824,913932000000
0.006760689381394751,1.9223297588498296,1.6299865276594527,913937000000
-0.0005847256274075265,1.8821127143373029,1.6356090714289122,913942000000
-0.10021423933328275,1.7435959119465396,1.6403577797804787,913947000000
-0.1441083905797707,1.6813300753941915,1.6432211721469439,913952000000
-0.008026630482132487,1.6554643262825486,1.6470151603608956,913957000000
-0.03084518363363847,1.7124547000785415,1.6502426127002123,913962000000
-0.027259569002270306,1.7219465065931172,1.6543461835289663,913967000000
-0.015202458410473234,1.7791754443965784,1.6581500140551326,913972000000
-0.017311545772211345,1.8878001326278693,1.6612707691533946,913977000000
-0.049254973224217846,1.7488492941923441,1.6628915152251602,913982000000
-0.12136549185043635,1.7555277243338037,1.665234895306893,913987000000
0.013131176578592904,1.763482519788977,1.667053374337288,913992000000
0.013642085732647469,1.7001791668906,1.6700767542291133,913997000000
0.0052094402729315125,1.7269961539497278,1.6729471832160059,914002000000
-0.06516079083251161,1.9082638399149034,1.6728483440817812,914007000000
-0.07677693851911585,1.7489276696911784,1.6742351503276511,914012000000
0.009158780858657447,1.7112741198742585,1.6765013090582164,914017000000
0.051279200924857854,1.7131977909078997,1.6795637770261898,914022000000
0.32354047911596706,1.870380503366798,1.6801044091284003,914027000000
-0.21665258153133163,1.8600146233061268,1.6835692748547364,914032000000
0.028070066092358487,1.6992706848524028,1.6867823065032663,914037000000
0.8954636519576471,1.810720339169131,1.686979967359182,914042000000
-0.8255833418916646,1.9333728080717891,1.6896160247206478,914047000000
0.539780714064446,1.7605790941913273,1.6906760308994702,914052000000
0.1146625192187948,1.8451582465018848,1.6889863716855165,914057000000
-0.7866865091881894,1.73432846933065,1.690942142826456,914062000000
0.7414550210825709,1.7800344997148088,1.6894104410172286,914067000000
0.09286394146399293,1.8480517558792207,1.6865830893415374,914072000000
-0.00397722242077567,1.7917632971085156,1.6833579792512208,914077000000
-0.026792831359059265,1.8064624841011026,1.680614847359857,914082000000
-0.0014022370088638643,1.8124570883080948,1.6765783272090014,914087000000
-0.02114457507732889,1.7703621171760244,1.6740544199222884,914092000000
0.052559793877667085,1.7778081885142423,1.6711591825793213,914097000000
0.06353267724768187,1.9019234366414473,1.6685277971933212,914102000000
-0.15390174304379886,1.6802435490644323,1.6659647745857982,914107000000
0.1302663488734924,1.7900673545729908,1.6644622054784897,914112000000
0.028424754175696097,1.7856735802771286,1.662470711828622,914117000000
-0.04092534193803556,1.7177543464850127,1.6608270815153945,914122000000
-0.004079926001033667,1.8856265805751098,1.659947412625493,914127000000
0.16645439721890373,1.7429371532974338,1.6598965613968464,914132000000
0.00955973459012625,1.6949225056113522,1.6607500630027372,914137000000
-0.06574054786981162,1.7237865213988168,1.6617783773002708,914142000000
0.02949083165689651,1.845566913477528,1.6621084848359753,914147000000
-0.03978840236794788,1.7121478491402304,1.6627660648122746,914152000000
-0.6101946106174981,1.7655438535947798,1.6655961278542468,914157000000
0.7526424137475014,1.6494050670035065,1.666926584335382,914162000000
-0.6780864638551231,1.9413801172185468,1.668257403087076,914167000000
0.19099844866848398,1.6602629720004571,1.6726915293985836,914172000000
0.32925561295298106,1.8614685922182668,1.6752959593782508,914177000000
-0.5468664243569067,1.8419555071174694,1.6789186768293474,914182000000
-0.3342683003186766,1.7552338310191453,1.6843186611976986,914187000000
0.9125910715580028,1.8124368866634457,1.6882624674394426,914192000000
-0.5443389189792857,1.8636799854550326,1.693723448539432,914197000000
-0.04488849321019012,1.803421595162461,1.6993780815896478,914202000000
-0.018212806258929314,1.8185477013207532,1.704587174443282,914207000000
-0.019495609413161894,1.8023537667428824,1.7092351816709659,914212000000
-0.018227588518484744,1.8301438424741454,1.7142137087618323,914217000000
-0.01687580148814524,1.8076767224180565,1.718308444449987,914222000000
-0.06198575351235197,1.848250698088751,1.7229772966087142,914227000000
-0.06430304236085563,1.8410374908940055,1.7262851697412953,914232000000
-0.03737362608088573,1.8728605514192407,1.7302907510618653,914237000000
0.0072395775933492,1.8380854030736464,1.7335119096053688,914242000000
-0.01976254075462476,1.796059460341063,1.736614285389156,914247000000
-0.03617723010960787,1.8634175026461275,1.7400012162158593,914252000000
-0.04672447370944921,1.8524109784096547,1.742214233432052,914257000000
0.02335560344422898,1.8610513040030643,1.7450850593565477,914262000000
-0.14103534407271182,1.847655096441241,1.7454721957524273,914267000000
0.004898493982770464,1.8294810395439363,1.7477877456989805,914272000000
0.03497214338761203,1.8634113493549518,1.7497729782554055,914277000000
0.04405526934712208,1.8408931799074901,1.7526644066521215,914282000000
0.11125916903079831,1.8898820555555689,1.7522113426334802,914287000000
-0.26771321352980415,1.8506933501918394,1.7540842835239083,914292000000
0.20089173780675434,1.8423793007749136,1.7571517542447135,914297000000
0.9304548226493329,1.8173639188414699,1.7601945511125863,914302000000
-0.9978062731096193,1.9801370995819605,1.76221886965891,914307000000
0.017720699581724966,1.8713780405614842,1.7660981065010566,914312000000
0.8831530130562157,1.8402726521846333,1.768366303508651,914317000000
-0.7520129808239665,1.8982550890312218,1.768585693167854,914322000000
0.5969959642232089,1.8688151292028108,1.7694027414226203,914327000000
0.08965894140189021,1.8629827992285304,1.7677448364167259,914332000000
-0.8388783382442,1.9107160513600263,1.7671437533418755,914337000000
0.7867457614423579,1.8714762784220567,1.7659465015759197,914342000000
0.10467552458275407,1.9828299567482017,1.7626057299391915,914347000000
-0.007305542824232479,1.804018460126238,1.7595846475117667,914352000000
-0.130303493831817,1.8421972483789677,1.757514128230334,914357000000
0.10371939969888358,2.0475048241566296,1.753153507731024,914362000000
-0.0458899472714519,1.7079261024706518,1.7503804314230074,914367000000
-0.08190334523671398,1.8066501024632033,1.747621721724295,914372000000
-0.20575078973647082,1.9147673838406176,1.7459297656451345,914377000000
0.1701558991285809,1.8340810900362814,1.7442397669427152,914382000000
-0.01618409415987776,1.8532796726249239,1.7427993609318353,914387000000
-0.09052275710620773,1.9013178948287046,1.7413622973497076,914392000000
0.15890601318367073,1.8258387287455842,1.740774711075351,914397000000
0.003689205647855976,1.8605498739164654,1.7420571490271046,914402000000
0.1554488425199952,1.8969398778976108,1.7414727349911714,914407000000
0.007838299274737517,1.8484513083447258,1.7428305282586185,914412000000
-0.05831406545187678,1.8491068368974277,1.7439729657572325,914417000000
-0.009985248093572135,1.9056847271317778,1.7448340745523958,914422000000
-0.02060133526833536,1.8667177450518957,1.7454803153542497,914427000000
0.005424227521799535,1.8498659652799843,1.7460836088844525,914432000000
-0.04650207111037235,1.853565785734243,1.7473549927545875,914437000000
-0.10440765865964262,1.8936126136745195,1.7478919640523358,914442000000
-0.530573927089725,1.7540964709989475,1.7528705254147945,914447000000
0.7360591728590826,1.921735880509932,1.7556090588117181,914452000000
-0.8030126456290005,1.8597864482747821,1.7581281044770205,914457000000
-0.03356503915500887,1.8739077832270603,1.7627196601803186,914462000000
0.24405843470135152,1.8823720748738557,1.7690959409743208,914467000000
0.06569879167040182,1.8543220182220483,1.771055166360138,914472000000
-0.3770548667238257,1.9032574231850758,1.7752048743569036,914477000000
-0.052373600758813345,1.9041274463728117,1.7789715384454958,914482000000
0.05557056255383375,1.8880235290212841,1.7823033968627289,914487000000
0.024450102903270262,1.894556302428862,1.7860222175830405,914492000000
-0.014262213867916596,1.8836527898277384,1.7895208280117183,914497000000
0.12082648719821393,1.8908339004827952,1.7938652000012918,914502000000
0.6221633602312558,1.887562137527894,1.7975832282798028,914507000000
-0.8118839559112846,1.9396873372867185,1.8008613157988045,914512000000
-0.029231746529533992,1.9209656946137692,1.8055075459524539,914517000000
0.013186303809940113,1.9322803779733368,1.8087022947159181,914522000000
0.05778791615895337,1.8906372432443799,1.8125800206678804,914527000000
0.024682734778246812,1.911667733162457,1.8163685820470796,914532000000
-0.10007389943318207,1.9440405263171447,1.8170200754048211,914537000000
-0.08203143390545249,1.949543526930579,1.8197800417063927,914542000000
0.05745667542006496,1.9670736011027334,1.8225809039708156,914547000000
0.12586396209142578,1.9352411297056078,1.8256277566914265,914552000000
0.9287466179251532,1.9048485142489386,1.8268850363902198,914557000000
-1.1408911948431282,1.920890874559475,1.8288855946888893,914562000000
0.008562438302882773,1.981455549051401,1.831350843226134,914567000000
0.8423423845263129,2.018099360099911,1.8333684859635762,914572000000
-0.8846600941202811,1.9072126703452863,1.8332874936523675,914577000000
-0.012233818483440888,1.9509071699141458,1.8358607460104879,914582000000
-0.03887112060104897,1.9407139884980065,1.8384557584718553,914587000000
0.9495731104291871,1.9093332890270405,1.8386726331458865,914592000000
-0.9545740058014048,1.9812933374742288,1.8403289506418339,914597000000
0.16054394760290688,1.952551427297151,1.8426333603734026,914602000000
1.1613331357583818,1.9763225834228875,1.8443561164002724,914607000000
-1.0839702299106828,1.940646332492486,1.8448923542354811,914612000000
-0.007977249848657726,1.9676628850713642,1.8476045403753099,914617000000
0.8308881233165243,1.9686228372231773,1.8504743009681974,914622000000
-0.02547296065623007,1.8966262513656327,1.849655503300694,914627000000
-0.7687414268448937,1.8636976372687448,1.8523576222352862,914632000000
0.7935911668241175,2.0852829164688904,1.8536514852250456,914637000000
-0.059579832523395784,1.9989898376021524,1.8520456043172102,914642000000
-0.8090440539076177,1.860597641482797,1.8537696779626411,914647000000
1.0393960432546856,2.087735989121515,1.8516240714635983,914652000000
-0.13561630555205734,1.8839966414619496,1.8490068042366508,914657000000
-0.07492718611692001,1.9327041499403834,1.8476873504520643,914662000000
0.050206185199745984,2.041573237018907,1.8451533598208338,914667000000
-0.12157746971598057,1.9949200798582685,1.8434131403305176,914672000000
0.14996339319174587,1.8735220701563677,1.844034281647166,914677000000
0.39556390583947953,1.9442672263719847,1.8447756819663141,914682000000
-0.2230966570314331,2.0713299393624833,1.8426290862260366,914687000000
-0.0641933081248906,1.8618353180888545,1.8426789150095408,914692000000
-0.03658794074628479,1.9211193043672845,1.8436600661343003,914697000000
0.4668525872294742,2.0818073897627487,1.842885503066587,914702000000
-0.36455453446662894,1.857706326775654,1.8418514795851568,914707000000
-0.09840231119277229,1.9491527544555172,1.8416562888291919,914712000000
0.03498233686254357,1.9021470032758905,1.8429249235929053,914717000000
-0.10405851375511024,1.9116149582579434,1.8435474853278546,914722000000
0.06450657555140196,2.0676195734389373,1.8439738014980591,914727000000
-0.07781368708121376,1.9236393961123293,1.8452896684125872,914732000000
-0.08648717942158031,1.848762284222795,1.8470163591709379,914737000000
-0.4563775846987429,2.064810735248792,1.8484755425843709,914742000000
0.810804416041278,1.7894432393940942,1.8509691031137072,914747000000
-0.7417081073636256,2.1267524219195963,1.8528749146599532,914752000000
-0.3924556747003869,1.8394422023178112,1.8585005180504246,914757000000
0.825444151043966,2.0274926065980567,1.8639972758483614,914762000000
-0.7885903680826536,1.9503710541738224,1.8679114517856286,914767000000
0.04637974537185877,1.9557462393042784,1.8736691078683188,914772000000
0.34425568965276154,1.8331450448923705,1.8837139810535821,914777000000
0.0754637098539317,2.1180155748341347,1.8891026014749257,914782000000
-0.35855376567361164,2.077287085826077,1.8962425715192939,914787000000
-0.1001248271911934,1.9918716668713097,1.9027037174567758,914792000000
-0.042766447462209964,2.0436723476527994,1.908489591212089,914797000000
0.009646393652402118,2.061699730440658,1.9137418037415073,914802000000
-0.0501537192671856,2.0321005756056016,1.9192593200869628,914807000000
-0.05189678715388944,1.9946431379298386,1.9239883644137783,914812000000
-0.07740302823884371,2.0296611243867337,1.9287768340189166,914817000000
-0.06026604049629979,2.0455174477814024,1.932517507346867,914822000000
-0.05071460467535822,2.0463902186955556,1.9362593788160458,914827000000
-0.02684271538264357,2.046564456485536,1.9400044435831745,914832000000
-0.03312077609766978,2.050690464487952,1.9441119380639147,914837000000
-0.03906423738296012,2.0484330638777957,1.9470001426980488,914842000000
-0.031810937538012354,2.074793582864557,1.9509921828339283,914847000000
-0.008102820155795838,2.0715185896135653,1.9537087732029574,914852000000
-0.04464921040394019,2.0598594385258076,1.9567515809253244,914857000000
-0.02570524783545427,2.079264118339111,1.9599247140168552,914862000000
-0.009817785698676387,2.0545699114969245,1.9631039173018505,914867000000
-0.03396838041989567,2.0798360112675187,1.965614295219583,914872000000
0.22125521260057665,2.0436370131019705,1.9691008911649033,914877000000
0.007294208765106118,2.1070713380431565,1.9732309378266453,914882000000
-0.014515626905451407,2.1183574918040207,1.9775873816442733,914887000000
-0.02312799045582492,2.084697046660527,1.9809946269551202,914892000000
-0.025605652427427336,2.095999233487274,1.9843108610997209,914897000000
-0.018458385882086037,2.071181615757932,1.9876708173922017,914902000000
-0.03133191892377462,2.128334616482911,1.9910142634053245,914907000000
-0.00635622531185416,2.116531430740223,1.9940050109292267,914912000000
-0.026773362126484884,2.1144897675765013,1.9968906773669635,914917000000
-0.008186392935216535,2.0739077277310716,1.999657072316507,914922000000
0.015011632354818182,2.0973689166127056,2.0022731886354004,914927000000
1.031835496886961,2.141361455042661,2.004388089050223,914932000000
-1.2576637318325885,2.1247391713651886,2.003738655628939,914937000000
0.004333815187398074,2.0815484250985805,2.005941161868533,914942000000
0.05584420107012962,2.0679747688707373,2.0083125351080047,914947000000
-0.07842153972403787,2.1244613938925587,2.011839055975076,914952000000
1.2006737412877349,2.170048022166052,2.0133788647872337,914957000000
-1.098388895829667,2.1530095068976114,2.0128148193383733,914962000000
0.9718347305320308,2.047468584749369,2.0112432009214007,914967000000
-0.05884398559371572,2.1658311037435922,2.0067719997856863,914972000000
-0.9102436049648661,2.1040257467440244,2.0044156604087586,914977000000
1.1650414661620714,2.222847695174616,2.0037146084917214,914982000000
-0.05627900010168267,1.852038365879179,2.000904896082262,914987000000
0.040748557037946914,2.2586019398350365,1.9988998895596635,914992000000
0.0032514131095743096,2.1514543538268476,1.9963335901920691,914997000000
-0.07170515211082681,2.117958990615704,1.9936827591354456,915002000000
-0.052428804788509475,2.1033566385366904,1.991839655895782,915007000000
-0.0007926824921622565,2.1000932982173293,1.9904788882761848,915012000000
0.017521295733706727,2.093000607630772,1.9883631003506914,915017000000
-0.009971271569230531,2.1093060041386478,1.987056792287142,915022000000
-0.0057223189447798625,2.075723112323239,1.9856730183630187,915027000000
0.02921086895579085,2.0695128479004903,1.9849757822291128,915032000000
0.02731987513468351,2.066834466670775,1.9844049640494457,915037000000
0.008002072000657084,2.0796180618852,1.9833672027093567,915042000000
0.018592461108895866,2.081240880847319,1.9831961535749005,915047000000
-0.017505844868136368,2.0599600465712986,1.9824822446702306,915052000000
-0.0020797853964991527,2.1188886057092513,1.982212801944388,915057000000
0.013803433860055062,2.0878482258611264,1.9814835542173248,915062000000
-0.8841161038527722,2.0737092813845535,1.9828227713526243,915067000000
0.7587643111978037,2.1819918675225063,1.9835206486739454,915072000000
-0.6990755465892254,2.000024547858281,1.9875655524158624,915077000000
0.591850287976742,2.3511056708148352,1.9953111812051294,915082000000
-0.3966711806049704,1.8417913419156577,2.002180186539301,915087000000
-0.05997998210720021,2.1275759328870394,2.008164052850557,915092000000
0.12582001652781313,2.0972756031894253,2.0138219311942556,915097000000
-0.08681338779447009,2.0904879681775905,2.019873863751024,915102000000
-0.1697022220110968,2.1404456981023237,2.025493553541268,915107000000
-0.08622372933924685,2.1192479962689754,2.0304142180329827,915112000000
-0.06370979223251913,2.1721323859889896,2.034818834465456,915117000000
0.10450543505589933,2.136497166320693,2.039592910883659,915122000000
-0.27221148078212787,2.2438122871153556,2.0445036532624568,915127000000
0.14344612248780586,2.0315699133963285,2.0496252496356093,915132000000
-0.1147852774795866,2.17518291423477,2.0542285740656636,915137000000
-0.05876304296969479,2.1671362790083646,2.0579073813522486,915142000000
0.1751995482260604,2.1924589333593874,2.061984338197467,915147000000
0.21493064949399102,2.1326158326942095,2.0672059349802194,915152000000
-0.17964527221662385,2.2891292710122806,2.072890045385488,915157000000
0.16589740497662725,2.0749263565325067,2.078143361301489,915162000000
-0.12391799016688315,2.178598538805983,2.083547024509901,915167000000
-0.11657692484197892,2.198067941782047,2.088203438672176,915172000000
-0.07871066235580204,2.214799993221358,2.0916106101369585,915177000000
-0.05462512406864656,2.2009166493489505,2.095148430379213,915182000000
-0.025777799650609206,2.223865409068864,2.098361602614368,915187000000
-0.015066130064461869,2.205183113130835,2.1018993200383607,915192000000
-0.0571793197515766,2.2049646262139464,2.1048580310756435,915197000000
-0.04580292126249598,2.258870885028322,2.107730172575837,915202000000
0.07725245396032729,2.26275370551729,2.1123039418848615,915207000000
0.033603711340773126,2.104583336146885,2.116069011603978,915212000000
-0.06710333186076661,2.2068898188569355,2.118271742438623,915217000000
-0.02157169584409207,2.2613701167505535,2.120219211882072,915222000000
-0.055191649468613505,2.2412156365694105,2.1229467208238963,915227000000
0.019452739868513345,2.220940542401278,2.1247067928257044,915232000000
0.014391578103174194,2.2331680039315187,2.1261520545965453,915237000000
-0.025690607861322615,2.2412186204730413,2.128014058185127,915242000000
0.01810689969436967,2.2252653922930916,2.1296493722795167,915247000000
0.31786488166049204,2.226535865190819,2.1334489098143776,915252000000
0.03846413324987672,2.220260846240068,2.136913357357047,915257000000
-0.007367215382699646,2.257279180351956,2.1405971390100773,915262000000
-0.003019272340567857,2.2110550156841673,2.1435845972224756,915267000000
-0.0549366135262461,2.3132912205555667,2.1473428613026946,915272000000
-0.012915842547541677,2.247435324837044,2.15106561580057,915277000000
-0.010881601044642648,2.256209307364651,2.152937225933786,915282000000
-0.043442055944471265,2.234328729974447,2.1579403417999496,915287000000
0.1116407596090025,2.2243881393278278,2.155758822246937,915292000000
-0.34614891070749293,2.356032083569073,2.1580175515486637,915297000000
0.04303323331696704,2.357867880698195,2.1602297929963132,915302000000
1.2682825431499654,2.398220563497022,2.161139699018808,915307000000
-1.21357855697978,1.9931659002401598,2.1596077450670763,915312000000
0.8395734066009513,2.2972709250276595,2.159280812343255,915317000000
0.07959804532323152,2.2625032177675095,2.1549555704718717,915322000000
0.11601064921749324,2.2718225462183828,2.151005231513466,915327000000
0.008559982996105137,2.1900208791352402,2.146272046752989,915332000000
-0.01957632988028499,2.2780706585357398,2.142230440584113,915337000000
-0.08656898191551185,2.3792144525125782,2.13760018661807,915342000000
0.14303499071892709,2.2062839242977517,2.1337607033710912,915347000000
0.09310425825377948,2.124619989797208,2.1322541206046908,915352000000
0.05135846516877237,2.2776576902025303,2.132520812478531,915357000000
-0.05654123419716248,2.290718516495059,2.1325527015655865,915362000000
0.13790661359549508,2.2149139329946017,2.1332303126329637,915367000000
0.010993336324142903,2.1199509662477145,2.133696518554855,915372000000
-0.03786597541855535,2.2885892782148107,2.1345286827540413,915377000000
0.0031929906686930312,2.29663604423329,2.135237749059068,915382000000
0.005467591089739151,2.231859468252958,2.136387013200516,915387000000
-0.029088223532303115,2.135303284371535,2.1371774691841106,915392000000
-0.022761412935458726,2.295317178631242,2.1377511967453344,915397000000
0.014342617306594758,2.2759266242430622,2.138493911526941,915402000000
0.020904652627930804,2.2821194063368986,2.139333756066167,915407000000
-0.011708785378265266,2.189012686051443,2.1400573951199022,915412000000
-0.1044291252814827,2.392281519028814,2.140287687994128,915417000000
0.13981692235363907,2.2051322875106742,2.1402902203537613,915422000000
-0.05808494639133056,2.2330994037680285,2.1434004376188374,915427000000
-0.002227621278436235,2.3386044596323097,2.1430346927240516,915432000000
-0.8011790409573781,2.1180668439772576,2.1462751730633904,915437000000
0.9253722712742178,2.3828588082495044,2.1493614222525346,915442000000
-0.7067607212506812,2.2550914303592293,2.1502666157748425,915447000000
0.04941331548304057,2.12564359507531,2.1549418136575347,915452000000
0.20189379856842188,2.417700541839615,2.161502449267883,915457000000
-0.018503196212002023,2.2481933335820155,2.1678784119079575,915462000000
-0.07866794122310741,2.2905928528229778,2.1740360005845565,915467000000
-0.04712337052450319,2.2750030133087376,2.1797505401208657,915472000000
-0.05760821549301892,2.3078138988439214,2.1849904775975064,915477000000
-0.018726528900888915,2.330649691997312,2.190173808972041,915482000000
-0.04511089942705939,2.2925591288217535,2.1954396467385164,915487000000
-0.04533419547256753,2.3632023731169807,2.200526329359346,915492000000
-0.015805049539804484,2.3433422977792446,2.2042903186912715,915497000000
-0.017526308362502244,2.1623469437428584,2.20914853171819,915502000000
-0.04252611146857016,2.1847951302939497,2.2138625601392072,915507000000
-0.019281373331629846,2.2386133582749714,2.2190248372209305,915512000000
-0.03702547271555895,2.252002851670277,2.2240735518913985,915517000000
-0.031840481948841044,2.385333180152462,2.2291652127339185,915522000000
-0.024255786616373537,2.3844204357404895,2.233726169101412,915527000000
-0.011447337968526771,2.3714400206474555,2.2387336941785985,915532000000
-0.024018069290198223,2.344731359314555,2.2428385732707845,915537000000
0.011015026930516689,2.365740320388735,2.246918354474464,915542000000
-0.037559587549266735,2.350676698102247,2.251734587634657,915547000000
-0.05469471283171273,2.351734896409905,2.2552709554232973,915552000000
0.26305924106288325,2.3594893003272484,2.2610289903371013,915557000000
-0.027293182208897336,2.405578086755854,2.266957654945713,915562000000
-0.033265287464495,2.3990840711056185,2.2721835063312787,915567000000
-0.004734570538871358,2.392165528175745,2.2779127826353838,915572000000
-0.03598098265662568,2.38396616883023,2.2828368050656103,915577000000
-0.029496274214314593,2.39602251872724,2.2875568544347415,915582000000
-0.008783243103385522,2.4106682381152247,2.2913285050757257,915587000000
-0.014184875930926493,2.3983076989619376,2.2961572609183656,915592000000
-0.0239360856831916,2.3995421547947697,2.300202508853179,915597000000
-0.05542217255497185,2.414750628052114,2.303559905807152,915602000000
0.0027406886919392817,2.3977044380797774,2.306802753742589,915607000000
-0.025884293488501225,2.3960768502903504,2.310285282157627,915612000000
-0.013334291329842748,2.430823255571224,2.3130488887347087,915617000000
-0.025545797215796702,2.394522081980546,2.3157101495867067,915622000000
-0.013059749202451286,2.428775854637967,2.3192009438314365,915627000000
-0.013208742192493517,2.3904602288601478,2.3217353486834305,915632000000
-0.021269443650252375,2.4226505244796988,2.3243068137662584,915637000000
-6.096788075774049e-05,2.4295124801797026,2.3272767768970697,915642000000
0.011975868450413783,2.454301590999999,2.329033560973521,915647000000
-0.041671544046560795,2.4344227597508414,2.332194171356666,915652000000
0.2139348027328852,2.3863661912846195,2.335938942281255,915657000000
0.08855310655427029,2.47650330796549,2.3411982557069675,915662000000
0.01928161377714,2.4450112341304453,2.345990807107394,915667000000
-0.01495422667414701,2.451316048199091,2.350878524937796,915672000000
-0.023294144673978816,2.4632878126127413,2.35479470440433,915677000000
-0.039989381938564154,2.4356151444311336,2.3585881917760996,915682000000
-0.045493691868244965,2.4642614905876505,2.362135511560266,915687000000
-0.028770577233347343,2.426809631846595,2.3650412863947956,915692000000
-0.010343364159117028,2.44705385715685,2.368301655855825,915697000000
-0.02616786820957663,2.481428156628466,2.3711422753208202,915702000000
-0.004866350301213308,2.45070422121728,2.3736657548238864,915707000000
-0.02295171397976271,2.4805207775435343,2.376040427196825,915712000000
3.863204327882869e-05,2.4744571435214455,2.378464317258756,915717000000
0.19940561211557772,2.492284867469454,2.3760631539070816,915722000000
-0.24446542642081756,2.4771935848069897,2.3773925601037043,915727000000
1.1450190346266986,2.406074648018273,2.3772129681717997,915732000000
-0.9653544741621556,2.5429004968884428,2.3736300827444854,915737000000
0.9546590068450249,2.4488920780182006,2.3747694095412966,915742000000
0.1815945519407642,2.5375473267864033,2.3713842742408264,915747000000
-1.1906361323492802,2.4027381015432594,2.368540133638517,915752000000
1.2427241839511518,2.5946075353197893,2.367563091044758,915757000000
0.1569761150178083,2.524515922391027,2.366228381391407,915762000000
0.12044157067904032,2.3885770478020065,2.3648222526776044,915767000000
0.027575820526695008,2.4826897089514013,2.363736163819769,915772000000
-0.01652032189146178,2.470528903896053,2.362194850653889,915777000000
-0.03598733310513934,2.4421943201182397,2.361613913456006,915782000000
0.00011722856181063321,2.4432979682414047,2.359898629934771,915787000000
0.015157585985793878,2.4768596789147823,2.3589139595957973,915792000000
0.03847900224419919,2.505647346583189,2.3579328974915676,915797000000
-0.10240738090531332,2.4733834024994095,2.35950446882486,915802000000
0.15536764946875525,2.4893614349525195,2.358477157291286,915807000000
-0.095594141450811,2.440930432662594,2.357725793812055,915812000000
0.019287652419024498,2.4684418609735754,2.3567710506384074,915817000000
-0.20917185125869853,2.2059051118967425,2.3613358236984334,915822000000
0.2764324129146979,2.729504263600422,2.3632329365223446,915827000000
-0.5852549019286349,2.4204334953405877,2.371199894277654,915832000000
-0.31239735578513234,2.275994992088759,2.3789744672456274,915837000000
0.32857503247571584,2.6925964147607333,2.389178586273321,915842000000
-0.11327171674004338,2.4768158009902512,2.3971277620548315,915847000000
-0.37128272274719654,2.4481195835555356,2.405052594577044,915852000000
0.11704192117028324,2.5728341033556226,2.4133151479297217,915857000000
-0.14631578850403368,2.5067316318794206,2.4198749976511293,915862000000
0.06604769537115111,2.510710196638759,2.4252482633371204,915867000000
-0.21176790193432313,2.515992369980803,2.4305252474795274,915873000000
-0.014150958047380896,2.585391844882359,2.4369348133244393,915878000000
-0.07223379301918173,2.5604515217785817,2.4413426527791207,915883000000
0.168720473359851,2.47333638011801,2.4450126487312867,915888000000
-0.2350484609393293,2.533455963560479,2.452689291794907,915893000000
0.024243048267232767,2.6263980773189317,2.458264681649254,915898000000
-0.056869531914643466,2.603292220052225,2.4623977084421202,915903000000
0.17700900028582392,2.4734703115814245,2.46537966761265,915908000000
-0.23362203698574038,2.586768752516291,2.4719144970319893,915913000000
0.03744947476084981,2.5974110277865545,2.4764438933004214,915918000000
0.0484725835804615,2.555514008817402,2.480641464588893,915924000000
-0.052149732328645365,2.634481287702672,2.4849464264775376,915929000000
0.3532437792664817,2.644396120879628,2.4906860296062585,915934000000
-0.01626760211145012,2.5647858605483043,2.4968736921179806,915939000000
0.190610871330542,2.5417017578471586,2.5023307056872444,915944000000
-0.22080466865282466,2.649677562753099,2.506848829012762,915949000000
-0.02017712313493035,2.6494920621978673,2.5126672162193433,915954000000
0.0608124241608332,2.5759475284468087,2.5166362530649566,915959000000
-0.3099998443924832,2.6807927737260933,2.5204689265310476,915964000000
0.10843817778821074,2.668402380243749,2.524684929849959,915969000000
-0.01653916986974585,2.629344147045938,2.5282532707234204,915974000000
0.158739198052821,2.552390384451738,2.5317580555515686,915979000000
-0.3572301487368709,2.710416521294902,2.535316002286517,915984000000
0.16158870182731563,2.629279575779665,2.5392487328544946,915989000000
-0.035944777838625264,2.6840234337916704,2.5418259085665835,915994000000
0.4979520510908586,2.584093814271468,2.5472162541451584,915999000000
-0.24544961172969232,2.6964616645334916,2.553597166816976,916004000000
0.28020335141927794,2.6849950852714146,2.5606434443858936,916009000000
-0.12988210661109204,2.660188174194166,2.565759643086534,916014000000
-0.08342191427995047,2.6775717302677853,2.569459928837566,916019000000
0.043063717225208874,2.6193166362203715,2.5749486655409233,916024000000
-0.14840025748752575,2.804959477881666,2.57985134015265,916029000000
0.16873598506244128,2.6521397344478013,2.584664342113735,916034000000
-0.11041695369567137,2.708162828715488,2.5887222433200887,916039000000
-0.07465961124827669,2.6997890953999795,2.592006167803367,916044000000
-0.020766632986579138,2.697990785600401,2.5946838193104593,916049000000
-0.09453316427182376,2.648371873363813,2.5980898545505857,916054000000
0.19953024833180957,2.6901053577506735,2.60283036793514,916059000000
-0.03428575422547087,2.7375516410005005,2.6060035851161154,916064000000
-0.06519645079442285,2.722099882381547,2.608986142153574,916069000000
-0.0598816336597737,2.701346965144757,2.6110213691494817,916074000000
-0.011479043065006085,2.726270237745455,2.612805035148418,916079000000
-0.03312216797273253,2.740157073543897,2.6145057663840716,916084000000
0.0017329347914457156,2.7262675248921946,2.6166969341400756,916089000000
-0.04937798093419364,2.73607124578919,2.6177544978714904,916094000000
0.332337049965169,2.6925923084934333,2.6208389454660006,916099000000
0.1397620946712668,2.7263454065977353,2.6249965683558294,916104000000
0.019451176378667744,2.718989726620346,2.629378110168923,916109000000
0.005286454196844443,2.7152014825838156,2.6336023162236146,916114000000
0.016018440495651702,2.7381181154130205,2.63712627433302,916119000000
-0.031795729408563726,2.7120882686474395,2.6411627600014502,916124000000
-0.026786562010486663,2.7449781656538184,2.644481001834952,916129000000
-0.027399258825362708,2.758268296406704,2.6475232355524407,916134000000
-0.02943037317168241,2.7549057649742172,2.6509308399838196,916139000000
-0.019091952133754295,2.7692989230153047,2.65387462373237,916144000000
0.011686358815582805,2.792846657699508,2.656641098579262,916149000000
-0.02526006955773793,2.830815147730419,2.6598220931531276,916154000000
0.020440757519332005,2.7868131427462437,2.6631903109187682,916159000000
-0.0512250079316874,2.563268517526094,2.6666001613770436,916164000000
-0.014702568169937666,2.5991084613927544,2.6703972843999333,916169000000
-0.049415048381606694,2.6649319536073,2.674918666611841,916174000000
-0.05204897394220809,2.744205839086174,2.679326883165848,916179000000
-0.020007843374059954,2.9127824453979336,2.684308961982665,916184000000
-0.024838678072456093,2.7928673652140046,2.688297868938409,916189000000
-0.025221210901811564,2.8055416569968927,2.69180418360756,916194000000
-0.04256830377427006,2.780314794038344,2.6957205275203893,916199000000
0.3979982243018167,2.821797363646768,2.7024274840270115,916204000000
0.00029656469406424274,2.7912432340715494,2.708473153340663,916209000000
-0.026241960109716477,2.8248965465652827,2.7141746184709743,916214000000
-0.04788954156054713,2.821387485162605,2.719536095113363,916219000000
-0.03176330132662507,2.7908992856734414,2.724489919857418,916224000000
-0.05985174025568256,2.8289185886025106,2.7294689318823973,916229000000
-0.059355251475160214,2.825519560814416,2.7340909041886565,916234000000
-0.01979307606219418,2.836004837153004,2.738138686445793,916239000000
-0.018043247108323494,2.8397441519560083,2.7421915210166246,916244000000
-0.0651998492081526,2.8378956369286414,2.746430194872323,916249000000
0.0014825924374578907,2.8677114460576134,2.750667055387997,916254000000
1.534994177441537,2.9175177180644014,2.7510417239093474,916259000000
-1.5771185042329963,2.866695655012512,2.753298264145584,916264000000
1.3235343252306728,2.8163414514361516,2.751074348318962,916269000000
-0.9598410985947489,2.8945490416127724,2.7525371985362947,916274000000
1.2844266579362522,2.8123401366720797,2.7560292677466856,916279000000
-0.5152935495209764,2.997867327730513,2.754859614867423,916284000000
0.04295649780764946,2.863843115335815,2.7539434550111515,916289000000
-1.0389379710270505,2.837628690162742,2.756457025157292,916294000000
1.7050619243287033,2.720623841627356,2.7542274756728387,916299000000
-0.4644832529539481,3.0087994931671904,2.753124566180302,916304000000
-0.0911434272166685,2.9076976565317225,2.7510297891826188,916309000000
0.05491046706501203,2.885644288461282,2.7498453520291415,916314000000
0.01325502470079289,2.8295515608353736,2.7491012769583416,916319000000
-0.03146704079539424,2.857141227634908,2.7522242456118575,916324000000
0.06993183276896883,2.887855597222989,2.7519253006667435,916329000000
-0.009904111988467301,2.860235325802991,2.7514930338092043,916334000000
-1.1397630462738735,2.788404197863168,2.755686629479729,916339000000
1.307245451568782,2.743669063288507,2.7583132427042028,916344000000
-1.2078387328470075,2.9773031778633774,2.7634173937910935,916349000000
-0.21106075845571684,2.826276206771803,2.770356654101758,916354000000
0.454949361670363,2.8575484127713207,2.7778840674284466,916359000000
-0.3620147902579917,2.912246164008092,2.784501616075024,916364000000
0.13297200374095658,2.898195097370124,2.7896977169762223,916369000000
0.4007379299371699,2.8946105781100075,2.799169221591903,916374000000
-0.04864477014190616,2.845665357184493,2.808783153992197,916379000000
-0.14507775571039294,2.9257460995787548,2.8166858212113466,916384000000
0.13181013111320594,2.9277810243260323,2.8229416842169086,916389000000
-0.19468639261424983,3.012781066851963,2.8315754224936907,916394000000
-0.09087702311252364,2.8791366628695583,2.838963300815309,916399000000
0.11338420912463502,2.9299835966949845,2.8457002501827695,916404000000
-0.29208841791016693,3.0926249958003456,2.8520795946737345,916409000000
0.016951970601588484,2.849421650723385,2.8591587569951744,916414000000
0.09337664550817304,2.9428422987115512,2.865247097008227,916419000000
0.03436000028420545,2.924181805507442,2.8704658983581997,916424000000
-0.19180370653691733,3.0645637729104447,2.876868202545774,916429000000
-0.11285979302829528,2.9585414878672394,2.881069801695969,916434000000
0.10385742716827989,2.976363355060278,2.8865044822845447,916439000000
-0.23417588278268003,3.056239718881848,2.8924109086012093,916444000000
-0.03454543680713892,2.97009522711272,2.8970272590779125,916449000000
0.13722503682275805,2.9786133782689674,2.900671843789183,916454000000
-0.2526976355023562,3.1488370577321425,2.9049559833729854,916459000000
0.034570372278646795,2.994224235158485,2.9093123007474047,916464000000
0.002490388182755175,3.0075845685941025,2.9131958013066117,916469000000
0.6163453288430103,2.986038291923691,2.9179569291386427,916474000000
-0.04941200481563115,3.1659409577007382,2.9242508355173613,916479000000
-0.0037338954825466564,2.9452719173273523,2.931426095602166,916484000000
0.1408697955051462,3.0352083550996567,2.937088376193707,916489000000
-0.2246806767683243,3.1883072169078246,2.9428584896374383,916494000000
0.014019403293350056,2.9723389253527994,2.9484487178525254,916499000000
-0.10109724834208408,3.0839469019937638,2.9540606622218926,916504000000
0.15851607993414488,2.9713171410374404,2.9585963620191613,916509000000
-0.17734802811050915,3.2700091603390278,2.963946260841265,916514000000
-0.05655882681717788,2.94264200853795,2.9691689496396054,916519000000
0.15589800496903186,2.997788847135646,2.9729548258698775,916524000000
-0.12611902651755583,3.2274272092802545,2.9774513249087335,916529000000
-0.03906751038862605,3.029671856592971,2.982018819415277,916534000000
-0.0003943199937732761,3.0631358180212978,2.9856190056121275,916539000000
0.16710080073546088,3.019004105139611,2.9888379134279988,916544000000
-0.2704457104199767,3.22443878186021,2.9921494112046463,916549000000
0.019520481400827575,3.0727777681006465,2.9959564447481983,916554000000
-0.01301678390690944,3.1071303732253948,2.998497957952487,916559000000
0.13389445759268295,3.018852642863971,3.000837854383752,916564000000
-0.12940594893160046,3.2317610547441453,3.0030222051481332,916569000000
0.3201101703274161,3.0830468194279814,3.006363270694833,916574000000
0.33125513982641897,3.1145498762331503,3.0115147001816616,916579000000
0.19955110114847846,3.131541106032262,3.012569425693572,916584000000
-0.22755289070712606,3.1665391802594938,3.0187042830224793,916589000000
0.04197245834304378,3.0719726954283537,3.024640851740525,916594000000
1.4695008411200075,3.1178661515482693,3.024878152712274,916599000000
-1.5011291925843855,3.211332396592514,3.0302177988607863,916604000000
0.05351556185279522,3.053508978207605,3.0345573529385077,916609000000
1.1507306364015024,3.1251241520166384,3.0375227111502534,916614000000
-1.5015991981097392,3.2041421641705243,3.039253388910657,916619000000
0.10294165333296816,3.145537830817964,3.0428517296617414,916624000000
0.7546340383276303,3.1481056923538278,3.047233245718929,916629000000
-0.714796232445491,3.190568459249104,3.0465051646103998,916634000000
-0.12913374988227524,3.1973578275072625,3.049291679098998,916639000000
0.0028178903191940045,3.1505646562256486,3.0535776391340943,916644000000
1.4277591429469598,3.184185177869337,3.0541823492889937,916649000000
-1.1712784847447026,3.15794980847555,3.0555408259866788,916654000000
0.052418397670540504,3.177825581786598,3.059191297578526,916659000000
0.7478502335992221,3.1885684343062386,3.061889767300052,916664000000
-0.7701513523352038,3.178043353672791,3.0615848223123754,916669000000
-0.09375012393269591,3.158517908662148,3.0657054404677977,916674000000
0.5163658705802847,3.2122995324238803,3.072706440536877,916679000000
0.07042566879278098,3.1984016828926474,3.0801677732942654,916684000000
0.31340149491180896,3.20547968394676,3.081236451056199,916689000000
-0.294812381369807,3.1470535621006848,3.0886081516245447,916694000000
-0.016771527156935147,3.2549531757721524,3.0955353802685344,916699000000
-0.019409311949070675,3.2812606223497274,3.1014256068607233,916704000000
-0.036964777813752084,3.221866616269768,3.107740967164141,916709000000
0.01625615134923046,3.22971807115652,3.1132433256321743,916714000000
0.015095626848292182,3.2610575487227096,3.1183511244124595,916719000000
-0.0268363242600757,2.9863994931239266,3.1222588863851595,916724000000
0.032240496506969966,3.0978008720187846,3.1288364793268113,916729000000
-0.035415777533037214,3.2135524011240637,3.1349923108978377,916734000000
-0.00735233571706474,3.352926349572225,3.1411105326616715,916739000000
0.31871955651744727,3.244707622369789,3.1482811560332515,916744000000
0.331018028489503,3.2789970495004446,3.1585330634410154,916749000000
0.030720832240159184,3.2614783385682498,3.1694325910576513,916754000000
-0.029758862735245764,3.2703911715013465,3.1787591870293173,916759000000
-0.052595230757364504,3.3013434429725805,3.188494366537652,916764000000
-0.03390707934612082,3.3110972987675855,3.19707660362398,916769000000
-0.02232583879438753,3.3411856605366728,3.2054623256070287,916774000000
-0.030812504549775653,3.3016254511597936,3.2135815541518835,916779000000
0.005316583119882465,3.3232953741898994,3.2209619090842283,916784000000
-0.02108825814143308,3.3395280285566407,3.22692340898516,916789000000
-0.03708276280453093,3.3276604953603135,3.2343485339998357,916794000000
-0.02925735911651454,3.3282766052150725,3.240072756407248,916799000000
0.00599292367263099,3.3068427247839183,3.2460432812114988,916804000000
0.011398907671842122,3.3537437340248664,3.2500736478236245,916809000000
0.005655462904335853,3.3480140109731544,3.256497162173097,916814000000
-0.018514210600176835,3.3410421419080403,3.26102904899858,916819000000
0.00010627746385772664,3.3876320565848284,3.2655224462005235,916824000000
0.0038094579302647806,3.366472999540314,3.2707031500412933,916829000000
-0.010866687436582166,3.3682345247626886,3.275449441040004,916834000000
-0.02691491815675598,3.35610018930258,3.279448872680554,916839000000
0.019459111374206795,3.380350808401319,3.284080843331967,916844000000
0.6408102071059019,3.398854025714202,3.2924461829440794,916849000000
0.08111742872629554,3.3825527780002456,3.3014358708928633,916854000000
-0.01879047324509135,3.4129267427907557,3.310511042732534,916859000000
0.0025653054519418593,3.4333848766718784,3.3184588507272066,916864000000
-0.008996421157958536,3.4382052695764913,3.3266289544905328,916869000000
-0.0023744350614035674,3.4229559175256363,3.3335414589495205,916874000000
-0.004697469304018657,3.4323074520615084,3.3396367415724377,916879000000
-0.0180507490844272,3.4555769883151606,3.345901693821716,916884000000
-0.0028658170215074136,3.4248252816781095,3.351562107383525,916889000000
-0.02287812175438049,3.4499062485837375,3.357024909146194,916894000000
1.2153973160991707,3.3211615188930415,3.3603250842209182,916899000000
-1.1587952093281897,3.6227843823023247,3.365778893340053,916904000000
-0.02142256315210156,3.464106090011507,3.370560050310876,916909000000
-0.015674954440004107,3.461176537057296,3.375027391038369,916914000000
0.16326572965966085,3.4297791626574,3.3771209768701973,916919000000
-0.1549872141679886,3.415495943311884,3.3823379024748146,916924000000
0.021339562896411833,3.5056246815085537,3.3867836863432235,916929000000
0.9051435781496808,3.406489586563776,3.3895393525779953,916934000000
-1.0734688993295745,3.493732937057806,3.391989019550353,916939000000
0.2016290965328744,3.551074088717238,3.3964760347759775,916944000000
1.9136405530280507,3.430607598523818,3.4007759618203743,916949000000
-0.9222117243476853,3.544195210571231,3.401806283810391,916954000000
-0.18970817234038487,3.5196467270286695,3.4113335329150565,916959000000
0.06519095717250309,3.5202434294248905,3.4199302051286873,916964000000
1.962179384519817,3.439298875081685,3.421536130497952,916969000000
-2.207527603078532,3.532769127399001,3.425759674036988,916974000000
0.2317317637692397,3.607549685007644,3.43322254253045,916979000000
1.7023283464438892,3.492758692739846,3.4382874057836847,916984000000
-0.21848814650530854,3.5762300437516723,3.4379210801084326,916989000000
-1.6196878304390212,3.633063659013755,3.4447646416680326,916994000000
0.10987258323692702,3.5512604800074126,3.4523515730504126,916999000000
1.567320458215038,3.468272148256228,3.4531158862412354,917004000000
-1.807389365174248,3.643422589081001,3.4564090299588703,917009000000
0.27418533344422724,3.565745930916757,3.4623378734042936,917014000000
1.3167127904720317,3.5654083580530083,3.466119765239054,917019000000
-0.31448271866350075,3.6047947168691183,3.4659032805183743,917024000000
-1.2749311544258954,3.6285052537084503,3.470614099246666,917029000000
1.020787302273799,3.578521031010157,3.4760054773239983,917034000000
0.31050564357108645,3.5727267882873432,3.474714888818733,917039000000
-1.4811876508872188,3.6010416641507033,3.476403082612646,917044000000
0.19064059217790558,3.554937927121941,3.481585534320769,917049000000
-43.998239113394845,3.7341162492481836,3.4603132907368677,917054000000
30.04765265280748,2.6425511131724324,3.4152589768347776,917059000000
-2.3257475773276144,3.3225522887591414,3.291451269248526,917064000000
-29.2870177034122,3.351869467326783,3.2762435571897828,917069000000
32.56388256558744,2.4031617424016116,3.2120717910890035,917074000000
-27.75901969650792,3.240454520251003,3.1296116683749773,917079000000
23.476097443391325,2.381299496465664,3.113360173864968,917084000000
5.738893368521263,3.098891166612238,3.0247656966450545,917089000000
-0.6306825224064025,2.76079902252327,2.934907461464218,917094000000
0.21231567801793372,2.746334343391204,2.849042731234678,917099000000
0.22594828023047875,2.8531122149905745,2.765292301666448,917104000000
0.25807820926000763,2.8598583906242356,2.6850293602128095,917109000000
0.35823046028492683,2.84193781244718,2.608387443062287,917114000000
3.3129586854356754,2.140525668061538,2.5434522096097645,917119000000
1.5184162235047056,2.458986477300099,2.4957821527229815,917124000000
0.4515978169790145,2.5339763084438185,2.4507226095134023,917129000000
0.2503772817078123,2.5201861601057063,2.4080228885971486,917134000000
0.3145451632051948,2.3878737365415534,2.3664973698027834,917139000000
0.20658931688249207,2.6395316496054195,2.326875390119658,917144000000
0.8802543326216772,2.150643278827068,2.2903984728639344,917149000000
2.7060095724875732,2.288793716117579,2.2681135610759404,917154000000
0.7193060958372999,2.274766472647779,2.2556252623416517,917159000000
0.22316574008233897,2.340378966687353,2.2443432442115023,917164000000
0.16283150584362552,2.37610462734012,2.2359846144711004,917169000000
0.14521034347290596,2.3314676646947725,2.2236341684176684,917174000000
0.13145460429280234,2.3557297674685516,2.2141837239561237,917179000000
0.11647051643086426,2.3287537902282383,2.2054109120683134,917184000000
2.7475539563532783,2.258275202509466,2.213899517327507,917189000000
0.5519972228003258,2.356200581601191,2.2267616099713363,917194000000
0.07883037003676988,2.4779086311025424,2.239855272411046,917199000000
-0.055537908775460436,2.424337433207138,2.2528193312286175,917204000000
-0.09458594616564228,2.414826097442591,2.269369417774227,917211000000
-0.09160379169943339,2.450354492403706,2.280687970950476,917216000000
1.8920538745589053,2.4374794971999254,2.2996660959630026,917221000000
0.6567277049956013,2.433902961344961,2.3297813226970296,917226000000
0.021462305529703806,2.4881894655693144,2.3596093277134136,917231000000
-0.11879334216515833,2.5201773172365973,2.3882401941793785,917236000000
-0.245358975762683,2.6016036382698937,2.415255144461688,917241000000
-0.21580644369838758,2.606617959421392,2.441006670580032,917246000000
-0.20873909598260812,2.6510987642679225,2.4657033875145715,917251000000
2.122893908232013,2.6267438869391517,2.501425272466455,917256000000
0.3219961322875912,2.7031567354786996,2.5445537716078714,917261000000
-0.15564203731151968,2.7168352448539017,2.585844351136195,917266000000
-0.26654407915884937,2.7862357931176507,2.625791626939154,917271000000
-0.315377904173211,2.8167008164815424,2.6639241682288826,917276000000
-0.2729703999373762,2.876156486708872,2.699791178839855,917281000000
-0.29866181971099265,2.889384133627155,2.734064416805635,917286000000
-0.59193844063755,2.949302766627073,2.785795261641887,917291000000
2.931014511949794,2.9371699279718637,2.847668882582772,917296000000
-0.4854812599402428,3.0349547221401747,2.8956782493204756,917301000000
-0.44742870850836103,3.123162062615134,2.941464097980866,917306000000
-0.19851564016208473,3.194415694129791,2.9849849051134547,917311000000
-2.1745344149832397,3.2686742019019666,3.035099289981237,917316000000
2.0665189247146323,3.1533724111184145,3.069391139808791,917321000000
-0.23034794224538657,3.2888180696252483,3.121976208917592,917326000000
-1.8918867027092008,3.3567990705873765,3.1681808078167455,917331000000
-0.1720531795085035,3.3522648194891604,3.2212491147845155,917336000000
1.313511004693539,3.3190819570992875,3.2610506952338576,917341000000
-0.3967865163413912,3.4646481325802947,3.2984715959931576,917346000000
-1.216507910677377,3.326541419857084,3.3409073757771544,917351000000
1.1659768073044372,3.6488321818385745,3.3808405477275665,917356000000
-0.022525915951664366,3.5517063000526514,3.419697470897863,917361000000
-1.6084245653461997,3.8697755203214563,3.4637313604840116,917366000000
1.29352020257013,3.4407217588180914,3.503666309188866,917371000000
-0.5309653924039,3.641490751995209,3.5373819743134014,917376000000
-0.07382208139577882,3.592926135502839,3.5698463264978524,917381000000
-0.4771375094180613,3.8396543795155975,3.5973165189048144,917386000000
-0.26416551895120544,3.827981701910634,3.6310822342271694,917391000000
-0.3164370266974568,3.7079780202453967,3.657816776982274,917396000000
-0.36278992812538685,3.8450736206998144,3.682719855368704,917401000000
-0.25622896127833417,3.8766640907688,3.706691013699221,917406000000
-0.22181141627623882,3.8638233507342563,3.728669327908631,917411000000
-0.07556309291348909,3.8273231039347273,3.7500082652466835,917416000000
-0.11584029181385097,3.8837824487815666,3.7711091754021178,917421000000
0.7091533239220088,3.933128804410295,3.7956868641944195,917426000000
0.09669598516083569,3.9116711752420414,3.823432959044431,917431000000
-0.1309411207261368,3.9568974948274827,3.8496798486793664,917436000000
-0.14627740677452097,4.002567234448122,3.8749224851072586,917441000000
-0.17063057314383678,3.988304468887646,3.8984128104877858,917446000000
-0.14361343070165922,4.030425070094413,3.920643224542745,917451000000
-0.14525737883776774,4.032558083085615,3.9417883324037173,917456000000
-0.15954384112936396,4.039983872813164,3.960720630132844,917461000000
-0.15805086157832032,4.063912714461653,3.978514732107867,917466000000
-0.08904631030679741,4.092779306381999,3.9951967212596076,917471000000
-0.08403634027849902,4.111055143835353,4.010704312015982,917476000000
-0.07580568936057178,4.110079476163941,4.025399402615766,917481000000
-0.04667477011114853,4.133395823922655,4.040480969715794,917486000000
-0.08157669096631216,4.122589070269891,4.053748418519716,917491000000
-0.05787597048194901,4.133950281067529,4.066969801634829,917496000000
-0.06312735773247362,4.140392059409672,4.079606959723253,917501000000
-0.03546175812150676,4.131482566313917,4.092206443506428,917506000000
-0.04207322529154488,4.1618010283948275,4.104229167312873,917511000000
-0.037199341361084166,4.172952634179125,4.115279179693613,917516000000
-0.043646219378901924,4.214227617316132,4.125839627353699,917521000000
0.5435379412930268,4.216730469528338,4.137878086403192,917526000000
0.5801311224659418,4.231620592038337,4.156965915872701,917531000000
0.07479093518398988,4.23091522036359,4.175176859139004,917536000000
-0.05525139347027399,4.264042118929874,4.193329290715372,917541000000
-0.06449278469736264,4.296872239983127,4.209867007808485,917546000000
-0.05891602088167023,4.30739537991016,4.218659873329403,917551000000
-0.031697614927007865,4.344177901983868,4.239714691978864,917556000000
0.22321480616068848,4.361808401046559,4.2499933631284845,917561000000
-0.4392118505796131,4.314694871029938,4.262029588539214,917566000000
0.030121314930731054,4.331030148860158,4.271581528602946,917571000000
0.013219520196157101,4.373334284637233,4.284854965265268,917576000000
-0.006308916817600045,4.361762865876318,4.295799442469358,917581000000
0.007071369171572989,4.352819206382287,4.306274417142348,917586000000
0.00717552785550301,4.385879087708891,4.316257108201173,917591000000
-0.028948303764521417,4.413082237372854,4.3255244966198045,917596000000
0.0023575746677580076,4.411195430505761,4.334277140662859,917601000000
0.005939820129376629,4.391828994950446,4.342468617916286,917606000000
0.0015491834601851686,4.4173992346928665,4.34968486132425,917611000000
0.024117297670652883,4.407749001514167,4.356109348771078,917616000000
0.058411833978474215,4.442042436438583,4.362490555799382,917621000000
0.03093274904095873,4.4384126773163635,4.368127493187105,917626000000
1.2360595227403672,4.4188447084281295,4.382297730415492,917631000000
0.23629631240117077,4.483423727885968,4.398105005021204,917636000000
0.08118724908715358,4.483556826295435,4.412902526611779,917641000000
-0.0001220706552458508,4.50752057039736,4.428603229355617,917646000000
-0.0009007310629815385,4.513114434565701,4.443008863278979,917651000000
-0.02617944737926848,4.520670297247803,4.456946942549935,917656000000
-0.011363195637778203,4.552309262691263,4.4705010534901035,917661000000
-0.06156949913742958,4.539640333614583,4.4817953376957425,917666000000
-0.029087648744787517,4.5669407026373605,4.492521365214075,917671000000
0.022317413703891557,4.5724425094033805,4.502907092707766,917676000000
0.0025885263219331284,4.582109930442368,4.512172018812716,917681000000
0.008543949689376419,4.625462400831051,4.521657099842373,917686000000
-0.01971844631823483,4.479303914383612,4.530362189627107,917691000000
-0.03938831804689033,4.316901090092507,4.539076625579312,917696000000
0.015203391512538314,4.586511334018843,4.548653699382313,917701000000
0.0364067825015821,4.659830553293553,4.557220403694613,917706000000
0.06919548948243703,4.625534464392422,4.565537487705666,917711000000
0.031271350091985256,4.616888796999389,4.57335650122908,917716000000
0.03227850692032588,4.642360297619234,4.581348536266554,917721000000
0.06961422750073146,4.634170178232877,4.588410585294951,917726000000
1.0906632731467911,4.649701469053631,4.600836314198048,917731000000
0.5006293227016433,4.647457200753471,4.619407738990633,917736000000
0.09494557882989879,4.712540308179524,4.637986586976064,917741000000
0.01782145524980348,4.731784082548678,4.655545715803588,917746000000
-0.010878594406712953,4.712643216178365,4.672336886328592,917751000000
-0.007417602300175495,4.759883856901154,4.687884060631717,917756000000
-0.007605187733550083,4.769382890651037,4.701914417431675,917761000000
-0.03489444913982178,4.75563172812261,4.715284857684231,917766000000
-0.03866666752815662,4.809146638821569,4.726591569510812,917771000000
0.004603132608559386,4.778321173642088,4.736879113967484,917776000000
0.039879225391891024,4.802886135824883,4.746433223600055,917781000000
0.03932807702068148,4.777458180212795,4.755671156080549,917786000000
0.028658257968973994,4.839073279789893,4.764306799880316,917791000000
0.043365239979324115,4.814417957013913,4.773101945339528,917796000000
0.07885390152883037,4.844419317301677,4.780898317414828,917801000000
1.9834046361802857,4.689405322302902,4.7868215783046075,917806000000
-2.1429465490207313,4.956168243434413,4.7891174148172295,917811000000
0.351610342617022,4.957128693978175,4.797198806952454,917816000000
0.09895634075083037,4.857617480264915,4.804900554904942,917821000000
1.8858182444442892,4.730029789969861,4.805160947825102,917826000000
-1.8436861787942727,4.976550856232233,4.810683659113645,917831000000
4.9736464289176805,4.839484799066734,4.827723385762268,917836000000
1.5755954168794188,4.957937305195919,4.827246811770608,917841000000
-4.8068706278182365,5.182451735096053,4.840230507025276,917846000000
4.688232306889956,4.813139143534371,4.85177648371888,917851000000
-0.013677024377500877,5.007313557146371,4.850057916479436,917856000000
-4.502703184201088,5.1583494734360595,4.858237344527608,917861000000
4.342970862905371,4.832620519714367,4.869217355871413,917866000000
-0.1496195262374712,5.066669798396655,4.868365135450807,917871000000
-3.90188239517344,5.125333764853487,4.872041325168875,917876000000
3.880332423754399,4.875972404537041,4.882012311739067,917881000000
0.14291657628163873,5.06293948292208,4.881290932243329,917886000000
-3.0907873071388865,5.116113544652363,4.882513881098155,917891000000
2.126307339095324,4.9193271307576385,4.894434793075014,917896000000
1.361378802666428,5.002786683245024,4.893712025823681,917901000000
-0.2556035648565526,5.088179740427128,4.892770749747452,917906000000
-3.175124446959278,5.0860496318256,4.901282638811903,917911000000
4.003821069695804,4.923709397350527,4.903887322928503,917916000000
-0.29983028784143384,5.118796433985401,4.90092700094343,917921000000
0.0007990124387446721,5.039315144736442,4.898454993497709,917926000000
-3.0335559900578977,5.111476548818518,4.906442622897866,917931000000
8.681629399624102,4.872643451465817,4.910401860821626,917936000000
-0.1844212139758076,5.257689137800937,4.907796559573795,917941000000
-0.13354162166990297,5.16073667032299,4.904527138878792,917946000000
0.16868562486593014,5.138151373893864,4.902025025523116,917951000000
0.2628878586623195,5.132634358633548,4.899882894014554,917956000000
0.2694538774747028,5.0941582294082135,4.897769019443468,917961000000
0.5266909295751476,5.111410661514445,4.908412663249043,917966000000
-0.2839362114852033,5.166465809911337,4.9059733448632885,917971000000
-0.021368449438798277,5.143694480380694,4.902989932909568,917976000000
0.1971356179406659,5.120992769762726,4.900344683099268,917981000000
0.24210526998131668,5.120722038814241,4.897663087767606,917986000000
0.2420194460196628,5.089041668676181,4.894120132222294,917991000000
-6.123998560338078,5.193186135285736,4.9001080556806365,917996000000
7.1771751035466425,4.831287911781342,4.899580603876779,918001000000
-0.1873136688737111,5.180160901256513,4.8957443904774705,918006000000
0.06437748643128512,5.128787526975165,4.891853365383335,918011000000
-6.283878634015977,5.216674714208822,4.9030034212240095,918016000000
7.428027771116975,4.758014821757907,4.903649137324314,918021000000
-0.5702860127823346,4.7835556964660295,4.90235879670243,918026000000
-6.049337764258096,5.997883862756494,4.912426523427771,918031000000
10.34280608154863,5.055998192663937,4.928342761857825,918036000000
2.021700184329294,5.29768311484297,4.929637439243016,918041000000
-10.158062686566907,5.483940995743089,4.945281629424419,918046000000
8.955698480111876,4.935179354877614,4.973073096891684,918051000000
2.7417333196911833,5.201538825638988,4.975053861268213,918056000000
-9.975748315968849,5.5633219737615445,4.988800612132815,918061000000
7.114268382276914,5.03002555911873,5.022462976396814,918066000000
2.7646123694765503,5.215656143663542,5.022722856703867,918071000000
-9.53843424228331,5.614497987863354,5.041827662856975,918076000000
8.925939799223954,4.984007272969136,5.065935964005666,918081000000
0.05702229960771356,5.375597855268157,5.065503112554731,918086000000
-8.140751416652302,5.556672346145844,5.097363085191681,918091000000
8.18308250254335,5.021029672225767,5.120787218365179,918096000000
-0.18710393288929453,5.443586634940796,5.1202361359482715,918101000000
-5.717160143234668,5.592567874840966,5.16114249743347,918106000000
8.724044362723921,5.161776921485735,5.2047046950581315,918111000000
3.246687929017342,5.465029182397387,5.205568407302656,918116000000
-11.590891120040135,5.88978483041777,5.248553242473786,918121000000
7.8846052763752335,5.242405616742456,5.287632284955422,918126000000
2.9513225859347103,5.579573248642398,5.287654868177201,918131000000
-10.60753534755057,5.917403694985029,5.3263393895492355,918136000000
0.6558937041650648,5.459073325793193,5.365046804472048,918141000000
8.990103205156837,5.271002518018332,5.366895630430444,918146000000
-9.786497683497892,5.937951515840513,5.3920695734644255,918151000000
0.8146020476088238,5.55471354966607,5.4263894492806175,918156000000
8.407653982677571,5.293080935904298,5.428548445131117,918161000000
-8.93219103605613,5.988128814639193,5.451688960176541,918166000000
0.8177021304561481,5.57286529030057,5.484209704647742,918171000000
7.767243893871464,5.365133595245563,5.486684603326481,918176000000
-8.255398324047656,6.034089797758472,5.50837668710622,918181000000
0.8076610882893154,5.648321995932321,5.538371628139634,918186000000
7.195174229101476,5.388112635348517,5.540413362335168,918191000000
-7.776103941942374,6.018803398472768,5.553835439990807,918196000000
0.848137127726619,5.6566528831543685,5.580180851745413,918201000000
10.706740311592231,5.36014671034414,5.582742265650985,918206000000
-8.965686675607204,6.221445992557309,5.606928249058619,918211000000
8.425402929686342,5.461087772934137,5.644695525885911,918216000000
3.439855014936496,5.898437829460339,5.6434475681051355,918221000000
-11.481537574442315,6.412120337792392,5.655477487810235,918226000000
1.0302457303113408,5.733691037595337,5.6962467198857265,918231000000
10.625664120577008,5.418898085825638,5.698170838086122,918236000000
-1.9018652278291504,6.240219030931287,5.695757651473412,918241000000
-8.898224812693801,6.382877550781227,5.73022341270363,918246000000
9.929165895599613,5.323742486787179,5.733515821761668,918251000000
-0.992863461035557,6.1988337693201965,5.7307756697343475,918256000000
-8.368300364987356,6.428995774724787,5.76312374640231,918261000000
9.540293712432206,5.331473782979713,5.764983710460457,918266000000
-0.9073712957926396,6.174305455786474,5.761724683350513,918271000000
-6.8887392510604695,6.44527399231546,5.7637523310887175,918276000000
7.071474624725687,5.470229275555404,5.78463600863816,918281000000
0.7468880108665253,5.9581181830942205,5.780645881559299,918286000000
-0.417011532698391,6.095609595461875,5.776638185097953,918291000000
0.12035901876831169,5.945074246260111,5.772375694135161,918296000000
0.2859845397003693,5.911391512267505,5.769536013474431,918301000000
-2.003470798210053,6.195408522618615,5.786888463972202,918306000000
11.484003248780812,5.602211428807964,5.788450035261619,918311000000
-0.5457523211085202,6.585058503108402,5.785013528881757,918316000000
0.07101830404160958,6.787658221211453,5.781508996332676,918321000000
0.08343919903989855,6.089855738256939,5.779995434567584,918326000000
0.8402438323862307,7.537762117348491,5.78023428649973,918331000000
0.7366664030683464,7.15062690811567,5.7800239851311215,918336000000
0.4100114858085407,6.5265831168963295,5.779981123855122,918341000000
-0.3711726752776139,6.295649979127697,5.778439340985563,918346000000
0.3121223752863517,6.218330467307547,5.776917339019676,918351000000
0.2786759411132183,6.190352239828606,5.775989924320362,918356000000
0.31967298241344433,6.21866631219539,5.7744090880102155,918361000000
0.26457579830084427,6.270425600011562,5.773134835769746,918366000000
0.2615507746987067,6.241821808570318,5.772217416264246,918371000000
0.2749710511660812,6.269924513711513,5.771879665101353,918376000000
0.2999985393221985,6.271136685042166,5.771417087639223,918381000000
0.279084158128319,6.275937596820352,5.77131685540529,918386000000
0.2660767725044365,6.27478154249526,5.77067096156868,918391000000
0.26383900398162746,6.280788817790812,5.770492751265384,918396000000
0.29962806338283726,6.28531432451414,5.769906656239916,918401000000
0.3182363043183819,6.290096827757904,5.7683133590075935,918406000000
-5.057868440074556,6.302457398502179,5.764867789474741,918411000000
-0.6638452217317221,6.0902192182085235,5.762683172056035,918416000000
0.5471596245918438,6.068063634130791,5.760858228132164,918421000000
0.3988281508751631,6.07726513513657,5.758603619976888,918426000000
0.32617883831246125,6.094070113332253,5.757835078410931,918431000000
0.3050063595901085,6.093232165409903,5.755903258190287,918436000000
0.2679459267101898,6.102624049226737,5.755035639783988,918441000000
-0.38010600779412634,6.120985151904351,5.753870832395344,918446000000
0.2540171436523265,6.066290070542263,5.752770794389504,918451000000
0.3138331644382415,6.072224894489506,5.752138821835263,918456000000
0.29795411824882323,6.04322364745603,5.751133713579485,918461000000
0.2780990871670141,6.077391429021395,5.750359123576688,918466000000
0.27668593757146576,6.063416088376693,5.74849367844456,918471000000
0.31164837156702124,6.059594944500053,5.746763583789441,918476000000
0.313657399789838,6.054654384793014,5.7446213082959385,918481000000
0.3224855251405324,6.029425464684931,5.742069388820694,918486000000
0.31918870366521046,6.0446594296056535,5.739220467670868,918491000000
0.3260370238547706,6.051040258287659,5.735941628965127,918496000000
0.3456329781470154,6.057808633866181,5.734185460200873,918501000000
0.3631605718061787,6.033888957638617,5.731378686315752,918506000000
0.29640486271231087,6.041596818697217,5.728659705641141,918511000000
-5.234371393459958,6.102362406131398,5.723930294020554,918516000000
0.5183600699404681,5.860898383517022,5.722005231856659,918521000000
0.42479131402168746,5.853131820900999,5.719966645583562,918526000000
0.35994851471631495,5.8850569460054665,5.717703175760997,918531000000
0.29720904591465186,5.861252700150337,5.715534577458336,918536000000
0.33150241900905064,5.893321764995771,5.711911419149953,918541000000
0.34361586616540435,5.87364431437175,5.709575950777683,918546000000
-0.22464055186089807,5.891381623027979,5.7046064209168446,918551000000
0.3351635192090829,5.838828286938485,5.700261254122767,918556000000
0.30985518633581677,5.824666661877477,5.6964899888128375,918561000000
0.33787910564924134,5.796632431626712,5.692113992431812,918566000000
0.37326961681159726,5.767483852580629,5.688518736072018,918571000000
0.3244552877257859,5.815156195629767,5.683298693199983,918576000000
0.32529722972873487,5.894457467103163,5.6800653020677645,918581000000
0.31948444406482035,5.903533149760361,5.676389582524986,918586000000
0.3788389305371678,6.051671993376327,5.673086311481358,918591000000
0.43015946675547057,6.124565965148631,5.669328176094503,918596000000
0.4986210604568894,6.287338688705027,5.666720908651653,918601000000
0.2729697204034644,5.834623455571571,5.66625362702483,918606000000
0.8805327046114374,7.119932368129842,5.66603792440759,918611000000
-4.034702301635042,6.436131559963457,5.664057422614369,918616000000
0.25487236350921727,5.860439981419725,5.662997437148978,918621000000
0.375991027844504,5.703949742739941,5.6624299977113335,918626000000
0.2508780734833351,5.67121555286346,5.661266136329902,918631000000
0.20659867640610374,5.690766544883845,5.660570498057707,918636000000
0.24059782593112933,5.690152526382131,5.6598650948822025,918641000000
0.26673971294783405,5.702729607972267,5.658768344372425,918646000000
-0.48683220159448953,5.724032069163465,5.658245348858675,918651000000
0.28147805767798084,5.689802108331747,5.65833566759828,918656000000
0.25822074290877567,5.7144806019023395,5.658313099704229,918661000000
0.25032140800151026,5.699371048864125,5.658717400943314,918666000000
0.2207283495192253,5.711166767505304,5.65853586607607,918671000000
0.24148832903101192,5.752466239818425,5.658044753484851,918676000000
0.2532276357877135,5.721025200230999,5.658006304159116,918681000000
-4.01755836347601,5.752834346908701,5.655332838447829,918686000000
0.47096006274457364,5.586492991795248,5.654209023998743,918691000000
0.35279244329569914,5.578433442238472,5.652134708071804,918696000000
0.289951085240732,5.596707215132874,5.650819656275387,918701000000
0.2798683498731138,5.594386596623404,5.648365270604383,918706000000
0.2867983975297981,5.606775327740864,5.646478494417702,918711000000
-0.13665011111497233,5.605724659244578,5.644538109316893,918716000000
-0.04260037152445857,5.5934904012721445,5.642914610147355,918721000000
0.28785241714553084,5.592142601641512,5.641512330578806,918726000000
0.2596455342030966,5.590102163821029,5.6397789644688805,918731000000
0.30174191973426195,5.585141821494207,5.638505204163286,918736000000
0.28445130873786406,5.608318401878158,5.637037217549857,918741000000
0.30786505136545206,5.581404623667233,5.635399819868122,918746000000
0.27366900876924083,5.60506566768862,5.6339944374123725,918751000000
0.30931325458289344,5.573718422270179,5.631524371913611,918756000000
0.26028368230507676,5.609934011754378,5.629147026896579,918761000000
0.2988675172391823,5.573214220028779,5.62640172569525,918766000000
0.2985233346499445,5.5890193979063625,5.623480294586945,918771000000
0.2890180432005057,5.571092057742444,5.619755254835773,918776000000
0.30206856398815685,5.583287173992411,5.616525902637971,918781000000
-3.2920590229439686,5.642133967590625,5.612435086969443,918786000000
0.19157609165151132,5.464459971710169,5.6093217746218,918791000000
0.393037284807738,5.482439766143851,5.606710288976539,918796000000
0.29925124214600496,5.507603752086415,5.604358623444993,918801000000
0.2981528316297377,5.5057031847248075,5.602119515073345,918806000000
0.2649558401823755,5.500510518944791,5.599932747044405,918811000000
0.26332278362684003,5.501329920527893,5.5977764032270825,918816000000
-0.4461160438981286,5.513016708019329,5.595226959623476,918821000000
0.2922250354503196,5.450747454186094,5.59256847137256,918826000000
0.29311404683212045,5.466142083602065,5.589936838446083,918831000000
0.3136610743189462,5.502738277881034,5.586625297639951,918836000000
0.3100311248741061,5.4691606801333545,5.583313733552771,918841000000
0.2967960478579472,5.468959719310646,5.579211526846205,918846000000
0.3213698489056911,5.459451420630942,5.575665146873591,918851000000
0.33634751446263006,5.427296637353313,5.572696835562421,918856000000
0.3193800236927534,5.4566009717732555,5.567744969097516,918861000000
0.31956465375845644,5.43925661857099,5.564051811890205,918866000000
0.3140078459041711,5.442530189422823,5.560774469182438,918871000000
0.3091372055245475,5.460700688020371,5.557579903791462,918876000000
0.35860980593939423,5.620567215340665,5.5543500332372435,918881000000
-1.8159813117509789,4.957503771691085,5.551714070636982,918886000000
-0.8733291476758934,6.080566026811366,5.551814830668596,918891000000
0.5654452050948476,5.611966197943065,5.551708698132865,918896000000
0.3454571023421536,5.409195526784332,5.551776893307929,918901000000
0.25480633944142617,5.34810320060913,5.551469235886659,918906000000
0.25092201053846747,5.36789068714566,5.549876690517577,918911000000
0.24976359029223488,5.327308094261523,5.549454376096622,918916000000
-0.41372724166326513,5.3595917659665675,5.547535547828968,918921000000
0.1683643363113173,5.325819252360173,5.545584992461685,918926000000
0.26544944481897453,5.333682267848973,5.544404732495942,918931000000
0.22819542522085165,5.3436024765725385,5.5428467261745205,918936000000
0.23480151266215532,5.36066615931079,5.54232610360773,918941000000
0.2592019521469749,5.341288140000414,5.540793863957541,918946000000
0.23778633973742633,5.394017008007992,5.540320420584112,918951000000
0.24381415451539337,5.332578156318054,5.53945091123434,918956000000
0.21527112069647036,5.360717607628088,5.539473079910677,918961000000
0.24650043636977576,5.352931761385642,5.538848756958153,918966000000
0.22955957950570405,5.372715588871648,5.538274313840457,918971000000
0.25055360249446,5.371751468193848,5.537138900411348,918976000000
0.27148652638027904,5.347225915552456,5.536560583004924,918981000000
0.27124304453958925,5.352021668582611,5.534949178992559,918986000000
-2.654832706585534,5.362058327847071,5.532370382541758,918991000000
0.3336989676628563,5.277031250876319,5.530477126663835,918996000000
0.35713219234929516,5.266459744869789,5.528676873489577,919001000000
0.3464763268970215,5.269979366243009,5.5271822671442425,919006000000
0.25114513616448125,5.266257469020746,5.524721995345836,919011000000
0.2430012499277265,5.286886181591207,5.523792876415365,919016000000
0.22094640512053398,5.314564713386954,5.52239705268967,919021000000
-0.4939811009550255,5.278723825079143,5.5207493730355806,919026000000
0.28877325343465854,5.2683378314441915,5.519265413911087,919031000000
0.26410081296484433,5.275681715044759,5.518095332947374,919036000000
0.2419716439748922,5.2652877776914,5.516901864701075,919041000000
0.2777541143776902,5.257056502089825,5.515356380180915,919046000000
0.2468171468120679,5.270956094897584,5.513616299569562,919051000000
0.3133604205137828,5.282851771610903,5.511694886447723,919056000000
0.31188421584813,5.249301257584927,5.508732472634544,919061000000
0.32225763165566357,5.261579446291244,5.505895519642595,919066000000
0.2837000217751882,5.272545210671381,5.50261389506408,919071000000
0.31376990615940425,5.2554493507771065,5.498636547517015,919076000000
0.27909121162469386,5.2630417331463715,5.495655218525492,919081000000
0.31737849765976894,5.262667295904591,5.492286677760973,919086000000
-1.8645182724987355,5.27470217265715,5.48775244083489,919091000000
-0.07558534195039211,5.215691261499495,5.484395070129102,919096000000
0.4001865183003997,5.176974902454653,5.4817959606031375,919101000000
0.3094495080157259,5.187670484203619,5.478997944058187,919106000000
0.31144254429680207,5.2113513678432515,5.476290505396946,919111000000
0.29477498735907814,5.2129415132242745,5.4738258405659295,919116000000
0.30748966965635344,5.228051977860031,5.471607461453239,919121000000
-0.29403692740020765,5.179831468717264,5.4674570182905,919126000000
0.28038927366442046,5.161899642277712,5.464710642023123,919131000000
0.3100356520099546,5.158455599491187,5.460875308693219,919136000000
0.3296423906983662,5.163330075874554,5.457006008812628,919141000000
0.29810746297674934,5.2048448189289545,5.453560846591774,919146000000
0.32503856037974166,5.22124075532647,5.449413240546194,919151000000
0.32902599037354396,5.21932503623779,5.4453990602149736,919156000000
0.12345083712245915,4.77085167800734,5.442571804965905,919161000000
0.1232204895233785,4.82589914731251,5.440675326186292,919166000000
0.27319920723528174,5.253631993024563,5.440908702623666,919171000000
0.3083876143242074,5.27161988841976,5.441355414502006,919176000000
0.27348844910205883,5.18167067223488,5.4411648357468945,919181000000
0.28245832366739665,5.171385762142374,5.441755641943704,919186000000
0.2571811588635849,5.158072589800139,5.442013246537556,919191000000
-2.044715054543325,5.19864770381592,5.441206159477254,919196000000
0.380788088967868,5.087437411327693,5.441342242731277,919201000000
0.29113824035819147,5.084877602721649,5.440712971900668,919206000000
0.26180266257653995,5.128983805018914,5.439967980611479,919211000000
0.26483702921071983,5.110485375026254,5.4390570402336875,919216000000
0.2907765419500101,5.104990822428903,5.437374903246162,919221000000
-0.17448708037195343,5.1108108839760344,5.436143430144688,919226000000
-0.035629663335410816,5.069082360625877,5.434459611250542,919231000000
0.3024028201333646,5.092418435768294,5.432585566595564,919236000000
0.2701198091676962,5.082250069550659,5.430876602107255,919241000000
0.2895502099165155,5.102949959451368,5.429459251621916,919246000000
0.2699448475861316,5.089370466734862,5.427710644688576,919251000000
0.28073436042384237,5.0562398040690235,5.427102759200575,919256000000
0.2761537879323973,5.086606167440533,5.425861746381964,919261000000
0.2581426292380306,5.091736537023608,5.425050359148008,919266000000
0.2550639159941725,5.127907223364144,5.424077190865385,919271000000
0.2882447929576699,5.100236597054453,5.4228752213000275,919276000000
0.24572490590711704,5.103202695902192,5.421888560857324,919281000000
0.2767488925050191,5.094043599456819,5.420849748581011,919286000000
0.2614021133501741,5.112042786760503,5.4185994895173275,919291000000
-1.6770654630739115,5.074461482765057,5.416536944557945,919296000000
0.2196295635308061,5.033688535932521,5.414284748379535,919301000000
0.3461713645142379,5.012068850069457,5.411915971021848,919306000000
0.29702182239786046,5.015726939457623,5.410410021785855,919311000000
0.32094853767517195,5.019086193802065,5.408380164118406,919316000000
0.2944143830289239,5.0233952585088995,5.4062016235141925,919321000000
0.2858605179500002,5.053800408074481,5.404382850127771,919326000000
-0.4634400454439521,5.062920988771417,5.402188797450733,919331000000
0.2968724373819209,5.023415523297019,5.401101544761131,919336000000
0.2637321051319762,5.01073183413232,5.399555060558991,919341000000
0.28537192135548556,5.023585419801781,5.3980533249847555,919346000000
0.3075202279715476,5.040576746625017,5.396448568335811,919351000000
0.28081608185459833,5.005560381493984,5.394437443623396,919356000000
0.30748236591723627,5.028663601331898,5.392639615631122,919361000000
-1.5284010793111549,5.042718374010531,5.389509183789387,919366000000
0.38830407337038214,4.9500569842776905,5.386744871301702,919371000000
0.38255318236414654,4.937495873411647,5.3833962951395105,919376000000
0.3300975414133318,4.928889640778544,5.379832006677442,919381000000
0.3283365183761901,4.975767793935389,5.376876982461493,919386000000
0.3322230456083332,4.98258272868351,5.372723839646428,919391000000
-0.10087127699894746,4.9473367209664065,5.368515319136869,919396000000
-0.04170486286621098,4.930450159484104,5.365311898568064,919401000000
0.3460842940230714,4.935887838473753,5.361460008450129,919406000000
0.31618430668807895,4.950725079226687,5.358276641069624,919411000000
0.277745822652406,4.9380272548626705,5.354973862602677,919416000000
0.29475988728528985,4.923926921628658,5.351748597780616,919421000000
0.28675457346030436,4.920741316010502,5.349145303021913,919426000000
0.29078256045370887,4.9628115667240555,5.346173514895721,919431000000
0.3255996347544621,4.956374410309238,5.343045808326273,919436000000
0.35605645429437827,4.9643245597776735,5.339791706463774,919441000000
0.20370618039855662,4.64906296407448,5.336545224521823,919446000000
0.12014973468577053,4.54975641914763,5.334654361017578,919451000000
0.1974591085478262,4.746936970140679,5.3341982486362856,919456000000
0.3351923517986911,5.06196448601875,5.333840295615751,919461000000
-1.2762765342265303,5.002238004667131,5.332410374666796,919466000000
0.2014934643985179,4.86385754466664,5.331529603869403,919471000000
0.29347127682128077,4.905521619555784,5.330897679262401,919476000000
0.26332230180540755,4.890641633192656,5.330561827056609,919481000000
0.2591754513889244,4.915140671162756,5.330352007140167,919486000000
0.22230940577055025,4.839371508680445,5.330323705899295,919491000000
0.23614254798326917,4.879585947999334,5.330399570136713,919496000000
-0.5587639257455365,4.888452053773262,5.330441380932992,919501000000
0.269078789804542,4.845563252643706,5.330603221497041,919506000000
0.25521068725178614,4.879207391974302,5.329987003583319,919511000000
0.2288541562633772,4.854062947036723,5.3298687942682434,919516000000
0.24300319530133496,4.84739692575975,5.329146424895697,919521000000
0.2765291793234723,4.850778423329845,5.328170376731511,919526000000
0.25723980877941693,4.869559537519338,5.326721842872338,919531000000
0.2829096708905707,4.848239428152246,5.325100919525298,919536000000
0.2432355024781557,4.868955187899108,5.323681950895378,919541000000
0.24199489882069503,4.87296469293375,5.321555063650307,919546000000
0.2702747874780643,4.844006822052896,5.319277155442538,919551000000
0.25056608915726647,4.873191582706329,5.317457421613641,919556000000
0.2698625543461643,4.8381152980091,5.316103022415297,919561000000
0.2706775831089467,4.8587703189340266,5.3147737431946,919566000000
-0.9327606452707431,4.87154190303682,5.312448357342766,919571000000
0.326981379075023,4.831834485174057,5.311315959997856,919576000000
0.2617237725930747,4.818544446865776,5.310321889989805,919581000000
0.26292077523816,4.797264101967169,5.309213998067967,919586000000
0.24675720506866214,4.795432825934174,5.308013735931268,919591000000
0.23566623159262776,4.829194694446023,5.307126923089936,919596000000
-0.40534406818534024,4.849384114494871,5.305751597251507,919601000000
0.14306528003886312,4.74742425647078,5.303879041874279,919606000000
0.3266923771618774,4.785413791646773,5.3022623816919285,919611000000
0.2973199622845075,4.78361894340644,5.300403075534108,919616000000
0.25148803869256203,4.7767409889293475,5.2978007308064585,919621000000
0.25980789644242874,4.770326352164097,5.29597069177905,919626000000
0.28612286282902755,4.809262564814355,5.293454286354925,919631000000
0.26933416036437346,4.798274387489276,5.291096386918156,919636000000
0.2696331223096119,4.769659977306743,5.288718544197492,919641000000
0.24906959853972913,4.786617031694509,5.286821706562579,919646000000
0.25758161811722624,4.788171521328577,5.284694009418583,919651000000
0.2578262565977031,4.801117105533222,5.282802537973674,919656000000
0.27427078894183965,4.781356454509468,5.281106897837358,919661000000
0.2790706131546452,4.806559381878069,5.278881997657997,919666000000
-1.8019701691434664,4.783409559464104,5.275574484791403,919671000000
0.33834844011132437,4.7212051072060985,5.273392929750221,919676000000
0.30564977168007357,4.695478229164917,5.2705751481263645,919681000000
0.28012112903769176,4.722207745377455,5.267690447412808,919686000000
0.2670254673795369,4.734406398153785,5.263878636298975,919691000000
0.2583231505747621,4.6815369444875925,5.260615846101561,919696000000
0.2800840588756527,4.734982272908005,5.256549292392558,919701000000
0.27960246824380847,4.724094501135269,5.252339695119494,919706000000
0.2880117238133598,4.712302548195469,5.248137340541198,919711000000
0.2761155780863958,4.706002181323943,5.2446442177199355,919716000000
0.3027188940587036,4.718527145295952,5.241646069950471,919721000000
0.25376715800195615,4.681665200248651,5.23720263427396,919726000000
0.2745656155387223,4.725995557348604,5.234281086182211,919731000000
0.27336604524817104,4.718671693376572,5.231062071980596,919736000000
0.3236134992102865,4.773933817221739,5.227883952648671,919741000000
0.11859019091101282,4.382050993312785,5.225816280572518,919746000000
0.06426811993628054,4.33369009283125,5.224734092489718,919751000000
0.15574439767124854,4.600946509110075,5.224710091731745,919756000000
0.2694884117449689,4.8540816459631255,5.225497082277635,919761000000
0.24335159392434963,4.722763635948265,5.225553719310611,919766000000
-1.1522034785777133,4.7463205464254035,5.225279485407834,919771000000
-0.4541518429545569,4.712014884001129,5.224190729027631,919776000000
0.2952635559481249,4.677403654608031,5.223273657259408,919781000000
0.24468014006754882,4.630213209086983,5.222628967823246,919786000000
0.23068043190257093,4.660307057025478,5.221898957807967,919791000000
0.2334254730864041,4.666940370970693,5.221129810295707,919796000000
0.19230214652121744,4.661265151071169,5.22021615035658,919801000000
0.2499887094683648,4.68417368403606,5.2192689866362,919806000000
0.22918950498980342,4.6657641291445975,5.218039968379942,919811000000
0.21022711308719783,4.653463809814782,5.218002343139473,919816000000
0.22172649767179894,4.661906168051929,5.217355781473503,919821000000
0.21058654111281158,4.656803505059165,5.216805289370674,919826000000
0.21554278705822477,4.657598967155283,5.216138722225713,919831000000
0.20477611788751646,4.703228542520073,5.214966143615405,919836000000
0.19214848072784768,4.658542114666604,5.213972447808623,919841000000
0.21153475984123488,4.68898053626761,5.213313847681243,919846000000
0.22317312295825834,4.6584700458408745,5.21157304330785,919851000000
0.22872106643281148,4.67728165481538,5.2098678365723785,919856000000
0.23059731287542704,4.644417561491151,5.208240530347982,919861000000
0.21626832326702575,4.6660305162707285,5.206223493993405,919866000000
0.24598025899069842,4.6442188760980105,5.204692528412244,919871000000
-1.6311047568013168,4.683057141996535,5.201837623955421,919876000000
0.29009906325909324,4.621920681436051,5.200001035409382,919881000000
0.23168335788041872,4.635060804265545,5.198418017193013,919886000000
0.2080916986925946,4.595809986099376,5.197275606532807,919891000000
0.2058269358116665,4.631504067884079,5.195788476392299,919896000000
0.21642162343079901,4.629052856340228,5.195052526928068,919901000000
0.20825882719709085,4.6237796675917116,5.193861002106604,919906000000
0.20086050149341153,4.624712948116603,5.192813348845492,919911000000
0.2041767557437524,4.629183828890396,5.191814415174515,919916000000
0.20718767681476685,4.617327280918573,5.190732549399561,919921000000
0.21908374605022785,4.616229540942128,5.18944844989073,919926000000
0.22965467442929616,4.652759297859351,5.187710918427508,919931000000
0.16852156764523507,4.632812521150072,5.185510013264868,919936000000
0.2297161247382289,4.613206450409275,5.182570664630285,919941000000
0.23207462120779387,4.6000147059880865,5.180089697757585,919946000000
0.5851604821365887,4.239527728260848,5.17714442029814,919951000000
-0.26484364097887914,5.0001153330353,5.173862163001753,919956000000
0.27725869490495286,4.602533739828081,5.171140350605244,919961000000
0.24716886560228765,4.625511260165287,5.168041403443244,919966000000
0.6304541084207114,4.152682784668089,5.165430800174074,919971000000
-1.4937685333125963,4.97973472205927,5.161337662862997,919976000000
0.19404361008411125,4.578196417637079,5.158525777126826,919981000000
0.3402448806625427,4.545518189585773,5.155822817707671,919986000000
0.45965013143632905,4.2037061450420925,5.15387134219862,919991000000
-0.17990619879886102,5.080956694002986,5.150845412134156,919996000000
0.2635185804977769,4.504175922186012,5.149154209342357,920001000000
0.5205516916676719,4.117157873162005,5.14556953537039,920006000000
-0.07763944395736021,4.986939679601401,5.1431205294736255,920011000000
0.16815469033220223,4.735730678002147,5.139967142734587,920016000000
0.4980964593899324,4.035038521115423,5.137054063608997,920021000000
0.19537623855482197,4.55964997250683,5.134083210872913,920026000000
-0.07148543916720533,5.253396064141092,5.130549628443967,920031000000
0.28082887803566586,4.540866325141545,5.126797825626093,920036000000
0.43513080680233157,3.943879854519951,5.123907789913293,920041000000
-1.5854797320028282,5.16132401142517,5.120622829788526,920046000000
0.20428606884917874,4.6289240036027985,5.116880869367736,920051000000
0.42523066275866006,3.8053770530732067,5.1148064772153745,920056000000
0.16892491846067467,4.611357123260667,5.112735159225068,920061000000
-0.5283341504122004,4.231805879275694,5.1126648484030515,920066000000
0.9352099537036509,4.956350264597391,5.112773987541209,920071000000
0.1726642322357141,4.452394428146621,5.110734059601072,920076000000
-0.33906893460741394,4.375427027927055,5.109266617364515,920081000000
0.07526702160033516,4.5652442748828195,5.1094826869674685,920086000000
0.8630024234609662,4.658111160244891,5.107955175127156,920091000000
0.0757712011864959,4.463339769790576,5.10477505396802,920096000000
-0.5174838625904151,4.488029331740057,5.10340725213724,920101000000
0.8790511431865347,4.602880243248402,5.102252579974726,920106000000
0.20634283562973782,4.499004909071701,5.098809166152388,920111000000
-0.3459915996421159,4.461474646250149,5.095452540127143,920116000000
0.07667399031227809,4.593894556152728,5.094626865319855,920121000000
0.8766739632806396,4.499045720463629,5.092272036189763,920126000000
0.06297399076943863,4.492290372783362,5.089131193546831,920131000000
-0.3137416695291473,4.55843232831586,5.086299519579939,920136000000
0.06147434794949534,4.600448386193886,5.085893408430131,920141000000
-0.5880665384912358,4.40318200895794,5.082934139266079,920146000000
0.0411512524629043,4.4557696489408825,5.081312628166438,920151000000
-0.4109213122761552,4.5724370789588145,5.079544364579961,920156000000
0.2636049212634574,4.529533437994812,5.07969459589762,920161000000
0.7745778480770239,4.3180732306907,5.0781041818120585,920166000000
0.09191769630607377,4.445150370626025,5.076450747280821,920171000000
-0.466540307560188,4.6897615312874725,5.075238796834503,920176000000
0.8298934606745837,4.292282994567466,5.073995382176153,920181000000
0.13180286157549614,4.44816852904005,5.072076719123828,920186000000
-0.3207411078225822,4.624579759576323,5.069650789933823,920191000000
0.07417307525644838,4.5993410768982494,5.068113296205333,920196000000
0.8116166387036092,4.210536939515089,5.065939849036006,920201000000
0.08438442604483923,4.443191034916463,5.062843742326076,920206000000
-0.44124657788792854,4.715393152435339,5.060281282625093,920211000000
0.28672484837225004,4.508628184986478,5.058797545393506,920216000000
0.7304663736406208,4.1046451807093005,5.056383223287164,920221000000
0.06097310620706891,4.497884077999854,5.053821527090504,920226000000
-0.3703744054433409,4.858191284857178,5.051946677092002,920231000000
0.31195642529577944,4.438261912277238,5.050179207961892,920236000000
0.6373765330621509,4.104366905706397,5.048311068786472,920241000000
-0.7298348255845523,4.492811527232098,5.0456654405356245,920246000000
-0.9334711803457448,4.83888139663831,5.042661943481908,920251000000
0.35567593493335775,4.362115088828855,5.041081375621585,920256000000
0.6176567777027318,4.009523944801024,5.038601737410125,920261000000
-0.2129734587339991,4.754164614330153,5.035469808253561,920266000000
0.09587423429962315,4.539231414641587,5.032941666375979,920271000000
0.6584467103640346,3.9785081246237826,5.029987632887585,920276000000
0.14315744438776268,4.366163730625598,5.027249708375399,920281000000
-0.2703331192813158,4.910367520457129,5.024161007572653,920286000000
0.24689236555429994,4.301559226345743,5.020661075434041,920291000000
0.5430550087015282,3.905548949273081,5.01799254495152,920296000000
-0.2631858405603889,4.906065921433132,5.01521360163628,920301000000
0.19807207675765334,4.403392168391191,5.012126904838563,920306000000
0.5268417802558417,3.8865744666347584,5.010141035514903,920311000000
0.10515166015461666,4.362423929570366,5.007996149551591,920316000000
-0.18749350636641315,4.93582640425023,5.005834321404663,920321000000
0.22026664498805168,4.322534816727151,5.002980493760583,920326000000
0.4279718885894157,3.808158167926749,5.00192625123991,920331000000
-0.12472347577077508,4.963607947770919,4.999168494368872,920336000000
0.21476270782486,4.357167325084714,4.996645328083179,920341000000
0.22740574854031073,4.314381276520671,4.993531512099793,920346000000
-0.9785247976720304,3.8152399797486325,4.9904988004706,920351000000
-0.01643892247060651,5.0882031525641,4.986343012529369,920356000000
0.26825890389555845,4.281592917475673,4.982821193358527,920361000000
0.2994473449330931,3.5849103822322683,4.9792551730001025,920366000000
-0.29122560314913176,4.418788264490648,4.976576307484931,920371000000
0.04787764121967124,4.08260007185181,4.975102706028623,920376000000
0.6542762056096835,4.618737821892932,4.974392153468447,920381000000
0.29239913136060663,4.316005914823272,4.971361366813098,920386000000
-0.4956126155657763,4.171852390512417,4.970643806745888,920391000000
0.23935389724284153,4.418018236994456,4.97052126819812,920396000000
0.845355436936135,4.433201098012845,4.968749752996161,920401000000
-0.46235176873385064,4.148546393247667,4.967435864744234,920406000000
0.21528253232476757,4.353805143169792,4.9677206846605975,920411000000
0.6722486493507479,4.332200243180717,4.967002945556841,920416000000
0.08820166656608179,4.238595224646868,4.965344555005023,920421000000
-0.4964873187919308,4.27403012734381,4.9652244510593375,920426000000
0.22534996522799416,4.322278469598285,4.965225242142677,920431000000
0.6311049097467056,4.251680702281378,4.963549337079162,920436000000
-0.3952780981432319,4.2483910920128345,4.961609119743483,920441000000
-0.027354225156760115,4.348571657286253,4.9609035978865395,920446000000
-0.5358168586820247,4.267002343262361,4.95996458997816,920451000000
0.06787826013159394,4.1974029719732915,4.9570953815652095,920456000000
-0.4632336968120998,4.305870533473539,4.955554548303706,920461000000
0.22187329891256555,4.2718955924862865,4.955008731633148,920466000000
0.6855887051658348,4.095080109091788,4.952775324708756,920471000000
-0.5797027842745414,4.348668933761725,4.951071746888944,920476000000
0.18831320023379938,4.216959832404224,4.950247385202194,920481000000
0.6713282795000596,4.062217894151211,4.948676177993809,920486000000
-0.5591182606737429,4.407243622808114,4.946591918702657,920491000000
0.1548870692109032,4.264994316288709,4.946016865581771,920496000000
0.6926342427290394,4.0106922168645935,4.9442743973200205,920501000000
0.01320206160486435,4.231397867226936,4.942008114398028,920506000000
-0.49334506536209327,4.479683784828136,4.940496014326235,920511000000
0.6821873075405295,3.9807212793321414,4.938565599845111,920516000000
-1.1010762123023983,4.194652796262446,4.935064847927896,920521000000
-0.31822188877717394,4.366786120210563,4.932172544255749,920526000000
0.030643568516088866,4.270707771703144,4.930347599838382,920531000000
0.7271183293272789,3.845477129227601,4.927289272569317,920536000000
-0.01837159007160067,4.233791006226121,4.924425037900245,920541000000
-0.4727086133165327,4.524808938636536,4.921510830702457,920546000000
0.48693321481627944,3.9351550294265243,4.91881991993225,920551000000
0.23967437727630156,4.042924092367554,4.9167810025938845,920556000000
0.015622394794593035,4.197248880594268,4.914487024758355,920561000000
-0.4569806550544714,4.595363574692946,4.912116498709798,920566000000
0.6162437628502205,3.737475210877987,4.910459436681726,920571000000
0.09032759545485225,4.152093534814441,4.9089292997967915,920576000000
-0.008391145872916127,4.235009225630367,4.907502724210455,920581000000
0.059264257687594815,4.177659590749039,4.905428679799637,920586000000
-0.5254106652815397,4.729525852927824,4.90428496015505,920591000000
0.48334596712593564,3.7195195800825473,4.901903895860461,920596000000
0.007297566813388048,4.193487167360905,4.900091199944955,920601000000
0.024551672754678375,4.190712808473751,4.898343688204352,920606000000
18.687362435768797,4.188356782034514,4.86145430303124,920611000000
-2.1739493897632722,4.600049515375486,4.76319178009881,920616000000
-24.571246420182018,4.544267070791602,4.710315268904937,920621000000
3.530960785677156,3.9392859845163652,4.70901005021756,920626000000
23.62877402865557,4.085784091857978,4.674644510706132,920631000000
-1.8250741564564898,4.299092609618862,4.581035913159646,920636000000
-22.28628749151156,4.360390804863018,4.531732641573321,920641000000
3.5563290344757275,3.874032318816705,4.530021420175291,920646000000
21.125661536130437,3.480374047715353,4.465882711595761,920651000000
-1.7927089367981566,4.621826686381981,4.380008236180779,920656000000
-19.51388136726397,4.307255763493106,4.335873631562683,920661000000
3.4765348332276136,3.715076381451715,4.334932856535617,920666000000
18.27935579788,3.380444257098391,4.262192167371404,920671000000
-1.0992069549576557,4.443938150335526,4.185649846186407,920676000000
-17.149663023588303,4.1123976700473035,4.1460561790942005,920681000000
19.90029081393551,3.59745336592141,4.133790845700461,920686000000
2.284779471201081,3.7681213122165405,4.05269245657959,920691000000
-0.3597654618620811,4.108318919817325,3.9842897209450387,920696000000
-14.227695694114386,3.881856607334038,3.9758454788691844,920701000000
16.27742094736927,3.2482375730199404,3.929324298653773,920706000000
-0.9490891365355516,4.06870301285547,3.8678499875575234,920711000000
-0.032857431395190775,3.909939117206693,3.8082687140807967,920716000000
-12.256191785653076,3.6956170077662085,3.8004098754032065,920721000000
13.659939630758917,3.166723863872628,3.7570655815020464,920726000000
-0.837374432092707,3.9126948683068594,3.7006475364828386,920731000000
-0.022144844038770966,3.7803225840756016,3.6465086902050667,920736000000
-11.59476615428482,3.565656069096768,3.629094897901178,920741000000
13.100458071664715,3.1677179730408476,3.592193124228337,920746000000
-0.6126040803962025,3.6955016406958823,3.543786730203141,920751000000
-0.021552534523244998,3.613969519668878,3.506267914299137,920756000000
-7.998229557071295,3.4798770023456354,3.4911471645531806,920761000000
10.772866802930603,3.0457402121674755,3.458903318612284,920766000000
-0.5696623871353762,3.585198447996326,3.4165700851880443,920771000000
0.041196514731864406,3.5114824694784352,3.3753628026484144,920776000000
-8.571960002725554,3.3186602244107077,3.353885456181824,920781000000
9.691396840272,3.1566522865058184,3.3399835125526427,920786000000
-0.5158668022598156,3.2934674872074936,3.303669948360202,920791000000
-0.09512140438656318,3.436881335306562,3.2678388962964307,920796000000
-7.448939842116956,3.257378643091221,3.249284338589294,920801000000
8.231716502732569,3.1343099893176785,3.2374662607083953,920806000000
-0.4612134430057828,3.257105696796048,3.20587417896392,920811000000
-0.10431353734463525,3.318090321575859,3.1755123142306383,920816000000
-6.340320897807571,3.1932245280901213,3.165510471892227,920821000000
6.673713658877612,3.0411569212581937,3.1479173298129584,920826000000
-0.5677330298813191,3.2721892053142008,3.1178119346927176,920831000000
-4.268335501752212,3.179665919955969,3.0926760190166287,920836000000
-1.4900725817775895,3.0528144739814036,3.0912166453017025,920841000000
5.949196229421481,3.03648775453078,3.065676576480242,920846000000
-0.2144274657485501,3.2155344800193326,3.0397655866288913,920851000000
-5.635889927898862,3.063049925952721,3.0310793873341266,920856000000
6.01704030719492,2.9918264814526188,3.017735340932887,920861000000
-0.4695280048874018,3.150650080826071,2.993296603958934,920866000000
-4.72284146372668,3.0260923202906254,2.976529648440334,920871000000
0.3389904923035076,2.982958059224777,2.975150330383528,920876000000
4.2506327271910465,3.029592541388798,2.95357376274108,920881000000
-0.12580624520752082,3.0736423453252946,2.9326553887985707,920886000000
-4.387218251654819,2.956449241903577,2.9209968352721325,920891000000
4.103229446230815,2.9459563743266903,2.916393012036234,920896000000
0.08929129989477612,3.050076324234799,2.8973744865983635,920901000000
-0.09161461606203337,2.9769901768379623,2.8784426106352434,920906000000
-3.618595350397499,2.894677713849768,2.875583582787879,920911000000
4.101000779340421,2.9826351844413455,2.864806482687364,920916000000
-0.7019496876009484,3.0075451361680816,2.8465984788313357,920921000000
-3.877964518938586,2.8957996032937716,2.8345920860473113,920926000000
-0.1710446590916925,2.852637197123065,2.8332500808292598,920931000000
3.5451790343478313,2.9564686760764616,2.8150870051373516,920936000000
-0.3681925346343971,2.9018595936502574,2.796901882192106,920941000000
-3.637029802472598,2.828855046786641,2.7905771771624845,920946000000
3.6959063696955026,2.645053461220531,2.781486513894212,920951000000
-0.34876577279474974,3.0682149486386727,2.765981617485516,920956000000
-3.289422501809024,2.8657749162357176,2.7572167885888446,920961000000
3.546578374635735,2.8054456087521684,2.7513076789805813,920966000000
-0.6548585143369,2.88976399962371,2.735591679126394,920971000000
-0.1910222222799037,2.844629777885376,2.7215323345683924,920976000000
-2.6478253914424026,2.7506046321902105,2.7188082520266943,920981000000
2.572140197188513,2.724348721122637,2.7081190483896496,920986000000
-0.37646385502617874,2.983077364180532,2.695364132830598,920991000000
-2.3199041319485763,2.807908409727327,2.6867361717548257,920996000000
2.4304474357176353,2.760650854675256,2.6820677728385136,921001000000
-0.6826111288351097,2.751268630736011,2.672091993288613,921006000000
-0.1715747028478685,2.83213337575669,2.6595383845093465,921011000000
-1.9953604242470424,2.7261687773411594,2.6574117785971105,921016000000
1.825272223585641,2.716857571719842,2.646804788766528,921021000000
-0.36394608966510444,2.820239071938163,2.636886385500673,921026000000
-0.458709459965156,2.7764992079690667,2.6255951209741806,921031000000
-2.302319273584306,2.6680629572010695,2.6231327931503947,921036000000
2.001337832094685,2.7187712005865334,2.6109500449499383,921041000000
-0.3852122883668402,2.7430514581663576,2.5990836637948704,921046000000
-0.1304762849243208,2.7599599572862625,2.588666470646649,921051000000
-1.28680073639089,2.656358152958619,2.5804768744482356,921056000000
1.27753611196977,2.693287627073974,2.5751694220166867,921061000000
-0.44158249960251894,2.658759493589172,2.564323947187728,921066000000
-0.27390068663479916,2.6549686256301372,2.5547325359200874,921071000000
-0.15219694126882094,2.6876214178157514,2.5472797410300276,921076000000
-0.1451392999522077,2.646505512263265,2.5400383619219933,921081000000
-0.21937902866205825,2.644961385869706,2.5336830649703237,921086000000
-0.08521442194859682,2.6585312227078073,2.530177801247762,921091000000
-0.39039634680750734,2.668829507834476,2.521932303765989,921096000000
-0.4183741244246438,2.6439290053472293,2.5147081732107854,921101000000
-0.08078994918509781,2.6253250242483035,2.50900814442912,921106000000
-0.15475198779067867,2.6173039822972672,2.5042880089982353,921111000000
-0.2298170351146377,2.6555240220199634,2.499516081986342,921116000000
-0.21956612723043228,2.60067211571423,2.4954595688926915,921121000000
-0.22372729884417125,2.615236353749162,2.4908329959627116,921126000000
-0.5120879443379915,2.5944293993498335,2.4856602728798354,921131000000
-0.40484990019155265,2.578177914006534,2.4787729860355205,921136000000
-0.2807219679771305,2.5939513974102995,2.4716429104170747,921141000000
-0.29861288638842,2.546047956040435,2.464691303073703,921146000000
-0.27365743674041837,2.635119752031325,2.458363985234951,921151000000
-0.2965346773663986,2.56886491655837,2.4519744608834495,921156000000
-0.27929701539782814,2.574478016795875,2.4458547558576194,921161000000
-0.3162933233452259,2.526693044287384,2.4400670888305314,921166000000
-0.17361535860299554,2.5591106217492214,2.4341721724698098,921171000000
-0.20332912065616196,2.4963773595872394,2.4278335759860226,921176000000
-0.17041534807438624,2.563920870112493,2.4218076879605817,921181000000
-0.24964964427307304,2.5028810173707785,2.4159011867602054,921186000000
-0.2624031065466273,2.5581887659003875,2.4097954794229333,921191000000
-0.13951909157497633,2.5197940431752097,2.4029631502220385,921196000000
-0.23816213527733157,2.5163610064513846,2.3966398023553794,921201000000
-0.1304733466691973,2.482484866439788,2.390334250840475,921206000000
-0.205703666977575,2.4986206270322713,2.3828559785092436,921211000000
-0.23623181931557538,2.5164487435427203,2.376618082108553,921216000000
-0.26852634901850886,2.5188400963750435,2.370114850302863,921221000000
-0.2820212293789196,2.4756045727049667,2.36435670674894,921226000000
-0.2821281982984812,2.4686940974585934,2.359521852137529,921231000000
-0.4799124244304918,2.468965485531391,2.3522192815913296,921236000000
-0.2717463778703566,2.428286639415891,2.344809100902991,921241000000
-0.29021484417190024,2.4907299766342006,2.33645374045365,921246000000
-0.22025799768140636,2.4496449634714823,2.3287847006447358,921251000000
-0.28379460592003647,2.447627665599976,2.320846433059103,921256000000
-0.2818286537066546,2.4441485570846155,2.314214635696423,921261000000
1.1656968849387328,2.4925600290115337,2.298659674031855,921266000000
-2.0702480822572977,2.4407845040371754,2.296093097491976,921271000000
-0.058304631275117945,2.380388591884851,2.295745899478107,921276000000
-0.2497115403858257,2.3663185357539174,2.2956132727064054,921281000000
0.8880557396593168,2.4541331206740695,2.2898428395003467,921286000000
-1.6404004539638817,2.389363370117858,2.288505353977522,921291000000
-0.18259683461405116,2.3690839984946885,2.2891237778776805,921296000000
0.9320968207364332,2.3166984972514304,2.286804611973714,921301000000
-1.4609152058940693,2.5024042927677614,2.2817101102116975,921306000000
-0.467690819283195,2.3832358650750862,2.2822610781703534,921311000000
0.9946694518663635,2.271924941158574,2.2798413337912398,921316000000
-0.35231915686628024,2.4800719779680622,2.273717277443963,921321000000
-1.530057547903146,2.406129621134869,2.2736881644541653,921326000000
0.8913395104374116,2.2861028636811667,2.271971556740147,921331000000
-0.4095722418300087,2.524513516547097,2.264656311924381,921336000000
-1.858356803330752,2.377344826165657,2.26156428192292,921341000000
1.1685774294236033,2.3083834242687473,2.2558998045891534,921346000000
-0.4007552195224149,2.4756412014969023,2.2479117790857592,921351000000
-1.479910204798708,2.355448692840909,2.2410696707697944,921356000000
-0.5057266653784368,2.265069684509475,2.241369885580132,921361000000
0.7748432654001979,2.3441193756591368,2.2348064982904146,921366000000
-0.3275868524597655,2.3993901806779983,2.2281449151391093,921371000000
-1.3988195987268341,2.3246614125459426,2.2231088118686038,921376000000
0.6394902160604934,2.339518756244128,2.2228088620560666,921381000000
-0.19290769653486065,2.313397907130395,2.217331361830167,921386000000
-0.32239391597983286,2.374319208019186,2.211819270455271,921391000000
-1.3132601472389729,2.3274769850696813,2.2070186809853167,921396000000
0.5402768194117256,2.3469638458703903,2.207731595006502,921401000000
-0.32719400586245806,2.3081615419453985,2.201230987227968,921406000000
-0.28883818142296913,2.324290265875078,2.193416054618274,921411000000
-1.4330193912335996,2.275123621955531,2.186813444645606,921416000000
0.6704047923636718,2.2795754001636137,2.1856529348759492,921421000000
-0.21654714904355707,2.3444795835079963,2.1794748503434693,921426000000
-0.28252184181816975,2.306844377180312,2.173061322991873,921431000000
-1.5620465762537104,2.2267488739925083,2.169659326624796,921436000000
0.8792522416611361,2.1984737742885163,2.1694275503911076,921441000000
-0.289779883210513,2.3593712022149775,2.1648007028632605,921446000000
-0.3170590657720486,2.2698729381981324,2.159967801500469,921451000000
-1.4159270089554816,2.230892607346165,2.161317879743467,921456000000
1.1540482443302365,2.276604357496221,2.1594128147155938,921461000000
-0.376440410006615,2.2952340066923718,2.154090755467359,921466000000
-1.4439612857908097,2.253311694198872,2.155177421447292,921471000000
0.8723571720908203,2.2747522098127324,2.155048229051823,921476000000
-0.35093820497462597,2.2365784428447206,2.15150466673532,921481000000
-1.5261670040785291,2.289910012586177,2.1508842136346025,921486000000
0.798951817338586,2.275820218474091,2.151592502984649,921491000000
-0.3087264087152338,2.2557888231833347,2.148700354295401,921496000000
-1.4274986022685858,2.2402172764803874,2.149966274894192,921501000000
0.6257620969588453,2.2668454488640246,2.1491830874734585,921506000000
-0.36267733468899427,2.266425803900399,2.143606570495667,921511000000
-1.614175588133579,2.2541331588393274,2.1423663194084197,921516000000
0.8113753184912093,2.232229975541545,2.142000871986809,921521000000
-0.20634150001486304,2.2985087931717376,2.13705492764389,921526000000
-1.6118311852141838,2.2999660422674446,2.1348668598213973,921531000000
-0.18385843346462613,2.2337065232108677,2.1360769499996834,921536000000
0.8724878921320991,2.251059234853116,2.1350446084878234,921541000000
-0.3826300943662764,2.262107088410373,2.1300542692417634,921546000000
-1.508928901700084,2.2327143439142763,2.131309359673978,921551000000
-0.25889977002950976,2.215761198003996,2.1327749944417786,921556000000
0.7798983383447888,2.2355252015382656,2.130736767604605,921561000000
-1.5189015242217034,2.251421096053897,2.1286258343376625,921566000000
-0.19001855299960635,2.2517346612787255,2.1299717829655718,921571000000
-0.37242255944962244,2.206156198897721,2.1321999497614064,921576000000
0.78583693947122,2.272504443125131,2.129325549803639,921581000000
-1.4689704441120615,2.1957480064344574,2.129616501733769,921586000000
-0.242459345956748,2.2643973951131504,2.1310451766330067,921591000000
0.7685074680392427,2.134132508439564,2.130481608604595,921596000000
-1.571788102126558,2.3006108031253847,2.1295802611251897,921601000000
-0.3367568120646519,2.3070117814772533,2.130697728827595,921606000000
0.8536978502030037,2.233019887991325,2.1278725097125024,921611000000
-1.5771512667062655,2.279380822796283,2.1206499556674827,921616000000
-0.4767857031757124,2.242961192394507,2.120578937457602,921621000000
-0.22067492158859606,2.2303052798968475,2.120899289590904,921626000000
0.7434894722505015,2.213899880015242,2.117088698266768,921631000000
-1.735620148924901,2.295855549290442,2.1124379230390566,921636000000
-0.18195881429047975,2.240116553482924,2.112407746903083,921641000000
-0.295273046389288,2.185608230798785,2.1129229858891856,921646000000
0.8636553016849933,2.23184229133682,2.107135672453662,921651000000
-1.5848824792651446,2.2911924813185656,2.1069801818540976,921656000000
-0.20456697010948624,2.1798961318689134,2.1070896225292017,921661000000
0.7011332780012495,2.219620785711135,2.1014495089292207,921666000000
-1.5628895436643913,2.214025237210927,2.1014487181421786,921671000000
-0.24533962563023604,2.173104367436658,2.102184552276448,921676000000
0.8639657320683378,2.2493941603608705,2.0965934453749586,921681000000
-1.5768122590014544,2.2216358158694702,2.095711413820716,921686000000
-0.21653940097824717,2.171655607581383,2.0966832389281174,921691000000
0.854880712412405,2.2693574995055417,2.0936431849180694,921696000000
-1.601526891391704,2.2208067391449124,2.0916801940330854,921701000000
-0.20461926114806814,2.1644564420866503,2.0928974181898012,921706000000
0.7393920971999944,2.148848289627339,2.0885064366947703,921711000000
-1.7105078191962126,2.2934188216008145,2.0835527123357838,921716000000
-0.20029848325542765,2.170686367130609,2.0832931742057377,921721000000
1.0420095640947147,2.176143934308941,2.0769428266747174,921726000000
-1.4519895779424483,2.2132425858782105,2.070662863717658,921731000000
-0.41691195306803897,2.1552623190334077,2.070508070030545,921736000000
0.9770069849113622,2.1639260213859375,2.0666647718722397,921741000000
-0.3488877803557214,2.218510395741805,2.060538828432765,921746000000
-1.5448023990042676,2.186619803956265,2.058730090694649,921751000000
0.9484771930106584,2.157444400037863,2.0572623097308234,921756000000
-0.30605064432237483,2.160851395218312,2.0518904071057804,921761000000
-1.5036848771206288,2.1932598975982076,2.047810624525206,921766000000
-0.13533348694883937,2.1307619737011025,2.0487208000141575,921771000000
0.746892598733065,2.1812750290593454,2.044530915367744,921776000000
-0.2869314897619537,2.208525900877395,2.039434362320273,921781000000
-1.4407644949592993,2.1451933817822884,2.037922775911842,921786000000
1.0023849721977647,2.115121606819988,2.035841935857673,921791000000
-0.3865409737680926,2.2143397076501614,2.031304918069845,921796000000
-1.4051190806925067,2.185332381722722,2.0289466552400444,921801000000
0.9251958525919395,2.0998640258206493,2.0274946096800557,921806000000
-0.36083901802882434,2.1746311180392195,2.0228236756563795,921811000000
-0.3484637853192461,2.16145992683766,2.0166768678825786,921816000000
-0.43043815376659433,2.1159995375769522,2.015171367223161,921821000000
-0.1665354271264656,2.1734578010067556,2.010420145513212,921826000000
-0.25769761060829277,2.103920988963594,2.0040743347686214,921831000000
-0.26387894194257405,2.138798148178154,1.9990519652137773,921836000000
-1.1685610938993607,2.090762509890886,1.9946712547852599,921841000000
0.7403396330260427,2.06889458661973,1.9927851568102213,921846000000
-0.322940181223291,2.0880146611887547,1.9883149611181394,921851000000
-0.25535396031468655,2.1509459800550723,1.984058128875981,921856000000
-0.25482305646959497,2.1007578627860775,1.9800857122572302,921861000000
-0.2530537750511815,2.118195535204934,1.976415129223747,921866000000
-0.21741549125081996,2.0815996722853396,1.9725382223544703,921871000000
-0.2553957948481047,2.0912290340912087,1.9696490454255189,921876000000
-1.2142705933042326,2.0712290487659915,1.968771345171032,921881000000
0.8109914003394068,2.0665215656422715,1.9665256366615447,921886000000
-0.2838623552126504,2.149324522569459,1.9636286664693978,921891000000
-0.2798743557099672,1.9785719972380114,1.9612869933511652,921896000000
-0.22292973294076907,2.0655667465638654,1.9588874786226669,921901000000
-0.23824428603368888,2.0966121532116815,1.9571706437845773,921906000000
-0.24454675959866298,2.093619847407462,1.9553344377959734,921911000000
-0.32956369473523234,2.0423409346936534,1.9513492729601514,921916000000
-0.25771398682366026,2.075191152836198,1.9464375919209311,921921000000
-0.22282287412133311,2.051070446018143,1.9422225649286422,921926000000
-0.193066185371076,2.0663313725071966,1.9382706751224748,921931000000
-0.21621011333278153,2.0653741780885766,1.934381453816672,921936000000
-0.21134654331780547,2.0486185481138133,1.9311038467355426,921941000000
-0.23317248587829545,2.036262359022763,1.9283966050470784,921946000000
-0.23388744442422177,2.041543047544023,1.9252986021877163,921951000000
-0.18998992080746882,2.0384943000650178,1.9224819536815552,921956000000
-0.1782679085082054,2.0255338049549563,1.9202635386304265,921961000000
-0.20697196747219096,2.050341400486253,1.9183338956970752,921966000000
-0.20089649472242754,2.0047255490167926,1.9166009224225167,921971000000
-0.2035316649937622,2.027022075821197,1.914991385342712,921976000000
-0.24164249753635442,2.0339244781800034,1.9127322069791353,921981000000
-0.24812036241651586,2.032918787053281,1.9087324943253836,921986000000
-0.209712151179747,2.0217013102886634,1.9051564284524714,921991000000
-0.19069397340469849,1.998040988398278,1.9013854069420653,921996000000
-0.19320198342615896,2.041289966640649,1.8981529758429894,922001000000
-0.1677439502243273,1.9803478357073845,1.895233417264849,922006000000
-0.18173630243983319,2.0022333169221227,1.893074998147234,922011000000
-0.1694497617025222,2.034325740065333,1.8894091602294336,922016000000
-0.14862082702671803,2.0016345461192033,1.8869390050401154,922021000000
-0.16999601640319506,1.999310590096644,1.8847786272413567,922026000000
-0.15941369708502595,2.0214753224513924,1.8822374845768837,922031000000
-0.150795687603015,1.9929715216565462,1.8802772758611306,922036000000
-0.14818237920322538,2.000765096009638,1.8782520947123071,922041000000
-0.17661059396478682,2.000235034081953,1.8767998308229847,922046000000
-0.20264888368101688,2.0178099958411306,1.8749201882127027,922051000000
-0.18884664551064678,1.9875231035894956,1.873997858350547,922056000000
-0.1792030867628602,1.9826064677756254,1.873072864862583,922061000000
-0.1310401545143789,2.0250120028888405,1.8713967721037446,922066000000
-0.19298916845849276,1.9960550827129784,1.8713317632811255,922071000000
-0.1521548817038122,1.9756757449544586,1.8705492912974497,922076000000
-0.14494633305722787,2.0025515967735505,1.8701463335577162,922081000000
-0.21092931876397936,1.9920823003600212,1.867158661192137,922086000000
-0.18366911181026443,1.973051295654721,1.8638728556366668,922091000000
-0.145176098760384,1.9847817812943327,1.8616205605480176,922096000000
-0.1507836944501057,2.008088561581534,1.8589679290462828,922101000000
-0.14665711438975923,1.9841764358253895,1.8561911798336181,922106000000
-0.11030513301728653,1.9733153078773995,1.8534794725130463,922111000000
-0.09725905491335857,1.9578203774155565,1.8509150205941314,922116000000
-0.14891113022021768,1.9830693019699446,1.848982135865447,922121000000
-0.09132299879581052,1.9584173920852077,1.8467308865154344,922126000000
-0.10935944475869006,1.9384522207632198,1.8448175567202052,922131000000
-0.13156784738165997,1.9829618174575714,1.8432545570874808,922136000000
-0.08872546346236705,1.9796296954214894,1.8417961663235332,922141000000
-0.10489898361248158,1.9490052737675623,1.8399691916908987,922146000000
-0.12374912815317883,1.9461792322165339,1.8387425566654312,922151000000
-0.07100551105507247,1.9630934319812914,1.8380118514264687,922156000000
-0.08830237378021681,1.9747749477018273,1.8363986292893226,922161000000
-0.1063704713013081,1.9390743934928738,1.835563019417864,922166000000
-0.06865172291830725,1.9610215356581875,1.8347022209662838,922171000000
-0.09546258399824963,1.9254837516166408,1.8342908829804063,922176000000
-0.06716425040357683,1.9455413446296321,1.8336227744911726,922181000000
-0.09630008180034122,1.9265814264120111,1.832340984032447,922186000000
-0.15407303025485264,1.9769311558866771,1.8282871769008175,922191000000
-0.09955614870590636,1.9324116154131776,1.8249878644311992,922196000000
-0.07467260293733041,1.9330110523462518,1.822552166852346,922201000000
-0.048964313054404636,1.9463232497897267,1.8198740529342776,922206000000
-0.041691971520085164,1.9480922393848035,1.8173060067964455,922211000000
-0.031331514723073724,1.9320416568195755,1.8150301330256957,922216000000
-0.03905101607036493,1.9295284744239434,1.8129946318775099,922221000000
-0.032110641110325105,1.9286161118972112,1.8111188516045789,922226000000
-0.04878138292818996,1.9362272938610021,1.8093826291837485,922231000000
-0.01779388983216842,1.9285752327057106,1.807483892127823,922236000000
-0.036393678541762876,1.9285328137178683,1.8063024980952436,922241000000
-0.044207660485740256,1.9306233013359975,1.8048774727720902,922246000000
0.01599582368571223,1.884612506934757,1.803661742319555,922251000000
-0.03146918527372082,1.9427067598678425,1.802508849449625,922256000000
-0.03355893720221733,1.9237812507464507,1.80133197439008,922261000000
-0.02130391385619687,1.898472801675618,1.8001495957815032,922266000000
0.01868234615595221,1.9139602763405699,1.799857538740874,922271000000
-0.1394170808223599,1.9394193136963735,1.7985971488589652,922276000000
0.06937612752228192,1.9246444346384413,1.7976663544512677,922281000000
0.05985792791075139,1.946081107108544,1.7964259840148116,922286000000
-0.061702079368455495,1.9086345521748231,1.7934527927673658,922291000000
-0.944093096156612,1.8970153242430312,1.796056705157466,922296000000
0.06772992441772184,1.903602977131278,1.7985016223475299,922301000000
0.3844482654975183,1.8858423498356487,1.8035428838176195,922306000000
0.584356172579836,1.8662958493364206,1.8038419759603483,922311000000
-0.976330105211908,1.9780454882691763,1.8036392605219789,922316000000
-0.009162696877083428,1.871354104099079,1.8063234852639336,922321000000
1.092961498182597,1.8898196504459115,1.8046786005643036,922326000000
-0.08524272030313831,1.9246634376296912,1.8014161531502235,922331000000
-0.9561058014631686,1.9255139226795865,1.8024450321759562,922336000000
1.0536516936191058,1.8180859042357058,1.8002061239783171,922341000000
-0.023230369942179543,1.9997194845425927,1.7974382611407054,922346000000
0.0725155169680679,1.9520674955702184,1.7940255344621896,922351000000
0.10869441098320479,1.898471048380452,1.7915455041646982,922356000000
0.03588361006500238,1.9149855568102359,1.7895826774965582,922361000000
0.02635339977334792,1.896186354958863,1.7868292937819534,922366000000
0.027379614966800893,1.898722526010961,1.7839454278963702,922371000000
0.04557136885257967,1.8895125907953005,1.7814043271577502,922376000000
0.056275032503383414,1.9291392082356444,1.7785730747963253,922381000000
0.08984037025071817,1.8938169368008002,1.7756767647255283,922386000000
0.04586724624635208,1.8954451003482407,1.7715885921618306,922391000000
0.051904699500220565,1.8956772111636422,1.76726011838976,922396000000
0.06060202791427503,1.857443024347338,1.7632330981825728,922401000000
0.14390553712446646,1.8361406706736465,1.7589209258409286,922406000000
0.11947549031924441,1.8622688097274602,1.7559148033138867,922411000000
0.14401237437160805,1.7128290120459833,1.7517436020576032,922416000000
0.06425301282000764,1.9482169337658262,1.7487670304086445,922421000000
0.1293504928239082,1.857576917104883,1.7458626940828652,922426000000
0.1233630489029331,1.839154971264927,1.7431467853380973,922431000000
0.11152524573220679,1.8380837704898982,1.740651508896749,922436000000
0.08861582294338671,1.858383903536374,1.739201883028768,922441000000
0.15023705940412538,1.7505859797315895,1.7375039270343113,922446000000
0.17831999389120487,1.939220970820394,1.7362060277673574,922451000000
0.2794360620561024,1.832939167700199,1.7348284917767849,922456000000
0.2241762667148172,1.7838349726084455,1.7347877026756888,922461000000
0.21994200714582962,1.793575924596174,1.7350804718053314,922466000000
0.17948092732318996,1.7909922662477424,1.735033785230003,922471000000
0.17775555773066376,1.7794454196846672,1.7346438488347224,922476000000
0.19434942244462522,1.8042119669897823,1.7354639396823142,922481000000
0.20588715264557414,1.803616188236129,1.7359674462582204,922486000000
0.18860180466171297,1.8183338716401902,1.7356826040293383,922491000000
0.11904638857469703,1.7836520294362295,1.7339523498401057,922496000000
0.18707780496795448,1.8241306387934089,1.7326265048398923,922501000000
0.1949757008119912,1.8056783377885197,1.7311308087922173,922506000000
0.21403187672680585,1.788838016854141,1.7298807687383262,922511000000
0.25280298853410926,1.7879880274573736,1.7297609278253927,922516000000
0.1865168309724365,1.7868169287108315,1.728919320598058,922521000000
0.2082877239550344,1.7777338870893125,1.7286899729230536,922526000000
0.2395365335627373,1.7635024027032997,1.7286526264200281,922531000000
0.24768855003954923,1.7472367393858177,1.7289493409149244,922536000000
0.2385346458309594,1.7411610803939925,1.7288884071931407,922541000000
0.21939715629283918,1.731571860838396,1.7292497843729606,922546000000
0.2345918084868059,1.7535134407316058,1.7301539344906673,922551000000
0.24924341020099564,1.723073184744465,1.7311007196286685,922556000000
0.2869645188226758,1.690041308776567,1.731081928801464,922561000000
0.26923943261568195,1.6460517106100716,1.7313644137167097,922566000000
0.26521400741260454,1.6870732959804011,1.7324087782106998,922571000000
0.2640795308932411,1.7107326371697293,1.7331024591835962,922576000000
0.2410072887703267,1.7713259354340498,1.7334882098980346,922581000000
0.2543675893597924,1.7959880879072716,1.7348640252299776,922586000000
0.2593056925779173,1.74919613533183,1.7356631025561795,922591000000
0.17656383571136364,1.7181003317063188,1.7343210943074856,922596000000
0.23233533155177946,1.7735715123533204,1.7336258602935117,922601000000
0.2314359162279705,1.7145744479914888,1.7323151538078694,922606000000
0.2929357747514898,1.7174051482971278,1.731379628646153,922611000000
0.27649906631678073,1.8078478769134843,1.7307873774284583,922616000000
0.2737125616973885,1.7003713758103491,1.7303224814469367,922621000000
0.3125293995391872,1.7574371672750249,1.7299257418702443,922626000000
0.2557200941875545,1.7662206849361592,1.7296438995575407,922631000000
0.2773122814486274,1.8479671874283992,1.7293607433147298,922636000000
0.2661776110189485,1.714911808030852,1.7292894163493118,922641000000
0.3200146535505123,1.6944760703599426,1.729036837615251,922646000000
0.2753353547581654,1.8058183851920055,1.729791069481491,922651000000
0.2924359066563161,1.7839895776919457,1.729668894503251,922656000000
0.32144921882279187,1.8599204284342161,1.7293854655360201,922661000000
0.22455544743317293,1.930401100332673,1.7272066727982878,922666000000
0.2884327262987303,1.8700671174175076,1.7252099476001794,922671000000
0.3198367738790867,1.9268725270350726,1.7238664211816408,922676000000
0.32304377940331536,2.0360093773591292,1.7227053020631724,922681000000
0.3398587184002044,2.055062512320358,1.7216816421517533,922686000000
0.3506013778982505,2.148473901178429,1.7208712658232674,922691000000
0.38228948287030873,2.21848321825174,1.7212948477326857,922696000000
0.35564233784106897,1.9752733334563428,1.7223064847244471,922701000000
0.3824620442167224,2.39904516929947,1.7251858214527136,922706000000
0.3817230675642552,2.3841594130681574,1.7277706753140076,922711000000
0.4094521405301152,2.4423124668688367,1.730822550512057,922716000000
0.44814697730259007,2.4933664562444684,1.7346582430275395,922721000000
0.3659501931378581,2.1185831095034495,1.737807375457595,922726000000
0.3497062736601652,1.9873365460523402,1.7420154834877848,922731000000
0.3029793641779917,1.8686974239089604,1.7453895051359012,922736000000
0.3577153845212922,1.8667953144785159,1.7489200919111478,922741000000
0.31394987538312263,1.8259928547493602,1.7523431340237423,922746000000
0.3702142500152884,1.850558552634583,1.7559140837159517,922751000000
0.3593559703005944,1.8866803099673437,1.7592122873484741,922756000000
0.31657502169160123,1.8792802790405199,1.7626954577225245,922761000000
0.29982516352317273,1.8752411284436021,1.764037636920151,922766000000
0.3215436441489842,1.8557311775719838,1.7655415929211618,922771000000
0.3524504094304662,1.8588972854506862,1.7666621590016502,922776000000
0.3041091185896276,1.8135578517967899,1.7684645596626267,922781000000
0.3533981385157167,1.8401293095131221,1.77046559945527,922786000000
0.3514218586994968,1.8878894445552987,1.7723498709594223,922791000000
0.3486963191462995,1.8474956114520082,1.7744936013583827,922796000000
0.3534459485851323,1.8484950876502924,1.7772275693227761,922801000000
0.33170751489388817,1.8641864462407305,1.7794844102986072,922806000000
0.35423601225292745,1.8349394550281366,1.7820231105575548,922811000000
0.3677400888820714,1.8705774133601303,1.7845927265813157,922816000000
0.35366099617985286,1.883358354458297,1.7871881529834082,922821000000
0.355631140931259,1.886491807733896,1.7894957637836932,922826000000
0.365849257736977,1.8607073940064036,1.7920125268368374,922831000000
0.35161916964336726,1.8728696993731355,1.7944235514242193,922836000000
0.3783650394544202,1.8593047279505812,1.7966288308826064,922841000000
0.34524020917406667,1.8523018696461442,1.7990761149104224,922846000000
0.35469304624460096,1.8555435410843448,1.8012175911400667,922851000000
0.39880304587644855,1.874668308803648,1.8033244618411517,922856000000
0.39081618076877933,1.8652050830526945,1.8054534668597684,922861000000
0.3205346523780303,1.8605027895406692,1.8073066937958184,922866000000
0.3249675660309897,1.8762867019173568,1.8072515354903538,922871000000
0.3845254523676986,1.8835318868014992,1.8076958265130725,922876000000
0.37494248697996924,1.8743224615646086,1.8083696343523283,922881000000
0.3671162746580908,1.8536015623124393,1.8093691127740559,922886000000
0.3878550893710518,1.8776966102656463,1.810487438323171,922891000000
0.3946145690729995,1.8512711026876294,1.8113201967754826,922896000000
0.4070804294247843,1.8815856502704364,1.8130172258271782,922901000000
0.3613628451082635,1.8886232284604523,1.8145803261473434,922906000000
0.3602805913315625,1.9110350182359235,1.8162042537115821,922911000000
0.39240671338831057,1.8560312908636165,1.817107534298187,922916000000
0.38276605174073186,1.848358289126274,1.8190455493167483,922921000000
0.3910625223538766,1.892747180510363,1.820986691416622,922926000000
0.38808235094593807,1.8520423462652404,1.822172583649768,922931000000
0.3704170756050037,1.8678682934726636,1.8242892875709247,922936000000
0.39383040652704254,1.8966768549974704,1.8253243544226352,922941000000
0.3756039889297069,1.8895057314325159,1.827266791127059,922946000000
0.38467627587340336,1.858007940491439,1.8291776047289896,922951000000
0.410799472368141,1.914464410484017,1.8309779104179145,922956000000
-0.4145873706602602,2.1694142930228812,1.8346147387741942,922961000000
1.2782782139424145,1.7445551188692245,1.8359724048208586,922966000000
0.2227264996207793,1.7508991549632185,1.8342970600161475,922971000000
-0.4848808530629608,2.119172288610712,1.8380093204483035,922976000000
1.4152400456177923,1.6310853016476392,1.838751611700794,922981000000
-0.599574909687295,2.0646983417059026,1.8389402410867153,922986000000
0.4887179464636002,1.8145577446882883,1.844106798993543,922991000000
1.101489305050877,1.6936627915055316,1.8467496753455643,922996000000
-0.5400042450749301,2.161426802757505,1.8481751964769009,923001000000
0.5867065901476058,1.8684433075134441,1.8544772524927955,923006000000
0.3146173484820838,1.881071742150134,1.8593051481629586,923011000000
1.3083742672956846,1.7900180538165429,1.8616648739713368,923016000000
-0.44291642316108515,1.9485639834346606,1.8660298936548365,923021000000
0.5181306511093824,1.846944506401943,1.871150176967506,923026000000
0.39481341141152143,1.905564060817668,1.8762133220390964,923031000000
0.38772714913510303,1.8645786133547886,1.8806109697895603,923036000000
0.46787264264739714,1.961376441661886,1.88557565287611,923041000000
0.4238842728957293,1.8748667084609565,1.8902534175231445,923046000000
0.46966430661167197,1.9475631332528522,1.8943898518758013,923051000000
0.3580524871601231,1.8722570534029408,1.8995194162193811,923056000000
0.4106419056146616,1.9317178671941682,1.9047524975320564,923061000000
0.3839021452783559,1.846780422882386,1.9090277743655093,923066000000
0.31224303446220386,1.9518645179164582,1.9125406096915527,923071000000
0.40875663599656337,1.9800136331178446,1.9154448763592962,923076000000
0.4244474753089077,1.9768543870393065,1.9184992780795835,923081000000
0.3997088805431085,1.9549711361672333,1.9216947822042778,923086000000
0.42510883552315665,1.917839773580224,1.924604987535674,923091000000
0.2885026715531742,2.0247269530066716,1.9269756183181126,923096000000
0.3745302717875794,1.9372121471358257,1.9298172831192604,923101000000
0.3892629755861045,1.8792478697956703,1.9316035495402362,923106000000
0.383083601305876,1.935545960886095,1.9308075542499639,923111000000
0.3875362430891889,1.9109396850603393,1.9325027012871874,923116000000
0.3907972894598201,1.941484242677596,1.934047703168463,923121000000
1.3694139901450995,2.2427612135129467,1.9341920451914334,923126000000
-0.7461809028579516,1.7701715030201988,1.9324951609088463,923131000000
0.3430146122272891,1.9512268264415618,1.9335072093898238,923136000000
1.4233832521500387,2.2637528239498446,1.932149187346818,923141000000
-0.5975542195845177,1.7295717328436906,1.9254512181982546,923146000000
0.21151937149412256,1.7910145021954371,1.925382944948333,923151000000
0.2933593975865983,2.10673296911607,1.9251545430931185,923156000000
1.8290233439138888,2.0712416036140695,1.9173115088545367,923161000000
-0.9227520483324678,1.580955385483096,1.9153272585130232,923166000000
1.8678185499891882,2.143845290532073,1.9126057758278125,923171000000
-0.7803418964377831,1.7261996616916357,1.9062577630009439,923176000000
-0.36105447351024517,1.5538684142915442,1.9060658809785371,923181000000
1.3026076597858447,2.201096193006311,1.895032168637741,923186000000
-0.4179710714789674,1.3383945961981691,1.8920787541988968,923191000000
1.8953710307431588,2.180952808543875,1.8866766691725216,923196000000
0.4716348678657434,2.1176515379194036,1.879866209814748,923201000000
0.5668475480629257,1.7998747118941187,1.8756293589974875,923206000000
-0.5177835787790102,1.069146292347585,1.8760832146703394,923211000000
1.2331017145065282,2.5825148001237195,1.8682967583036059,923216000000
0.44465199663646326,2.1440151285030624,1.862401839999538,923221000000
0.5144876448367257,1.878090029484626,1.8587316504130433,923226000000
-0.4918758465643771,1.049058972871772,1.8576530224102559,923231000000
1.3343772295504472,2.337919601269557,1.8541425335603474,923236000000
0.278582130827336,2.270347031216476,1.8479354139883977,923241000000
0.5247602075493973,1.7769423104087105,1.8433140435628694,923246000000
-0.8847033364140231,0.7665662079629213,1.8420397853095736,923251000000
1.5718342551358158,2.0219899797141636,1.837758164766494,923256000000
0.23094268337931811,2.448002473735792,1.8300599787946208,923261000000
0.5319930007148868,1.833905639084805,1.8262743850620817,923266000000
-0.5833295771590146,0.9212732049030156,1.8262259743524523,923271000000
1.390858856421109,2.411941400403821,1.8207804795940066,923276000000
0.40395462733669046,2.2351978325200133,1.8165344779872539,923281000000
0.5498554121461274,1.792794563341593,1.8128155202575762,923286000000
0.35860813364737043,1.4115645558744168,1.8141481959679704,923291000000
0.23045982598443274,2.1121026510932577,1.8082322578555767,923296000000
0.5242321463365492,2.1021257216349247,1.8045868775782237,923301000000
-0.12574018166838002,1.0766851924414171,1.8015005924091525,923306000000
1.2786332861553873,2.192918844776125,1.800246197530977,923311000000
0.14202700573431395,2.255046314688649,1.7934596632404767,923316000000
-0.3235854805178352,1.0962114266655254,1.7894638317445788,923321000000
1.2451567371797196,2.0437321016694043,1.7890440836849655,923326000000
-0.22937313211440294,2.372015729630359,1.7810099605405394,923331000000
-1.076849901682418,1.4819345291689359,1.7768507346460125,923336000000
1.8335802746957655,1.972777218703983,1.7743498008945198,923341000000
0.886555983801532,2.323339445333463,1.7672699258993116,923346000000
-0.5937123760618713,1.3542772877160452,1.7677192829289252,923351000000
0.5471251516254492,1.5310401293719478,1.767930005612136,923356000000
1.5071765377774553,2.5158307232880412,1.7628300376055037,923361000000
-1.049733511364512,1.287978024864025,1.7620538037640368,923366000000
0.5081445385396263,1.7297338822736785,1.7630650925426827,923371000000
1.538476595757258,2.114884946056883,1.7616533385172082,923376000000
-0.7701883537641498,1.551586186929914,1.7583367985374485,923381000000
0.24494202683635888,1.7363916900960144,1.7591564700370907,923386000000
0.3879485126430651,1.7266566441208762,1.7596187494023963,923391000000
1.5331136119376165,2.32364928302579,1.756370612187566,923396000000
-0.8087056430984146,1.35583714052292,1.7557492733193654,923401000000
0.4945530148969201,1.7045695401430598,1.7560396377914742,923406000000
0.25846782068545554,1.4683561679062602,1.7555878913523943,923411000000
0.5829510228669676,2.1294241516235783,1.7497455106231499,923416000000
0.1357196205170688,1.840382705254073,1.7485471478296348,923421000000
0.48555373626752957,1.5449724986383222,1.7484265980258513,923426000000
1.2726123837807666,2.185182907395281,1.7463251840084044,923431000000
-0.710667934664642,1.4035956545602106,1.741719599087847,923436000000
0.40492661460065865,2.0101042844786194,1.7407323337158818,923441000000
0.40615179664822193,1.7875177901908044,1.740640898516625,923446000000
1.3277076232004685,2.667965431025198,1.736951622509609,923451000000
-0.941462878907373,1.430655578588843,1.733035846439098,923456000000
0.4265364996914502,2.33288382443374,1.7320897482074813,923461000000
0.3354484577790845,2.2274680345584112,1.7313746996700636,923466000000
0.6337727784290764,2.440424513501274,1.7248468098324279,923471000000
0.16662891402920477,2.4251362355125514,1.7233977410855423,923476000000
0.37797016608510137,2.5724656354052438,1.7226853388235448,923481000000
1.5483805118579517,2.5394527001779204,1.717352635474961,923486000000
-0.8976973246465788,2.4127313101429158,1.716096521277244,923491000000
0.44547541678338864,2.8750306841901483,1.7176081193174668,923496000000
1.5645904611175345,2.905290512012664,1.7156822564623864,923501000000
-0.8211638420739241,2.583411842842458,1.7125530441077597,923506000000
0.34499160763453035,2.971328906449218,1.7135985346782303,923511000000
1.5505579091416455,1.8763037310375608,1.7108663637621992,923516000000
-0.9575423340009445,2.3230550858821513,1.7071144244389966,923521000000
0.4372712532730745,1.8439458952644423,1.707335900662463,923526000000
1.57871498819826,1.1686188071658068,1.7054137466759263,923531000000
-0.6791992712414454,2.1622284793765267,1.700583856621914,923536000000
0.1851638750070801,1.8926474975180803,1.7027479960170564,923541000000
1.3912505715570016,1.2067045429880834,1.7023074377822582,923546000000
0.4610049214544874,1.5386246716397989,1.6965483486706425,923551000000
-0.8418768695192657,2.422872056990712,1.697434700885455,923556000000
1.404920413482568,1.275785636903385,1.6970400221219604,923561000000
-0.5031248407273706,2.1552431302820483,1.6929136837916385,923566000000
0.14411959461654433,1.8041052517024851,1.6943086151429279,923571000000
1.5141090753918207,1.2331058798476895,1.6913376674072949,923576000000
-0.8779774881495552,2.2723687020814585,1.6898251127472368,923581000000
0.43890257848133013,1.7347955297861624,1.6910655573730722,923586000000
1.4673265304842174,1.1568173570822475,1.6867570422415505,923591000000
-0.8997198539993904,2.2045855414751414,1.6864565738295128,923596000000
0.41510120596508815,1.858257258306958,1.6880224814967963,923601000000
1.41700594307277,0.9862990374305258,1.6825482479160332,923606000000
-0.8144219299246479,2.3029798451351313,1.6841381719690416,923611000000
0.28308464100085834,1.9700583281156927,1.68477155620272,923616000000
1.449698706181447,0.9183713519812723,1.6786732549212513,923621000000
-0.9195382529364443,2.2194904332679,1.6787178602705943,923626000000
0.4136017252879892,1.9299819036929178,1.6799853577369295,923631000000
1.4511142996783464,0.9186455674738491,1.6740740921161652,923636000000
-0.8630786431748806,2.155589968783613,1.674833340405887,923641000000
0.40672309255425515,1.9527266775637313,1.6757585882614978,923646000000
1.4528213801590164,1.1434520077293897,1.6716514789660464,923651000000
-0.9268622069720919,2.056870420152962,1.6706682491876719,923656000000
0.441609478871177,1.8562679853520603,1.6717067649641801,923661000000
1.520474039707205,1.3673259409039373,1.6678583069769268,923666000000
-1.0146233218575238,1.843634079907155,1.6673575826688565,923671000000
0.43491167472020076,1.8189558729269024,1.668128877793013,923676000000
1.4656109506529955,1.288502444819486,1.6647812187638678,923681000000
-0.9731874980358969,2.0335913911519694,1.66401342274659,923686000000
0.4217508310345969,1.8491821455011554,1.6650056571672611,923691000000
1.2714268138345026,1.317965755927844,1.664079714442087,923696000000
-0.7999265527435586,1.8850805633707288,1.6600874323128287,923701000000
0.35484980460061294,1.7031327129044649,1.661683558371502,923706000000
0.3473148682908178,1.9159073779997844,1.6625119560264028,923711000000
1.432186776184445,1.4264010053980665,1.6573314662782548,923716000000
-1.1238405863808112,1.7602107244043836,1.6572695715114354,923721000000
0.2551992892973496,1.5579378186381652,1.6574632091509833,923726000000
1.5308288245755848,1.4317137466814644,1.6551379285717651,923731000000
-1.0393726009523896,2.0396815911251243,1.6534781170520605,923736000000
0.3220785458101473,1.5835747492444727,1.653968414190826,923741000000
0.17651511209361898,1.4941509530459716,1.6545265091167767,923746000000
0.28761824519635837,1.787558381553496,1.650213782660753,923751000000
0.3114774830216177,1.715189824356654,1.650027569957366,923756000000
0.19253127942909626,1.5921601982810552,1.6500165450747468,923761000000
1.5344582084511595,1.4179379437973971,1.646475473974662,923766000000
-1.041526283808579,2.0090079106913374,1.645881352373726,923771000000
0.3240207445585994,1.6267453515323638,1.6452645983039644,923776000000
0.15800094782584642,1.5670113010704076,1.6448902871291902,923781000000
0.13492515022049206,1.736437366921685,1.6392790923259315,923786000000
0.34753709041835734,1.7734466957593649,1.638521029112347,923791000000
0.24799188922243423,1.6187144101857498,1.6366666531649101,923796000000
1.379491980434576,1.406957245565423,1.6348814793508262,923801000000
-0.7515014017231569,1.8794198810044878,1.629796629787468,923806000000
0.32802406944995016,1.6565419092171807,1.628569004578134,923811000000
0.1514928244430982,1.5635760843609308,1.627709735949615,923816000000
0.41048431067773083,1.6127784883600575,1.6216434090619047,923821000000
-0.0705576231590959,1.776891206128283,1.620719202454551,923826000000
0.27481661657283,1.6326616385872683,1.6192502118304428,923831000000
1.2154918009856,1.4696871103832234,1.6151595827559595,923836000000
-1.074001923471236,1.8825652981838061,1.612338037440582,923841000000
0.30895980838800724,1.6667033884063644,1.6109031444264699,923846000000
1.306036239023024,1.5146249468741777,1.608504897421496,923851000000
-1.0185049666678456,1.7670835254358643,1.6038814655579814,923856000000
0.30571907528711767,1.697046321802379,1.6027311993321691,923861000000
1.2659030755320912,1.497763025567794,1.6000645209498565,923866000000
-1.2406070753042624,1.7391616522186109,1.5960072286640143,923871000000
0.2771112414679935,1.7046557705285854,1.5938810270893526,923876000000
1.3792960420845803,1.534764453859008,1.5898716654355336,923881000000
-1.1688550796217312,1.7774896964878648,1.586304409037879,923886000000
0.2475541101049835,1.6380629356575536,1.5840851593800218,923891000000
1.7950368845275215,1.5253652429107507,1.5790697957530457,923896000000
-1.1689513108487184,1.7606866668168744,1.5739991794646437,923901000000
0.31925158703238005,1.6356307794822613,1.5714565873635828,923906000000
1.5075938118673933,1.6172785162592838,1.5662414561944058,923911000000
-1.179767781886664,1.6253192476451324,1.5608131867576278,923916000000
0.311819477538997,1.6203435981342278,1.5589715449868156,923921000000
1.4757847930640622,1.6826670276295321,1.5523860817940327,923926000000
-1.5191316012850855,1.61824793895516,1.5490800611544275,923931000000
0.2677968778808086,1.5894506131704387,1.5466715048288624,923936000000
1.4656948444328217,1.6574676602337923,1.5390463861492465,923941000000
-1.0795834488286633,1.586337059098549,1.5373424683359258,923946000000
0.14114087655805552,1.5640338062667456,1.535195236608481,923951000000
1.442888504984297,1.6665767173277954,1.5263902049709612,923956000000
-1.026609446933098,1.6062947860703274,1.5242200562776296,923961000000
0.1093780338742647,1.5419372881097153,1.5227769189596596,923966000000
1.4563277367393404,1.7530125710819475,1.5146765902336083,923971000000
-1.043477242231938,1.5445266868460592,1.5117603297855216,923976000000
0.19159113545351728,1.5691970278782426,1.5104978735968368,923981000000
1.6702727269666306,1.687840730722003,1.504485394073083,923986000000
-0.9958456555713178,1.5927566669444162,1.4987679224126202,923991000000
0.15786703334600236,1.5799229280646923,1.496963573670496,923996000000
1.4261216051396188,1.6682353160055325,1.4889419745182788,924001000000
-1.118330245808487,1.5439137273964327,1.4850669569142572,924006000000
0.2526917750594144,1.5907248180022286,1.483701193035879,924011000000
1.4249600401481914,1.638060009394267,1.4740997458123462,924016000000
-1.0605050161926102,1.5174177056868208,1.4721200093839848,924021000000
1.2888336195907204,1.7461789860916261,1.4691891194868179,924026000000
-0.7889913929020363,1.3828035690112404,1.4614718172169712,924031000000
-0.007134237442124023,1.541313915263173,1.4597722027562658,924036000000
1.4454781241042716,1.6314144800855956,1.4552380790746542,924041000000
-1.2420371149704164,1.4852781462340598,1.4489098208079638,924046000000
0.19564197211141712,1.584682591685262,1.447615637411063,924051000000
1.353759824484082,1.5873365698902269,1.4413983265598638,924056000000
-1.1547154096569978,1.5155795261796738,1.43710122974797,924061000000
0.2514688442068813,1.5591529507858828,1.43581519778057,924066000000
1.2662459889487605,1.5686024246497454,1.4295663648848642,924071000000
-1.0882575511542418,1.5356443787271785,1.4269370369246697,924076000000
0.24992592904988697,1.5141458868969602,1.4266619772408122,924081000000
1.2009760877602367,1.52901467427949,1.4201954882329537,924086000000
-1.1616173122424345,1.5005786505322787,1.4161961319960379,924091000000
0.18631029682821781,1.5151960440786323,1.4151192475782457,924096000000
1.6313413610798064,1.5131002058870324,1.411665289794356,924101000000
-1.1713525257694883,1.4919324231451363,1.4056166073046776,924106000000
0.2003850133914669,1.5236660284648404,1.4042266636917058,924111000000
1.2003561061916381,1.514866503759845,1.3985226180119044,924116000000
-1.0646602133036112,1.5332490217924093,1.3960056535707568,924121000000
1.170246030368832,1.5126540394633343,1.3939095057882265,924126000000
0.07987126981228077,1.5155904717309254,1.3878073066070589,924131000000
-0.8554576619617846,1.4973271796159684,1.3872411569616299,924136000000
0.22404939907759583,1.4711207042058834,1.3868622219938838,924141000000
0.23650141146189319,1.5135161324833144,1.3824636880949503,924146000000
-0.049833919201901195,1.5195663813424178,1.3823148658400652,924151000000
0.12158834718562705,1.4600934041026754,1.3820640941288016,924156000000
0.7952808561406755,1.4715260155940872,1.3811093100308507,924161000000
-1.0162049718803772,1.5178935306603012,1.3804215337934485,924166000000
0.14755328112916508,1.4935308527706377,1.3802293979232059,924171000000
0.098731075752343,1.453136099444817,1.380707924376583,924176000000
0.12616159575234176,1.5268717225830408,1.3807229620529258,924181000000
0.061293806048031294,1.5371585596987571,1.3812847178203198,924186000000
-0.060301352761248955,1.4868880147732513,1.3809951444564075,924191000000
0.04035388976921606,1.4886262138191788,1.380729651263906,924196000000
0.061356674650218976,1.5110620799905436,1.3799179431932473,924201000000
0.08030988057595015,1.512195751808086,1.379331519143092,924206000000
0.06655650255143504,1.4970157629656669,1.3786436163622338,924211000000
0.07336079573692539,1.4608424580198558,1.3782904756824734,924216000000
0.06236013582886221,1.5106486168004603,1.3774186242985016,924221000000
0.0874371694884902,1.4597992611653636,1.3770200497511487,924226000000
0.06487937850201791,1.4835103358793926,1.37655611257444,924231000000
0.0819698147981826,1.4576858138244404,1.375467222533399,924236000000
0.06535595376802092,1.4544977368986851,1.3750770655533788,924241000000
0.026648332826817996,1.474047894961211,1.3743207770397352,924246000000
0.050735408379720466,1.5038749024485025,1.3733132768200587,924251000000
0.02544872866268543,1.4975252416612368,1.372847832610152,924256000000
0.06806749012394345,1.4809751738547294,1.3721936819337088,924261000000
0.026147941099019446,1.4747175852251504,1.371506942747398,924266000000
0.03276930985615817,1.4855549841787852,1.3711195479465799,924271000000
0.0703199632713333,1.4976386477487358,1.370291715320998,924276000000
0.018417312040898824,1.4763266357876481,1.3697488143179,924281000000
0.027392357940739125,1.4941490097097547,1.3694851710854483,924286000000
0.018861556722046677,1.4887492024843791,1.3690767470010587,924291000000
-0.1015128941905232,1.4801936371059312,1.3677785559363393,924296000000
-0.017672985823120987,1.4973589326801313,1.36658955021641,924301000000
0.016598593462059198,1.4914217088577797,1.3652886245957996,924306000000
0.0035643677974992955,1.503009132933635,1.363998318437231,924311000000
0.019494806178030382,1.469277181108674,1.3633001930548512,924316000000
0.035948088220101086,1.4949731600372689,1.3620599271771152,924321000000
0.16144635651649042,1.3897330214341141,1.3616580935814304,924326000000
-0.0035007625685132045,1.4565794310171192,1.3603946260020539,924331000000
-0.0061814046804928025,1.491465296929775,1.3599443091009227,924336000000
0.809326379490611,1.5430993983721966,1.3551014969473978,924341000000
-0.058954880329271514,1.4384078188579166,1.3490336932917621,924346000000
-0.900976192611462,1.4552805738363015,1.3481747658043313,924351000000
1.0237934881432653,1.4116841301631795,1.3445736861354376,924356000000
-0.21532308993017554,1.4808210670615676,1.33877125469858,924361000000
-0.7090080552787656,1.5080008985503985,1.3357098934886764,924366000000
-0.10924023729176897,1.4432085963198593,1.3354885318146152,924371000000
0.7175546229331506,1.4594816892554339,1.3317187360789666,924376000000
-0.038652745045589486,1.492192239423558,1.3278284554836202,924381000000
-0.8193610125306231,1.4361932192819629,1.3273279541653702,924386000000
0.7347266457134719,1.41733867580091,1.3273293740609116,924391000000
-0.10745326608530839,1.432217009434185,1.323658001586282,924396000000
-0.04758387006557338,1.5088475566306194,1.3196900235184366,924401000000
-0.865494508914466,1.4435475820123445,1.3195290748312174,924406000000
0.8242207797129932,1.4155743477710663,1.317483305324561,924411000000
-0.18491955184635073,1.4439085357679275,1.3137525532145105,924416000000
-0.8510860969296982,1.4437738280083572,1.312363620588404,924421000000
0.6076629937004103,1.3910225096106008,1.312569434716053,924426000000
0.0852471916509123,1.4770839199228372,1.309186689462689,924431000000
-0.8145296290006944,1.41384021263831,1.307804447639589,924436000000
-0.008996147910947057,1.4034715354305478,1.30846048174874,924441000000
0.6409636107667321,1.4208270208755212,1.3064414468304306,924446000000
-0.6773829307537025,1.4136877555088796,1.3043299005276352,924451000000
-0.16515154328896073,1.420965119278347,1.3052252980994807,924456000000
0.5471638917412275,1.4124976479719618,1.3054083088811512,924461000000
-0.10220032431177381,1.4380762662618198,1.3018949516448626,924466000000
-0.8586253690457533,1.4035635874444004,1.3020876644877275,924471000000
0.6792982095608303,1.4472186682373536,1.3020756409973322,924476000000
-0.13990346974373705,1.4373177834471416,1.2984757570944243,924481000000
-0.88594476899215,1.4200022113169852,1.298290320983763,924486000000
0.5113550679716387,1.4071474245138573,1.2985503766279105,924491000000
-0.07927764584313748,1.4374832149109071,1.2956822660032954,924496000000
-0.7872601058635899,1.399305650351358,1.2953196221746284,924501000000
-0.077209663843989,1.3913886986452946,1.2965158112795734,924506000000
0.6356622427269202,1.4144251511074064,1.2940925305889772,924511000000
-0.877939768296392,1.4313834117411983,1.2932367590590792,924516000000
-0.05837173342440137,1.4173963797588724,1.2945919319278274,924521000000
0.6000916506610241,1.453036743485214,1.2933108562474998,924526000000
-0.85355609858413,1.4322972752737624,1.2913867389370253,924531000000
-0.09373742419028401,1.399772722080135,1.2926001229975985,924536000000
0.4901232252432577,1.4297469298709076,1.2928884482214977,924541000000
0.05077911766420393,1.42801957959261,1.2905997770769544,924546000000
-0.9061277143542633,1.4257267172548838,1.2910323907847787,924551000000
-0.12837030015646358,1.4074675246526465,1.292212802479834,924556000000
0.6945760835709538,1.4174944311405169,1.2905975711994246,924561000000
-1.0916561508016014,1.4305237834689304,1.289527343646075,924566000000
-0.09799299835041178,1.4309460597881447,1.2901760228446983,924571000000
0.5074171986685825,1.447699511859491,1.2886624956549322,924576000000
-0.8916734810059228,1.4022239513239172,1.286410332357222,924581000000
-0.06197332744331564,1.3861875330317546,1.287133075127006,924586000000
0.6533475362449269,1.4206134416279828,1.2860799960629283,924591000000
-0.8025145619509254,1.443049335998953,1.28335120294441,924596000000
-0.2955911136839082,1.405596982384587,1.2836455185889626,924601000000
0.3475785754891846,1.3991637934271686,1.2841749779163631,924606000000
-0.07761113515727695,1.4307948340023897,1.2816445672478105,924611000000
-0.8320292467010313,1.386327999083516,1.2810240854960047,924616000000
-0.11471036541190331,1.3977831642394385,1.2821317344331817,924621000000
0.5243855072135265,1.4639286690023163,1.2808351878355675,924626000000
-0.908743742677613,1.3709154492762077,1.2786368331632372,924631000000
-0.1485743556403679,1.3661002611026385,1.2794967894297211,924636000000
0.7586000108782749,1.3718352808382108,1.278572787522167,924641000000
-0.9446645143465863,1.4594830001026997,1.2759971363153435,924646000000
-0.2705415568584126,1.4032018339329024,1.2761881106154485,924651000000
0.765676117840636,1.3649973212213058,1.2754047075860515,924656000000
-0.9732620821307976,1.4478945711856634,1.2731495980448106,924661000000
-0.35050802750335225,1.42038145661646,1.273378744648898,924666000000
0.4348719787619995,1.3874349645954112,1.2724037342896652,924671000000
-0.2704229215785282,1.410886923870426,1.2682366307968131,924676000000
-0.907078706537876,1.3764505856000233,1.268703396929449,924681000000
0.6073093943199104,1.4200490238161747,1.2679053639970177,924686000000
-0.1993484497011749,1.4044840937721574,1.2648429239786458,924691000000
-0.923034120472439,1.3745968894355562,1.2638473619760988,924696000000
-0.0991689924511221,1.3649013809900472,1.2639348280577054,924701000000
0.40238619443697937,1.405375501434093,1.2615378635596872,924706000000
-0.20749235329733628,1.4020965309439137,1.2589727119134466,924711000000
-0.8834430210261311,1.3733391402690416,1.2591894986408858,924716000000
0.47547745221953536,1.4016190496533496,1.2585639810457054,924721000000
-0.21033160911091106,1.4109163132751963,1.2559423096696354,924726000000
-0.8744351220820941,1.3669633766148102,1.2550211876461586,924731000000
-0.1433678193368394,1.3926190934716387,1.2561969605765282,924736000000
0.4913345395285129,1.3353943678312512,1.25338539741818,924741000000
-0.3273848188176154,1.42268533567837,1.2507605059651987,924746000000
-0.9042983329703945,1.3708773608929712,1.2504316197570988,924751000000
0.4180049553842545,1.3662001259032868,1.2517762382884805,924756000000
-0.13331000555931904,1.4211857744171252,1.2499333129751062,924761000000
-0.21044801640006802,1.3542854787372745,1.2483656594700239,924766000000
-0.9384136972005376,1.320002412151067,1.2480858383507327,924771000000
0.5379214437533653,1.3535854438960355,1.2458725494169418,924776000000
-0.27325147821739126,1.3924381281124445,1.2425355930520137,924781000000
-0.9071378450363831,1.3551710346557186,1.2417494970474432,924786000000
0.5590279189752332,1.3550153030145635,1.2400448873715015,924791000000
-0.2414955190783761,1.3831985079557485,1.2371068443440552,924796000000
-1.049449787671019,1.3313858051790544,1.2364365509112745,924801000000
0.4352201959967822,1.3515145193017224,1.2349883555653736,924806000000
-0.2744105845396361,1.372306004346026,1.2326756734265518,924811000000
-0.7502948289466319,1.3531958214485598,1.2309573529280828,924816000000
0.29561205591504136,1.3670624376957186,1.2314107929858824,924821000000
-0.07746235044715981,1.3374949468833797,1.2286156976486695,924826000000
-0.3156919571999639,1.388634903579275,1.2267174990340202,924831000000
-0.9902060552330271,1.345364746384699,1.2259010815914613,924836000000
0.3243300900310057,1.3602565607831452,1.226310924189995,924841000000
-0.21815289835177648,1.3997494196205262,1.224717399696086,924846000000
-0.17454803004926905,1.3210057086997993,1.2235167319006466,924851000000
-0.8037256047855523,1.32105482433898,1.2233755890531248,924856000000
0.2577757368399201,1.285999426784363,1.2236936245339454,924861000000
-0.16577183264192832,1.3797841494386995,1.222164879004438,924866000000
-0.28471486018214687,1.3562779462473344,1.220294635449292,924871000000
-0.7990949208109107,1.3032893097213467,1.2185485664421292,924876000000
0.2738950801543633,1.336939826852722,1.2188508184815487,924881000000
-0.06738124418170087,1.3057766611039368,1.2158460113293164,924886000000
-0.3098909109014656,1.379540580786925,1.213600382101827,924891000000
-0.22775174953409486,1.3432052389424114,1.2112812606023813,924896000000
-0.8459838432689732,1.3320911263219868,1.2114502689886553,924901000000
0.41326953787918963,1.3294576984175155,1.2110338362414657,924906000000
-0.142023909392191,1.3389611323384174,1.2093279023658283,924911000000
-0.2978169863574799,1.3291251089091034,1.2075865201808005,924916000000
-0.2333418480292747,1.3126248145668968,1.2055749937049034,924921000000
-0.7816008627385268,1.327629927145532,1.2069444247572858,924926000000
0.5358467400012258,1.3219926042841346,1.206760544311256,924931000000
-0.35073964028068666,1.3528933229375333,1.2054287440243092,924936000000
-0.26721887111481124,1.3169982900443544,1.204336803217062,924941000000
-0.22000245950074998,1.3157350260743885,1.2032386444968108,924946000000
-0.2442017717941925,1.2919424839240545,1.204198985379102,924951000000
-0.09186468400256846,1.3625776331371129,1.202992001544574,924956000000
-0.2943002169838367,1.3157364169171368,1.201486046309547,924961000000
-0.6936723593832754,1.314310609686397,1.2007050572528597,924966000000
0.1784236728765996,1.2991474912959344,1.2027507055721345,924971000000
-0.07533737949770221,1.2791689952178882,1.2012549908219992,924976000000
-0.2681517485545169,1.416942684615378,1.1991550390673238,924981000000
-0.28030433305859626,1.3464539135006737,1.1970172862645596,924986000000
-0.8334006610912468,1.320642006331737,1.1971160409715107,924991000000
0.36562952722775294,1.309272787465126,1.1966590169422822,924996000000
-0.13841728924085211,1.2978786771315975,1.1946954619706993,925001000000
-0.2810193237438587,1.3489030958859967,1.1931362287491478,925006000000
-0.6912235529401308,1.322861693667197,1.1922277600445708,925011000000
0.2062633199636168,1.2917697460256399,1.193359172867213,925016000000
-0.05377792665313309,1.3088456463540568,1.192125038699913,925021000000
-0.3169175864244917,1.3088570608761338,1.1907298950248055,925026000000
-0.21713670479183697,1.335506704545604,1.1897485446054523,925031000000
-0.35564680534195725,1.3097196910183517,1.1915830191519385,925036000000
0.018507568589561527,1.341396359347796,1.1906966775908214,925041000000
-0.3975694211220779,1.3033483830854051,1.1885612799602596,925046000000
-0.26391114032484025,1.337678756497752,1.1865358013249672,925051000000
-0.7915728689691462,1.260247821768405,1.1872026455089497,925056000000
0.6027095613215945,1.2809460815431788,1.1861062860586151,925061000000
-0.39542847405423115,1.3279391307792214,1.183683041429245,925066000000
-0.24423333652105614,1.2965921511942262,1.1817516611804055,925071000000
-0.8001880005546106,1.327172018683506,1.18201729347908,925076000000
0.4688569939304334,1.4148721369343233,1.1813626830247181,925081000000
-0.25688513860021756,1.2189376569685058,1.179331558194372,925086000000
-0.27892055019207623,1.311475712470928,1.177957134548757,925091000000
-0.7577050617716494,1.2962542827223063,1.1772491330750043,925096000000
0.3123620000342525,1.3112012227042087,1.1778773466397516,925101000000
-0.08822814747943403,1.3081266997268624,1.1764786290074378,925106000000
-0.2985169827110913,1.3295111212831447,1.1756312307927201,925111000000
-0.6986389090443974,1.2882222605594715,1.174943816273828,925116000000
0.17117976810606947,1.2988927510902517,1.1757414289675479,925121000000
-0.05469367319955993,1.2951962255004918,1.1754223401208082,925126000000
-0.2730231654179713,1.3227232633823243,1.1746473999716447,925131000000
-0.21939211498320116,1.3214767465127024,1.1732998378242345,925136000000
-0.7520887999643864,1.2601550047084693,1.1750877534521424,925141000000
0.4129825700608836,1.3534307693024974,1.1743375000600318,925146000000
-0.28909750722836103,1.2342982336199972,1.1725088661664844,925151000000
-0.2035680930288316,1.2820135384691398,1.1705848595246593,925156000000
-0.21652809184448246,1.2967037048249908,1.1691712728835328,925161000000
-0.17190690417379392,1.2646960167765235,1.1696218714616178,925166000000
-0.10231049017361851,1.2762754450831857,1.1676299500839689,925171000000
-0.30193968647688113,1.3044132712169931,1.1652107447826285,925176000000
-0.19088586051564563,1.2979323593058154,1.1633963881199785,925181000000
-0.2407296606721877,1.279566576207392,1.1641697887364226,925186000000
0.040939705268187424,1.278830858283993,1.1628788955019518,925191000000
-0.30880059559182543,1.3376506134980486,1.160739778550818,925196000000
-0.20525441002959383,1.301363609865052,1.1601627625068622,925201000000
-0.19489326136600488,1.2687751972538635,1.158726485178837,925206000000
-0.2491758736892969,1.3177004853448009,1.1596551103602675,925211000000
-0.03685622690614877,1.2566844281774754,1.1588460027738563,925216000000
-0.26253208812013684,1.2875481273238436,1.1582709283281758,925221000000
-0.20817558990046256,1.3009077573300323,1.157334193626226,925226000000
-0.1716611937028815,1.2650990584672486,1.1567602172756675,925231000000
-0.18126650221303706,1.2703817118541187,1.1560241677006744,925236000000
-0.0821106376248312,1.3609167876776544,1.1564677574346554,925241000000
-0.18789551839628266,1.0535888342588424,1.154842383593521,925246000000
-0.2861483229616806,1.3472597628279286,1.1530607708302354,925251000000
-0.18756197628530705,1.2798669915648075,1.1517270822101795,925256000000
-0.19341776542798714,1.2905243959914814,1.1502636740895091,925261000000
-0.17745811484724106,1.2639622165511915,1.1488392739624844,925266000000
-0.19031267929294066,1.2585923025679082,1.147793144207249,925271000000
-0.1503039495675494,1.262286714634388,1.14714800903974,925276000000
-0.1781873388733355,1.2741487037947326,1.1460181807752374,925281000000
-0.14223420173962795,1.2489314693175004,1.14481590354513,925286000000
-0.16557598336085805,1.2580426445290789,1.143990281125539,925291000000
-0.1589959595893171,1.269042071524597,1.1429983593366455,925296000000
-0.1527218690424765,1.2640468785706762,1.142259534609465,925301000000
-0.15915036566147467,1.2633192826602673,1.1410423227819269,925306000000
-0.15127979146868964,1.2706474496219808,1.1397547018695713,925311000000
-0.15227168189917425,1.2789365421402894,1.1390655554062916,925316000000
-0.13738037555393728,1.2677287065555107,1.1389593998288956,925321000000
-0.15614312259480817,1.26727256467312,1.138061166273167,925326000000
-0.13026728686206765,1.272275933735041,1.1377745591115944,925331000000
-0.1266131286407174,1.2292574159185674,1.1366583166888908,925336000000
-0.16841659168824072,1.2567627741248604,1.1368201998643994,925341000000
-0.14793306483958743,1.25807267265541,1.1359127164194762,925346000000
-0.13712547828317115,1.2364307852406156,1.1350475052464133,925351000000
-0.15625898551450468,1.233576473123964,1.1334620812269882,925356000000
-0.15670762503543276,1.272325979129424,1.132254035280151,925361000000
-0.12294607853428609,1.2223540837699434,1.1315679225461637,925366000000
-0.10900214661060531,1.2390993806249018,1.1304535158109743,925371000000
-0.13524168225085137,1.2599350935108093,1.1291190895165133,925376000000
-0.12187288785093518,1.2233427041776685,1.1283868955061997,925381000000
-0.12789838925472863,1.233921873628833,1.1276307696414818,925386000000
-0.13468872211936236,1.2283487651836318,1.1269098122876784,925391000000
-0.09768201945411044,1.2364562838165423,1.1262844702288164,925396000000
-0.1417074407532724,1.2597712330719093,1.125597304958074,925401000000
-0.1210996595036409,1.2433895668143515,1.125194216021295,925406000000
-0.09704796319563164,1.2370004168221733,1.1248094049911888,925411000000
-0.08463655627930448,1.2493372359195924,1.1241374386734686,925416000000
-0.10860994372264553,1.250236638939306,1.1236893201332536,925421000000
-0.11079596493750235,1.2654862194646406,1.123469273502912,925426000000
-0.098852760385938,1.2510106176003848,1.122397434380646,925431000000
-0.10160735547058412,1.2507489083392376,1.1223808445728138,925436000000
-0.08774828249071821,1.235442120263462,1.1219815240598312,925441000000
-0.11775927004660476,1.233389693160891,1.1216592036997806,925446000000
-0.16016592252292974,1.2272694599708283,1.120771811161347,925451000000
-0.10471185011267417,1.218048018245208,1.1196919983142193,925456000000
-0.10119171917018635,1.233889540489906,1.1185645348322302,925461000000
-0.08080540611831152,1.2185884221949115,1.1175689550998278,925466000000
-0.10770448677511446,1.2273257638127715,1.1165095632064799,925471000000
-0.07686887887676484,1.2132843124510486,1.1149879194770294,925476000000
-0.08676758069140883,1.2627461823746946,1.1146138408112714,925481000000
-0.05355805010411381,1.2234184877512815,1.113624012914243,925486000000
-0.0370174567401557,1.2345024871069792,1.1126902476464418,925491000000
-0.021339649175837305,1.169605400503508,1.1122095442694597,925496000000
-0.060673794792306744,1.1943861020013293,1.1117953033528738,925501000000
-0.02737634489755555,1.1941361986333099,1.1108659192545924,925506000000
-0.10014637080528314,1.2176367616740789,1.110281282672151,925511000000
-0.009906168888427373,1.2324486936961556,1.109842779274775,925516000000
-0.024929805981586062,1.1266185962469455,1.1092471464733897,925521000000
-0.044004328758171826,1.2758651929834388,1.108401480739771,925526000000
-0.05387854867664458,1.2136968754770385,1.1074682866229801,925531000000
-0.05044720238309813,1.2604539730874293,1.1068994009327422,925536000000
-0.022614029858116426,1.2101661515832596,1.1066333309057328,925541000000
-0.009172300902473056,1.2460158808091428,1.1062239578188475,925546000000
-0.08980104352182973,1.2574686182383767,1.105045458859782,925551000000
-0.09340061090081507,1.2791883143221525,1.1041830859537747,925556000000
-0.05439286411333573,1.2167265365329334,1.1022712073934442,925561000000
-0.02921274166703596,1.2648809283193199,1.1017321469123371,925566000000
-0.020271057175671573,1.2272388886055245,1.1008570840991918,925571000000
-0.021334782933482004,1.2040526378502077,1.1000451991494458,925576000000
-0.0817841914799484,1.2841405490389382,1.098781507478163,925581000000
0.03567045309977909,1.241755971565494,1.0980878469236508,925586000000
0.018926890428700167,1.2229470153878146,1.0974450876608872,925591000000
0.026316782921800258,1.2137827969169026,1.0966079719628727,925596000000
-0.3936165975990167,1.2237924907208586,1.0967894261125317,925601000000
-0.023801937261281526,1.2215076794965338,1.0994981152338519,925606000000
0.7468781287993598,1.2431149692916856,1.1007630269641047,925611000000
-0.0296280890267678,1.1470921916527264,1.100769224928502,925616000000
-0.027177424828534406,1.264596607955897,1.1000022192207415,925621000000
-0.10248411986061227,1.2084951686795786,1.1015519656718997,925626000000
0.2170444198248543,1.1817348979210625,1.1014031038773204,925631000000
-0.009715883497018966,1.2044328797637829,1.1005348124356338,925636000000
0.034950178849251,1.2279797284327596,1.0996573459304917,925641000000
0.04688977144906811,1.2139810759938494,1.0989971071143847,925646000000
0.024768169412341473,1.2143399320033799,1.097921993154466,925651000000
0.004002221119202426,1.1122822783718218,1.0958591308838317,925656000000
0.03158226323034328,1.1994195875141718,1.0941939563371048,925661000000
0.019622533274481237,1.2484293601369993,1.0925438846189315,925666000000
0.06540962629592209,1.2168922797568829,1.090840330942673,925671000000
0.055923013170656094,1.194289682809386,1.089678486739082,925676000000
0.07379663557931772,1.1995316270305376,1.0875649070144473,925681000000
0.04033071720669622,1.1817752434561064,1.0872831305736859,925686000000
0.043902115957128264,1.1929002850678878,1.085449428016044,925691000000
0.05670510501065101,1.1961318025195025,1.084376841796213,925696000000
0.05391292524775764,1.2106997611990569,1.0840412524431033,925701000000
0.05973508493830664,1.1852296525736459,1.083072502080893,925706000000
0.08919800209058575,1.1740854147151818,1.0827645426178774,925711000000
0.062394275490938386,1.1992876166952084,1.0822489116916925,925716000000
0.08219171626535296,1.1802948129708741,1.0816444968013494,925721000000
0.059911148151806426,1.1531727443607702,1.0804674629452031,925726000000
0.07222403397871562,1.1746334002590224,1.0788764575254426,925731000000
0.0933483398703507,1.1894477797336458,1.0780562511291631,925736000000
0.08835146021619512,1.1443409865966163,1.0768186020529213,925741000000
0.09974836860094013,1.192250370838545,1.0759975341222576,925746000000
0.0765814867958679,1.1808022461749206,1.0751236423475425,925751000000
0.10926188004732687,1.177077104080499,1.0737856435571025,925756000000
0.13337474171898356,1.1915234239307477,1.0729276038877527,925761000000
0.09794000983984887,1.168119796863213,1.0721462911096413,925766000000
0.12894575166694433,1.181243397020537,1.0707987715844998,925771000000
0.10456885116336126,1.1807079452433262,1.0705277437610128,925776000000
0.11870774106778424,1.18873383552139,1.069910545516454,925781000000
0.11263330417567126,1.1699334351445223,1.0690959535482614,925786000000
0.11141207230302623,1.1815868891585952,1.068502301864727,925791000000
0.09599673093371326,1.1704432374652933,1.06827626175462,925796000000
0.13894296845021392,1.1338487245380253,1.0677925002709152,925801000000
0.1747772921355036,1.1754268675914277,1.0674894921921891,925806000000
0.17097218051581942,1.0911388677399638,1.067345852660258,925811000000
0.13634944392220874,1.139565948329315,1.0678254786151877,925816000000
0.1660097202392474,1.1374851089697864,1.0682623710804318,925821000000
0.10276043188590583,1.1432203129626288,1.0675185080024057,925826000000
0.13072920873072522,1.0946177186456998,1.066904149781512,925831000000
0.16821514745620736,1.1329235890308709,1.0667058425129798,925836000000
0.14887276569450356,1.1312808156197192,1.0659546406981457,925841000000
0.16946212492800522,1.117530943938193,1.0658535421221906,925846000000
0.17825300086441115,1.103014930765697,1.0655970273367914,925851000000
0.20554184499557382,1.1254069434722327,1.0649962828712036,925856000000
0.15437680316552935,1.0963454143255882,1.0653717617505127,925861000000
0.1570452495276669,1.1281298006687452,1.0649504586240655,925866000000
0.14873492709669417,1.0868471217976636,1.0651721911087622,925871000000
0.16605305358612138,1.0941664779886338,1.065907097702005,925876000000
0.18357783224341392,1.0513898532479582,1.0660027145296112,925881000000
0.1897161737397552,1.0624266234879933,1.065809243149386,925886000000
0.17500871683338712,1.0783775529899753,1.066683025305796,925891000000
0.19700058427732636,1.0411161016763046,1.0674988609015812,925896000000
0.20958468057492108,1.0708322329141753,1.0679308173382438,925901000000
0.21417961900239205,1.1169009831352665,1.0687661481256292,925906000000
0.1701218366872624,1.129717870631382,1.0694757674088353,925911000000
0.2363227259692927,1.094778595105165,1.0703977790334627,925916000000
0.18323921235162127,1.1145750179178064,1.0717251596342632,925921000000
0.1753280713745666,1.1055958884092065,1.071873555039134,925926000000
0.19956846193389555,1.162288208745379,1.0717100418582195,925931000000
0.2393264833604234,1.130902383232924,1.0716362700567044,925936000000
0.20948181175999028,1.120879822952277,1.0720273528364586,925941000000
0.2007997030872983,1.1017824270575403,1.0721097162398925,925946000000
0.18137509796316503,1.0946177392557637,1.072243049712472,925951000000
0.20919652238760952,1.1415086606104092,1.072698388014632,925956000000
0.20419534255184785,1.0501923789186915,1.0728826271459566,925961000000
0.2325905750105174,1.1066988711649064,1.07309565522163,925966000000
0.1891393446951084,1.0510078825249995,1.0736249890815683,925971000000
0.20888928550485558,1.1051409174192477,1.0739539209879543,925976000000
0.1954503590500798,1.1115413562367644,1.0746505884846966,925981000000
0.2114803333709706,1.1624914996733156,1.0756006968785805,925986000000
0.23207739098372976,1.2283685819328087,1.07596417531948,925991000000
0.21057113524684326,1.2654809584646218,1.0764461432140404,925996000000
0.2032603192066366,1.3126739429535337,1.077385016075443,926001000000
0.22495561749175316,1.3694043276618453,1.0781124398446502,926006000000
0.23954278691567468,1.4146186517323516,1.0788881961156063,926011000000
0.21744429644887905,1.4119999515564468,1.0807313919301191,926016000000
0.1762158211532044,1.1395674045215356,1.0836515067334551,926021000000
0.17744364534962329,1.5057673369001965,1.0858506827323116,926026000000
0.1504083079467854,1.520211299101359,1.0896057172106028,926031000000
0.20733829499924386,1.6299032854107505,1.0929182621776754,926036000000
0.27124869446159394,1.5284231754851276,1.0973189913212942,926041000000
0.30344666431673634,1.5525668493400684,1.100929133042781,926046000000
0.30437032672749725,1.45532557539391,1.1040975608680088,926051000000
0.28600449091741065,1.2957993702562673,1.1071383745754186,926056000000
0.3016487652369539,1.0249485696398242,1.1087102702652374,926061000000
0.3250541519444395,1.2351541705611004,1.110416713187077,926066000000
0.29338890271338414,1.3114257803061038,1.110899423746159,926071000000
0.22572546750980613,1.20311899657475,1.1121721547737493,926076000000
0.23242611671918062,1.1895286089516928,1.1130206031515597,926081000000
0.24128145810823565,1.2542208000807205,1.1142191707378402,926086000000
0.23362170291157225,1.1450925969039705,1.1147339044177456,926091000000
0.2554472342574237,1.1700605862656706,1.1161457132175607,926096000000
0.24651390269307522,1.1555969638781893,1.1161779783851271,926101000000
0.2607846770020831,1.16380093904593,1.1177978311038632,926106000000
0.25465734016312414,1.1512135897953066,1.1189374753777768,926111000000
0.24018692191819374,1.2031958199790604,1.1203736610862438,926116000000
0.3155831680417445,1.3490857590711869,1.120936735273241,926121000000
0.2535149349837313,1.1829165800571606,1.1223169927737666,926126000000
0.22839951067350592,1.0883403961305171,1.1228774357211562,926131000000
0.24647740859582581,1.1863413989028821,1.1239144406364872,926136000000
0.27927018713215396,1.1191529345310927,1.1242173182016424,926141000000
0.2631905599259996,1.2333846473543166,1.1258327821477379,926146000000
0.24141014955763698,1.1318478663968023,1.1262753621716923,926151000000
0.3218358804940738,1.1934613826750666,1.1272714222804858,926156000000
0.29085758447655474,1.220877710920093,1.1288312461968775,926161000000
0.29864598015593635,1.2393829945247732,1.130744043064402,926166000000
0.2603110494521647,1.1909580723440634,1.1315101976994486,926171000000
0.2609421123203368,1.118130031533261,1.1332533200441282,926176000000
0.24050725520054553,1.1696756877581667,1.135818217331382,926181000000
0.28600741707626487,1.2113253657944143,1.1373841726183278,926186000000
0.26126819225935366,1.2495956499811542,1.1397668104698027,926191000000
0.2771852623080097,1.2124532527047345,1.141975017052919,926196000000
0.25881440405989387,1.198112844250702,1.1426071152876307,926201000000
0.252637264556614,1.2488770388678572,1.14367125983175,926206000000
0.28980631869870943,1.2006151976089452,1.144637228107653,926211000000
0.2511141776914609,1.2637206224323674,1.1452575233293323,926216000000
0.2729196703416968,1.2300069996390544,1.146662870981278,926221000000
0.27645813632274646,1.1847488768003547,1.1477379025446433,926226000000
0.26156623600607753,1.1902171199884641,1.1485053629138942,926231000000
0.26011048914481183,1.2374162070499506,1.1497685761635794,926236000000
0.2715370071036405,1.20275173232831,1.1508634977962189,926241000000
0.2476441922348788,1.1918759833031103,1.151927219518741,926246000000
0.281746057456296,1.2141181429375243,1.1530625378771284,926251000000
0.2922078766161426,1.2203951693621449,1.1544620780562311,926256000000
0.2791066509790317,1.230940132379515,1.1556838243427423,926261000000
0.2710787601096143,1.2073275806397028,1.1566881278110874,926266000000
0.26029530520548566,1.2212931004735321,1.1584505573914954,926271000000
0.2733896047074142,1.2095262084650533,1.159599818449943,926276000000
0.2801807296538139,1.223287216115023,1.161137271109179,926281000000
0.30154542142737617,1.2309526860986089,1.1622308633497853,926286000000
0.2727929728797093,1.2335368270785263,1.1640681926013035,926291000000
0.2823967832901251,1.2203406772952325,1.1653713788230164,926296000000
0.26071214292179573,1.2344927951919629,1.1655219215631576,926301000000
0.24134378095429398,1.1958504341711174,1.1662719860781448,926306000000
0.2792914956605476,1.2081334447408565,1.1662203525777752,926311000000
0.27912405325262085,1.2389368061197696,1.1665876581358148,926316000000
0.2948094020935166,1.2160422412891907,1.1670423922264868,926321000000
0.28635399711158216,1.2067248042593601,1.1671198308501125,926326000000
0.29561752044159245,1.2298926499301601,1.1672330646582685,926331000000
0.2599636356439944,1.2433677730650474,1.1675478533356143,926336000000
0.27805091279809047,1.2113521728037389,1.1679895735847505,926341000000
0.2582791263632796,1.2165104386110788,1.1682612320969628,926346000000
0.26426562645131607,1.2365253718035507,1.1684849714548433,926351000000
0.2429013068800212,1.206623404820513,1.1692827133674133,926356000000
0.28989908928487296,1.1929087008798278,1.1697960384357717,926361000000
0.27376600105342414,1.1938021998195736,1.170353336933491,926366000000
0.24669852648724033,1.1762129598749718,1.171093443985759,926371000000
0.30278808862389434,1.2560128357398244,1.1712452091089902,926376000000
0.2631243861225799,1.2256875368009854,1.1721352199810147,926381000000
0.27183804848881965,1.2585932731926028,1.1731130421635534,926386000000
0.26605178028754584,1.2483003763877911,1.1736444790019673,926391000000
0.29487545591996,1.2264380211740558,1.1746086703419305,926396000000
0.24354892073311116,1.2121517305876728,1.1747438004570854,926401000000
0.26821039923501916,1.2023182377457797,1.1748280126581918,926406000000
0.25538154628126875,1.1929036914655105,1.1740806825731422,926411000000
0.23916648238367902,1.2387712105846027,1.1741953866049646,926416000000
0.2841792901239524,1.2178568287279523,1.1735994664179026,926421000000
0.25887468251780943,1.201801097833245,1.1732522606239622,926426000000
0.2587322425867516,1.2165350200464322,1.1724806938701187,926431000000
0.2822438188699819,1.220187563007092,1.172302274019568,926436000000
0.26834657838417575,1.2050041913062133,1.1716957549150089,926441000000
0.24963868605730516,1.2141266374468793,1.1709569427568796,926446000000
0.2622300160048277,1.223969452539517,1.170298340583195,926451000000
0.2547342678275608,1.1909957628209966,1.170571873173023,926456000000
0.24794247288431925,1.2213057809280075,1.1696402822775664,926461000000
0.2624512800993329,1.2173289956455906,1.1695089349047303,926466000000
0.2473172590611491,1.2353318661869837,1.1690285663563775,926471000000
0.24082285718509308,1.2080107330535688,1.1679190502215833,926476000000
0.25502746980458335,1.2434030166478336,1.1667956907158594,926481000000
0.2759975122109126,1.1835422177415862,1.1656211298737287,926486000000
0.24559124556483686,1.2082936432503855,1.164939696741157,926491000000
0.266172854217617,1.2120214041248778,1.1637152201792031,926496000000
0.25430815342103685,1.2375230226154939,1.1632310218041917,926501000000
0.2493849402939408,1.177949022239829,1.1620718318854615,926506000000
0.26112380437017557,1.2246617653216962,1.161348674427007,926511000000
0.2680775339839003,1.202223368206458,1.1603705582762565,926516000000
0.24694993844790036,1.216550928023519,1.1594290983730982,926521000000
0.2558941041153151,1.232215412914688,1.1579470523113236,926526000000
0.2886406987955686,1.202624712036963,1.1571509510454094,926531000000
0.2742497741712531,1.1905889712801894,1.1565075037284773,926536000000
0.2723510547539638,1.2217063296647621,1.1551950983695263,926541000000
0.23885158875787088,1.2134235506677746,1.15401278323261,926546000000
0.2531494451901925,1.2185941113404646,1.1533508501043588,926551000000
0.24995217142241355,1.197664367899152,1.1524150851683468,926556000000
0.20074852550358652,1.2091409606705088,1.1516560573845938,926561000000
0.23181370281646527,1.2077117989073038,1.150756216886547,926566000000
0.24982018777193948,1.22536656817152,1.1493871332408896,926571000000
0.21013406809119564,1.2210446811603963,1.14797101593896,926576000000
0.27245109084845276,1.1842748861676933,1.1466769107502293,926581000000
0.26443758376116955,1.2408323346166017,1.1444877897118753,926586000000
0.24198502471554076,1.2267911121472022,1.1429514081920775,926591000000
0.2555271534091397,1.1893013094415184,1.1415534638030465,926596000000
0.23689832781682818,1.2058312255475876,1.1405093226889826,926601000000
0.2434561849899662,1.216715497814118,1.138686020685047,926606000000
0.26118952136001794,1.1822239891844117,1.137364746351407,926611000000
0.25890190898880555,1.1942452268690862,1.1360072508722738,926616000000
0.3043331696911481,1.194705560841961,1.1348386235546613,926621000000
0.23143526679462356,1.203134392599378,1.1331002036408897,926626000000
0.25096320727376714,1.1778367926560522,1.1315119960235291,926631000000
0.2734687614947093,1.1856207569224637,1.1307602132999193,926636000000
-0.4293694541211004,1.1736509468047216,1.1312484162937702,926641000000
1.0152829403199066,1.3374264093622732,1.1305499942287298,926646000000
0.08576757878260964,1.0753449224078695,1.12713295917536,926651000000
-0.34450374428266073,1.1454619466070148,1.12818429111376,926656000000
0.779488151897828,1.2814440577932786,1.1290454996123243,926661000000
-0.17981162243000823,1.0967792449621028,1.1269370847287878,926666000000
0.2678772543606227,1.174526754437799,1.1289290524881808,926671000000
0.16113636732674522,1.1717091721659996,1.1302276809944531,926676000000
0.9150451261737849,1.2641717233411363,1.1300712071475185,926681000000
-0.31670093503558905,1.1694820167871112,1.1307538899960388,926686000000
0.36305599577734293,1.2420793487933952,1.1322218555049315,926691000000
0.22747503227480537,1.213429176877776,1.1338268871957202,926696000000
0.25689889378957637,1.1629644148146245,1.1353460423794692,926701000000
0.2641911553476046,1.206117261083614,1.1366102638987259,926706000000
0.2917046881665229,1.2279557166117634,1.1381248677096745,926711000000
0.2043413789150423,1.2414957121117045,1.139655321887393,926716000000
0.23687983044251612,1.208946178082886,1.1408132091552576,926721000000
0.24157464053627284,1.20314470319762,1.1416569769624905,926726000000
0.24058443589062423,1.2186282575909626,1.1423924256387477,926731000000
0.23073315759187593,1.220765569985212,1.1436261337441802,926736000000
0.19519066532153798,1.2277339689695583,1.1443876485786317,926741000000
0.22339638974247664,1.2296765452323999,1.1447936963003154,926746000000
0.22650828305903298,1.2472188758438212,1.1449727933769183,926751000000
0.21251651831632132,1.2327595601790178,1.1453677819840864,926756000000
0.1932045351793709,1.2262650864125388,1.1451169603252875,926761000000
0.20993133777206027,1.234860536225906,1.1450056862042925,926766000000
0.9703504563974503,1.340377059861427,1.1440843561134317,926771000000
-0.5343076802417388,1.0668517736444636,1.142525768849492,926776000000
0.2656152718787126,1.2371239469309978,1.1419614891229335,926781000000
0.12832482600807366,1.2181267295128129,1.1423267394403316,926786000000
0.1659837881747196,1.2154019666127651,1.1377042507274533,926791000000
0.2566081440345301,1.235366988200712,1.1375629617451188,926796000000
0.973693191381727,1.396740833183431,1.133501698473969,926801000000
-0.5525764019782577,1.0591640162315314,1.1304435170617935,926806000000
0.2446359125570507,1.2478603730455708,1.1296470481756704,926811000000
1.0671515078141989,1.3955259490248881,1.124324438465757,926816000000
-0.6313145959145527,1.0214663381537725,1.1199676220247,926821000000
0.14336822382944206,1.1934427148842366,1.1187819892562676,926826000000
1.0465805324753403,1.4175694775394196,1.1119136343263192,926831000000
-0.4360492324508586,1.0301710470868555,1.1075378374265603,926836000000
0.7914386626904142,1.3600066574193983,1.105922547105566,926841000000
0.28752953415021937,1.2165447409355452,1.0984483276775354,926846000000
0.24938221288588838,1.1942336402583225,1.0931961923872844,926851000000
0.25330942526627875,1.1972218162119448,1.0887316964113956,926856000000
0.140328969578117,1.1901241393247215,1.0862893282305068,926861000000
0.1055923244517093,1.1774297337639033,1.0798576384232748,926866000000
0.28901977819308766,1.1209701859488497,1.0747244736056987,926871000000
0.30917921827905887,1.1682881069533209,1.0710103553161299,926876000000
0.24842730222534987,1.1251681472420756,1.0673055184704365,926881000000
0.17213059449059098,1.1399796111614235,1.063849773546503,926886000000
0.14302316259864814,1.189150256140549,1.060019288624641,926891000000
0.1672803130987041,1.127781073943964,1.056302766748123,926896000000
0.1752496037177832,1.1606751066977603,1.0526226016492006,926901000000
0.19047829742177402,1.1427407544964179,1.0485885802674964,926906000000
0.21600817971918773,1.1318424291500193,1.0445784393157507,926911000000
0.20062117773747082,1.0975186769502956,1.041168285081397,926916000000
0.22918700739040654,1.131803939102649,1.0378683921704521,926921000000
0.19178229351264048,1.1292852439329035,1.0341594661212106,926926000000
0.2088510036343897,1.0982441723525476,1.0310815106674434,926931000000
0.21110660844715204,1.1282826673895137,1.0283705190942605,926936000000
0.20877407424607825,1.13064782068711,1.0258162470218402,926941000000
0.18776576175852527,1.1459159510492454,1.0229493432952397,926946000000
0.17501710019755282,1.116003002434746,1.0199712417032025,926951000000
0.19640331115457477,1.091252776702523,1.0173158879229551,926956000000
0.2089703041711505,1.1202536085565218,1.0145489677067618,926961000000
0.20750556609355528,1.0957932682252989,1.0122690165982404,926966000000
0.204814529759703,1.0941518736073794,1.0101018127014056,926971000000
0.22890314594282202,1.0966031174733522,1.0075929152559973,926976000000
0.23133205748560093,1.0675185865221486,1.0056296711096853,926981000000
0.19502756545975503,1.0791932104279143,1.003419448382162,926986000000
0.20435824095310137,1.1070604397645636,1.0017042081831709,926991000000
0.1933147706640708,1.1129473102861962,0.9997099184964455,926996000000
0.19796164309442885,1.0925827668145773,0.9980679440908699,927001000000
0.1943200418682511,1.1052413081202255,0.9961761670307496,927006000000
0.2132123374611949,1.0945064696718627,0.9949278567481503,927011000000
0.1824107414223149,1.0984826898681503,0.9934814461169028,927016000000
0.15058127833445314,1.0965778249546365,0.9920684507263362,927021000000
0.13952077510579847,1.118744697853903,0.9911056343047923,927026000000
0.1700615958607853,1.1426412573871214,0.9905677850186819,927031000000
0.18977494256200125,1.1269400290503588,0.9902279130554871,927036000000
0.15442663689983488,1.0858690743010384,0.9903561669795397,927041000000
0.11574958028521332,1.0883037031544762,0.9906516249932539,927046000000
0.18911518454561693,1.0877940682677743,0.9902131616740345,927051000000
0.17940823640269354,1.0876835924497077,0.9898715522421598,927056000000
0.17730550475151174,1.0926227415115004,0.9889642406006707,927061000000
0.16734484543122413,1.0826729205392396,0.9880719503121349,927066000000
0.15809570470777234,1.0510534302062913,0.9874269926957598,927071000000
0.11004919317450437,1.0364129413051495,0.9859187673659927,927076000000
0.22586544197264136,1.0691630473403504,0.9844282998040721,927081000000
0.16354493336590445,1.064378428166162,0.9824374928359354,927086000000
0.13872341164350646,1.1021895521402967,0.9801089083881207,927091000000
0.13294253786466775,1.0504224557900848,0.9783927727151351,927096000000
0.14760732115712935,1.0795202217809297,0.9765449991004745,927101000000
0.14606154256302323,1.0814660126676947,0.9741895793839322,927106000000
0.1341837879658949,1.097539886451436,0.9720541527533043,927111000000
0.10038501410451378,1.082774182476338,0.9699920000987196,927116000000
0.11814894787553054,1.1015932438588896,0.9675954320527497,927121000000
0.1349836522466108,1.0869465667637965,0.96473385503358,927126000000
0.11884961314018738,1.0816148730835904,0.9622967519138117,927131000000
0.12760415769864278,1.097069812906417,0.9605310717535295,927136000000
0.12657059745226587,1.0573153856656707,0.9581695668109319,927141000000
0.13167870196679266,1.0688423263881428,0.9556724255611063,927146000000
0.11142517086593287,1.0804129261566668,0.9541491092107277,927151000000
0.12333306207394841,1.0848303357147282,0.9518679217473635,927156000000
0.08335492042928744,1.0447027763313979,0.9506635148461774,927161000000
0.11210435265411522,1.0825465711631899,0.9484208314500125,927166000000
0.13017370895288077,1.0824786842279313,0.9462586611580113,927171000000
0.126691147701832,1.0723733210804454,0.944791795993041,927176000000
0.10138641922019372,1.066650198554686,0.943153360124148,927181000000
0.0857429766539584,1.0677883329081612,0.941194886838326,927186000000
0.11244210097168329,1.079649073865079,0.9395076695697936,927191000000
0.08023148839327068,1.0640185060381964,0.9379441940134532,927196000000
0.11657779449048741,1.0584221721168123,0.9362281815530962,927201000000
0.06147433394828646,1.0255744766916497,0.9342772508787064,927206000000
0.1319094349633645,1.0480790388677592,0.9331808394287631,927211000000
0.12708822919145704,0.9972267491442741,0.9320734290899433,927216000000
0.08408777544627247,1.058261986581468,0.9295741523466493,927221000000
0.1202420719950671,1.070237348551598,0.9268720472645409,927226000000
0.11784942749607534,1.025384799198887,0.9261501506994931,927231000000
0.14083063899775125,1.045815523359662,0.9240510513476562,927236000000
0.1178077429940593,1.0367327243478144,0.9225994869409629,927241000000
0.10967071868305019,1.0049050093443577,0.9211232815666114,927246000000
0.12670322938457496,1.027091613449612,0.9198883695039837,927251000000
0.12442005225673593,1.0326901071733334,0.9191064204442285,927256000000
-0.27445322593843213,1.0594217098956376,0.9181347856136708,927261000000
0.03157832546115259,1.0333498504248528,0.9199934522688675,927266000000
0.6114527410058416,0.9983399414473871,0.9206891407760658,927271000000
-0.23481422723095458,1.0712846636419406,0.9204183940579675,927276000000
-0.02522738186944115,1.0677729113645527,0.9218032644148926,927281000000
0.5943071041397583,0.9964326609637919,0.922392247439285,927286000000
-0.3793940287515618,1.1159016171437601,0.9232800221862794,927291000000
0.06473644710473783,1.079065820110847,0.9255150321482866,927296000000
0.45248699674098924,0.9943296452381729,0.9266307448402784,927301000000
-0.28184553159939507,1.0862739351422943,0.9275078969435915,927306000000
0.05538067301599467,1.0521475290324889,0.9288744504712008,927311000000
-0.07389813282465783,1.1173002142852824,0.9318155347074512,927316000000
0.25596229733982306,0.9870312492408831,0.9319963737988102,927321000000
-0.10429064471112463,1.0185685153447028,0.9329359149488062,927326000000
0.020948457848392034,0.9808807268122501,0.934597021983426,927331000000
-0.029980099856334368,1.0015570645907048,0.9366509143129337,927336000000
0.44517285767679227,1.0536693596377125,0.9395834117000998,927341000000
-0.27941485063082466,0.9924236200334996,0.940895921188472,927346000000
0.03442861536683281,1.0320632991871448,0.942739607011625,927351000000
0.06642780525200692,1.0036653430698372,0.943538939246022,927356000000
-0.019951855531994415,1.026559067723062,0.9460979360942662,927361000000
0.08440670986910072,1.0276389788879392,0.9486857665093118,927366000000
0.12856101957124108,1.09325308444048,0.9512990678700657,927371000000
0.6164034223185612,1.180021389871227,0.9525561865596884,927376000000
-0.6189665672178214,1.0384367214207015,0.9539246113622586,927381000000
0.05453677566425839,1.0951288417765737,0.9549297204480535,927386000000
0.023228269083208193,1.076547740729328,0.9563104068686851,927391000000
0.02170729910375305,1.0722528830586462,0.9575635152727507,927396000000
0.013220490755260486,1.0892152069777163,0.9588729665107201,927401000000
0.6911939977043758,1.1553419062628347,0.9581725444628234,927406000000
-0.6686983064764531,1.0380378822238134,0.9590125333903023,927411000000
0.05285467923913822,1.0666560709659187,0.9600553230851229,927416000000
-0.017306437254618855,1.0755625215932982,0.9603037029730983,927421000000
0.042327277438175825,1.036579220778051,0.9609951646287105,927426000000
-0.04706631566673573,1.1270539942805076,0.9578559174535793,927431000000
-0.004646576545892456,1.0623586250361758,0.9580969537807326,927436000000
0.05902337465427494,1.071422840264477,0.958261017980728,927441000000
0.7215159636442063,1.1293139879965677,0.9550158350233283,927446000000
-0.7771058101411326,1.0197297139063548,0.9550002375059684,927451000000
0.09874638538366481,1.0671486845175917,0.9553101237595368,927456000000
0.6791683663981544,1.126551029365837,0.9525474047667261,927461000000
-0.8191157738047665,1.0319373419080304,0.9513907596335524,927466000000
0.11072329802454026,1.0503575201927164,0.9514078133082585,927471000000
0.7628433993725514,1.126089336550871,0.9492234556776403,927476000000
-0.8563430466729197,1.0060285289311865,0.9467019183559556,927481000000
0.17760597717496665,1.1660554071341465,0.9472615545566129,927486000000
0.7244042113683725,1.0483749669203242,0.9436515831175207,927491000000
-0.020143230275721367,1.0418141903717895,0.9375230075059946,927496000000
-0.01708578766651199,1.0234368918036736,0.9301764837839605,927501000000
-0.47994139782078593,1.1359629648128413,0.9236602442318945,927506000000
-0.16970974588380697,1.0272607450326483,0.9194394320609341,927511000000
0.22322080132766683,0.9888575523274101,0.9168096265160038,927516000000
0.07678483950516732,1.0249688995790627,0.9142995039353274,927521000000
0.012884933944611316,1.0298455546246736,0.911922383167544,927526000000
-0.038901129678925436,0.9555817603195512,0.9096013407073615,927531000000
-0.05931261591842749,0.9995927779503264,0.907864701522483,927536000000
-0.035856715256428764,1.0200409694972863,0.905821740079191,927541000000
-0.004229311462826922,1.0478504099810413,0.9042689010281316,927546000000
-0.009773214576396572,1.016100432707876,0.9028811525898732,927551000000
-0.01968178602840466,1.0344869041718319,0.9009278286075494,927556000000
-0.059369821146975206,1.0454182313220166,0.8997897774090156,927561000000
-0.05866825557953492,0.9993828087983506,0.8985492564145926,927566000000
-0.0673102203310586,1.031348702349136,0.8974190939480529,927571000000
-0.06906129585461183,1.035792629003999,0.8963075754516753,927576000000
-0.0454825043043607,0.9970642193876259,0.8955795524592856,927581000000
-0.062178464107819575,1.034881081474218,0.8944755438853565,927586000000
-0.103158448583129,1.0088055026254699,0.8937999478455303,927591000000
-0.09565344173932262,1.0335525355176927,0.8925932528725399,927596000000
-0.07926329313350029,0.9972131473989766,0.8916548743699427,927601000000
-0.04909353874442096,1.007749476600041,0.8902386412441405,927606000000
-0.046847711683243566,1.0099957719096755,0.8894438090215447,927611000000
-0.03400076514984075,0.9902500236609688,0.8885691937740253,927616000000
-0.06397246639934057,0.9990917740251472,0.8883149142372672,927621000000
-0.0642951312549432,1.005466553541692,0.8879679296669529,927626000000
-0.08687906115992183,0.992862092920234,0.8873800703345426,927631000000
-0.06275642954039348,1.022333815616246,0.8875999181037072,927636000000
-0.05814887489762614,1.029179003658954,0.886694225216603,927641000000
-0.08450869624678058,1.0092607699056353,0.8866270347597993,927646000000
-0.06819940913261076,0.9924954753561168,0.8860041365654607,927651000000
-0.06915806526245286,1.0031352788852113,0.8859431944535207,927656000000
-0.07516051940108406,0.9832488704842144,0.88567098169138,927661000000
-0.10493598757191477,0.9833573722239238,0.8850808617310545,927666000000
-0.09904365752889155,0.9817339779242729,0.8848569041511114,927671000000
-0.06363385386177152,0.9926743843292707,0.8845953009260737,927676000000
-0.07166571421401652,0.9705252885550041,0.8835331626068145,927681000000
-0.07946718801779132,0.9993807206933288,0.8842128529834823,927686000000
-0.10137705222548789,0.995458219111265,0.8834794715777834,927691000000
-0.10312203958109031,1.002039826525646,0.8823116044317196,927696000000
-0.14578119105039355,1.0267154125859348,0.8818403234870342,927701000000
-0.08586186362461563,0.9908906449852265,0.8813237887067321,927706000000
-0.09804053472956578,0.9887133903006113,0.880335304358969,927711000000
-0.09133632279976642,0.9688803894446582,0.8799333541232789,927716000000
-0.10937824576762596,0.9554609623959984,0.8797142328433482,927721000000
-0.16116064904111735,0.9691493765129191,0.878768689651875,927726000000
-0.11136913929281121,0.97977050557517,0.8788339762930568,927731000000
-0.09928257742639687,0.990193549842992,0.8785952965625765,927736000000
-0.10335583841917848,1.0148450791477583,0.878209086518243,927741000000
-0.10156149517539237,1.0262887781471697,0.8780730348822178,927746000000
-0.11525967692787412,0.985387214386411,0.8776564539894759,927751000000
-0.1432912469364946,0.9842784870300142,0.8778987791694505,927756000000
-0.12336469076748431,0.9899212958187463,0.8772673144039709,927761000000
-0.11834430973637972,1.0106666196309844,0.8769781829687489,927766000000
-0.13348041869697808,0.9871473253692303,0.8766466760062128,927771000000
-0.11861570827130173,0.9836439501431317,0.8765532722444795,927776000000
-0.14150815574931863,0.980302707831836,0.8758641045197907,927781000000
-0.1524628847468236,0.9516677152500783,0.8770271627536115,927786000000
-0.018398311608848406,1.0259495607117175,0.8772649087173017,927791000000
-0.18905191287956977,1.0276501577136739,0.8769942879150031,927796000000
-0.5820915306984682,0.9880090724733203,0.8767867238527026,927801000000
0.3320064031208137,0.9786306306555219,0.8774434445626462,927806000000
-0.04861688968739411,1.0045007560673533,0.8769225826065575,927811000000
-0.17874807274789253,1.0379554751462285,0.8763063984976741,927816000000
-0.5635806762502085,0.9907575381343251,0.877741163183257,927821000000
0.33672452544259407,0.9628980494964496,0.8781936705581376,927826000000
-0.15843377093769875,1.0246178158937085,0.8776717408228348,927831000000
-0.5254359997649991,0.9659741852795419,0.8787093347228548,927836000000
0.401288393737372,1.0001753858897002,0.8795493332388415,927841000000
-0.2565182726221319,1.0347354563775704,0.8788402119501215,927846000000
-0.5431701762453115,0.9917285603383824,0.8796575639185801,927851000000
0.23713335854119763,0.987586516835499,0.8809016687420121,927856000000
-0.07904798302307509,1.0339387986375823,0.8804376319805628,927861000000
-0.5279782777149545,0.9898928281752042,0.8810242628538298,927866000000
0.2430629359628733,1.0120949761568894,0.8825527644675868,927871000000
0.04018191380302275,1.026369867222036,0.8816234449977397,927876000000
-0.6010731593931882,1.0029874410472726,0.8818677169930567,927881000000
0.2326728557199623,1.0124871811244731,0.8828340921837745,927886000000
0.05147622343369531,1.0181924192300869,0.8819677198966507,927891000000
-0.5827411096042763,1.0030249553016242,0.8817323959110802,927896000000
-0.15408685289188645,1.0145343153251973,0.8827632113193106,927901000000
0.23388836511077757,1.0032010399969842,0.8818324718678312,927906000000
-0.49545490126744157,1.0345531687911793,0.8809582071723234,927911000000
-0.23646005023493843,0.975469036900943,0.8818308200388671,927916000000
0.33343940976045733,1.0168540625441196,0.8821695282864799,927921000000
-0.15112276514930614,1.009639780447588,0.8802717765424917,927926000000
-0.71758675161267,1.0140597796653135,0.880306116862681,927931000000
-0.13265273767169355,0.9731057403486001,0.8810592738549963,927936000000
0.23689926486607268,1.0448746978156704,0.8809868993746562,927941000000
-0.16254439125484102,1.0171180237758861,0.879692279638545,927946000000
-0.5897138030038959,1.0071612440274895,0.8804410429518669,927951000000
0.28987181749279073,1.0225403498312802,0.8803855731259393,927956000000
-0.12106098892332356,1.043373448700287,0.8791131459213464,927961000000
-0.6193068069363563,0.9991937463341081,0.8788859655586677,927966000000
0.3372583162835351,0.9988685150549896,0.8782853531343805,927971000000
-0.14661033207498567,1.037533530604441,0.8763935272572271,927976000000
-0.5400335425324682,1.0040229012881552,0.8746203404396453,927981000000
0.1605287569406466,1.0020548349057659,0.8751421322147553,927986000000
0.07284573793108841,0.9498515353837497,0.8735808168754952,927991000000
-0.24243267744471153,1.0856453424335304,0.8720089456800696,927996000000
-0.5355931597506421,1.0353267522932634,0.8705667092287604,928001000000
0.13541753468955967,1.0063385802949611,0.8708876384435864,928006000000
0.068480643241542,0.9164926294654194,0.8702893106199385,928011000000
-0.2064835660471877,1.0631546500734288,0.8683792584891087,928016000000
-0.2024085276428932,1.0130943696665795,0.8673213559845402,928021000000
-0.12117967740918177,1.0162078633098395,0.8655285577583924,928026000000
-0.11644846816718976,0.9620642805539403,0.8659072525013993,928031000000
-0.0018360255415306934,0.9689093457083565,0.8650406801818106,928036000000
-0.23383582077572596,1.008425135726865,0.8637467626491772,928041000000
-0.13155192330025983,0.9593126208627133,0.8622307746141928,928046000000
-0.15794915320586445,0.9804024583170015,0.8611890141219138,928051000000
-0.12731454110845228,0.9896368233482424,0.860062818182828,928056000000
-0.12945183764887222,0.9953014738916158,0.8595173028449702,928061000000
-0.12712202642414788,0.9982457191108767,0.8588571892105903,928066000000
-0.17470673731648742,0.9880822718014999,0.8572324462614188,928071000000
-0.13422627960700448,0.9542558393107224,0.8560757521062526,928076000000
-0.12525784565951242,0.9941874314713398,0.8546232160017913,928081000000
-0.1300265831203674,0.9804901570184043,0.8534718064594147,928086000000
-0.11129142952422519,0.9936284717423234,0.8518695785925139,928091000000
-0.10318064019525452,0.9988635935561043,0.8515630527875524,928096000000
-0.14194874101791302,0.9840078434464343,0.8504591533989234,928101000000
-0.14357491176989703,0.9744301743783557,0.8490384981298678,928106000000
-0.14835021830492592,0.9525440830416971,0.8487716192680703,928111000000
-0.10865561194782983,0.9852662218404439,0.8481512236101734,928116000000
-0.08886801638283125,0.9600962776394046,0.8466715246427149,928121000000
-0.10002542662825348,0.9708495421914035,0.846256628487027,928126000000
-0.1350895450692211,0.9666286522396175,0.8450678698463885,928131000000
-0.11924590869427407,0.9481574024513381,0.8445480011000278,928136000000
-0.11211669783478362,0.9278514137199633,0.8438995333083424,928141000000
-0.12334888280538733,0.9582991284791677,0.8431030319759085,928146000000
-0.13057183675233802,0.9493488096553506,0.8422618759286663,928151000000
-0.08635987212283393,0.9450550833095976,0.8416661029496075,928156000000
-0.07725879189989505,0.9359797398275721,0.8414562766244813,928161000000
-0.15941020847814663,0.9988860844819886,0.8406021551482515,928166000000
-0.1705483302250888,0.9529749634273564,0.8397525604647407,928171000000
-0.17993192364444105,1.0255600400161786,0.8385390532825813,928176000000
-0.05851008106288319,0.8810534685492172,0.8377002813957392,928181000000
-0.08192622035613481,0.9468954057698648,0.8371659826592568,928186000000
-0.16476534695786657,0.9949956742231275,0.8363890348667352,928191000000
-0.03599264350620436,0.8915139141729616,0.835620234156635,928196000000
-0.15152748947991979,0.9485833489256936,0.8348754684848592,928201000000
-0.16222058876903056,0.9938273770267736,0.8340500147243374,928206000000
-0.05313579087767763,0.9262032720495778,0.8336710771573469,928211000000
-0.12507051316827403,0.9606672050095971,0.8331800332093404,928216000000
-0.1078632496533905,0.947070147503045,0.8323432200790181,928221000000
-0.07631121941022594,0.8979199659894844,0.8317683640722112,928226000000
-0.17169396025598185,0.9469988534034858,0.8310770101526853,928231000000
-0.06673998926488525,0.8820024753960655,0.8304699270892023,928236000000
-0.20844750075858218,1.0485705474950984,0.8295753066290036,928241000000
-0.043794970205987556,0.883233251084726,0.8281982607771937,928246000000
-0.11211181826376067,0.9472107574855743,0.8270915962500368,928251000000
-0.049951166711320064,0.8911649909992179,0.826581431654669,928256000000
-0.08590986687349829,0.9453215115125904,0.8255410366087574,928261000000
-0.06541625501683487,0.9108012088574667,0.8250552597066205,928266000000
-0.1300557091666831,0.9495944769857796,0.8241684129801627,928271000000
-0.0400099603208953,0.8817102901885309,0.8231798455428033,928276000000
-0.031791406908751756,0.8900946740748683,0.8228932443496263,928281000000
-0.088604016352048,0.9093597237443611,0.8218812963318315,928286000000
-0.1397109445988775,0.9653034572175664,0.8210878723890832,928291000000
-0.04053756888250583,0.8939384270150929,0.8206170182471577,928296000000
-0.09915281395400857,0.9574256144177822,0.8201971817632628,928301000000
-0.1344962387170763,0.9696161059302462,0.8193425731900031,928306000000
-0.05811258905333007,0.9315248389809146,0.8191556125743712,928311000000
-0.056608180675047505,0.9232052611050582,0.8187370976632196,928316000000
-0.12000517040517078,0.9640776761039782,0.8181580850815517,928321000000
-0.04210386326648571,0.9160286397977587,0.8180780084248405,928326000000
-0.06317798119330606,0.9179506694796029,0.8173165069756839,928331000000
-0.09901288565974113,0.9347666834160075,0.8172294343709385,928336000000
-0.12812668123305582,0.9810995008345129,0.8162306633439703,928341000000
-0.04521444850145612,0.8785995373965457,0.8155673061655011,928346000000
-0.09756420122650518,0.9160453028375113,0.8151336385856599,928351000000
-0.047949140167883576,0.8939462069419771,0.8144544459726187,928356000000
-0.08480189123135648,0.9419014880903155,0.814013866649723,928361000000
-0.07341697905992575,0.911988761699684,0.8135407535612952,928366000000
-0.07588858994438806,0.9311411233124886,0.8133271924295713,928371000000
-0.028443295219475608,0.8818033079748874,0.8134715220059018,928376000000
-0.06170655619414527,0.9343274030477137,0.8130669814154543,928381000000
-0.06946486209622926,0.9381145198096762,0.8130067564218271,928386000000
-0.0928434370996935,0.9388241719863646,0.8132733382234533,928391000000
-0.0347358422512823,0.8942115599726825,0.8140478641110265,928396000000
-0.053217933413853565,0.9305880928707475,0.8146888715123234,928401000000
-0.0580689455405802,0.9128839180457422,0.8147353377580971,928406000000
-0.08704229891930368,0.9546807036665136,0.8159797820533761,928411000000
-0.0348976419259813,0.9266591148608819,0.8162116496894322,928416000000
-0.048774320545896865,0.934076815165631,0.8166235632361615,928421000000
-0.03614513129224217,0.9245591923977925,0.8178684039612176,928426000000
-0.07302057280444037,0.915163218903089,0.8185097613814354,928431000000
-0.020081566096394894,0.9496242792851803,0.8191439446608999,928436000000
-0.06558934555423367,0.9405777213892084,0.8197419383247988,928441000000
-0.15235948257888007,0.8965936179086428,0.8200411820646442,928446000000
-4.714537384665346e-05,0.9623584212021297,0.8198749785351462,928451000000
0.05295988837194333,0.9443383784592528,0.8191452856376915,928456000000
-0.1412971164464932,0.9640749156277043,0.818666226532479,928461000000
-0.03121873661159362,0.8618512724657629,0.8179973078483879,928466000000
-0.04773691327724957,0.9280960791888581,0.8175093249786207,928471000000
-0.02111397206649507,0.9190037753283777,0.8171629653316373,928476000000
-0.01732565803138842,0.9725431740193019,0.8169411500601892,928481000000
-0.003551741446276288,0.8927749579104969,0.8161943479571417,928486000000
0.004323715337453703,0.9120823965408168,0.8166649990092603,928491000000
-0.012919201182569612,0.922971073207948,0.8160793498883553,928496000000
-0.0037473781100865917,0.9290842063693953,0.8159052983345023,928501000000
-0.015094818099497843,0.8995593947983724,0.8157300641398937,928506000000
0.05999164686978653,0.8226661318324165,0.8147178865865268,928511000000
-0.034215328874195566,0.9225598410975212,0.8133859297123038,928516000000
0.008022209597539364,0.9294860772952046,0.8126586325421494,928521000000
-0.004621150146169882,0.9289021517494606,0.8115250964201093,928526000000
0.031627252464450625,0.9029708526462437,0.810544293512402,928531000000
0.016502723416282686,0.9269821389286158,0.8102374382405605,928536000000
0.0002421381999156095,0.883735109377504,0.8096371642133007,928541000000
0.03426411281453736,0.8739760372743688,0.8097743090348052,928546000000
0.013267961410899557,0.8956103945269352,0.8095131257336927,928551000000
-0.012341911840828956,0.9432473914829707,0.8091485682437434,928556000000
0.021276992014432228,0.92673539655502,0.8093440145883861,928561000000
0.032177207145332114,0.9113193947716146,0.8101342973687137,928566000000
0.027724907490552893,0.9073324382028348,0.8100694503948466,928571000000
0.029188604678003247,0.8483087030618683,0.8101487883401461,928576000000
0.03844546752871776,0.9446838205736678,0.8109000855584946,928581000000
0.02671045989442441,0.8995738039375158,0.8112615756386744,928586000000
0.04420677142964166,0.8732033417466429,0.812014359164219,928591000000
0.062442531850629125,0.8878732550355237,0.8124785444912076,928596000000
0.021683506770290302,0.8760639541852849,0.8136924763947113,928601000000
0.044473270105587166,0.8887001260116887,0.814578942306866,928606000000
0.05464057938332567,0.895813620995213,0.8154561392091563,928611000000
0.03379700775224637,0.8897214555442544,0.8153341857809528,928616000000
0.03106851323288042,0.9114459895697821,0.8155032921901045,928621000000
0.07725539671167334,0.8973926549399313,0.8155942202017077,928626000000
0.011545366389739652,0.8728401496587128,0.8157975793990991,928631000000
0.052677456053161216,0.9150636324365536,0.8155176323644445,928636000000
0.06487681713894473,0.9070346549217005,0.815485236069421,928641000000
0.05309125395037923,0.8979709342642065,0.8150561967125971,928646000000
0.030640524122275317,0.8834102965455465,0.815042269128347,928651000000
0.07831792966858084,0.8798863082311768,0.8148322665007005,928656000000
0.06291562663420015,0.9185495769941532,0.8143884313165507,928661000000
0.09242009328105472,0.8930212344844422,0.8136326590031219,928666000000
0.047942512504506575,0.8691700315470876,0.8135737094694037,928671000000
0.09298926095174487,0.902727425141827,0.8128841866872654,928676000000
0.07080613009868793,0.9049051536260057,0.8130400063595692,928681000000
0.06143542898363435,0.909679884187355,0.8125649315073876,928686000000
0.07455402290560403,0.9267912141330403,0.8120883341802034,928691000000
0.08823313729873321,0.8769209348211991,0.8124456098616257,928696000000
0.077783071530544,0.8867840003810825,0.8118067398773557,928701000000
0.10855323188532809,0.8934262449658598,0.8115479690567088,928706000000
0.06861156561404252,0.8737421306462567,0.8113716465831573,928711000000
0.06708498423287408,0.8783383837161131,0.8108212712653403,928716000000
0.04382714522908327,0.879360788715208,0.8102463262808391,928721000000
0.08076109867295303,0.8917650502343791,0.8094767488306536,928726000000
0.10401274421728357,0.8687398857936793,0.8085585050797311,928731000000
0.08128851991660828,0.8683343440465622,0.8081959713221472,928736000000
0.07362333260033257,0.8912333716024684,0.807344516412687,928741000000
0.17033403852671697,0.7664859255298572,0.8061728248244208,928746000000
0.14829839005200196,0.8629016866066985,0.8051371701022052,928751000000
0.11948124676191005,0.8737314602559096,0.8034889796571262,928756000000
0.08766092145677715,0.9482500267753144,0.8026783085264239,928761000000
0.12947763630022535,0.873533378312761,0.8016861028311261,928766000000
0.12099931407736002,0.8842542224800003,0.8004999599846172,928771000000
0.12474266167363532,0.8645303598790242,0.7996875584141817,928776000000
0.14278437325150858,0.8532078892335493,0.7994425034728438,928781000000
0.11780759282596193,0.8254989458047428,0.7992972345378644,928786000000
0.15461317259701216,0.8210302754560047,0.7987077614338909,928791000000
0.1491712945392373,0.8391007920554902,0.7985729618018537,928796000000
0.1468928279571164,0.7861209247564285,0.7986408902456735,928801000000
0.15442566755022782,0.8179599952636806,0.7989524684216369,928806000000
0.15281866524588578,0.8092030605381912,0.7988836304130086,928811000000
0.10313392851296868,0.8229608745889941,0.7993301230306087,928816000000
0.13041256592179315,0.8205044658108547,0.7991351182552956,928821000000
0.11261263538948006,0.8488458679993927,0.7991020545122276,928826000000
0.1399786428572573,0.8242360923513744,0.7990807957686444,928831000000
0.1437417842178452,0.8288046709283377,0.7988127452048178,928836000000
0.14707884866566245,0.8430167986647543,0.7995548976558478,928841000000
0.16231596889142944,0.8240401135320794,0.7995188869384952,928846000000
0.15203935609203495,0.8403017519079167,0.799622176164175,928851000000
0.15646107347426563,0.8607458678478151,0.8001311496272208,928856000000
0.1500170787553704,0.8920004773216339,0.8008084665130603,928861000000
0.14392284612848827,0.9314936404184702,0.8011624270344607,928866000000
0.11835699174583054,0.990297514431442,0.8011272241237649,928871000000
0.09527206426753375,1.0376395658082216,0.8021542023226154,928876000000
0.1347531941512278,0.9760499853226867,0.802790464059659,928881000000
0.08761233669619678,0.7931996440630708,0.8037398308300215,928886000000
0.034249072520939124,1.0979248442683305,0.806284999820208,928891000000
0.021324112495410254,1.1236714064118178,0.8086482049440835,928896000000
0.044402929267161564,1.1188094054890654,0.81017369762153,928901000000
0.07332079288862675,1.116554852026323,0.8126886255453969,928906000000
0.11200583116744696,0.9986458248460839,0.8148153255937689,928911000000
0.08311884784659829,0.9354981204796802,0.8165396866594823,928916000000
0.09558588363546879,0.9116614503906887,0.8189246855094592,928921000000
0.15097530427569808,0.9110935491566112,0.8205541230987144,928926000000
0.05926869958421081,0.8666720579505119,0.8223757037382342,928931000000
0.13999491891330723,0.9057355128359732,0.824535909383874,928936000000
0.13291899276610927,0.9340031770190944,0.8266328022312989,928941000000
0.15418166150995505,0.8948354328352127,0.8286637842072666,928946000000
0.15349616109604966,0.9123477433408659,0.8297862318491898,928951000000
0.17135369303248157,0.9169027632411698,0.8313271873089181,928956000000
0.14373971489339002,0.9000721544432166,0.8321898945586226,928961000000
0.17003722463505036,0.9053984983001644,0.8331865528929628,928966000000
0.14850811389455446,0.9057632463407046,0.833178346468812,928971000000
0.1870091064018423,0.9064869873291923,0.8330038981811145,928976000000
0.15964627254465152,0.9079841760465563,0.8328294269296382,928981000000
0.19961398834927066,0.8916480346598089,0.8317386562505147,928986000000
0.165109048848214,0.9068690819756676,0.8302172924240545,928991000000
0.1813274746367046,0.8877977355664599,0.8281364705607873,928996000000
0.16480903096399113,0.9012181917835729,0.8276757778174693,929001000000
0.16287277732799593,0.9247190740962477,0.8259351486084314,929006000000
0.1635343301080695,0.8966384695561204,0.824526484102397,929011000000
0.15309744557511604,0.9177081444407359,0.8236984780182156,929016000000
0.2010485686768778,0.9042821934397127,0.8228783661802571,929021000000
0.16306438552280636,0.8639356077336741,0.8217435469914492,929026000000
0.15644123645113348,0.886688909779705,0.8214705434368667,929031000000
0.18366830190764236,0.9113262203966792,0.8208504957772718,929036000000
0.17824115136940455,0.8407707274432653,0.8201356242976942,929041000000
0.18046289927951992,0.8720740009977476,0.8205863009416772,929046000000
0.17791928813792643,0.8744570538271279,0.8202114699592686,929051000000
0.12026100567012399,0.8525673934559526,0.8196132263911059,929056000000
0.17707675558092864,0.8560703650543388,0.8198847144891196,929061000000
0.14431135059487277,0.8694831428499573,0.8208640562398356,929066000000
0.1616619314387531,0.8563916834037998,0.8212118717309906,929071000000
0.17379228892371615,0.8707140296497006,0.82094575022205,929076000000
0.1974775658866981,0.8223792206545156,0.8212811889837964,929081000000
0.17376534137802394,0.7803655594012076,0.82223138648673,929086000000
0.18035830953799536,0.8310528039106956,0.8215594322282643,929091000000
0.19475699236989383,0.8816361288466292,0.8206451389184436,929096000000
0.17942443505665565,0.8910453109742605,0.8197125939384219,929101000000
0.18651865786267646,0.8747376554954882,0.8185397519471839,929106000000
0.15813463360219637,0.8177582397222941,0.8173654866156245,929111000000
0.13895040484005888,0.910357374567147,0.8156013643549496,929116000000
0.1775147073031866,0.8454727730177544,0.8142418145443774,929121000000
0.1612289072764269,0.8486694351395758,0.813557682817259,929126000000
0.1697909078099522,0.8954144350678586,0.8120146874167693,929131000000
0.17473770347364223,0.759965640802858,0.8111117041499251,929136000000
0.13701487612057142,0.898218872421472,0.8108114679095803,929141000000
0.14550872830634948,0.863049811552373,0.8107985383963899,929146000000
0.14930885957270318,0.8628898220561845,0.8103470540002904,929151000000
0.1513013823951663,0.8110175035448361,0.8109752487128392,929156000000
0.13650097034480674,0.8546031092022017,0.8119030509249684,929161000000
0.17134092856818628,0.8277051908358879,0.8126485193817269,929166000000
0.15064272025863915,0.8151943187950834,0.8135277718569555,929171000000
0.1670521667519186,0.8142639479255551,0.8145172379262804,929176000000
0.17671270253769725,0.8312133216561646,0.81548821288147,929181000000
0.18438179040242453,0.8119738973366314,0.8162618198866792,929186000000
0.18768251625704624,0.828826590813317,0.8164925868699857,929191000000
0.2138200919794955,0.8206466514843306,0.8166543721995244,929196000000
0.18107603481454673,0.809135456349887,0.816334963481279,929201000000
0.18964772689244896,0.8348955178447987,0.8150427194280693,929206000000
0.16788666750392756,0.8292816627101415,0.8131413720478691,929211000000
0.1750485547194965,0.820953202849763,0.8113113987410057,929216000000
0.19216533689921902,0.8413881093040603,0.8102023083062618,929221000000
0.14772693713650892,0.8236157246878705,0.8084573494574185,929226000000
0.1482942487284641,0.8252307536145455,0.8066527621808877,929231000000
0.1056749082532423,0.8160702807062291,0.8052465287437077,929236000000
0.14729402937460448,0.8447119390875444,0.8043280465595992,929241000000
0.12565670697869463,0.826317827970857,0.8040508473608322,929246000000
0.13015458294532242,0.842985761865163,0.8032836575867062,929251000000
0.13388048481964232,0.8109946792410326,0.803340839204185,929256000000
0.1334892715959092,0.8428323220375039,0.8032707716261355,929261000000
0.19158688294445667,0.869878719123266,0.8031869186535948,929266000000
0.18275419727424708,0.8259212529261702,0.8029823470815257,929271000000
0.16994740943188827,0.843316753127379,0.802861451412391,929276000000
0.16326317845658658,0.8558703867804468,0.8024476538708054,929281000000
0.12719849848029044,0.8379769590927463,0.8029376128100794,929286000000
0.17552204290029463,0.8295101552311006,0.8025008486625376,929291000000
0.04115015981011873,0.8607496916191152,0.8029048727068535,929296000000
0.17473495492186522,0.8393256522265621,0.8040591097620491,929301000000
0.18395137358692018,0.9880676032206132,0.8049120228431598,929306000000
0.19796543736041716,0.9031140103404869,0.8065481981046442,929311000000
0.16584270311318375,0.8257666785659642,0.8081008862620809,929316000000
0.13727240321247922,0.8245392745280532,0.8086790362859662,929321000000
0.15597808896621002,0.8055566835489961,0.8101367515705207,929326000000
0.12752363297811956,0.8481762446138548,0.8108837250191769,929331000000
0.13990705008947424,0.8553046255235608,0.8119243076219029,929336000000
0.11927277346916355,0.8535567749272959,0.8125081205064753,929341000000
0.14121184723609112,0.8371260669397806,0.8133520508848049,929346000000
0.15337355897963084,0.8586169859746052,0.8138864356304736,929351000000
0.1467365930875438,0.8366330584234819,0.8141669482267464,929356000000
0.14011417551181418,0.8445633061058899,0.8146012735002364,929361000000
0.12274923457275887,0.8510357541873634,0.8144308456982275,929366000000
0.11388699411986061,0.8569344940748476,0.8143169501634685,929371000000
0.14090238106149403,0.8355030183362608,0.8145535547889329,929376000000
0.1515488447965096,0.8475510447328181,0.814595485638758,929381000000
0.1308987001202835,0.8672017379126162,0.8145318870298706,929386000000
0.1521810137667965,0.8427050665200889,0.8140399957781496,929391000000
0.14656920564812256,0.8526568085085,0.8141004712546143,929396000000
0.14754939621924226,0.8746851205617693,0.8141366898729893,929401000000
0.13802201910638692,0.8425018724879499,0.8136995921002357,929406000000
0.12182215156406478,0.8308691062058332,0.8136639276899511,929411000000
0.13990119039628046,0.8729894569104198,0.8128901266895351,929416000000
0.14347126967852375,0.8298037277266752,0.812786432778908,929421000000
0.14940862680137917,0.8543369394975825,0.8125955079032181,929426000000
0.13574106987731877,0.8614952502765513,0.8123356118334827,929431000000
0.09818479802858106,0.850704425797929,0.8117703804359383,929436000000
0.1338302451244875,0.8497686007384825,0.8113509748602553,929441000000
0.131153033281163,0.8751376340628145,0.8104569449154903,929446000000
0.127131131190535,0.8319477180917966,0.8099750789340113,929451000000
0.13482080676607877,0.8424748822939654,0.8091848014355696,929456000000
0.1421716491438772,0.8422081004408758,0.8086310025399581,929461000000
0.12175237843677637,0.8475804988796208,0.8081999224823164,929466000000
0.12841264878900255,0.8639135243031503,0.8068152760420088,929471000000
0.12325275467477319,0.8462123078520838,0.806211266942796,929476000000
0.11100350628660018,0.8353874347363317,0.8050729616044568,929481000000
0.13159166169578912,0.8563945770903971,0.8041272600640486,929486000000
0.12876411829133666,0.8712164738433067,0.8039243129489224,929491000000
0.13194334871570557,0.8524856696265455,0.8030016470147185,929496000000
0.11513294830579274,0.8228405733961281,0.8018030374588797,929501000000
0.10726963800577409,0.8462290557117301,0.8012971716615149,929506000000
0.11402205005812018,0.8332094892746836,0.8003464894235824,929511000000
0.11185246778698921,0.8465037870195127,0.7991948640188589,929516000000
0.11152050523202618,0.8535217934827733,0.7983273372527292,929521000000
0.12386203320829768,0.8163664553746433,0.7976109861909213,929526000000
0.13426492821433839,0.8627747642428953,0.7971202065782217,929531000000
0.08607164405072854,0.8489541893730342,0.7959554691191351,929536000000
0.11056532152191692,0.8262599915931326,0.794967555231523,929541000000
0.1300051167017006,0.8268504387912192,0.7940491201246332,929546000000
0.12624279395097376,0.835749228346698,0.793165147533126,929551000000
0.09651543850166538,0.844935584718647,0.7925073942702893,929556000000
0.11580152043267647,0.8448619533802834,0.7913485039906087,929561000000
0.1018629251833368,0.8447594148010965,0.7900629647517757,929566000000
0.09034507833580163,0.8259898154426917,0.7887188919283472,929571000000
0.0839790877577424,0.8472022372856534,0.7875901719894614,929576000000
0.1016099804456376,0.8362088340904574,0.7864242161339992,929581000000
0.09627252044678519,0.8349209137332431,0.7853802991716021,929586000000
0.07530577287030696,0.8739136554244992,0.7837684862911761,929591000000
0.12360782032364995,0.850772426843709,0.78242789393534,929596000000
0.0864542146314568,0.8416916073964262,0.7817419822812001,929601000000
0.08002465765167702,0.8530782153422949,0.7803307893239286,929606000000
0.09451455028470836,0.8432592394883152,0.7795254675897788,929611000000
0.09336116856855599,0.8408653493834924,0.778620984880056,929616000000
0.09284286960483133,0.8331654199221914,0.7770441150360133,929621000000
0.080840892988035,0.8388839501938201,0.776087692261744,929626000000
0.10870798231187266,0.8178331334633954,0.7748151302365561,929631000000
0.08191368697876081,0.8284797668948721,0.7737389837488416,929636000000
0.07380650317436234,0.8576618009357545,0.7723240391550109,929641000000
0.08444032655301513,0.8444171439549226,0.771701255344608,929646000000
0.10063549277330433,0.858226215570869,0.7704870726970527,929651000000
0.05104176829432228,0.8406658545596513,0.7691589452676353,929656000000
0.1017712322435561,0.8250792575003425,0.7677247597484594,929661000000
0.07760001964068551,0.8416218397660149,0.766494585606904,929666000000
0.07867402586222595,0.847855860370889,0.7652341884906583,929671000000
0.0920027824403465,0.85928986008509,0.7640238423726395,929676000000
0.10648712194490062,0.8414064395054787,0.7622717764667366,929681000000
0.09681321156825715,0.8547192946034419,0.7607872921268727,929686000000
0.05702332833162736,0.8223377681306588,0.7594934588301593,929691000000
0.05784131344516234,0.8237423399014184,0.7580486822745384,929696000000
0.10097183774802633,0.8461873539487589,0.756691869970588,929701000000
0.05844099835422527,0.8454137658803395,0.7553155317690338,929706000000
0.07791242150053675,0.8243608001270454,0.7543719495717782,929711000000
0.07785044957416808,0.8498861135922464,0.7532208308178906,929716000000
0.09622971541160791,0.8499191775645958,0.752301178709189,929721000000
0.1256222934408579,0.8414732597447193,0.7516799899319484,929726000000
0.07187089925303997,0.8233228248011324,0.7503990132265735,929731000000
0.07439542921539097,0.850238203827016,0.7499256953039511,929736000000
0.10621552778053622,0.8635609831325404,0.7490592027816543,929741000000
0.06229469547803888,0.8225359125484224,0.7488602970698703,929746000000
0.06864246786389076,0.8227891742141312,0.7483215236569062,929751000000
0.08378715440547779,0.8569319445187227,0.7474262806949148,929756000000
0.07407684396749492,0.7906677635278281,0.7471623213360985,929761000000
0.04578385630716347,0.8380616807368848,0.7469135887782549,929766000000
0.03906236805137336,0.8254161446098702,0.7460597826596618,929771000000
0.07362945535845969,0.8430755450454339,0.7450441847445687,929776000000
0.0662849113505677,0.8375380739510896,0.7445049596122841,929781000000
0.042726276767587494,0.8419751621386904,0.7440178924198418,929786000000
0.09489766776294437,0.828817576745872,0.743372177883216,929791000000
0.06504940181287579,0.8653747258418448,0.7423545589732686,929796000000
0.059361446864012055,0.8265389608512054,0.74234748887728,929801000000
0.05578382912466521,0.8343240517695759,0.7414970510419953,929806000000
0.07305857484895269,0.8136287929539002,0.7410900513621016,929811000000
0.09029433810230722,0.8016190649825865,0.740728863049533,929816000000
0.0647372785738342,0.841942765714687,0.7400470576603387,929821000000
0.06408024781009418,0.8071324856697752,0.7397949444262542,929826000000
0.047338074836254684,0.8278911529771175,0.7390808183394916,929831000000
0.040413586817733216,0.8148996884441826,0.7386699677069756,929836000000
0.04468075579022171,0.8376798316756442,0.737647338943201,929841000000
0.03287935797652131,0.8563339033675647,0.7374205263022378,929846000000
0.04028415816427399,0.8476996360938139,0.7369925731834289,929851000000
0.04686143814006197,0.8195676970870049,0.7360995417562715,929856000000
0.05497646196771433,0.8453820489396968,0.7358590259940982,929861000000
0.025855006682048935,0.8575467067504946,0.7352839863771264,929866000000
0.02406184593928517,0.8734354824603241,0.7353385549588132,929871000000
0.05705381844406725,0.8414478115023151,0.7349462437651741,929876000000
0.017820490236808862,0.859373527254085,0.7345005008674254,929881000000
0.02011360092152103,0.8337088653646184,0.7338588216310131,929886000000
0.0489115868255737,0.8700816472599415,0.7339677994400938,929891000000
0.04421980787532054,0.8386047876347821,0.7334429320203234,929896000000
-0.0019179610495298136,0.844884300928102,0.7328293016287185,929901000000
0.021375753547271982,0.8697411161758428,0.7328739768295777,929906000000
0.05614410112006499,0.8558964112746473,0.7325326017621225,929911000000
-0.35922462625635965,0.7980934340630005,0.733923262841477,929916000000
0.2927240733729863,0.8408121050234372,0.736538023427111,929921000000
0.22949535835845597,0.8674046862361745,0.7367065090246742,929926000000
-0.34065086996060806,0.8249075105441358,0.738313191330571,929931000000
-0.04876388001380888,0.828157836133109,0.7404604363817152,929936000000
0.38630567652376674,0.8578508354713805,0.7423074754637888,929941000000
-0.3438509087417416,0.884108444968704,0.7431131976312252,929946000000
0.006883694928861473,0.8434675559997356,0.7449867723879543,929951000000
-0.06458732836155673,0.8472410299364128,0.7468358708478499,929956000000
0.42903791193445395,0.909844608380528,0.7485146266788327,929961000000
-0.500230879351701,0.8818628101578857,0.7498368917801382,929966000000
-0.01250665609444513,0.8503917375926626,0.7514600475349664,929971000000
-0.04142119963940351,0.8632801584192321,0.7531634479298382,929976000000
0.026135277057371523,0.842957399933847,0.7551723346796394,929981000000
0.021833073684373427,0.8505170331560538,0.756259271662706,929986000000
-0.012019191412471758,0.9180454092306723,0.7572525084926968,929991000000
-0.009818494773099023,0.9247704962801491,0.7579886225874177,929996000000
0.0004760142573467692,0.852198320327077,0.7583673171238067,930001000000
-0.034137726502100556,0.8665426610882286,0.7594059196856776,930006000000
-0.014944581771718491,0.8599201120216958,0.7594916894958768,930011000000
0.0003327498448831064,0.8847565865234648,0.7595073747600423,930016000000
-0.017406213841689226,0.8821770110593427,0.7596486451696124,930021000000
-0.002086684148213761,0.8816760898821833,0.7602435273217675,930026000000
0.0027760997948387944,0.9006142700870257,0.7598103620845513,930031000000
0.5275362442897611,0.8745403730860392,0.7592575576008206,930036000000
-0.37720681466776224,0.8498902257290412,0.7585916784954219,930041000000
0.5233816351293729,0.8937906285568145,0.7551173304899806,930046000000
-0.18251097363807312,0.9293400686393107,0.7501428210456826,930051000000
-0.06618224629873833,0.8112320001329605,0.7464421502856572,930056000000
-0.030855446179366596,0.8829828356612385,0.7433127675453931,930061000000
0.040812139971766415,0.8785361914596092,0.7404038142801904,930066000000
0.00276042291950748,0.8533864883122112,0.7388002655643778,930071000000
-0.023498986671927027,0.8605699950108757,0.7373366041314411,930076000000
-0.03820246930400782,0.8291675312304311,0.7349422276928107,930081000000
-0.05125436455566623,0.8599742224241428,0.7335667481420886,930086000000
-0.04725558298563741,0.8486812254333715,0.7319979274641544,930091000000
-0.021305297171370162,0.8541281924693581,0.7303703450410121,930096000000
-0.06013505074985685,0.8306506050951113,0.7289300159846228,930101000000
-0.013367394559068494,0.837678587776097,0.7279083619678174,930106000000
-0.05388212507086232,0.8608352568017299,0.7262868618642631,930111000000
-0.04390915038732363,0.8594894896557601,0.7246559122139238,930116000000
-0.06421799035616184,0.8556207475119643,0.7229898155427082,930121000000
-0.01037738822929472,0.8226826988074124,0.721607513092539,930126000000
-0.041254093488379565,0.8182313621541331,0.7203839615671884,930131000000
-0.05313233527054679,0.8697803820863845,0.719328609222215,930136000000
-0.032529049772694996,0.8249463271649503,0.718462193193245,930141000000
-0.02213051479574518,0.7964729825579342,0.7171025440238438,930146000000
-0.05553415464359484,0.8368924563360715,0.7165946333340972,930151000000
-0.07716445506761375,0.8373151910015253,0.7160751065452772,930156000000
-0.019154744829542915,0.8344579966596831,0.7153561170885071,930161000000
-0.060990238351893426,0.8581957677478377,0.7146616455696173,930166000000
-0.062080058137144095,0.8261110593374115,0.7143004478439812,930171000000
-0.01664145028217607,0.812491376537532,0.714148981793797,930176000000
-0.03463926550514048,0.8382945795168022,0.7137890248540112,930181000000
-0.058742356959247816,0.8446405978729125,0.7131322568973089,930186000000
-0.02455849647949705,0.8718581143294526,0.7131749963655623,930191000000
-0.06096068020343807,0.8235173726077476,0.7127137325529098,930196000000
-0.07420049993697149,0.8302525808069208,0.7123736988580166,930201000000
-0.03918577966894096,0.8432680634224855,0.7117588373965701,930206000000
-0.04513126269949002,0.8288406410018826,0.7112041861991226,930211000000
-0.040637675328704076,0.8270711056875646,0.7108047047644889,930216000000
-0.07621102675471222,0.8293888624264828,0.7101330371263308,930221000000
-0.0714697250718292,0.8486852303450256,0.7093366570615658,930226000000
-0.05855938872273821,0.8306361180591908,0.7092562262933804,930231000000
-0.08316998921221525,0.8517775129724849,0.7082703600527994,930236000000
-0.03785605970666749,0.8563965412144111,0.7084119121364821,930241000000
-0.04811376166985458,0.8478135156733844,0.707835671095498,930246000000
-0.06949576775946603,0.8146512404880519,0.7079695679125543,930251000000
-0.07780425379233444,0.8178698197866191,0.7076826369987255,930256000000
-0.06663054822007196,0.8131761906324703,0.7074730590667494,930261000000
-0.0815863193555674,0.8532016350675824,0.7072900147449627,930266000000
-0.0512107420083282,0.8288793208043856,0.7073971017724155,930271000000
-0.07552961190003546,0.839897346088643,0.7071481352888753,930276000000
-0.07422266804755848,0.8207694206583209,0.7064703503430246,930281000000
-0.09492786733810336,0.8576254199563506,0.7060740797705712,930286000000
-0.04822763076373775,0.819333983367326,0.7062722578077163,930291000000
-0.08266681159634807,0.773441527907089,0.7051721106966586,930296000000
-0.09021907152543515,0.8156508134763709,0.7050422417126269,930301000000
-0.08004837755326334,0.8085750892047036,0.7048525180111415,930306000000
-0.08094073987069197,0.8086294372610257,0.7044572452088059,930311000000
-0.06574235964463263,0.8295662324009994,0.7037169628556097,930316000000
-0.053309407177703855,0.8383424892256868,0.703646119952554,930321000000
-0.08262382469642159,0.8124107580604869,0.703411398980292,930326000000
-0.08569975166653328,0.8375348704262506,0.7027735417514248,930331000000
-0.06336138853469543,0.8223015101411152,0.7026809673934326,930336000000
-0.09730286481198572,0.8276106528682196,0.7022281731942411,930341000000
-0.09125896183868323,0.7977598550882721,0.7019954907287667,930346000000
-0.06586326585715999,0.8231099931033299,0.7018189630440308,930351000000
-0.07583948167403554,0.8146269573509967,0.7016024571787333,930356000000
-0.05272257804712256,0.7993798371262915,0.7013706471993612,930361000000
-0.07644854898290696,0.7971038257684355,0.701549773027078,930366000000
-0.08343816054630881,0.822506003689176,0.7016340141372508,930371000000
-0.05702601888180237,0.8025690998964892,0.7015233372536835,930376000000
-0.08217348559157993,0.8291729106552722,0.7013045879825841,930381000000
-0.07558762581453622,0.8313176840177923,0.7005317670338501,930386000000
-0.059777230686166666,0.8218413299467124,0.7006640168968584,930391000000
-0.09715086372993413,0.8359156348597468,0.6996757471482095,930396000000
-0.07704279152125763,0.8068285417687373,0.6995304946607988,930401000000
-0.08206599894870702,0.8212476676982913,0.6995192015783755,930406000000
-0.08337437529116477,0.8088112257131361,0.6987669081857525,930411000000
-0.08252715260747695,0.819025207788767,0.6983196316224962,930416000000
-0.0803780755300881,0.8522840647855497,0.6983430017648639,930421000000
-0.054364690576899376,0.8205066513676808,0.6980943890932448,930426000000
-0.04639567229559782,0.8229766025571799,0.6979011992024013,930431000000
-0.07992190569782347,0.8383498583854366,0.6975858355757729,930436000000
-0.08000287334984302,0.8201219981649827,0.6973148156203461,930441000000
-0.05880535514122121,0.8409923387718943,0.6975793204315941,930446000000
-0.0800225705987898,0.7939298665497146,0.6965032122816702,930451000000
-0.06752959427798397,0.8304911725353807,0.6957990485865214,930456000000
-0.09282389249483584,0.7962457378653731,0.695281934406916,930461000000
-0.05641349546584537,0.8381556277713782,0.6950880029294881,930466000000
-0.059799598728763725,0.8142685975882629,0.6946258245077951,930471000000
-0.051945899253291516,0.8029847260806122,0.694116097678714,930476000000
-0.09174878977943704,0.8578273289138649,0.6941441304555932,930481000000
-0.0926995083753136,0.8146922314574984,0.6939178172743052,930486000000
-0.0886595647945565,0.8094598776423418,0.6934350678185449,930491000000
-0.05793284594812883,0.8074755826055922,0.6932841532335168,930496000000
-0.09002603373343555,0.8201059596624821,0.6930352668652227,930501000000
-0.03626392514859918,0.7878636357531139,0.6924881365242483,930506000000
-0.07820428718575903,0.8390283495528988,0.6922420748248872,930511000000
-0.10437749370536234,0.8054912792359664,0.6924279406759916,930516000000
-0.04589214542976229,0.8009955421281272,0.691942146039391,930521000000
-0.061423149899966764,0.7922164940069069,0.6917883978574557,930526000000
-0.07359009810924397,0.8307666906232296,0.6918817211885608,930531000000
-0.06892672542951316,0.8010990189334461,0.6914575641261945,930536000000
-0.04571939413702457,0.8061563031226981,0.6914267912852449,930541000000
-0.05005528186857638,0.8435862388201121,0.6912400955807492,930546000000
-0.07505352512158697,0.80533718638416,0.6904847284759156,930551000000
-0.03809522167297788,0.7893785493531655,0.6898917680891179,930556000000
-0.047117551472201265,0.8178582447612678,0.6895284285102478,930561000000
-0.0704640488058784,0.8051484572514783,0.6892994035548379,930566000000
-0.045394270009911385,0.8407936657192552,0.6887345701510468,930571000000
-0.06733079053965271,0.8110468029420864,0.6881695185492444,930576000000
-0.06767385252272863,0.821209091789095,0.6880184582577049,930581000000
-0.05266027594044898,0.7899726996744826,0.6871195715601214,930586000000
-0.0784495933137953,0.8219848925408625,0.6867403494531661,930591000000
-0.04973350229974815,0.7807488010069542,0.6869245502591039,930596000000
-0.038157140161250526,0.8205462165490512,0.6866517824190861,930601000000
-0.04101161832149734,0.8009658843851095,0.6860527439231965,930606000000
-0.0505764145211023,0.8116284286283119,0.6857335597936127,930611000000
-0.047047756552528464,0.8166378772805113,0.6858214652543372,930616000000
-0.05704012514673696,0.8312860122037389,0.6856087330736993,930621000000
-0.023434845614787633,0.8196525734316088,0.685100343695068,930626000000
-0.06003645640135387,0.7877973291563872,0.6852883622972147,930631000000
-0.05455341027105859,0.849583788610187,0.6849197002875334,930636000000
-0.02961658901408758,0.7877750979410217,0.6849473033351063,930641000000
-0.05546494964713876,0.8064168878090823,0.6845118937192436,930646000000
-0.07283407654415422,0.8059519987784446,0.6841885968142671,930651000000
-0.03496025066552811,0.8184252502974921,0.6842272630240039,930656000000
-0.050815153618788536,0.7978113037405585,0.6834423635539032,930661000000
-0.018648447870648562,0.8193979846350269,0.6830978030571445,930666000000
-0.04102524305384393,0.850142347692811,0.6827533575210419,930671000000
-0.024798825218735124,0.8145773656129236,0.6820633852257366,930676000000
-0.016747737249165735,0.8035843024100989,0.681599189597604,930681000000
-0.02154205674527024,0.8031290311342952,0.6808295398250961,930686000000
-0.020364651814436814,0.7905684098930754,0.681024001122782,930691000000
-0.021649329431177613,0.8298645214293738,0.6807910674250334,930696000000
-0.03688295932738837,0.7745571576669021,0.680187500708925,930701000000
-0.031443456725454615,0.7903948084076897,0.6794624187714744,930706000000
0.008408158132721926,0.7642732348252833,0.6792660987682377,930711000000
-0.028367234304182778,0.7557609235833926,0.6792539912482839,930716000000
-0.12624804799937647,0.9002855498205581,0.6782521936992553,930721000000
0.15012494197301765,0.7251400298948909,0.6777230614741665,930726000000
-0.0169549903240747,0.7897502251878589,0.678091125963761,930731000000
-0.10179870477832778,0.8629711818920598,0.6774024525394414,930736000000
-0.32857276518513084,0.8138746379189121,0.6772521515421065,930741000000
0.08198772568412172,0.7599122330769057,0.6795276249542498,930746000000
0.2518438605975159,0.8062911309989494,0.6802246525534213,930751000000
-0.366316399839078,0.8102778631579856,0.6815254988099253,930756000000
-0.05341370527358178,0.7907508960749469,0.6836715479522408,930761000000
0.4566719226484525,0.7573228106432067,0.6844486741518726,930766000000
-0.17067629648748406,0.8462420759715462,0.6849850665502417,930771000000
-0.12191410301314949,0.7920503076658367,0.6865020181443614,930776000000
0.4075857516244444,0.8388233657724766,0.6873255677048079,930781000000
0.01413586040189552,0.7475924125620795,0.6866521256306033,930786000000
-0.44047607205547334,0.8203455980416655,0.6861077556525965,930791000000
0.25676049880167184,0.775258568499807,0.6862696936711237,930796000000
0.0076460082277568075,0.7616865845711911,0.684556339094271,930801000000
0.05741112018508184,0.817723795662332,0.6835143477835727,930806000000
0.01852250872605873,0.7993599586169066,0.6824431046818609,930811000000
0.025550569752794967,0.8033713819513693,0.6804776349241032,930816000000
0.0073290187010545335,0.8061523666846058,0.679255025840248,930821000000
0.016871537332852307,0.7368018597852616,0.6777668895481329,930826000000
0.11980413050587134,0.808547530618539,0.6760205018952078,930831000000
0.09441258358236129,0.8665625904342239,0.6742569173304281,930836000000
-0.05649875836352563,0.7519523105617106,0.6723782158765711,930841000000
0.011178870940627039,0.8000964008142177,0.6716023723962384,930846000000
0.029129577544882525,0.7498757195986533,0.6709860716968994,930851000000
0.02657011395933413,0.766596654076921,0.6709596743616637,930856000000
0.06057417056903215,0.7994901104723326,0.6710067964929658,930861000000
0.024446481429865462,0.7947860174302944,0.6713771975838881,930866000000
0.04873676254509486,0.7754297876903818,0.672281907121343,930871000000
0.049026950127196225,0.7843700329491082,0.6727920446254045,930876000000
0.040841318698385684,0.7579798030212674,0.6736698161034292,930881000000
0.0507447744313883,0.796323482911899,0.6745892080852318,930886000000
0.0507892147307907,0.7906686783623434,0.6750157635248113,930891000000
0.017949181988970764,0.7724918951415392,0.6757554409373211,930896000000
0.052368220636246375,0.7986573482885424,0.6761216622753127,930901000000
0.042660780657097705,0.785692309700336,0.6768262340438559,930906000000
0.05302913665353651,0.780290872557076,0.6771982017883598,930911000000
0.055081679584501074,0.7746567045692293,0.6776034731607539,930916000000
0.04001088585378543,0.7818461741128104,0.6774534352114584,930921000000
0.035532197318531605,0.7771238041883398,0.6774164553628891,930926000000
0.038193234606037574,0.7846356328357129,0.6771217934847551,930931000000
0.05943015433052298,0.7766830561902016,0.677089574153023,930936000000
0.0639700209320315,0.7628462209471144,0.6767227103859047,930941000000
0.06906921323162567,0.7783445031596039,0.676266248366191,930946000000
0.046790561523752876,0.7549275831436348,0.675864191056849,930951000000
0.07598215047098106,0.7851795905676038,0.6755794845982191,930956000000
0.06051442046253193,0.7774563220966211,0.6745753483572232,930961000000
0.03663426943234539,0.7845154278142356,0.6738095844960856,930966000000
0.05260218388788446,0.7761926591327707,0.6724234332523291,930971000000
0.03544040511512469,0.8065204361979459,0.6709565582864978,930976000000
0.08209245821586234,0.7499474964844811,0.6702062310400638,930981000000
0.07993745108416174,0.7550752910943063,0.6687073426033457,930986000000
0.06561107816020421,0.7571831330398386,0.6678479803774194,930991000000
0.07307511577559848,0.7627035856742423,0.6675526922644938,930996000000
0.05819261078603233,0.7582847346076778,0.6664628856674891,931001000000
0.08523103753022239,0.7465151473786127,0.6667176707003841,931006000000
0.0792186512510787,0.7514179023099529,0.6666153033061871,931011000000
0.04577211113705262,0.777870252298788,0.6672611586105365,931016000000
0.03802848340999174,0.8049546586263162,0.667833381440552,931021000000
0.0751946705398478,0.7890849049747289,0.6683004681231381,931026000000
0.08170745625065336,0.7662615544364851,0.6695532260713412,931031000000
0.10303595899063253,0.6783662610173464,0.6704521540344541,931036000000
0.063259567083513,0.7163099418567959,0.6717298484310104,931041000000
0.052742978472211904,0.716716820322065,0.6728852212651375,931046000000
0.09197095365766356,0.7504706370526597,0.673998682421828,931051000000
0.06222431255799253,0.7101455654905886,0.6747280443142241,931056000000
0.11264607606879817,0.7423587108912597,0.6753787736986062,931061000000
0.11279739146428544,0.7629794248208357,0.6753309362833191,931066000000
0.06660664878586525,0.7257189785099373,0.6743662091612627,931071000000
0.07663324421004866,0.7575187556392717,0.673890291565818,931076000000
0.10085769586356634,0.7458030611757518,0.6726723779008773,931081000000
0.09848389779439573,0.7381505309936036,0.671427399081933,931086000000
0.10719116246060073,0.7475582338328443,0.6698997526191817,931091000000
0.08180426832222684,0.7533338935366907,0.6684969099126709,931096000000
0.10207883676662051,0.7465310388507744,0.6667852922551946,931101000000
0.05985714370530889,0.7529068395317409,0.6654847920853882,931106000000
0.07356010314801892,0.721371367698616,0.6639625505022504,931111000000
0.09948853645865367,0.7460080362429734,0.6634779544052116,931116000000
0.019785116128275212,0.7693699987334952,0.6632079044657867,931121000000
0.08051671404637645,0.7548707226296271,0.6627720005774894,931126000000
0.14612200753966934,0.7448269143212781,0.6627502828083341,931131000000
0.17738838368421755,0.7370329018358006,0.6626062538725209,931136000000
0.057829280066900406,0.7355196106198064,0.6619259414374711,931141000000
0.1138126446226199,0.742128992582567,0.6618000838426306,931146000000
0.0949784999824147,0.746845259519606,0.6613406857447709,931151000000
0.07705178866789868,0.7527932590428666,0.661574944133103,931156000000
0.08185497517840044,0.7494760549351688,0.6614060615582642,931161000000
0.11844286524964187,0.7052760076239324,0.6613894164046812,931166000000
0.11099579836902375,0.7518218003471585,0.661719464545137,931171000000
0.10679292206023211,0.7706297941961529,0.6615343530819653,931176000000
0.10799436881863293,0.7297026065610956,0.6617569143069133,931181000000
0.13143626278426362,0.7744637279491269,0.6618826696656903,931186000000
0.10256278319203727,0.7428278583205035,0.6615103006306806,931191000000
0.10507114221818549,0.7220066988120895,0.6619966343700946,931196000000
0.07118582828605571,0.7381054133049637,0.661706142992367,931201000000
0.12419171229367412,0.7341657186181587,0.6620824978032189,931206000000
0.08002043554018165,0.6961397505685345,0.6624044321022392,931211000000
0.10027613803918423,0.7324170364892689,0.6620782496599033,931216000000
0.10631379500367508,0.727756461642198,0.6620304575581345,931221000000
0.1268516847457888,0.7391517663382949,0.661945300446975,931226000000
0.05726452849538515,0.7225112186856121,0.6620698403266714,931231000000
0.09471375447580609,0.7540046666335888,0.661979384915685,931236000000
0.09281872576171998,0.6831614908354384,0.6620234289932131,931241000000
0.08267087071056689,0.7560544984310353,0.6620305848115609,931246000000
0.14966209057463642,0.7536631723160042,0.6620295087516581,931251000000
0.07729175471172621,0.7255781525801664,0.6619776634437751,931256000000
0.14255231537074461,0.7368594311411923,0.6623904805965957,931261000000
0.07414022885941404,0.7436799754173511,0.662496738364466,931266000000
0.1292252494329891,0.6957992770061152,0.6628862801240366,931271000000
0.06830896645513759,0.6979773609662663,0.6627562563333133,931276000000
0.14781153386356707,0.7132516921247849,0.6632065206071023,931281000000
0.06588235697428642,0.7105000120975299,0.6641114837387985,931286000000
0.12457648332598308,0.7515363434163382,0.6640651400497966,931291000000
0.08783057880445021,0.7252949651121604,0.6647564823511197,931296000000
0.0873782838347663,0.7144140599445196,0.6655302915970298,931301000000
0.13733908980059167,0.7528698647792923,0.6661355501874799,931306000000
0.10753345271978464,0.724764776209014,0.6669980331372554,931311000000
0.03268838439754818,0.7122912370366574,0.6679804605350499,931316000000
0.0808921000622594,0.7116087407382727,0.668919685028232,931321000000
-0.037673302998727454,0.7174915384122399,0.6703345941905351,931326000000
0.044353841906013006,0.708817471910497,0.672447648160938,931331000000
0.14331350652146105,0.7585677594483203,0.6745257109355811,931336000000
0.11365645842377207,0.6977509724903928,0.6776583137946433,931341000000
0.050469919189609094,0.7082175785534154,0.6800576043900192,931346000000
0.050523159650955704,0.6747308622142056,0.683327478373976,931351000000
0.07890495477022975,0.7099077683310749,0.6853440348523734,931356000000
0.12022597238540063,0.7074295610573059,0.687262836143801,931361000000
0.0839165226027444,0.7221678123368728,0.6892998887156542,931366000000
0.11993503665354609,0.7443127342543281,0.6899795414823832,931371000000
0.15955311121363594,0.7383701118668227,0.6906925329759953,931376000000
0.13046573627745423,0.7267297630263962,0.6905362296329838,931381000000
0.14587777237481495,0.748606793026049,0.6898517637129962,931386000000
0.12257919158566503,0.7341481336269601,0.6890839777469052,931391000000
0.13307569193096905,0.7274633655360637,0.6878597011374061,931396000000
0.12453550793871176,0.7316340575018871,0.6861530082502303,931401000000
0.10947893731971187,0.7630282120092451,0.6850804332303674,931406000000
0.11286342755578951,0.7409088434784604,0.6830585724857866,931411000000
0.11815608431028907,0.7317482731657966,0.6815337447173238,931416000000
0.09851177781535513,0.7045125181589035,0.6805607836264949,931421000000
0.12554146388043058,0.7016133028246417,0.6788589082924796,931426000000
0.08367485762931834,0.7381177271651013,0.6783670967710801,931431000000
0.11249773165739865,0.7231785172332191,0.6775042820754237,931436000000
0.09330807452653755,0.7215257798867701,0.6768826881462808,931441000000
0.09395818326185315,0.7489363669427745,0.6762857082393788,931446000000
0.11485994159019294,0.7330103609358758,0.6757783528927034,931451000000
0.09196347928586143,0.7003073892075876,0.6756009065717419,931456000000
0.07761024600360286,0.7041435850759921,0.6756696937933708,931461000000
0.09746342635449326,0.6850343276853382,0.6756705589739809,931466000000
0.09724949706026846,0.7089609035850604,0.676217814016318,931471000000
0.11035826154917014,0.6997558797861142,0.676259658241165,931476000000
0.10100964618497241,0.6913333448322865,0.6767639384007044,931481000000
0.10314235507834259,0.7370948119193981,0.6767627768636123,931486000000
0.07176171058979519,0.7139653365103522,0.6776370322388233,931491000000
0.10604342852210608,0.7074488417732794,0.6780068820517476,931496000000
0.08260769103939819,0.7259114921627984,0.6782249195473972,931501000000
0.19658360534943203,0.7085720940909731,0.6775414704726743,931506000000
0.1866279917398895,0.6824926192653199,0.6750909779429213,931511000000
0.12434785305325788,0.6941747318564206,0.669857788268066,931516000000
0.09605353094258656,0.7053307153597416,0.6641197827953158,931521000000
0.1012824103760734,0.7126770857431725,0.6578750565566656,931526000000
0.10768418081304373,0.6953240023539873,0.6506847599230116,931531000000
0.07472574485750656,0.6832271711818708,0.6441201264292392,931536000000
0.0943921963156071,0.6988799432433482,0.6374024878065705,931541000000
0.09578015104940685,0.6802114895578734,0.6337772376377341,931546000000
0.09546871974036336,0.6488938476271303,0.6286491071875467,931551000000
0.10565201744467322,0.6635118089934418,0.6261816838344612,931556000000
0.08697720286729174,0.6323521488314275,0.6248594953199015,931561000000
0.08223815681840196,0.6835414415809864,0.6245735420673502,931566000000
0.10078331784134284,0.6708745885742229,0.626731818038642,931571000000
0.07207335411444707,0.6633164510977072,0.6287225739610628,931576000000
0.06876973641379287,0.6553731372946787,0.6324900346820475,931581000000
0.09280779572210042,0.6780890297959027,0.6361115533660199,931586000000
0.06397690555256282,0.6720120741645677,0.6404049174212273,931591000000
0.05561894382806945,0.6820613416461847,0.6441816641530284,931596000000
0.0743177182206889,0.6698231823822013,0.6480712500032599,931601000000
0.05337856580180107,0.6963649391501456,0.6513347473909472,931606000000
0.0772580730046455,0.6883813309455237,0.6534420290458208,931611000000
0.040660077507739784,0.7086507370934139,0.6539997514630068,931616000000
0.05627055115806325,0.6917196106513476,0.6545484679682521,931621000000
0.07925425066920307,0.6920187257627421,0.6538794942532513,931626000000
-0.19438055684117964,0.7267124131011264,0.6538490174666763,931631000000
0.04496714288089332,0.6639749338655364,0.6548315526306377,931636000000
0.07723931547309147,0.6975315895890015,0.6563219924978672,931641000000
0.03670284862199272,0.6847936935967364,0.6590552940602694,931646000000
0.03937612511129342,0.6685998356491673,0.6620196465418673,931651000000
0.06219090159365586,0.7206362624137534,0.6652169010229529,931656000000
0.07482594699996817,0.7271409042079559,0.667805303886098,931661000000
0.06592662738829119,0.7055088637914819,0.671110606984459,931666000000
0.04366876709145469,0.7085625912406357,0.673413776472081,931671000000
0.0483726204519327,0.691022691699161,0.6751274577144541,931676000000
0.09255794873971118,0.7233587730909244,0.6771570798544424,931681000000
0.12309226182655018,0.7337822519766508,0.6781954522303,931686000000
0.07564867382134884,0.7404978504205827,0.6781679543514663,931691000000
0.07231455869777122,0.7084970052045433,0.6784531584839546,931696000000
0.10420375032366234,0.7329538314221871,0.6778998499495925,931701000000
0.08535790134427762,0.7244718500773326,0.6763565858444571,931706000000
0.11171262010935469,0.7215349320796394,0.6744932076207345,931711000000
0.13303412816522733,0.7269539528118316,0.6721625551877252,931716000000
0.07842916763667222,0.7156683997832775,0.6696768728140087,931721000000
0.04616448339951544,0.7505273267342735,0.6672439088894324,931726000000
0.02746551295519943,0.718074534060773,0.6648036152852955,931731000000
0.05541839711631897,0.7359315359282017,0.6627687375437682,931736000000
0.042662355463371035,0.7085792282406768,0.6608041448289835,931741000000
0.03697268018700922,0.6853056734749895,0.6592192783559908,931746000000
-0.003924250517804921,0.73592972280251,0.6582609562086055,931751000000
0.0042065468098552335,0.7054375118204802,0.6577320424379978,931756000000
-0.008108164095506208,0.7120575612585278,0.6579946892259251,931761000000
-0.010784181113958714,0.7075279524487529,0.6582763086283253,931766000000
0.008954768724742612,0.6969348956112842,0.6593489328170191,931771000000
0.04304653837035309,0.7286408651418329,0.6609211352660551,931776000000
0.03792421941782483,0.7351566519834126,0.6614882112049265,931781000000
0.01053080932015725,0.7362699200632429,0.6626275105435683,931786000000
0.07780093936595275,0.7329187602164634,0.6644210198481211,931791000000
0.061515994345452685,0.7091093214483757,0.6660526155615712,931796000000
0.05859662936223492,0.7025162568991369,0.6668182152777448,931801000000
0.033712462113933125,0.7490040691553679,0.6682733952773628,931806000000
0.17319969337803204,0.6618416489738961,0.6681204424355551,931811000000
0.09393258970375723,0.6996496854930153,0.6663242721985719,931816000000
-0.02681051819363104,0.7386256771932059,0.6640151178286596,931821000000
0.029890587799153275,0.7094662890262745,0.6616764171137123,931826000000
0.04401466069937292,0.7590845355125678,0.6598474449617815,931831000000
0.07145260501406686,0.7204888804865468,0.6573676543762643,931836000000
0.04967249520479,0.7370763838109738,0.6555451603830984,931841000000
0.05323817663687591,0.7287697854022109,0.6534577289116772,931846000000
0.015098792492513492,0.7147645235431704,0.6517535186257285,931851000000
0.028115669801190415,0.7010013901842944,0.6501738865865968,931856000000
-0.01965403864039495,0.7104623191527333,0.6487786964409928,931861000000
0.01694996674384835,0.7194375293238034,0.6471874575930323,931866000000
0.052185388297162225,0.6984482113640281,0.6458184526377944,931871000000
0.03446984960821178,0.7095747584805988,0.6446373937910858,931876000000
0.0382915216970612,0.70465447458623,0.6435455094722817,931881000000
0.039683440991919804,0.7267405382971202,0.6427129866974786,931886000000
0.02773658061445678,0.7200600600063105,0.6415157970432811,931891000000
0.012687072767659296,0.7128516302559391,0.640307697522076,931896000000
0.021545140421761366,0.734275145660756,0.6398296127076596,931901000000
0.008295422144918019,0.6724606975600363,0.639315576673019,931906000000
-0.004675300574734746,0.6855130988792527,0.6379853714555812,931911000000
-0.009095277612733604,0.7172101307390324,0.6372805605972772,931916000000
-0.011110649569368816,0.7178565347873311,0.6363157782118183,931921000000
0.041166836178350805,0.6930118622969326,0.6356514176450645,931926000000
0.01664059240131214,0.7224320402522117,0.6353507293762559,931931000000
0.03712313899256585,0.6989217515774891,0.6348041617784237,931936000000
0.011620139895732925,0.6988442705868151,0.6339973657799504,931941000000
0.011753580144605659,0.7017716142512354,0.6334220747677444,931946000000
0.009399022837144241,0.7067253130272854,0.6332161991080205,931951000000
0.003158631238601028,0.6889746626241048,0.6325496806746534,931956000000
0.018324979999064413,0.7124564526003742,0.6321373710247064,931961000000
0.01256800649424721,0.7093948219940777,0.6319549464487895,931966000000
0.02851723203661814,0.6968008843130127,0.6311237520441796,931971000000
-0.004255853158499076,0.7182457867655864,0.6312503998176147,931976000000
-0.01661514071531603,0.7291874472551486,0.6298936425852858,931981000000
-0.017098573226378762,0.7046165379343683,0.629517861814995,931986000000
-0.007695997764656733,0.7000088586661476,0.6285239660196017,931991000000
-0.008069556683951599,0.6967033332734648,0.6284556377867417,931996000000
0.011082521757901373,0.7010318093035918,0.6276119191089982,932001000000
0.01959455507485245,0.6859657892013052,0.6272816479507513,932006000000
-0.011732232273848172,0.6938584309573608,0.626529594173431,932011000000
-0.03634346417469516,0.7160390025187156,0.6262579046010949,932016000000
-0.0011195193557836016,0.7194794447213948,0.6262145826967984,932021000000
-0.010181452386848028,0.7065524006740795,0.6258511479431992,932026000000
0.004465314750400249,0.702045753275942,0.6257030562300007,932031000000
-0.007840433247514544,0.7164023133410058,0.6255430918363961,932036000000
-0.000142593912540092,0.7191640078352165,0.6253056371849138,932041000000
0.013425071687715454,0.729952686949699,0.6250540174012912,932046000000
-0.015301681947558834,0.7069743745202575,0.6248999966915708,932051000000
-0.02269511730025482,0.6708339599598121,0.625376444142552,932056000000
-0.004098487527502952,0.6859634957957573,0.6248179405870903,932061000000
-0.0422812176132511,0.6839459777725627,0.6245871803055141,932066000000
-0.011234220764099112,0.7159586217514357,0.6240755568038048,932071000000
0.09628574312380396,0.7366692606034583,0.623673304972683,932076000000
-0.04794284339280329,0.686996216822401,0.622962501106113,932081000000
-0.0992772100777726,0.6668082513326665,0.6222040274457429,932086000000
0.06194239863846601,0.7527753126368811,0.6216760053419303,932091000000
-0.08361148271850943,0.6732722013535697,0.6207559208930868,932096000000
0.005115833782956818,0.704702535835687,0.6203723840492638,932101000000
-0.049091769066541474,0.7088969953188718,0.6200923190160642,932106000000
0.0034762519733853928,0.7180009156249508,0.6196203451021716,932111000000
-0.04522293598910622,0.6740252354707746,0.6188278594137385,932116000000
-0.022462343923839015,0.7346237364982748,0.6185539866593355,932121000000
-0.031140982352069968,0.7678099082664813,0.6181461149595063,932126000000
-0.048046393797794365,0.7218697552778826,0.618210129274839,932131000000
-0.04427169784653051,0.7337776064724012,0.6178983149617095,932136000000
-0.05060795044130913,0.7087409303287499,0.6175998700896413,932141000000
-0.04233632182233495,0.6927825145785295,0.6175228950981462,932146000000
-0.06975614414133954,0.70680522902353,0.6169230112304533,932151000000
-0.04744878670229526,0.7021170396805272,0.6167162816578308,932156000000
-0.04655674947976575,0.7153787646850627,0.6166670574859372,932161000000
-0.03182426794905617,0.6764430500456605,0.6162404536246503,932166000000
-0.06373164458157005,0.6644480059693507,0.6161987186524464,932171000000
-0.028326042130063133,0.6974039922843962,0.6154440958162665,932176000000
-0.05117654103480676,0.7271334379464081,0.6154311123853258,932181000000
-0.10474035634568485,0.7251190522255133,0.6147316326981757,932186000000
-0.06721752258180541,0.7313287156353565,0.614253867629232,932191000000
-0.059764258267346576,0.7237454491957314,0.613863677369751,932196000000
-0.03805325639685928,0.7046957612068849,0.6133640225911299,932201000000
-0.05952080165836871,0.7267841842913189,0.6135739557638606,932206000000
-0.03650643762334867,0.7309156328809984,0.6126016878769724,932211000000
-0.0632764184107324,0.716004059203287,0.6121062155062144,932216000000
-0.07747389771554694,0.6651215096791798,0.6124281427211024,932221000000
-0.04913330500556294,0.6814709751123128,0.6119406818151762,932226000000
-0.05417270296539898,0.7094958107601872,0.6116251207965523,932231000000
-0.07867307246958027,0.7135666613581085,0.6115455604436795,932236000000
-0.06934470330453768,0.7230436399823975,0.6115993692474979,932241000000
-0.06441662265858591,0.7477842527630263,0.6116019858689284,932246000000
-0.06585159893463029,0.7173187706941295,0.6114234858252803,932251000000
-0.025884281989211375,0.6995759679165494,0.6112920869979028,932256000000
-0.07046560440986119,0.7253191208677315,0.6110736629720909,932261000000
-0.08251688314584517,0.7160808402978648,0.6110296322306865,932266000000
-0.055434855780703146,0.74280545158387,0.6106470859407584,932271000000
-0.05180484784798005,0.7253648570760061,0.6106128608216973,932276000000
-0.057680030123635664,0.7015481987547034,0.6106012638914775,932281000000
-0.05124196145133236,0.7261369547332845,0.610498155659181,932286000000
-0.0733218885040997,0.727776514586471,0.6098292352730593,932291000000
-0.04855073085100772,0.7010831668635121,0.60970254263073,932296000000
-0.06777447404430932,0.7423208404521099,0.609096896430435,932301000000
-0.04814501702561137,0.736377005975375,0.608376534524785,932306000000
-0.07216506226689375,0.7119819037219803,0.608403682762118,932311000000
-0.08264538134843442,0.7185865769963251,0.6081445428873273,932316000000
-0.058183584377440783,0.726824244680813,0.6082250607183778,932321000000
-0.04098144231328943,0.7087937971406675,0.6077729429100537,932326000000
-0.042933847943940964,0.709977674836615,0.607265695518554,932331000000
-0.0770285485617758,0.7249717639627351,0.607144087605578,932336000000
-0.06787274274802554,0.7293491485041478,0.6072054811902198,932341000000
-0.08443005321370357,0.739408045792419,0.6073147690717672,932346000000
-0.07784808098159006,0.7337708993990887,0.6065958887619669,932351000000
-0.042013405398357184,0.7300099325925279,0.6069465295360129,932356000000
-0.06925874271320753,0.7212332857162685,0.6068364850827824,932361000000
-0.035830282843804184,0.7296610243278558,0.607095019334197,932366000000
-0.060148412541994205,0.7272913828685879,0.6070085472690477,932371000000
-0.0808046590601037,0.7381732882489431,0.6068154526215856,932376000000
-0.07616619981625693,0.7249289026113018,0.6066897458425211,932381000000
-0.08534377737764492,0.7234539693822886,0.6067158457831362,932386000000
-0.07461381816311222,0.7069895519775354,0.6062963828098168,932391000000
-0.06437814065088697,0.722183373243907,0.6057230856591465,932396000000
-0.09239404523358265,0.7412890608417588,0.6051992829018769,932401000000
-0.08339089021678335,0.7480099006157503,0.6051504383155432,932406000000
-0.054853777921200074,0.7282715555377307,0.6045070739724089,932411000000
-0.06105408839904309,0.7381597431983129,0.6047898297180063,932416000000
-0.08346745284088994,0.7016552038019301,0.6043861813448208,932421000000
-0.08427257607749357,0.7435954476743116,0.6043555230287612,932426000000
-0.06520618536270179,0.7275557178157517,0.6037313637956156,932431000000
-0.07339553477529068,0.7240303111178173,0.6040639621554925,932436000000
-0.06836667581406233,0.6813463699584237,0.6033059288438887,932441000000
-0.04563320892836346,0.7173344655252554,0.6034054735882665,932446000000
-0.048215435254178166,0.7344459653640829,0.6035137215068564,932451000000
-0.07116806609006492,0.7297153897974069,0.6035902692827181,932456000000
-0.03182613935466883,0.7525582283161709,0.6032019253790725,932461000000
-0.0603369341643612,0.7274735081081078,0.6032845096444001,932466000000
-0.15919054051043333,0.6902891588837166,0.6042344368765927,932471000000
0.04087109536783147,0.7424583538163654,0.6051656122211263,932476000000
-0.009227162828733298,0.6987140590520636,0.6052032353569587,932481000000
-0.06505565342316855,0.74183737689296,0.6051106812052853,932486000000
-0.07083517976138792,0.7693960441988225,0.6043480242442175,932491000000
-0.09294861507485232,0.7269745738395805,0.6051634392374532,932496000000
0.026815579642554564,0.679258545039937,0.6050541733564225,932501000000
-0.11504282824780072,0.729291017530245,0.6048094260358913,932506000000
-0.2869383129936804,0.7277330130906565,0.6039524884302429,932511000000
0.17433821262435173,0.7328763803634639,0.6046267460186342,932516000000
-0.013361821571329325,0.6852973485612417,0.604719962391568,932521000000
-0.06711336714420955,0.7422150434027521,0.6044510036708611,932526000000
-0.2757857491567277,0.7523598281603389,0.6044279651129796,932531000000
0.22206418431886205,0.7459156998305025,0.6046136774177797,932536000000
-0.007557145506454498,0.7383291325654465,0.6054231211432817,932541000000
-0.043672597360448,0.7118848677116745,0.6047570562122736,932546000000
-0.05924769067011856,0.7378887964464925,0.6044278639063745,932551000000
-0.1599095459446482,0.7352502043103077,0.6051351406578241,932556000000
0.06847017236566647,0.8008815101771256,0.6057235032285306,932561000000
-0.01700694047403097,0.6966102109490349,0.6052870228116717,932566000000
-0.05128983655589984,0.7201340996828803,0.604746845011055,932571000000
-0.07426763477814255,0.7440284027741264,0.6041157279804499,932576000000
-0.06880333967571207,0.6873135704632358,0.6045266744450004,932581000000
0.07079202669253586,0.719759103301205,0.6042420327663536,932586000000
-0.07845738787924067,0.7210339020457089,0.6039607710003627,932591000000
-0.02409846067457375,0.7208541970298132,0.6032321851338285,932596000000
-0.024835832296222562,0.7432010144082024,0.6025268807158474,932601000000
-0.31019433590894957,0.7053719455513844,0.6024049949837597,932606000000
0.3036264499269215,0.7680634559713783,0.6019944619671611,932611000000
-0.01632059813579548,0.6236711920717967,0.6013901928313062,932616000000
-0.09106979968494161,0.7388668991167976,0.6005757280335362,932621000000
-0.032086774822114174,0.7399954689379958,0.6000201746581966,932626000000
-0.026302426453252502,0.7231965951512903,0.5999130361273654,932631000000
-0.013127925017106676,0.7312238510895571,0.5993953814902269,932636000000
-0.029858383143181497,0.722166598743049,0.5983802820126107,932641000000
-0.023668999381086853,0.7164030449800464,0.5981784282642584,932646000000
-0.031781411238794625,0.7336542636292995,0.5973214403256489,932651000000
-0.11528653056721491,0.7106659482024319,0.5967371876845089,932656000000
-0.1511444915015137,0.7231074116639299,0.5969661860850995,932661000000
-0.22647754929814767,0.706309873644508,0.5983858611728516,932666000000
0.4002214006992427,0.7074080731352789,0.5992500084506415,932671000000
-0.3238342946525518,0.7283390037795697,0.6005969591265782,932676000000
-0.012046524182612005,0.7130019973097204,0.6021270018655143,932681000000
-0.028697196734621302,0.7214564863095791,0.6045392430394447,932686000000
0.38487100666019786,0.7301772761351659,0.6055480899010717,932691000000
-0.3416973784619392,0.7120238161596408,0.606834347347378,932696000000
-0.04410600535101322,0.762408372268274,0.608430296617796,932701000000
0.45878944243383174,0.7291297874947873,0.6082231652467719,932706000000
-0.47247921220905226,0.7109074571759337,0.607932284750531,932711000000
0.3645585355507012,0.70209731953884,0.6088824772760434,932716000000
0.02912717788354747,0.7528338885338752,0.6076932026030277,932721000000
-0.32404629453382466,0.7183392947591212,0.6068921921795539,932726000000
0.3279534342063135,0.6950683870619642,0.6073137298667597,932731000000
0.08269232395022566,0.7131877797548309,0.6056900106001143,932736000000
-0.06640897975000255,0.7308748280893141,0.6044680569504098,932741000000
0.014601056634322453,0.732202568098024,0.603273332389689,932746000000
0.015631822490133566,0.7358373484990399,0.6020131541778863,932751000000
0.057596357733427514,0.5904575545889791,0.6001974456847428,932756000000
-0.004493668196440457,0.7353659990358573,0.5984861279618265,932761000000
-0.005593330331955053,0.6990001488773913,0.5975534466889331,932766000000
0.08534686026944091,0.7524421948297129,0.5948081178635479,932771000000
-0.010000417271208348,0.7189811174107826,0.5928338395606989,932776000000
0.025758653534764003,0.6890338773057747,0.5909703807702886,932781000000
0.04804433249193768,0.6981595466561239,0.5899091426544614,932786000000
0.02245775455241118,0.6870940757511628,0.5894078947052359,932791000000
0.005294543929068474,0.6972928190434979,0.5886561319730461,932796000000
-0.00040251828206378307,0.6892864639547973,0.5890285839018633,932801000000
0.02839438206762699,0.7041694488099473,0.5895453135730887,932806000000
0.023652361772940448,0.6807367587580386,0.5901986349187891,932811000000
0.029153929255026016,0.6880614302048417,0.5912286598542414,932816000000
0.042607891798633515,0.6830101565907402,0.5924437918878288,932821000000
0.023553693847129825,0.6966196607109754,0.5936665975486161,932826000000
0.0089804457429686,0.6670407145760844,0.5953297829022258,932831000000
0.04067565675821421,0.710264973523174,0.5961329506490556,932836000000
0.014892956036269184,0.7085677690375202,0.596933497627824,932841000000
0.04682589840230909,0.7054719204162737,0.5977433636620398,932846000000
0.02648147368571276,0.6904268873050963,0.5982404194088162,932851000000
0.03205090418345011,0.688561569612938,0.5983797962204602,932856000000
0.03792444889270163,0.6824246000175611,0.5982389653270201,932861000000
0.037477187517795774,0.6970633725889467,0.5971490164375932,932866000000
0.056188520507249845,0.6952519102875885,0.5965597811892369,932871000000
0.05920708009753659,0.6688046503169357,0.5948359064198456,932876000000
0.02917788062197164,0.6744783851399264,0.5937345610791336,932881000000
0.053360628532158234,0.6623381541619506,0.5923977571504615,932886000000
0.033574129983081125,0.711755971063004,0.5915390568542552,932891000000
0.04320624592790924,0.6944886602695609,0.589511340455899,932896000000
0.09600660516995978,0.675433942007608,0.5887685784101726,932901000000
0.04579650621985579,0.6757811132746506,0.588442925806806,932906000000
0.05883737379583118,0.6358757775096177,0.5876857161538,932911000000
0.039338929504141175,0.6521067092246161,0.5873426201108919,932916000000
0.03731019274481687,0.6591453812586882,0.5877770446685909,932921000000
0.06504848352263022,0.6834435969205511,0.5881098704698301,932926000000
0.04752419701791218,0.6936338796790327,0.5890493633264033,932931000000
0.06429788737232436,0.6746139635341541,0.58953344501932,932936000000
0.0831015112751003,0.7255059332037951,0.5901511622005536,932941000000
0.014731887392010229,0.6622060904908889,0.5910302691711486,932946000000
0.08953342331146415,0.6813407132381814,0.5913704876557038,932951000000
0.08020855890449924,0.6846449580477179,0.5920007330675323,932956000000
0.05814596229795022,0.6638085571400609,0.5924357763963676,932961000000
0.05710804560483021,0.646645834541654,0.5926537543367079,932966000000
0.054449135908168085,0.7079817526746964,0.5920614854049067,932971000000
0.05318052754392912,0.6676737343131758,0.5918885984574159,932976000000
0.08795557521045078,0.6759060374064686,0.5914667315511082,932981000000
0.06734808873158014,0.6971887019725438,0.590318639348291,932986000000
0.0662043286557779,0.6809096896273836,0.5892673868792968,932991000000
0.03811253182101973,0.6662790289172551,0.5881874084263147,932996000000
0.041672684495985116,0.6756343887910866,0.5875490517179413,933001000000
0.0641009643403376,0.6791201908046437,0.5866947864797946,933006000000
0.07268533312066616,0.6782335634043851,0.5863035134679611,933011000000
0.051018714530848074,0.6540266736768922,0.5862500667239624,933016000000
0.09597590211014599,0.6755932707095127,0.5858747949951424,933021000000
0.06468666491557466,0.6669261182393357,0.5857024460593611,933026000000
0.06426618647293765,0.6563082019082249,0.5857548153890537,933031000000
0.06058126784387498,0.6643829405036462,0.5856812398282512,933036000000
0.08607535102950499,0.6540452158700621,0.5854283655266164,933041000000
0.09711113000959619,0.6518127860477103,0.5854045465008868,933046000000
0.0943318894598225,0.6608210174397937,0.584785014485023,933051000000
0.05007704345748462,0.6277486275108904,0.5843582798005669,933056000000
0.06876258117520367,0.6614541078746553,0.5840956964376806,933061000000
0.22869158523883432,0.7433436829997337,0.5825727410223381,933066000000
-0.03139024808052254,0.5743616349334714,0.5814542079284275,933071000000
0.04488379315988711,0.6184587318294963,0.5806720526783791,933076000000
0.11207504884578794,0.6357143511735015,0.5788828591531325,933081000000
0.1576297463786554,0.6464195684312581,0.5780509702511222,933086000000
0.04731264982183656,0.590668874640855,0.5768588380337061,933091000000
0.05826942243579012,0.6308713481611669,0.5765082053943014,933096000000
0.11046711577436402,0.6368415871703287,0.5768740272159096,933101000000
0.10497917513252308,0.6417873879657978,0.577859320237283,933106000000
0.09751483475399464,0.6215711395461082,0.5783041122594932,933111000000
0.11824263352864453,0.6573685485113505,0.5798075321596673,933116000000
0.08528161660196115,0.6454958656857163,0.580633943036864,933121000000
0.022872894940692653,0.611924760712467,0.5828305273869937,933126000000
0.11520062618836521,0.6898809327784106,0.5845978061772068,933131000000
0.12652431985710907,0.65364414894889,0.5858404454330328,933136000000
0.07468814798309908,0.6418635226540053,0.5866348612940331,933141000000
0.07427216486398183,0.6243492774464064,0.5872570806537415,933146000000
0.04695544951782465,0.6324033369420395,0.5877048231933123,933151000000
0.11210152621759359,0.6215141622008313,0.5884045373396929,933156000000
0.04032184725288556,0.6463764366277805,0.588521058888405,933161000000
0.08411273618158405,0.6319980000383875,0.5885878975402341,933166000000
0.06868537233304106,0.6354091265312888,0.5886666008590946,933171000000
0.1250740145588129,0.5970981102615602,0.588743640268174,933176000000
0.06575220029564499,0.6760487726261636,0.5884676435236127,933181000000
0.10429313649241245,0.6361544940666747,0.5890812982185882,933186000000
0.056151117642578685,0.6114522261668988,0.5893477405873953,933191000000
0.14907670530194533,0.6583908522091158,0.5888879123538602,933196000000
0.13153352918077896,0.6489486123734634,0.5884252671160327,933201000000
0.11398630527924535,0.6161699909786903,0.5874960776859216,933206000000
0.0926575538218183,0.6355762281272169,0.5860775233365909,933211000000
0.10736115496572678,0.5849211611720135,0.5847804828317829,933216000000
0.05700401127995059,0.6445728755330823,0.5831587117600653,933221000000
0.11346701987061521,0.6164562476199736,0.581953739607974,933226000000
0.08212167906369887,0.6498533790765112,0.5804840983958751,933231000000
0.09086258894969595,0.6144276076615275,0.579360511217642,933236000000
0.09202653293512748,0.6422911148045678,0.5777784012318197,933241000000
0.07223619050969084,0.627198802990409,0.5769054901382276,933246000000
0.08450575522023128,0.5995193461085593,0.5755747874737293,933251000000
0.06898299643702412,0.6203272505638953,0.5747805613820475,933256000000
0.09426463075060118,0.6241828126781104,0.5739042488027355,933261000000
0.08599003698231718,0.5986869783275546,0.5732584007133247,933266000000
0.08682867864500685,0.6262969908692877,0.5735319710739645,933271000000
0.09425807212335859,0.6245167462165988,0.5736709613183264,933276000000
0.07166233310519106,0.6062989744784698,0.5741914481272631,933281000000
0.07887284432233777,0.5964441405588535,0.5747186022638379,933286000000
0.06554911665057378,0.5995920165183108,0.5755475598011596,933291000000
0.08914025033947355,0.6517308457987183,0.5766093562664285,933296000000
0.0815775486659647,0.592503955478595,0.5771757524074435,933301000000
0.11322906615504447,0.5974656353981619,0.5777776238735627,933306000000
0.0837904816616575,0.5835311830373162,0.5790080992847799,933311000000
0.07454897250590903,0.5927662077551954,0.5799049522024496,933316000000
0.10296043486638676,0.6004188041923564,0.5802582880669933,933321000000
0.07335481490252606,0.6216321756170158,0.5807696989126313,933326000000
0.08102795616648864,0.6003274946387372,0.5808147286823679,933331000000
0.06396833669037368,0.5973443146371358,0.5809629515984346,933336000000
0.09568356103219054,0.6478096284428809,0.5798985600773662,933341000000
0.07382918732740704,0.5804314297928155,0.5789896254150432,933346000000
0.06705567083986191,0.604259234083677,0.5780012737288586,933351000000
0.07421273821922184,0.5898048354336427,0.5763629051457055,933356000000
0.1086275032861909,0.6162326085036371,0.5753648158500737,933361000000
0.07321773479447544,0.5825677438625827,0.5740269769872378,933366000000
0.09423560527774681,0.6032093362629048,0.5726370400525033,933371000000
0.08396977264903042,0.5991278692708056,0.5719507789052185,933376000000
0.07136787267869855,0.5988011511296266,0.5709281554238368,933381000000
0.11062972678405485,0.5981513038554707,0.5707927709283784,933386000000
0.08448872173572733,0.6271137705974439,0.570393318878589,933391000000
0.07466027137827266,0.5827483018232572,0.570496318982982,933396000000
0.09306143858050259,0.6063446783620947,0.570850247681228,933401000000
0.05800021298750702,0.562298034826916,0.5712293259740256,933406000000
0.09521650502393138,0.5845194819006296,0.5715031116786472,933411000000
0.05107497072364192,0.6016846778881142,0.5715699543642389,933416000000
0.09108941830423004,0.5928774733075587,0.5718258702015045,933421000000
0.06918027520808273,0.6275102971936953,0.5719395941304624,933426000000
0.06944320015162185,0.5957688965895788,0.5720737578225655,933431000000
0.058736461112432206,0.620084650234816,0.5722343891886978,933436000000
0.08925730119868616,0.5793436762941901,0.5724168345263171,933441000000
0.07037677957858288,0.6116501740280823,0.572593270341244,933446000000
0.09018481346354196,0.57624429240355,0.5717615443311034,933451000000
0.09090490405506635,0.5854293347868393,0.5716899914630985,933456000000
0.09704981764651373,0.6275193894663584,0.5718635842671809,933461000000
0.07626585560155609,0.5618357613361148,0.5711256081056535,933466000000
0.09244554333672098,0.6090011013952719,0.5709159828844241,933471000000
0.07425500678719452,0.5801789941978289,0.5704454254508105,933476000000
0.08044236800355005,0.604352429099321,0.5702406599756588,933481000000
0.0738182990968267,0.5999308537620632,0.5698907289357581,933486000000
0.04777149055289287,0.6050258519170115,0.5701003412381019,933491000000
0.07110636476274644,0.6072250222848221,0.5702308573189849,933496000000
0.032212301385804394,0.6227920365053183,0.5699240828307152,933501000000
0.027291697771774433,0.6196581835769562,0.5702122306234996,933506000000
0.042917781887054474,0.5970264380013424,0.5698122221649832,933511000000
0.069121793988801,0.6050734979271968,0.5699807136882674,933516000000
0.03946097586986255,0.5686854306853717,0.5693635659987466,933521000000
0.0754706745490667,0.6000491032040182,0.5692833257385811,933526000000
0.06716576031824799,0.5565254627003385,0.5683958772742421,933531000000
0.07108514504159134,0.5774378397098809,0.56811291466513,933536000000
0.01365830697313962,0.6073504792919365,0.5676757501432719,933541000000
0.03601827175047212,0.5892148826374602,0.5675423832963483,933546000000
0.07556950483473529,0.6014336083976426,0.5668520406910631,933551000000
0.08942276589131468,0.6045820349222121,0.566849481045557,933556000000
0.08258236343642336,0.584115623882993,0.5665411574814466,933561000000
0.045860111714247316,0.5791000937819989,0.5665395544743128,933566000000
0.06131197082771421,0.6399603700390424,0.5664721339840704,933571000000
0.11654585163483683,0.5986512996442594,0.5662598568667923,933576000000
0.02758680928191927,0.6137779317320676,0.566611365442815,933581000000
0.0860618867867599,0.588718682714789,0.5669077165648979,933586000000
0.043054627237583264,0.6043218539149241,0.5667712702970253,933591000000
0.05833591459154325,0.5939046543832743,0.5670684417745065,933596000000
0.055366004971801,0.6085789661191574,0.5676284705487906,933601000000
0.06038910968152888,0.5684501360042126,0.5677463452434274,933606000000
0.05949711782908458,0.5944335915191854,0.5679895687072883,933611000000
0.06531352197560829,0.6147595535757504,0.567863534903895,933616000000
0.06553176628891867,0.5988537237367582,0.5673157077684221,933621000000
0.07367660886793209,0.6100512186108697,0.5670008041173006,933626000000
0.028483960636521994,0.6213925603196773,0.5658296122897548,933631000000
0.04367814881053922,0.585133948412122,0.5653956808144239,933636000000
0.05033322455908184,0.6210195878954904,0.5646981852586952,933641000000
0.051241847683683,0.5567037452688888,0.5644997933025967,933646000000
0.06889849268339276,0.5626442429477782,0.563199938508302,933651000000
0.06667477904982201,0.5927640950198373,0.5636825953025784,933656000000
0.07840978918684069,0.5803012248612853,0.563384278854349,933661000000
0.04452192178316322,0.5492460254528635,0.5637457706773972,933666000000
0.09768309719453983,0.5669764430110447,0.5643802093602083,933671000000
0.06281726892358003,0.6153173840060344,0.5648891303491766,933676000000
0.032468805362581364,0.5589484119888128,0.565449061947269,933681000000
0.053877384673081265,0.5783405272868527,0.5659733398483694,933686000000
0.05163253527058335,0.5996600095394785,0.5666312622330193,933691000000
0.05576223383896997,0.612421564069763,0.5673415150008021,933696000000
0.045050172472535246,0.5719869730429712,0.5679803258512188,933701000000
0.028743636927613066,0.6390081511499687,0.5676639366156186,933706000000
0.03992610825987465,0.6312782270204846,0.5682934279983964,933711000000
0.062417143222285656,0.6172801753535855,0.5672923084260068,933716000000
0.0602863811560853,0.6146029675784416,0.5670042687797239,933721000000
0.030509891474472646,0.6370460374775831,0.5657542727461247,933726000000
0.05328371403728437,0.5962537098294345,0.5646787411624894,933731000000
-0.004468256749047912,0.5800338327513592,0.5632892459811621,933736000000
-0.04637428124389875,0.5728247993411754,0.5636057001999322,933741000000
0.017803424039927317,0.5976215781192593,0.5652196460859377,933746000000
-0.03946755324141944,0.6198013744688989,0.5675857541074086,933751000000
0.016285609911695934,0.5875555274941112,0.5713880439338122,933756000000
-0.015807196912981297,0.5904383302595072,0.5755422188783462,933761000000
-0.017258301739040298,0.6184421638619921,0.5803149162400222,933766000000
0.021133358749195013,0.6262146076514734,0.5851776594977622,933771000000
0.04931843861574025,0.6278211787583317,0.5894758758562063,933776000000
0.08868257441862008,0.6457342420887154,0.5934512146190746,933781000000
0.05351986450327352,0.6568363172214149,0.5972319264205149,933786000000
0.0595175458785936,0.6501632933643183,0.5991119562780004,933791000000
0.07227230624744876,0.6110866351884503,0.600439983741322,933796000000
0.047189279342743425,0.6535493710408252,0.601070177885241,933801000000
0.08806639203184582,0.6614432098782825,0.60058977990617,933806000000
0.06548919381088157,0.659458345354388,0.5996610381932753,933811000000
0.06735003775308175,0.6662978287122563,0.5975695019949872,933816000000
0.07183155561488024,0.6447293518052168,0.5947129734434023,933821000000
0.028644733826231554,0.6612315667989098,0.5914759889404172,933826000000
-0.02654023642882828,0.6858565204363876,0.5882577783159484,933831000000
0.00953230694211354,0.638359045232819,0.5860135879103215,933836000000
0.006186993680570376,0.6738796444288557,0.5837781999071843,933841000000
0.02752846399943311,0.6225941777012297,0.5817006831801724,933846000000
0.056610185528156935,0.6187409081394498,0.5799911740274557,933851000000
0.042859931020856265,0.6150165913943116,0.5784554834106072,933856000000
0.05042732225335379,0.6465785862420849,0.5772526645391101,933861000000
0.05172702903586842,0.6215815627609563,0.5762184189881329,933866000000
0.016148409895947267,0.6222373875623316,0.5747842743040349,933871000000
0.004173719741251778,0.6635356369310479,0.5735314645348563,933876000000
0.014910601959602093,0.6419404724843594,0.5729241179902712,933881000000
0.00036112653894729285,0.6379856501632513,0.5717884707284638,933886000000
-0.0031644539003423677,0.661444227066268,0.5713128062609844,933891000000
0.004899374854281856,0.6413468677260579,0.5701962484886852,933896000000
0.03068990973248681,0.6309143027357663,0.5695592536247795,933901000000
0.02810274368139059,0.6315246002841947,0.5691818093370565,933906000000
-0.022637351427568352,0.6435174705788244,0.5684920023746652,933911000000
-0.01990062192439846,0.6460085389028076,0.5680416412747857,933916000000
-0.01116614995696424,0.6452850689246943,0.5673690116685265,933921000000
0.022329991467090787,0.6514210021983813,0.566879019466323,933926000000
0.026198445011862644,0.6437694780214268,0.566034616381116,933931000000
-0.007265855788306999,0.6387153324481081,0.5654192265217689,933936000000
-0.0276933478647846,0.6403086111694483,0.5647323983888217,933941000000
-0.017448920072489167,0.6389765442983698,0.5640642011131867,933946000000
-0.014356429367659004,0.6429922832669275,0.5639443712666116,933951000000
0.009772961544765701,0.6351516186819304,0.5629081862172909,933956000000
-0.01880731818231452,0.6410552789801619,0.5628638757070634,933961000000
-0.0021854548449042454,0.6487900390211937,0.5622880315488031,933966000000
0.005964381508070658,0.6608815618699975,0.5623791737721147,933971000000
-0.014187415694297524,0.6397724222618816,0.561774806143471,933976000000
-0.03106001629941775,0.6309572981253573,0.5614333791506404,933981000000
-0.004611009219919469,0.6640621571799256,0.5605885315069068,933986000000
-0.04478030774503902,0.6474869648642333,0.5601498267378038,933991000000
-0.03687784406580061,0.6420341007786378,0.5600807154049275,933996000000
-0.01712328483720362,0.644541098401176,0.5596045893791551,934001000000
-0.010817211643075112,0.6372004779143701,0.5593022557038568,934006000000
-0.0340926438918905,0.63505109940481,0.5591496062663049,934011000000
-0.006575443804437916,0.670520866534861,0.5593125898291403,934016000000
-0.027561558093977933,0.6676400922742974,0.558777496237212,934021000000
0.001278465695563686,0.6819980588567622,0.5583427431060272,934026000000
-0.020605827172306572,0.6606079334110057,0.5585064152535945,934031000000
0.051319062045254465,0.6979680189455563,0.5575814218373546,934036000000
0.006366181216765621,0.6330185646898172,0.5572150819534836,934041000000
-0.11616134924812281,0.5465561479551511,0.5563387549569185,934046000000
0.03317278842187964,0.776034669689786,0.555564560767625,934051000000
-0.1265692738250566,0.6282126471754721,0.5549740570877383,934056000000
0.006377967366003514,0.6219061762434498,0.5539969768827819,934061000000
-0.04182052681895044,0.6529563458697102,0.5542261891318012,934066000000
-0.01636182974954208,0.6520457364284609,0.553391524344151,934071000000
-0.06422862218559891,0.6306425222387742,0.552570063440533,934076000000
-0.028413999252212302,0.63032495136296,0.5519290617222984,934081000000
-0.02360106762395294,0.6385836027291825,0.5513169719748761,934086000000
-0.015140144598977081,0.6372895598238443,0.5506546549829896,934091000000
-0.05468958625673845,0.6503326063516869,0.5503099964553103,934096000000
-0.03272277069046224,0.6588567622354393,0.5495838210760334,934101000000
-0.04064555912612921,0.6604316905423354,0.5488566935173724,934106000000
-0.047782040591897015,0.6344799391076946,0.5486405209921136,934111000000
0.008162705942901978,0.6553778753977924,0.5481723803501392,934116000000
-0.06417806456738454,0.6131664151864562,0.547273730930381,934121000000
-0.06364971202196029,0.6595847034207332,0.5478298126571172,934126000000
-0.03479989040052337,0.6156262617011727,0.5469606022157093,934131000000
-0.03281480231718725,0.634017737032257,0.5470040303825464,934136000000
-0.03630281160088937,0.6607293176448881,0.5466502047049825,934141000000
-0.03585316211940377,0.6455936048542869,0.5460296413811898,934146000000
-0.07150378020418788,0.6491804174895047,0.5454838695220803,934151000000
-0.057958801274929604,0.6263967587591105,0.545481140517587,934156000000
-0.043826706586926986,0.6436509811925796,0.5449875002932134,934161000000
-0.0498229387600082,0.6640343455826719,0.5448782457951389,934166000000
-0.044171493844688624,0.6621090166487142,0.5446637379994107,934171000000
-0.07274836941963844,0.65887361579459,0.5442130263689735,934176000000
-0.06334533560773334,0.6440486910317457,0.5437416558388221,934181000000
-0.06267853046441194,0.6814220290340799,0.5438283634903354,934186000000
-0.06671406674497553,0.6387307614738325,0.5435714034507206,934191000000
-0.052355964621316586,0.6393885592440738,0.5434137294614182,934196000000
-0.07454472894171607,0.6239048281661022,0.5430503563354041,934201000000
-0.05143056414103747,0.6284737607364753,0.5426919391325236,934206000000
-0.050416378357466415,0.6233027929237387,0.5422375344388094,934211000000
-0.03889856227465252,0.6255699689278017,0.542034853141355,934216000000
-0.031734483090730806,0.6420930927778198,0.5421265174800612,934221000000
-0.036674134567942655,0.6374859447785143,0.5421176952765762,934226000000
-0.050138104743489086,0.6261897578902046,0.5418198988550171,934231000000
-0.05472403794575111,0.6430427359998897,0.5416240761509407,934236000000
-0.061827671700924264,0.6558554087167601,0.5414732405013736,934241000000
-0.07617530501782768,0.6488903301085808,0.5415135103034688,934246000000
-0.08808757742260401,0.6609652927958004,0.5411920079803367,934251000000
-0.05248649942914106,0.6702153089184648,0.5410359463295172,934256000000
-0.07777274894064606,0.612713294511435,0.5407943540337434,934261000000
-0.07386793613631688,0.6512232774883219,0.5408415221175888,934266000000
-0.06814537914113974,0.6498032173137496,0.5405241870486577,934271000000
-0.05370664991820514,0.6445247450175959,0.5402809237655987,934276000000
-0.05889755226911688,0.6307759560968993,0.5401655425063323,934281000000
-0.0718614293965655,0.6299538319832203,0.5398223590581581,934286000000
-0.061930467156829774,0.6756598439989998,0.5397127094123119,934291000000
-0.05999144374216163,0.6895908674222133,0.5397741207745179,934296000000
-0.05527795277886791,0.7031217264811043,0.5391902562653925,934301000000
-0.0747782602385728,0.6821205874247591,0.5388171728510456,934306000000
-0.05867507455074962,0.6554663763498688,0.5390372053545283,934311000000
-0.05734252045629094,0.6372780174122022,0.5386661742952279,934316000000
-0.051269050755953643,0.6373003166973019,0.5387141126318433,934321000000
-0.05838736459269784,0.6308972076021359,0.5386793411165004,934326000000
-0.03788114966846189,0.6666924276758532,0.538646307937837,934331000000
-0.06125397039370196,0.6488577144762648,0.5383461744726861,934336000000
-0.05259713306163347,0.6755182314874446,0.5383075764339399,934341000000
-0.08512279370486411,0.6391892622494534,0.5380745997784423,934346000000
-0.057247789046955905,0.6665745268047063,0.5381932668170357,934351000000
-0.08489280834090966,0.6577868892014443,0.5379927365975005,934356000000
-0.0699517807538524,0.6540306105675631,0.5374968263503593,934361000000
-0.07877214426704299,0.6741969209932157,0.5372753749523648,934366000000
-0.07052557580866657,0.6739182573500521,0.5363564926426937,934371000000
-0.08749126371617957,0.672829569217349,0.5360764008698226,934376000000
-0.06899552629840175,0.6531000805445178,0.5359750741794446,934381000000
-0.06071042202086386,0.6396619548470411,0.535870531182686,934386000000
-0.025608215905968817,0.6801284900342777,0.5356265631360082,934391000000
-0.05271936008082077,0.6425245289108547,0.5354741034906015,934396000000
-0.0701656699335089,0.6628255914193437,0.5354803686665461,934401000000
-0.05470257235290439,0.6474856500978456,0.5350160963393922,934406000000
-0.060787903920773594,0.6575944498589137,0.5349359128516329,934411000000
-0.05170834746822571,0.6570014239064539,0.5351009540236972,934416000000
-0.06370277135466902,0.6879203664729864,0.5355897035409012,934421000000
-0.04587296104892219,0.6421044734187402,0.5347992138176918,934426000000
-0.05042387774223241,0.6511018162595361,0.5347967081324754,934431000000
-0.01635847786021536,0.6522743544308601,0.5345341345933917,934436000000
-0.09657314686484367,0.6004684529606491,0.5352098436013584,934441000000
0.010301716094980552,0.6489288779718382,0.5357249435651144,934446000000
-0.08836878544411735,0.7128711683430952,0.5355363457013546,934451000000
-0.026430420883581954,0.6490799610851694,0.5357647563059728,934456000000
-0.07385409490526376,0.685337565312981,0.5350886776220777,934461000000
-0.13777995085998743,0.6370541599961771,0.5351965997489327,934466000000
0.07896228264112698,0.6199993638218952,0.5358061156979154,934471000000
-0.1017306412627829,0.6491488304036986,0.5354933199645876,934476000000
-0.06079561862267073,0.6812074515128823,0.5349234054986739,934481000000
-0.03225836459751397,0.6767376956644279,0.5345317660018464,934486000000
-0.30289099888907106,0.6279356978150533,0.5346055920362811,934491000000
0.1760699985054514,0.6483356540615929,0.5349529957380827,934496000000
-0.045247933130028256,0.6468170141980303,0.5346471948043925,934501000000
-0.08016499513763882,0.6866828075684869,0.5342753315819787,934506000000
-0.016959782159256784,0.6753762474258367,0.5343839331202207,934511000000
-0.024257004977757304,0.662206311202129,0.5341177191320582,934516000000
-0.23435888971310198,0.5925848323867062,0.5345453770241011,934521000000
0.2854315229543762,0.6096698699795708,0.5342026748778459,934526000000
-0.09106758584820561,0.7325138390154993,0.5344348548711404,934531000000
-0.06681195234310557,0.6763944043916997,0.5340651781932892,934536000000
-0.04161631322983021,0.6389816673434112,0.5331804248366449,934541000000
-0.035275740672990274,0.6850871807222405,0.5334240790313639,934546000000
0.001268298584443342,0.6803995745229329,0.5335431350687083,934551000000
-0.044986881572227605,0.6458983021035348,0.5330435586604196,934556000000
-0.027201228368796824,0.6599437099272206,0.5327833037745776,934561000000
-0.05672503885966346,0.6490191566742354,0.5320451813262325,934566000000
-0.013696974225476725,0.6946872761689736,0.5315231866100575,934571000000
-0.015983249493471522,0.6771682035212215,0.5312128109605447,934576000000
-0.11448199821608307,0.6028063630304197,0.5307788124955378,934581000000
-0.11122501468735113,0.6307901517527019,0.5321707628807066,934586000000
-0.24247226313595122,0.5404161816780237,0.5354633668682465,934591000000
0.14586495855385823,0.6856920920381642,0.536731229206003,934596000000
-0.06739717240078989,0.6612453404153876,0.5387881774305239,934601000000
-0.007466402858432775,0.6261975875976251,0.5403061540013417,934606000000
-0.07441952926126491,0.7115099489477348,0.5431180239521644,934611000000
0.3437615123670506,0.7377914053598266,0.5442208667721381,934616000000
-0.34509819915616335,0.621706392560423,0.5459792597991363,934621000000
-0.034445427189161604,0.6477195258166759,0.5482114808278928,934626000000
0.34268367089748203,0.7062785510675781,0.547827407505833,934631000000
-0.40054795084651784,0.6525626519710853,0.5486436632145053,934636000000
0.02171458847325118,0.6322289818879944,0.5501764204311447,934641000000
0.3815460652981536,0.6879047911776093,0.5495844700203718,934646000000
-0.004670770258279422,0.6725303160711378,0.548397158747615,934651000000
-0.39003407515243893,0.6165256369628913,0.5488891861687162,934656000000
0.3830792542428574,0.7038805098737678,0.5486004712810199,934661000000
-0.008145214672602546,0.6546254820988618,0.5472040503913673,934666000000
0.013176252715329743,0.6431814750332278,0.5462943842518585,934671000000
0.031898701653428035,0.6411801213595081,0.5445203804318508,934676000000
0.004955950873122688,0.6227176979965585,0.5437576520202336,934681000000
0.05130946321517872,0.707735142277148,0.5424294745481918,934686000000
0.0024788117622109316,0.6236213673476245,0.5409868882189609,934691000000
0.018290965592357936,0.6449151289157767,0.5398509008164107,934696000000
-0.012665063834181577,0.6375728709500114,0.5379258759872725,934701000000
0.07352868048372282,0.6033938293383133,0.5360785846297382,934706000000
0.06733963669408564,0.6372856664252672,0.5351073744609928,934711000000
0.029766084275694993,0.6251210799401908,0.5333566971970829,934716000000
0.024698151637199246,0.6575168190836796,0.532042580829701,934721000000
0.017793299311522792,0.629875009260383,0.5305178977295582,934726000000
0.04685304963042743,0.6006218369304853,0.5292158724289435,934731000000
0.052919606645735126,0.6565372710314789,0.5285189069695805,934736000000
0.014738922092193197,0.6233703862302963,0.527616528424954,934741000000
0.03396404575419824,0.6367215403397406,0.527050571408167,934746000000
0.03876435695296613,0.6217533961548022,0.5276321326255335,934751000000
0.014398483225375746,0.6162082255929291,0.5274482121892854,934756000000
0.04407948618534506,0.6067671605598938,0.5276671195838323,934761000000
0.02384924852480912,0.6336474698357016,0.5287107413888867,934766000000
0.05011510706098988,0.6075538113634378,0.5292081468282888,934771000000
0.057818362686342786,0.6150125507484245,0.5294649423997762,934776000000
0.01078719619813271,0.6409577246347326,0.5296875081482297,934781000000
0.013024336222151493,0.635297840850427,0.5301997796875151,934786000000
0.07594932506230942,0.6202056699735368,0.5303279657056112,934791000000
0.047189636290143305,0.6223321740199579,0.5303589652628194,934796000000
0.04168179504812767,0.6371670707855056,0.5303714506641762,934801000000
0.04388468439953654,0.6023723982994891,0.5304238743640758,934806000000
0.02961953911431964,0.632016051270386,0.530231008478577,934811000000
0.030901851667167198,0.6171041844928505,0.5303179422419754,934816000000
0.07452514858389209,0.6334298685729476,0.5294650984469091,934821000000
0.052456840731094107,0.6218461669320069,0.5294217008019088,934826000000
0.03235748758888542,0.5840226330171512,0.5290349013225041,934831000000
0.06307542370413152,0.6275943331510309,0.5287477847903578,934836000000
0.05913011037004399,0.6356501087482583,0.5278526503031222,934841000000
0.052180684873061815,0.6088022226840013,0.527174988207638,934846000000
0.04881300618715076,0.6101849324085246,0.5269081675012345,934851000000
0.06263116805059991,0.5926093959293282,0.5259434297019019,934856000000
0.06413649869107026,0.6352208682265131,0.5253725398786991,934861000000
0.0633487111604398,0.607654813514831,0.5250952644191261,934866000000
0.049980396319297446,0.5723499866340197,0.5245140502564423,934871000000
0.04743218938817094,0.6086765832630119,0.5243503317868998,934876000000
0.052490707800217744,0.5954204434233026,0.5241411709870998,934881000000
0.05126001128012724,0.619645144757775,0.5241067355460227,934886000000
0.0490718547606879,0.5940567186181852,0.524306274562636,934891000000
0.048725623984673755,0.6352448456634173,0.5251825916272658,934896000000
0.05762880393235714,0.6142097413634063,0.5255208107908687,934901000000
0.04893308866759516,0.6186623609124849,0.525329352542834,934906000000
0.06363770968579349,0.6127306983964202,0.5258791239011069,934911000000
0.07531660160182907,0.6317898219512147,0.5264415595572409,934916000000
0.05213865682370114,0.6026791536944424,0.5272005795943359,934921000000
0.03670340142417036,0.5764203498264417,0.5271208808856022,934926000000
0.0537133523712416,0.5939133328674236,0.5271251492425847,934931000000
0.05720790040653296,0.5994930952649832,0.5272328502745252,934936000000
0.08692988006683053,0.5871680997918163,0.5271957650390546,934941000000
0.05694136737151253,0.6054982024803087,0.5264352688217536,934946000000
0.03924817072323037,0.6136279443105522,0.5260389043221,934951000000
0.1078762706295377,0.648718284733006,0.5252402150381268,934956000000
0.09686027146373999,0.5700907405890032,0.5241128577446424,934961000000
0.07361529821765422,0.5932805084389948,0.5233995263843818,934966000000
0.05691692172902215,0.638042727475201,0.5228158410672227,934971000000
0.05972938948288801,0.5885263136971495,0.5221385432709357,934976000000
0.08125804886924813,0.6075098268583483,0.5218724926620473,934981000000
0.06903234620965563,0.5958443497131205,0.521381543489134,934986000000
0.03155672842217678,0.5676074519126979,0.5215117789140149,934991000000
0.05674588944406886,0.5633647884354076,0.5211516816273603,934996000000
0.07958101736270594,0.6336661966529996,0.5209845922319183,935001000000
0.05591119312118018,0.5907143223059783,0.521630366488948,935006000000
0.05333069161257567,0.5604483715304489,0.5222198604990602,935011000000
0.08679263818914129,0.5826024363155928,0.5226739371157775,935016000000
0.0591065263355713,0.5782954045551558,0.5228393733034657,935021000000
0.07633653001182428,0.5854870509076625,0.5236056970604214,935026000000
0.11720122156532735,0.5660942151439312,0.5236356306517249,935031000000
-0.03066972801977259,0.6615960192554713,0.5236700293036629,935036000000
0.04130342298564999,0.5958335295034339,0.5245010983513732,935041000000
0.1265360799101293,0.4852326093853137,0.5252080107707814,935046000000
0.09756442002959845,0.5619093844946483,0.5255902150879868,935051000000
0.10377367819676693,0.6022033575444365,0.5255003614780382,935056000000
0.07074498711438157,0.6136880431197338,0.5252831112574324,935061000000
0.07134679886770218,0.5474051746867015,0.5246526766197894,935066000000
0.08288173934792675,0.5416973812855305,0.5237337600688682,935071000000
0.11076076566975701,0.554805325759014,0.522980446178485,935076000000
0.058234515115901685,0.5357294087021186,0.5219151270110202,935081000000
0.08588085078699782,0.6095187024663394,0.521324427179907,935086000000
0.060212813943226515,0.5848381269193776,0.5203065178325187,935091000000
0.0773535292202633,0.5649248496238998,0.5197054463176806,935096000000
0.0902906215248573,0.5919797017034758,0.5190763598845376,935101000000
0.11544549166696372,0.5439662933976359,0.5183271535785013,935106000000
0.08242015600103879,0.5806456959775572,0.5182612824315617,935111000000
0.10108253940609141,0.5719364962184719,0.5179920041137431,935116000000
0.062402549388600376,0.5714668881943387,0.51843221649052,935121000000
0.06351033550452367,0.5597378512755558,0.5182457480232671,935126000000
0.06781963273803066,0.5609760298667611,0.5186813527061527,935131000000
0.06995035849757296,0.5286598361127302,0.5189324964682294,935136000000
0.09447567708849598,0.5766677392418871,0.5198323581865565,935141000000
0.09587997756661282,0.5769363577054899,0.5199856512974328,935146000000
0.08656199673352383,0.5331449496772028,0.5196638972323422,935151000000
0.07720888385995224,0.550381523180056,0.5196142656853933,935156000000
0.05966977737900321,0.5783132332779841,0.5195466480107658,935161000000
0.09548540614631165,0.5658699154069873,0.5186413296956686,935166000000
0.07279193686023294,0.5714155874369212,0.5188522859372708,935171000000
0.1124970524224436,0.5628251524890497,0.5182052936392193,935176000000
0.06324374667770621,0.5370146757447,0.5182738026365667,935181000000
0.08095776861929903,0.5494942356456255,0.5180724015370324,935186000000
0.10375422821852771,0.5374194752822141,0.5176171927228147,935191000000
0.0996855119524318,0.5398755522583717,0.5179368046615074,935196000000
0.09381072173346948,0.5846182228946288,0.5174132117097611,935201000000
0.09292421258719213,0.5350370691382539,0.5173303396491173,935206000000
0.08625597907417461,0.5563182508773573,0.5174059301284492,935211000000
0.08374935838002079,0.5602746395726972,0.51759440507971,935216000000
0.06846242999282567,0.5899285719104165,0.5175190717848372,935221000000
0.0644689442745462,0.5257078318588457,0.5173378240437685,935226000000
0.11439702640474271,0.4938560783764515,0.517436055462267,935231000000
0.06806295434419136,0.5611700465890084,0.5174082879400357,935236000000
0.08854876478896875,0.5569772791890333,0.5176506322500836,935241000000
0.051646315735387145,0.5426738728317803,0.5172140732686692,935246000000
0.07223400156299271,0.5511119857934598,0.5170359504891416,935251000000
0.0764395218281652,0.5590378765713713,0.5167499055656366,935256000000
0.06667526921694529,0.553783369466089,0.5163485116894282,935261000000
0.08007624863105293,0.5464196134609892,0.5157268644695546,935266000000
0.03524224468995121,0.5202770022178398,0.5151133514660581,935271000000
0.05810916867632812,0.559960175077772,0.5147506397451341,935276000000
0.05504616566148535,0.5691723796616223,0.5146552415752439,935281000000
0.08414983120400849,0.5673861414513858,0.5141554681242684,935286000000
0.05780648678256112,0.5427578354731237,0.5142352610570231,935291000000
0.053574122945076956,0.5282507411030049,0.5144996151512454,935296000000
0.05798029925049048,0.49813079288253054,0.5142094737882076,935301000000
0.09318373806297248,0.5273605466268423,0.5144218496080438,935306000000
0.06044703166912056,0.5685987645164557,0.5148393334638659,935311000000
0.09138456712527093,0.5389368286747612,0.5149581249301616,935316000000
0.07233233091315262,0.5242405050247306,0.5151012298940041,935321000000
0.07499571726810039,0.5641411052002254,0.5154078622160514,935326000000
0.07459632509234938,0.5586600458579075,0.5154431034957824,935331000000
0.08100925393054255,0.5632672435686181,0.5157572944691403,935336000000
0.04632405038689565,0.5568608429603397,0.5158948163198871,935341000000
0.059610125932595626,0.5364122010876061,0.5153871947022003,935346000000
0.04807988719508119,0.5634298375561573,0.5151590313714349,935351000000
0.05646051505126783,0.5528924785714084,0.5145788857278274,935356000000
0.05877882632783098,0.5590593442919763,0.5139665287112696,935361000000
0.0714040091533571,0.5668191475188358,0.5134034474554061,935366000000
0.05969908228804052,0.5478460306465549,0.5125500252368431,935371000000
0.07331131941212647,0.546529506324407,0.512030103597372,935376000000
0.038033564865427846,0.5052194051147839,0.5117408183304564,935381000000
0.0575437181027906,0.5144958195733498,0.5111139915194597,935386000000
0.07490022295726921,0.5463816349045366,0.5112305570352662,935391000000
0.06841702019105447,0.5372469879007518,0.5113909266023814,935396000000
0.08191745111410073,0.5404711033871078,0.511087883268209,935401000000
0.06484411444638387,0.5205148732617242,0.5112343317459564,935406000000
0.08849883080184368,0.5144840688564966,0.5113725501371855,935411000000
0.0628230941806581,0.5227951890924495,0.5117580641812548,935416000000
0.05908599737080876,0.5322626258871879,0.5114543927645872,935421000000
0.06213090889110529,0.5159895564856944,0.5112514845089907,935426000000
0.07231058790416922,0.5451039738093834,0.5106432308958502,935431000000
0.06619236278317055,0.5750583483715357,0.5105405354403405,935436000000
0.07554457287790972,0.5030912954280866,0.510658443210884,935441000000
0.06076831047547937,0.5829963864693058,0.5098738664130325,935446000000
0.0570381395554432,0.5207733850606364,0.5091178670896132,935451000000
0.062457638423241396,0.5278342742514859,0.508763026928929,935456000000
0.06008269296650093,0.5010104720127138,0.5088143328915252,935461000000
0.07852422822265599,0.5428778672343465,0.5087405240663612,935466000000
0.06281125325789537,0.5435158218667218,0.5088976539964748,935471000000
0.03494900731462189,0.5377876105433128,0.5083240195719747,935476000000
0.058174550127024105,0.5455534520597458,0.5086612216656915,935481000000
0.07630854929570993,0.5171974108181525,0.5091138740366454,935486000000
0.054284718909178804,0.5269203420265473,0.5091115430937289,935491000000
0.05730305141472319,0.5734100607686516,0.5098797274263194,935496000000
0.06693627523800696,0.5299267775709039,0.5098431865267555,935501000000
0.03625840507443926,0.5264950620395166,0.5100966518410543,935506000000
0.033994280698932594,0.5320553388793654,0.5102749990085055,935511000000
0.02960438177685038,0.5525694141750377,0.5106401969945186,935516000000
0.028708074317861494,0.5503278430111349,0.510469776573086,935521000000
0.027383625802477014,0.5424302172848875,0.5099363009241844,935526000000
0.04722961815921635,0.5149715732999997,0.5091989219247122,935531000000
0.07000969842004234,0.5807805869826829,0.5089106520976556,935536000000
0.04282213261271839,0.525374400804049,0.5079526052522039,935541000000
0.05996092731159662,0.544506657875467,0.5073124839117065,935546000000
0.04124039834097117,0.5394626517680908,0.5063722275984636,935551000000
0.0382694700615549,0.5690034325957367,0.5057283300437914,935556000000
0.04653660847143529,0.5340856587456339,0.5048086221278885,935561000000
0.04755361926396635,0.5473713202522936,0.5053942841110064,935566000000
0.022880158249017034,0.5204682782576024,0.5050647057520465,935571000000
0.058612620754244914,0.5503667605964635,0.5051768377661207,935576000000
0.03627962058055507,0.5254535906147572,0.5051977459240117,935581000000
0.013272542944337481,0.5127947215086603,0.5051550527549323,935586000000
0.032264091662642,0.5382542017336344,0.505812326633321,935591000000
0.03662072043945193,0.5380428448290414,0.5062048717041123,935596000000
0.046518583620486685,0.5504394995860118,0.5072292701954647,935601000000
0.039725155442735034,0.5609765385234143,0.5075579004171143,935606000000
0.0258505028798676,0.5557447465448764,0.5080617352531737,935611000000
0.052226348503877716,0.5327258083918239,0.5083081758253941,935616000000
0.02856363922949321,0.5374486653758033,0.5082344471668127,935621000000
0.022286418867401563,0.5497193142831767,0.508362823883405,935626000000
0.06271045395768876,0.5274007870051668,0.5075624608692104,935631000000
0.048165529762315196,0.5399952349168481,0.5071323337845892,935636000000
0.03975103284368082,0.5482193514461692,0.5062108109816248,935641000000
0.012054638856608336,0.5591276435283844,0.5051146688060937,935646000000
-0.036722925702514383,0.5073826103064042,0.5048217110156304,935651000000
-0.05874229084992601,0.6250008219935326,0.5046342693450635,935656000000
-0.05141565624435291,0.5703872647028859,0.5064361245913233,935661000000
-0.07161212260429059,0.5841511261205787,0.5091427231573227,935666000000
-0.013213072713574083,0.5568728325548691,0.5129408342242484,935671000000
0.00178021014253134,0.5438478791726533,0.5161956462728856,935676000000
0.01687134415904708,0.5415188356955544,0.5216617215437908,935681000000
0.03443545744354906,0.5861039353882481,0.5262977741518658,935686000000
0.018405499726845125,0.612395579809348,0.5303657046459891,935691000000
0.03142901964537555,0.6265069333617194,0.5341554546279597,935696000000
0.00576520261211759,0.5809056889463691,0.5366617104035464,935701000000
0.061062995355311914,0.6046034934733128,0.539023218755326,935706000000
0.07163785451615971,0.5935050283607742,0.5401336841073506,935711000000
0.07018104808695899,0.6043836731571766,0.5403335494428404,935716000000
0.08357438266028414,0.5990862408018046,0.5398558623308417,935721000000
0.05263997100775554,0.6534225369183386,0.5382889824219623,935726000000
0.05753064590961503,0.600277607134732,0.5362324312376205,935731000000
0.07030458373032361,0.5853639142772799,0.533335752289671,935736000000
0.05870458099126319,0.5818431822104121,0.5298499986424169,935741000000
0.009756108926754326,0.5985873423736223,0.5264687562570122,935746000000
0.032118165186181456,0.5903604019101778,0.5235463099337916,935751000000
0.012038557424932242,0.6015098469054608,0.5211484321161771,935756000000
0.016542552340684257,0.6102893563011264,0.5182573810502845,935761000000
-0.00789620613616352,0.580092595892243,0.51650080970624,935766000000
0.06724191278726226,0.48241321311305096,0.5152223855477766,935771000000
0.04693865564795565,0.560466657905324,0.5137458094782553,935776000000
0.026730887728909254,0.5365552208812042,0.5124649895118126,935781000000
-0.007578141169314724,0.6048496804624985,0.5108582721384924,935786000000
-0.01268291083677044,0.5830250820519267,0.5093208087429512,935791000000
-0.02435824750954041,0.5705096637565565,0.5080953451426409,935796000000
-0.004192570119536396,0.5711999362114529,0.5071857594105782,935801000000
0.020914972030008628,0.5613157499389415,0.5061342763265498,935806000000
-0.018943995417335983,0.5859268094790246,0.5049386559431464,935811000000
0.007622617759271737,0.5497383033986676,0.5044604778562191,935816000000
0.012270114857992655,0.5565714293964601,0.5029972013301701,935821000000
0.011488349595767063,0.5839932632412688,0.5027654416671088,935826000000
-0.018496547706711754,0.5509330584177712,0.5016307127151752,935831000000
0.020107922519210675,0.5731602519077064,0.5007604811954353,935836000000
0.003852241692578296,0.5824694268693861,0.49978699357728523,935841000000
-0.015323824561176345,0.5818642690157291,0.4997759314284369,935846000000
-0.010404112844918769,0.5797577511748979,0.49891621965974114,935851000000
-0.026459475224792264,0.5773610098249571,0.49841683059017833,935856000000
0.010939114556590258,0.5739425110579465,0.49791869928228,935861000000
-0.002970422391150474,0.5739137130412779,0.49700908706640545,935866000000
0.0048067479864585295,0.5610986221717434,0.4962401811151663,935871000000
-0.0036379561689110556,0.5600070902495122,0.4962517305254125,935876000000
-0.008799581062336942,0.5446993004218966,0.4956484079785784,935881000000
-0.012988016749628564,0.5788840446528809,0.4950641900874828,935886000000
0.014146859090223762,0.5408504249859155,0.4948511449954407,935891000000
-0.029130007358223013,0.5739044101462488,0.4949494796591832,935896000000
-0.016043630638090646,0.5637965648794838,0.4945184390339049,935901000000
0.001177264757425061,0.5482902666261823,0.49365374130073525,935906000000
-0.008684675490815981,0.5646518545730329,0.4938955519509325,935911000000
-0.000273491020794504,0.5924955231599682,0.4935438487915972,935916000000
0.02270015710272631,0.5623768357236035,0.4937355990621785,935921000000
-0.02676369109006825,0.5769075740730846,0.4933716820140395,935926000000
-0.02488791416060382,0.5804335154545658,0.4941506251992029,935931000000
-0.020577638424633306,0.5732425785686569,0.4935921141069383,935936000000
-0.04761211656656504,0.58415377744407,0.4934638913398356,935941000000
-0.024605421456500423,0.5886996740347008,0.49385432657438927,935946000000
-0.04661531373945716,0.5553102455663655,0.4938436426761665,935951000000
-0.03859127140555212,0.5922157124537645,0.4933235012656977,935956000000
0.005725637203050454,0.5801232425825977,0.49341413732273853,935961000000
-0.05333288194103427,0.5873398198022851,0.49378079559468574,935966000000
-0.023777569735878683,0.5510170713459771,0.4937636978944225,935971000000
-0.03938524274388279,0.5349608548558632,0.49330753792972626,935976000000
-0.02310293207845248,0.6013909215554092,0.493518990562267,935981000000
-0.02034677410733056,0.5788717893595319,0.4931357099595805,935986000000
-0.06825704741524062,0.5646499373501321,0.4933274257587459,935991000000
-0.013370171908718594,0.5687669202716158,0.4932802182204572,935996000000
-0.01972536223164739,0.558145728851847,0.49348756509725966,936001000000
-0.04624384530640936,0.5973653534569656,0.4931785090661105,936006000000
0.10400884371669668,0.5404708786251222,0.493273136999287,936011000000
-0.1973608322236001,0.5966662261475207,0.4934862398742909,936016000000
0.033245820035219344,0.5863505191571068,0.4938310635686814,936021000000
0.031638632824281754,0.525478004370888,0.4946958685022249,936026000000
-0.20849459933099376,0.5858014804978814,0.49557609143204334,936031000000
0.09328684317468233,0.5478712729089147,0.49659106270706915,936036000000
-0.009953939856082233,0.5756977685292969,0.49736938897694283,936041000000
-0.12308024277284849,0.5692290988228109,0.49841199683633725,936046000000
-0.12345129804404296,0.6411092095711025,0.49861675320568716,936051000000
0.1002198550179242,0.5554097676828761,0.49950767700290083,936056000000
-0.11981987209668184,0.5809813223956763,0.5000421965231954,936061000000
-0.09790454013689766,0.5382147108570698,0.5002057677112304,936066000000
-0.025434555789064395,0.586213518971943,0.5012898181309673,936071000000
-0.062480835589041835,0.5749714226373543,0.5018334155267306,936076000000
-0.034568520509646115,0.592052231353992,0.502972223398841,936081000000
-0.050323180085966306,0.5923142639804015,0.5033528146741674,936086000000
0.008113646436793924,0.5308273931989848,0.5029893566348389,936091000000
-0.07358365319414494,0.566229439220566,0.502323790327098,936096000000
-0.04751250685083561,0.5979403372893219,0.5015883847937366,936101000000
-0.15247890089815228,0.5977682607302546,0.5014889514841948,936106000000
-0.05351965174805129,0.5825675079479558,0.5008111558274158,936111000000
-0.054495194422673136,0.5910516320510115,0.5007933719905945,936116000000
-0.04189287515861641,0.5882903646751763,0.5006577247585026,936121000000
-0.056051120721482904,0.608482877631184,0.5005621546067315,936126000000
-0.031061121951409438,0.5701128989129332,0.5004203796173716,936131000000
-0.04031879018861742,0.59398544895204,0.5005425271551434,936136000000
-0.04533033296424192,0.5804927487231846,0.5005633036865739,936141000000
-0.05239652482988538,0.5769248333320757,0.500452956904082,936146000000
-0.07884123220011637,0.5852489723049593,0.5006102031265343,936151000000
-0.08221016846733292,0.5974776910946588,0.5008475453636833,936156000000
-0.09768585791041613,0.5751381827722651,0.5007026009597134,936161000000
-0.06034819239334209,0.5939916547485097,0.5008162160615011,936166000000
-0.08394440678376763,0.5600382685673575,0.5011047383746265,936171000000
-0.09616144087868811,0.5767814365306078,0.500562649109876,936176000000
-0.05754226395740623,0.5791029449610525,0.5009177150526499,936181000000
-0.056262085548797434,0.5849197300460868,0.5007851000008947,936186000000
-0.061225057701360795,0.5730541292794968,0.5010348127457392,936191000000
-0.04162018427722651,0.5759688137766993,0.5010407352811366,936196000000
-0.08917962262680426,0.5940761354018559,0.5012775297510409,936201000000
-0.06957183306455793,0.5705587745874265,0.5014740250241781,936206000000
-0.09363310987176766,0.6185733579469812,0.5017331816046641,936211000000
-0.08751805088081922,0.5823842904103235,0.5020728960747647,936216000000
-0.03637813004785678,0.5729660065798228,0.5016265900792884,936221000000
-0.06337766553177235,0.5946538241376527,0.5018109705787857,936226000000
-0.1026547735685304,0.6037813899246833,0.5022831985918739,936231000000
-0.10344974020000947,0.6021367464977019,0.5021314951183137,936236000000
-0.0695452139724609,0.592346592448086,0.5019152163981989,936241000000
-0.07460065933837355,0.6098569107842075,0.5021939047112128,936246000000
-0.06674532949965171,0.5919939249429829,0.5023760225694315,936251000000
-0.03399949524317527,0.5943038189510735,0.5021812573298278,936256000000
-0.05015706272667522,0.5834834962801138,0.5022779363782168,936261000000
-0.06953188268319724,0.5641308057714476,0.5019305084091661,936266000000
-0.09855412208262575,0.5941034314867569,0.502106475525458,936271000000
-0.05774230371378487,0.5690061529215222,0.5018526049822661,936276000000
-0.07074031559662317,0.5613647156186199,0.5021882859066635,936281000000
-0.08463636270604427,0.5775436309869858,0.5018081947862145,936286000000
-0.060636039257841806,0.5784773203583039,0.5015935167866685,936291000000
-0.051717611753952286,0.5708518238483751,0.5018039844665464,936296000000
-0.0933535846460874,0.5909305274071206,0.5021670937343446,936301000000
-0.07918117192195524,0.5264498466284817,0.5025269956608795,936306000000
-0.09210353818633703,0.5801481872606497,0.5021494310330357,936311000000
-0.09194373256015641,0.5816065579211509,0.5026639880624697,936316000000
-0.09468433800327727,0.5883479941029638,0.5025019174981016,936321000000
-0.06681957369001185,0.552393929803821,0.5020767418481472,936326000000
-0.0679770236101055,0.6072259781641834,0.5023894863705158,936331000000
-0.04607358541345375,0.5975661621734926,0.502273076004084,936336000000
-0.08906349917203729,0.5880496594184369,0.5022078141885883,936341000000
-0.05713564618111486,0.5283901818451204,0.502001890489018,936346000000
-0.07345579470606294,0.564897369999593,0.5017039127838443,936351000000
-0.0708827956395576,0.634066217665356,0.5018914288854535,936356000000
-0.014355545215473928,0.6494811495144694,0.5013540334607959,936361000000
-0.0532925523795535,0.5624803740153821,0.5012144269187568,936366000000
-0.07851061140057027,0.591217627550651,0.5010111448422847,936371000000
-0.026939004428587036,0.6318411093077437,0.5005550955666415,936376000000
-0.07230921817028323,0.5689555413005914,0.5002142210300735,936381000000
-0.008907533004501143,0.5882452319182803,0.4992264109637549,936386000000
-0.0996224830536673,0.5688692201548184,0.4989018537435113,936391000000
-0.028682764154173195,0.5477505929602992,0.49844988838329907,936396000000
-0.027080734661771935,0.5964461523372199,0.49778365744376857,936401000000
-0.05040837879623666,0.5426168498813466,0.49692167213682675,936406000000
-0.015624889069075804,0.5838872166573398,0.49636001620684406,936411000000
-0.015904450864614852,0.5560882694906166,0.4956531534504728,936416000000
-0.08391451949339443,0.5617516426994847,0.495084500178852,936421000000
-0.1823644787695448,0.5702935350654721,0.4943001969634323,936426000000
-0.13112137947140354,0.534512866268326,0.4945407777036725,936431000000
-0.11920005778728572,0.529910674648503,0.4954492769833221,936436000000
-0.09966886863697422,0.5655688245866747,0.4961537788892699,936441000000
0.020140262908409874,0.6303574578364172,0.4973873472216913,936446000000
0.0026274842396301207,0.5767399246924027,0.4982803902966957,936451000000
-0.14676538431432679,0.47209523805641196,0.4994478377227078,936456000000
-0.022354574555071942,0.6585662628221968,0.500917238684417,936461000000
-0.030643574758841323,0.5758949218548154,0.5013783409167359,936466000000
-0.10245192507929887,0.458114873162049,0.5033133243144442,936471000000
-0.05836190497717755,0.5876160877785217,0.505002029483613,936476000000
0.02844823406218101,0.7660266912915241,0.5054781000719494,936481000000
-0.15119840443368915,0.3679250664297803,0.5075484354815049,936486000000
-0.05916996332115691,0.6212637483435847,0.5089359361021197,936491000000
-0.02839767080375666,0.7378309621851654,0.5097324922384834,936496000000
-0.061016282029130474,0.4379966733101444,0.5102154438742929,936501000000
-0.06526516114587219,0.5770938992994239,0.5116911515757544,936506000000
-0.06781697762394229,0.6031426887025404,0.5123649401053453,936511000000
-0.06534101644407228,0.5812083072024545,0.513602631754603,936516000000
-0.06983318134898489,0.617430258254045,0.5142882908974193,936521000000
-0.05331504227867677,0.6167823801496187,0.5151628826611739,936526000000
-0.03344918359845052,0.6027450281359564,0.5152999761165551,936531000000
-0.07407518776504937,0.5620770646225862,0.5163839887355033,936536000000
-0.061316314893804125,0.5487645187050386,0.5164914308958312,936541000000
-0.0505046608805378,0.5968693830790336,0.5166728317732998,936546000000
-0.08441678842060572,0.6236587272580455,0.5168084203728716,936551000000
0.030964185594533664,0.6257942363527145,0.5169046609884638,936556000000
0.08024984626647072,0.6317721362692966,0.5165912598340907,936561000000
-0.12822230094889486,0.5596205509205282,0.5159940529286873,936566000000
-0.04178081162281512,0.5588348895299741,0.5162697828854758,936571000000
-0.02608202510020603,0.5898002283713265,0.5167355217641615,936576000000
-0.04112860112682126,0.5942943952824157,0.5173843893687339,936581000000
-0.030725387771954445,0.5906663154918415,0.5181351826995002,936586000000
-0.03768989841501459,0.5898014071363972,0.5190528030925547,936591000000
-0.04208244694733601,0.6008030978765987,0.5201208680195655,936596000000
-0.037450722880511385,0.6011259414863039,0.5210027387245677,936601000000
-0.024725021263261603,0.5735774866681274,0.5223527802738867,936606000000
-0.031045188472286142,0.5846487101781648,0.5228920910987213,936611000000
-0.023181862519980202,0.5950942959511797,0.5236582316935776,936616000000
-0.04854488748872864,0.6005892299631694,0.5238611701391973,936621000000
-0.051348716465098296,0.5963058864349305,0.523988315810278,936626000000
-0.01314810878390233,0.63632940059346,0.5240462341627107,936631000000
-0.05465762112095175,0.5628846858328734,0.5235515749944277,936636000000
-0.049732171255484195,0.578473936432989,0.5230103441331858,936641000000
-0.04277325453526512,0.5952654924121041,0.5228459886092348,936646000000
-0.010546369061605432,0.5776293248928176,0.5219948491622507,936651000000
-0.007035385172160388,0.6055675376943148,0.5212865521980792,936656000000
-0.022718885707893724,0.5579568416204058,0.5207425085827588,936661000000
-0.029365485714912487,0.5857328151999966,0.5203211543249299,936666000000
-0.0020104678434467622,0.6113895362026758,0.5198355607213835,936671000000
0.00628707609371322,0.570353165169788,0.5203588610092769,936676000000
-0.023000326218635514,0.5769771794007477,0.5201036075119608,936681000000
-0.054562607403855136,0.5755489809288433,0.5208737580451026,936686000000
-0.009967913117947909,0.593907844688816,0.5216430925704102,936691000000
-0.02528311148549676,0.5743214212668455,0.5226880487053426,936696000000
-0.03879993158967429,0.566836844870611,0.5231859466029052,936701000000
-0.0170487885971883,0.5890910978043129,0.5243007289209833,936706000000
0.0061613914013761845,0.5690067078418959,0.5249929571549655,936711000000
-0.250663404369511,0.560551232000145,0.5260300644505622,936716000000
-0.10299680778332519,0.5879809029077877,0.5284008894903878,936721000000
0.004644941845163047,0.571622445041075,0.53229096825911,936726000000
0.06026636090610004,0.6175317298116169,0.5348768083878876,936731000000
-0.028472934665039723,0.5881452542230556,0.5369196783830266,936736000000
-0.036717140997156866,0.5745562751398645,0.5392346570719682,936741000000
-0.06189330467043082,0.6120900777742558,0.5413003619091131,936746000000
-0.03306810892096695,0.6181367697905226,0.5426902709130892,936751000000
-0.03591898369036979,0.5959560205772525,0.5442628180184134,936756000000
-0.04930573482076913,0.5982065211666391,0.5450530316110657,936761000000
-0.05216169427895874,0.5770051187681106,0.5464585575737143,936766000000
-0.010764730883224346,0.6163897580743601,0.5475157607834052,936771000000
-0.036189448181443866,0.6274033247450377,0.5486913450320832,936776000000
-0.03326480088640865,0.5911605224378278,0.5493624658522482,936781000000
-0.02727554817052212,0.5824052485255191,0.5506449838226047,936786000000
-0.01643635786378707,0.5981702959369374,0.5517641590877695,936791000000
0.016811866348661428,0.5936748416733658,0.5521281651719658,936796000000
0.031118513587342134,0.5977624875893061,0.5529657456951086,936801000000
-0.0014895673357616691,0.6013662120667363,0.553754102343213,936806000000
-0.0025961841414057305,0.6168596184582119,0.5537379262776568,936811000000
0.019612256098281263,0.6120211537114323,0.5537675754107421,936816000000
0.02237804611108584,0.6026254818292605,0.5537894976478714,936821000000
0.012242567823155201,0.6370422443412239,0.553041802796175,936826000000
-0.012067075148310086,0.6034535773680566,0.5524763946779933,936831000000
0.019559122302767667,0.6211253865442824,0.5515106370631536,936836000000
-0.002431301975639188,0.6329496980642884,0.5511624787182542,936841000000
-0.005133348041683562,0.6089306320018167,0.550701572575078,936846000000
-0.025525233688280243,0.6145306271043551,0.5506448773790005,936851000000
-0.013724640552249324,0.5816132354833614,0.5508378344072697,936856000000
-0.019274656421554962,0.5984595171306155,0.5507630202257366,936861000000
-0.025809815084302846,0.6063276425688625,0.5510820727819585,936866000000
-0.010207480755057908,0.5952904831078987,0.5511796675672039,936871000000
-0.04420170488174531,0.6182760691246214,0.5517343254938099,936876000000
-0.019136837874434834,0.6200562998669485,0.5522632207818753,936881000000
0.018538624008090344,0.6250591493082209,0.553197575337981,936886000000
-0.008267596116160921,0.6212546396261963,0.5534619965363402,936891000000
0.015221823921596104,0.5928738383395561,0.5537479343268079,936896000000
-0.0069651197630815525,0.6057550767328256,0.5541843627449128,936901000000
-0.01569623132837894,0.6050575466399974,0.5549159465183374,936906000000
0.013433581739103292,0.6116985933222135,0.5548225312494358,936911000000
-0.001545189460098542,0.6326699435325547,0.5548440446966061,936916000000
-0.017321037120291972,0.5823041076782517,0.5550737619346384,936921000000
0.008733779095131768,0.6229236556614521,0.5548784249373374,936926000000
-0.01234800676928412,0.6240148772323553,0.5545687649350718,936931000000
0.006825567255157525,0.6107363648200028,0.5541625565569104,936936000000
-0.022023416344492393,0.6092297859820609,0.553760962714298,936941000000
-0.014558200031319198,0.5937609260776165,0.5538307949153648,936946000000
-0.021773083123637155,0.5954303489094869,0.5538745885295279,936951000000
-0.023680994572495548,0.6230498829834958,0.5539452374747752,936956000000
0.0005619850027050663,0.6071416010956409,0.5538891798412544,936961000000
-0.009111005859904387,0.5859196202575868,0.554428078469341,936966000000
-0.008709730220623454,0.6644746805496636,0.5546302539383623,936971000000
-0.02643630864583657,0.6017753532452328,0.5550887794111343,936976000000
0.001069139708722841,0.6126273879826855,0.5556552873971571,936981000000
-0.02983247958481284,0.5815282939764299,0.556093460648528,936986000000
-0.02289861772947217,0.598720714649154,0.555991340966691,936991000000
-0.00858536996670932,0.580371824876884,0.5570019263025049,936996000000
0.012147849862886313,0.6649207579846961,0.5574879796981004,937001000000
0.00032769087487307877,0.6157733712804276,0.5574931091850412,937006000000
-0.0216861289926552,0.5892220814838497,0.5574189604144404,937011000000
-0.009523185504662178,0.6298033905773794,0.5576174870157666,937016000000
-0.0013068769352237919,0.6209867753421698,0.5577525303189325,937021000000
-0.028747629855464633,0.6448044854453883,0.5572320801265893,937026000000
0.0008794296626887157,0.6028031356267954,0.5570179286564478,937031000000
-0.006010598985767912,0.6347158128748988,0.5565822239069801,937036000000
-0.007499794391915612,0.6262313944908253,0.55640521001519,937041000000
-0.023408515820064126,0.6569496993014434,0.5562885153605234,937046000000
0.0005917337073886031,0.5867364239598112,0.556320644943755,937051000000
-0.02075599454939148,0.6242058495414531,0.5564320168570729,937056000000
0.017149274435735263,0.6137329451898156,0.5565663929548795,937061000000
-0.03402358819250343,0.6210588574765484,0.5565209071326774,937066000000
-0.038279164689396926,0.6145698996636856,0.5577670241782057,937071000000
0.0036752722448166776,0.624639564064659,0.5584485494487682,937076000000
-0.02521951018137496,0.6082098985611004,0.5586881073028279,937081000000
-0.006984106358542625,0.646951167895317,0.5593603193692642,937086000000
-0.0445608621557333,0.6170962085107409,0.5597228534830585,937091000000
-0.05064397428977858,0.5965287239950654,0.5599663795458042,937096000000
-0.007865627312934761,0.6191876762633449,0.5604827241840495,937101000000
0.0013228416131425523,0.6302928728366457,0.5607446469248873,937106000000
-0.019709026490843468,0.6290802851379486,0.5605645085691109,937111000000
-0.03223262780770905,0.632943413851531,0.5606225904265932,937116000000
-0.01178483538570641,0.605969551996184,0.5607003162720022,937121000000
-0.006781055958279903,0.6298710490496858,0.5601454090242424,937126000000
-0.011753784765021183,0.6295265617181399,0.5598188564165929,937131000000
-0.03561925065547933,0.6077579128586478,0.5596317266746921,937136000000
-0.011450390111226706,0.626337814596938,0.5591695242773772,937141000000
-0.02527970172145712,0.6209603377644567,0.5590215857571833,937146000000
-0.00830956881851986,0.6253262779786071,0.5588767390847446,937151000000
-0.03833512569302719,0.6101116197923693,0.5591225438295032,937156000000
-0.06535883993018514,0.6131451044404457,0.5593627932499964,937161000000
-0.01204978360912417,0.6229034043426905,0.5597925265547747,937166000000
-0.001987816632239934,0.6131642037379187,0.5602530284137797,937171000000
-0.031921833866201656,0.6155061527280655,0.5611237388833299,937176000000
-0.013198958151290822,0.6077295124197193,0.5612914904949385,937181000000
-0.03913259743564425,0.6277513085959154,0.5616721907461473,937186000000
-0.020203189866233068,0.6356797198079528,0.562716174885662,937191000000
-0.04773980201847971,0.6139466732395846,0.5627775629694642,937196000000
-0.03460041487933706,0.6502906225800493,0.5631316345417052,937201000000
-0.026267529035108206,0.6411556895594356,0.5635756431523103,937206000000
-0.028938602927635913,0.6389573939174696,0.5633421887089294,937211000000
-0.015844388229958758,0.6186369180290181,0.5634500617781586,937216000000
0.0023112571271194336,0.6136967700910065,0.5634740581537412,937221000000
-0.017158930563202286,0.6357952135609427,0.5634462233584998,937226000000
0.03800351516234054,0.6191965764128223,0.5628348782927618,937231000000
0.014642735419479396,0.607908297052355,0.5619239876286166,937236000000
-0.059089461609025784,0.611470501490078,0.5604480619392732,937241000000
-0.04441081907882111,0.620011458083793,0.558665502795705,937246000000
0.0059763516604734584,0.64282329845586,0.5572615139555668,937251000000
-0.01735589393763924,0.5984463040690832,0.5560759060921316,937256000000
0.010343613676738861,0.6295547056119802,0.5551749890219438,937261000000
0.009617992912016891,0.6261966027512007,0.5538619300557693,937266000000
-0.022516791944757794,0.6000877582354337,0.5532975348580432,937271000000
-0.024908588388174627,0.5927692290619541,0.5522273349588382,937276000000
-0.037137464097549235,0.6301317331213488,0.5516376940039267,937281000000
-0.0739616734839673,0.5925234373805649,0.5507052347950606,937286000000
-0.029540401936260445,0.6123525843457054,0.5497631200649787,937291000000
-0.0339360154562714,0.6162552185339603,0.5491966486884952,937296000000
-0.018551347212170725,0.6014367103022568,0.54859828881778,937301000000
-0.040175761291911256,0.6068599037121267,0.5482097718043792,937306000000
-0.059594226317163504,0.6394311776446883,0.5476621728155864,937311000000
-0.06569609306506025,0.615768059903942,0.5471274617830143,937316000000
0.0028755807756226104,0.6157720180356999,0.5471848709996515,937321000000
-0.01662409687096491,0.6032246863046531,0.5466637996437516,937326000000
-0.05476008877016488,0.6106599428451248,0.5468161358263826,937331000000
-0.04009939283109656,0.5951285660291219,0.546536644594054,937336000000
-0.025805790742690262,0.6134903097895635,0.5463927107950521,937341000000
-0.07310262935533679,0.6173524900293361,0.5462045051459022,937346000000
-0.03971489181195944,0.610444871133199,0.5459375298744867,937351000000
-0.07413050305091076,0.5924815664648264,0.5460254421608598,937356000000
-0.024974348912124775,0.6144286522650546,0.5460839752889156,937361000000
-0.020436881690820828,0.6445226358489734,0.5456300599775012,937366000000
0.06327188052305198,0.6358232550023777,0.5453696929146669,937371000000
-0.14766359430930048,0.5631566138704169,0.5447799384295434,937376000000
-0.052701724345669596,0.6486592688082069,0.5449474561467634,937381000000
0.06533532613830197,0.6539061394151293,0.5443461642328172,937386000000
-0.1619913584019368,0.5208822262552519,0.5438395641424906,937391000000
-0.03373675517529261,0.6310183776141207,0.5441257678461714,937396000000
0.13547314218685297,0.6237663185525042,0.54346659062567,937401000000
-0.23105741449157358,0.5679231430780353,0.54268246977439,937406000000
-0.007741341336169234,0.6775888262559394,0.5426596464383304,937411000000
-0.01668908196540933,0.6155987743732071,0.5418315851751698,937416000000
-0.14598972736112228,0.5506837000520234,0.5423454796896332,937421000000
0.05400861020850397,0.691895433774196,0.5423888549956625,937426000000
-0.0321776373629348,0.584548438711242,0.5421611428641037,937431000000
-0.21343003416016282,0.5898750449190835,0.5420349423471817,937436000000
0.0373846376839963,0.6997718831540682,0.5424103328296307,937441000000
-0.05322596483301562,0.6025457041064248,0.5418562807649434,937446000000
-0.09060595487055949,0.6169386640565035,0.5417607699789203,937451000000
-0.009885693262892778,0.5984284551163617,0.5420575122228539,937456000000
-0.09852034773442189,0.6660175131968817,0.54171679832295,937461000000
-0.045562158358615504,0.5822356785068327,0.5414953471084866,937466000000
-0.12017178029491787,0.6111159037045268,0.5415945580646594,937471000000
-0.17048864649081139,0.5609251457651929,0.5417178636988499,937476000000
0.05005247975723588,0.6556698581908624,0.5415629548724559,937481000000
0.01447429921665697,0.6118956705973718,0.5415049267539793,937486000000
-0.09021886734690884,0.6021939580471559,0.5407586157305332,937491000000
-0.1560480649821569,0.6296556905031439,0.5406681294476584,937496000000
-0.12770375065774392,0.6319238078650905,0.5410325145432722,937501000000
-0.24733580789299506,0.6124885984388183,0.5427664266473707,937506000000
-0.2105876994152367,0.5912043650025576,0.5463771899711913,937511000000
-0.13647899412343617,0.5960514637863292,0.551284429829088,937516000000
-0.10672218252036389,0.6313991576546518,0.556847108539707,937521000000
-0.08665710843383709,0.6369047451355415,0.5629845147714332,937526000000
0.08845599847772677,0.6679648509624446,0.5684998024781829,937531000000
-0.14629348938964742,0.6013314974925533,0.5739493590536353,937536000000
-0.09796073171000225,0.6334615892856041,0.5782889054308853,937541000000
-0.07885293177700173,0.6591138281441954,0.5823945152061875,937546000000
-0.04172280932445591,0.6798913620498985,0.5851570160374523,937551000000
-0.02960807497559242,0.6560892895439863,0.5878587253531379,937556000000
-0.02577223254853767,0.6693462611417399,0.5885744646578498,937561000000
-0.04646277969195273,0.6672276697425811,0.5891241818716637,937566000000
-0.03177293634316472,0.6599149183825286,0.5880630554789058,937571000000
-0.026231877962851334,0.655250007076098,0.5866300659782059,937576000000
-0.03089208536951945,0.6785392312120964,0.5843924301366837,937581000000
-0.0268528150316139,0.6313582683930758,0.5817951067099788,937586000000
-0.04420827280310031,0.6420058157038421,0.5787914245869543,937591000000
-0.059273833789738876,0.6710127419061231,0.5758948259112393,937596000000
-0.08661120006610072,0.6335767600626401,0.5730507139157242,937601000000
-0.08936096871726455,0.6637183560590404,0.5706551364497465,937606000000
-0.0783461653002085,0.634118373660622,0.568395272882117,937611000000
-0.039121989960000415,0.6293070708014353,0.5664824410713394,937616000000
-0.08291114919894861,0.6330914936025316,0.5647589254959055,937621000000
-0.03450784941245972,0.6374920101654116,0.5625758204637075,937626000000
-0.056803909302667356,0.6398357080110024,0.5612144512872389,937631000000
-0.13482249440996613,0.5815904427247309,0.5600394998938071,937636000000
0.023305704403754374,0.6596893265906532,0.5586659451724109,937641000000
-0.066099889597476,0.6278513580908733,0.5575686565277802,937646000000
-0.08130620992360012,0.6194809000247743,0.5564294594145608,937651000000
-0.17704182215309974,0.6079706155039002,0.5553204637492979,937656000000
0.07378861252270813,0.6358370698117907,0.5549827884090568,937661000000
-0.057524404916573034,0.6361898177493149,0.5538689363402403,937666000000
-0.06062265684681157,0.6650113770795246,0.5532039706867377,937671000000
-0.14394191491996827,0.5444449731576528,0.5528748493052656,937676000000
0.06951224728532264,0.6760304141807796,0.5519934654867885,937681000000
-0.06450967513603077,0.5962112627342142,0.5511939935679839,937686000000
-0.18590162339891395,0.6129325279182736,0.5507781524284375,937691000000
0.04404263715164691,0.6788445006812559,0.55090924976525,937696000000
-0.04907901405795882,0.5958369460003511,0.5504942100680724,937701000000
-0.11583280448027747,0.5959427610145843,0.5499132148337973,937706000000
-0.05957559877413851,0.6366719810896802,0.5500470594637288,937711000000
0.061485781389799224,0.6382093040729214,0.5497014813669818,937716000000
-0.18465414411157713,0.5829623719189515,0.5495344283553493,937721000000
0.05836142505922696,0.6581543199301916,0.5497581536585292,937726000000
-0.03663045559769345,0.6085094260473413,0.549438461151666,937731000000
-0.10644272421471229,0.5629287008595625,0.5501431092612528,937736000000
0.01912046966538678,0.7121667445069384,0.54984758315075,937741000000
0.04896853770117886,0.6020137603339506,0.5497329932393411,937746000000
-0.167344666453716,0.6025601458747163,0.5492586839284531,937751000000
-0.03584117719353967,0.6420869188033526,0.5497867795471869,937756000000
-0.0947932468656031,0.5809531294258993,0.5489874788790023,937761000000
-0.1101713243167111,0.6202669024807119,0.5494818363061756,937766000000
-0.038484911179572166,0.6280277441454369,0.5497639489125852,937771000000
0.02655046528711599,0.6535835521639276,0.5493790752859562,937776000000
-0.15848610665382917,0.523295299778065,0.5499646750054762,937781000000
-0.0904310645684614,0.6464641697933231,0.5499153634621463,937786000000
-0.042561711278836206,0.6591617006953392,0.5508594988007003,937791000000
0.08121395287564587,0.6596359878574192,0.550474193273097,937796000000
-0.12428010899347977,0.5853578118316863,0.5508909672363933,937801000000
-0.02451722147330361,0.604623297472759,0.5511765245017327,937806000000
-0.05307270145422429,0.6561660678186942,0.5513588652600383,937811000000
-0.0312185333008212,0.6062200553625754,0.5514669983738166,937816000000
-0.047764097929490046,0.6439152200826618,0.5520550467774334,937821000000
-0.06445928948454142,0.614539338662686,0.5523182800009313,937826000000
-0.02127537675343355,0.6104196757030321,0.5526591676397717,937831000000
-0.009808761832911697,0.6032904655866869,0.5523952951608951,937836000000
-0.04619607922387458,0.6645046753856639,0.552976079316428,937841000000
-0.04881623932550045,0.6384473991103693,0.5529560468723348,937846000000
-0.0462313626768736,0.63416377921006,0.5529744023926241,937851000000
-0.04506647080011871,0.6343400104487668,0.5530462283456709,937856000000
-0.03955348258829409,0.5856283331930054,0.5532959274282834,937861000000
-0.08700014908999928,0.660096456529279,0.5530316883267375,937866000000
-0.032106460889679646,0.6256916476692895,0.5532184391106857,937871000000
-0.03907481485115443,0.6314747619848553,0.552813280356067,937876000000
-0.032160186868685915,0.6536885854223878,0.5529665715923124,937881000000
-0.019464343151815267,0.5859703641714018,0.5527614917133689,937886000000
-0.0244542770683931,0.6338030430522921,0.5528997916231744,937891000000
-0.03383247749594886,0.6243315285206291,0.5531210286676441,937896000000
-0.0008321159443200193,0.6116800553075552,0.5529436330617339,937901000000
-0.003070318006318233,0.5846359474940444,0.5527319748552021,937906000000
-0.03107944137115834,0.6438841022149571,0.552721329069805,937911000000
-0.012183764098779809,0.6160355531401093,0.5525241518955816,937916000000
-0.014131050981856318,0.6536613075995369,0.5520279190306453,937921000000
-0.0522354763834529,0.6392547341329214,0.551820634051434,937926000000
0.07968081223167596,0.561656453475637,0.5514545335871713,937931000000
-0.036971819061094195,0.6158801869993747,0.5508543857263959,937936000000
-0.04590769719122894,0.6039677422738994,0.550388993842714,937941000000
-0.0410894526862887,0.6428338310340923,0.5503058912681538,937946000000
0.029035735134636982,0.5814524225433556,0.5492911334213935,937951000000
-0.06133539000470345,0.6123329074789687,0.5486720417316385,937956000000
0.061130324075891786,0.606638152012685,0.5481747553163343,937961000000
-0.07516626845041664,0.6674168428741543,0.5481456067153087,937966000000
-0.011039828868480431,0.6349591673646018,0.548102574862654,937971000000
0.0024507542172210253,0.6279679687807507,0.5468503764343958,937976000000
0.02637129744851268,0.5724124626997495,0.5465549109594039,937981000000
-0.056488671539998245,0.6257814083771371,0.546144829762967,937986000000
0.04809293670438445,0.6216621332657707,0.5453460834307423,937991000000
-0.08093724627543578,0.6171650606145278,0.5446866504685032,937996000000
0.004421160792516452,0.6046951781080957,0.5442792152166503,938001000000
-0.03480093273647594,0.6239105475127951,0.5445143754264414,938006000000
0.0011024796533843067,0.60100555028883,0.5440644125493693,938011000000
-0.05893344850405202,0.6096465140308608,0.543760930668318,938016000000
0.01465884336228213,0.5879324029660312,0.5434427953862905,938021000000
-0.08145545089426598,0.6080755742786493,0.543128615870473,938026000000
0.005652771392304662,0.5653570474929506,0.5431457860467707,938031000000
-0.04042063871250928,0.5839837747302292,0.5427993120341297,938036000000
-0.01282689274758099,0.6366049261110789,0.5431502855341009,938041000000
-0.0063261979799422545,0.5685248636770582,0.5428134386390003,938046000000
-0.03771027422442841,0.5907674613367518,0.5426795705800719,938051000000
-0.024665947486289218,0.5868346661964361,0.5429725448186524,938056000000
-0.0671857626523639,0.6389689847167151,0.5431183518836572,938061000000
0.011161558557404284,0.5804318177347889,0.543098228638936,938066000000
-0.05322919683798599,0.6321244080270626,0.5431565913836728,938071000000
-0.011105617570642766,0.6269290921612282,0.5436529327655547,938076000000
-0.0534770173074523,0.6224632100557299,0.5440021359130933,938081000000
0.02048851769880292,0.5671517824867949,0.5447472198612145,938086000000
-0.00997795083271084,0.6628851729565026,0.5453023237537447,938091000000
-0.2657807542014863,0.6002418887684546,0.5467723405301208,938096000000
-0.08094975261303733,0.6459745310517349,0.5490425359601463,938101000000
-0.02123780403263898,0.6369803060249996,0.5534095310186478,938106000000
-0.058207605253051235,0.6299917415067324,0.5579865206307627,938111000000
-0.017505598646201714,0.6229503854809907,0.5623459916142929,938116000000
-0.0015830280628958693,0.6314836341786283,0.5670159678363973,938121000000
-0.020860836837025963,0.6048454611012974,0.571760469936111,938126000000
-0.03983366220177092,0.5830154844672719,0.5751844922087709,938131000000
-0.06598788116427769,0.6269309739797847,0.5784906437574201,938136000000
-0.04086892073076828,0.6051779421791518,0.5807938985532973,938141000000
-0.044695585472841665,0.6084212128038597,0.5827991753775321,938146000000
-0.0914991730709414,0.6507162454847911,0.5839101327392006,938151000000
-0.10673241686110496,0.733397284748003,0.584932891254513,938156000000
-0.04275565227063096,0.6566782581536962,0.5856507221949764,938161000000
-0.03789525716382583,0.6497297055281037,0.5868733169880889,938166000000
-0.03166937372212656,0.6401444878502359,0.5877927794392623,938171000000
-0.026210637823167845,0.6771194406456285,0.5886109620926171,938176000000
-0.029202738991016733,0.6496348496677014,0.5896700347149177,938181000000
-0.04217781943455451,0.6535670541802551,0.5914520449051173,938186000000
-0.035055422327338326,0.6269592548460201,0.5918587213789221,938191000000
-0.02260269694749694,0.6394499644447835,0.5930138234583476,938196000000
-0.012362312607087624,0.6627573138173215,0.5947411869684535,938201000000
-0.004420708364068816,0.6422022549278243,0.5958241721761478,938206000000
-0.02349366594572397,0.6363891778879384,0.5972826371226804,938211000000
-0.014765569120932697,0.6631242025632114,0.598628649003715,938216000000
-0.05685833927969426,0.6622995229879458,0.5989383991077559,938221000000
0.005527366422384588,0.6414968790145057,0.600330863500448,938226000000
0.004268207964899894,0.6685366289291153,0.6003593631608524,938231000000
-0.011236357639182423,0.6869376814546634,0.6003435970801319,938236000000
0.009828210326586283,0.648190282952504,0.6003690337613542,938241000000
-0.00823722827705759,0.6482782145612147,0.5998947590567529,938246000000
-0.03050967715652079,0.6352044126923502,0.5997643834343823,938251000000
-0.00788543870985377,0.6276066619712779,0.5992687958218589,938256000000
0.01813818643163426,0.6461580778940119,0.5984205456514317,938261000000
0.0026410685453323104,0.6564905035730911,0.5977394527445831,938266000000
-0.02915012536664522,0.6528353311507178,0.5968345806696576,938271000000
-0.016835422738237335,0.6475981847358393,0.5962041818862606,938276000000
-0.020490192740342084,0.6095796951789535,0.5956018093043545,938281000000
-0.027174748640136397,0.6678601253890428,0.5949326709753221,938286000000
0.039734274333247416,0.672985222309827,0.5951762072187706,938291000000
-0.045362075476054274,0.6470631407154697,0.5947193380262363,938296000000
-0.042271086924593394,0.6307955879741775,0.5951062872968502,938301000000
-0.039715589599374025,0.6399863605344418,0.5955779546462142,938306000000
-0.0714493304530884,0.6528247791488027,0.5966948359709561,938311000000
-0.02229922638667661,0.6255034168801763,0.5970830490339611,938316000000
-0.023315991972281874,0.6402676076289723,0.598568217846895,938321000000
-0.03248742732950235,0.678535032006398,0.5994189366486984,938326000000
-0.0601533058006828,0.6513965063122532,0.6003065570447599,938331000000
-0.03464752438265229,0.6028246231575844,0.601123809962148,938336000000
-0.028934899811750785,0.6202346411080736,0.60238975970776,938341000000
-0.05149731579958661,0.6332126128657317,0.6025877473601595,938346000000
-0.022554292489456555,0.6368559085256841,0.6030875461175823,938351000000
-0.0038184496635419625,0.6333573012998152,0.6035198289494679,938356000000
-0.003930819954130417,0.6542539245591212,0.6029675688602039,938361000000
-0.03220438988029231,0.6806557039105043,0.6029438626362912,938366000000
-0.028006551044724645,0.6768203706157339,0.6025227781814848,938371000000
-0.04425611872009044,0.6470463186803072,0.6021581070814571,938376000000
0.0029281256756806505,0.670999583948533,0.6012595479376888,938381000000
-0.0355776716042103,0.6652732917008289,0.6009753787084843,938386000000
-0.03932033560130662,0.6542193291935383,0.6004006006018721,938391000000
-0.050454991620824514,0.6384323480527393,0.6001333708578509,938396000000
-0.05592699619188693,0.6410313803020048,0.5992767090871054,938401000000
-0.056544438809032316,0.651267756694091,0.5994157001190233,938406000000
-0.03513873663880656,0.6424313698049735,0.5997348917938508,938411000000
-0.02098590704982322,0.662378966276527,0.6000265136362014,938416000000
-0.031925753201193875,0.6378065102142955,0.6006458668792799,938421000000
-0.05004905991067735,0.6371842562825205,0.6015186494233394,938426000000
-0.05222337630679843,0.6481317725787703,0.6018874389250488,938431000000
-0.05837143109176133,0.652854435985281,0.603073232716462,938436000000
-0.005402997095161871,0.6524893122653384,0.604004025762108,938441000000
-0.016162039245751145,0.6544315236131873,0.6047550458382279,938446000000
-0.07542936371024053,0.6574506418161613,0.6050943098405106,938451000000
-0.047168004973464725,0.6720445631603914,0.6059035705856067,938456000000
-0.014476325094914703,0.6451495929562432,0.6060888659268151,938461000000
-0.0006680888356364323,0.6688756260035184,0.6060879542558721,938466000000
-0.053286321059832525,0.6500274810373559,0.6058342622380604,938471000000
-0.02942269512657856,0.6351542050175877,0.6057100123537124,938476000000
-0.03202739235558594,0.6606332371734613,0.6055508462781874,938481000000
-0.044615432758114346,0.6688358934477369,0.6054711641384015,938486000000
-0.0299468954275428,0.6473875361625046,0.6046244956909915,938491000000
-0.04438551870288178,0.6786585995162586,0.6042464821394535,938496000000
-0.029649157984877977,0.673429864614837,0.6038445755863233,938501000000
-0.04170931270918781,0.6607517954636105,0.6035243030571253,938506000000
-0.037254971803448646,0.6609177699296043,0.6035512409783139,938511000000
-0.06275462468935443,0.6612561825805319,0.6037506321323404,938516000000
-0.06794927850459526,0.6494964727316433,0.6041645785701407,938521000000
-0.051951286491548024,0.641006005679954,0.6050671820174165,938526000000
-0.04500362314944012,0.6716481900615332,0.6054235114910747,938531000000
-0.047161324664292945,0.6772596064662911,0.6062835599918582,938536000000
-0.05478762906799003,0.6619470706617756,0.606667499417386,938541000000
-0.024834092865100726,0.6687122224065724,0.607564321686527,938546000000
-0.04135558806583382,0.6595377141250705,0.6084310549790368,938551000000
-0.06125821997877495,0.6860585106795282,0.6087600554021235,938556000000
-0.04915544330751959,0.678967354522614,0.6090950522773282,938561000000
-0.04235670299345325,0.6788034861480079,0.6090400627134076,938566000000
0.08731374424385996,0.6540271764803229,0.6089422885327536,938571000000
-0.03716892067983357,0.6391442373157944,0.6083486923937718,938576000000
-0.07306312351915285,0.676037908064261,0.6074050622824224,938581000000
-0.04463807802375982,0.6458984172524771,0.605611339224657,938586000000
-0.010137848560660544,0.6361551072304086,0.6039337242180666,938591000000
0.0906148798236127,0.6322472073624752,0.6019125028946457,938596000000
-0.06027988876503294,0.7020694589791059,0.6003326927823498,938601000000
-0.1376986701949022,0.6372467873780917,0.5976584722555213,938606000000
-0.01880749269893589,0.6150541711126836,0.5968583576937957,938611000000
-0.07342318890142233,0.7213107889667421,0.5954899415986041,938616000000
-0.09082398670254023,0.6226309479065016,0.5945613859847517,938621000000
-0.06584356332546053,0.6494322679037174,0.594667713090004,938626000000
-0.02380112953082687,0.6761906187471745,0.5950654121704669,938631000000
-0.06351647438980014,0.6060991410395501,0.5941419043321533,938636000000
-0.15643508688521127,0.6263866635375782,0.5953131302667852,938641000000
0.09703076588709494,0.7124954510177711,0.5962573377257012,938646000000
-0.16399942230767556,0.6750602159990448,0.5958376100633515,938651000000
-0.09055456906965087,0.6158855978336538,0.5966112011046035,938656000000
-0.0520570661681031,0.6716971501476279,0.5978090643760693,938661000000
0.05854184940109018,0.6962056154865922,0.5985527053082482,938666000000
-0.1267067255987278,0.620036884841461,0.5982274350447498,938671000000
-0.16456608493059172,0.6105480254899176,0.598221067323148,938676000000
-0.13582219884139587,0.667187646244865,0.59936894601166,938681000000
-0.0366896026512572,0.7257778295437786,0.6015447402605836,938686000000
-0.003942694973284348,0.6094372713434195,0.6029897592337403,938691000000
-0.23680044654076038,0.7148140719257983,0.6042548400851603,938696000000
-0.12111635876293174,0.6611678473482198,0.6062453740589551,938701000000
-0.06446610152032649,0.624454999926751,0.6087483442311252,938706000000
-0.10331445786775234,0.7055683796102555,0.6109093179479606,938711000000
-0.08380293427190823,0.6686261723699254,0.613485237184912,938716000000
-0.0821748372736801,0.7090490357966672,0.6160269422125207,938721000000
-0.059877544281129076,0.7025861144870059,0.6178928449065895,938726000000
-0.018709680814862406,0.6557891423270474,0.6191466598763856,938731000000
-0.04135441568448651,0.66540228224801,0.6206646232209757,938736000000
-0.059614787710533065,0.697765287652111,0.6218175651062259,938741000000
-0.07187299845064032,0.6820921862642758,0.621489969677586,938746000000
-0.0467144713523828,0.6644629410497251,0.621468227732742,938751000000
-0.0624858915721548,0.6775414153303859,0.6208191204631437,938756000000
-0.06437280955490143,0.6802106391873444,0.6206041049117185,938761000000
-0.03632029842515314,0.6966226836143746,0.6190320562503802,938766000000
-0.09138306348573441,0.6906597016112794,0.6175668320434364,938771000000
-0.06874943924398384,0.6660013277359939,0.6165230745982603,938776000000
-0.059707820156194746,0.6907857284754506,0.6153849913232864,938781000000
-0.04828304455517871,0.6855842675440984,0.6145537683806805,938786000000
-0.09213689689145885,0.7071031310068843,0.6138881563406846,938791000000
-0.09109826360308604,0.6947018115345116,0.6138187173623199,938796000000
-0.08079607059779777,0.6218063441428382,0.6143263759578556,938801000000
-0.08282790395214337,0.6908479432185302,0.6137897121932776,938806000000
-0.09368956936954458,0.7007116609392154,0.6145209448275061,938811000000
-0.04611355007527354,0.7196166548221468,0.6150909303075099,938816000000
-0.12967892625394148,0.694662941996842,0.6159352893680925,938821000000
-0.015070127510538413,0.7134910447829497,0.6165059394093471,938826000000
0.097797093364975,0.697801547080985,0.6159687280118835,938831000000
-0.018933284446003486,0.6519893350446958,0.6138692174955848,938836000000
-0.15850357486056874,0.7336212469907009,0.6110113064218596,938841000000
0.07600174514470158,0.6443230354927227,0.6093983946535287,938846000000
-0.07499868749212159,0.7192506705803838,0.6074076463107144,938851000000
-0.1444999936662582,0.6755532353695661,0.6044144773908264,938856000000
0.07491681786803327,0.658113946798709,0.6029519863069805,938861000000
-0.15309673399424484,0.6901233366016885,0.6016916064433895,938866000000
-0.07138539512790915,0.6666275970176179,0.6002655178318418,938871000000
0.06546327930510447,0.6256853362697468,0.5986999389852359,938876000000
-0.05551013763029977,0.6534645657046277,0.5975035418364988,938881000000
-0.14158292264159908,0.7037254081265301,0.5963883378418394,938886000000
0.07897844938359257,0.6408542961342907,0.5954805054062746,938891000000
-0.13355327383221577,0.6760269634162802,0.5951399992864133,938896000000
-0.07996941738176316,0.6794334867834414,0.5944354361872339,938901000000
0.058527128293716604,0.6586371929981608,0.5934119960123725,938906000000
-0.13861852926882398,0.6958467679469797,0.5929576864163474,938911000000
-0.05866367635175067,0.6698490955124069,0.5917309967820338,938916000000
0.04335374262357093,0.6055197145759098,0.5914309924139017,938921000000
-0.13122226000471401,0.7319667908284408,0.5904754389574597,938926000000
-0.07306241377447659,0.6902969327022269,0.5895831029342923,938931000000
0.08207259128338043,0.6381979479456681,0.5893880408865685,938936000000
-0.09902286847483019,0.7474070381482023,0.5886879194033655,938941000000
-0.09262699261211779,0.6190697225064756,0.5881756828986846,938946000000
0.022261399370789622,0.6176050063378075,0.5876361784452556,938951000000
-0.0981110647133138,0.684757269061574,0.5873593560441861,938956000000
-0.09719426307423107,0.6848369701812335,0.5866896295865524,938961000000
-0.0856476589941004,0.6612706104294822,0.5867744827820415,938966000000
0.08043277610707303,0.6357907484890236,0.5865589760340205,938971000000
-0.10319034814938793,0.7266569271966122,0.5863163946283028,938976000000
-0.0669300826106693,0.6907439958839462,0.5855451763576319,938981000000
-0.04698357142978342,0.6785714742603433,0.5860452214022546,938986000000
0.05912715864241474,0.6269787280581102,0.5863194572487155,938991000000
-0.09282794955007441,0.7601707370812868,0.5864303344400171,938996000000
-0.0780118516307112,0.6207437343078276,0.5860733184886929,939001000000
-0.051900467778420896,0.6367306163900669,0.5861474865471292,939006000000
-0.0455558521689546,0.6778710402812288,0.5863801681954346,939011000000
-0.07540771335940155,0.6678950698082404,0.5861452926641773,939016000000
-0.06014353808987861,0.6762119624027206,0.5861760995832788,939021000000
-0.0502454773360914,0.6728473586324887,0.5864259356015782,939026000000
-0.044281178509849015,0.6804502575053546,0.5857641381617503,939031000000
-0.03182896243209023,0.6578705701630023,0.5863537501022864,939036000000
-0.03872960772214872,0.6698313808750049,0.586206380551517,939041000000
-0.05304666089487588,0.6526047761672976,0.586417367403545,939046000000
-0.038409940516309846,0.6777424296439694,0.5861538302724484,939051000000
-0.029062320305822086,0.679624614741529,0.5859176500363155,939056000000
-0.028045873003171178,0.7077742960878147,0.586000889093022,939061000000
-0.04321799820919962,0.6725028385986466,0.585813386048334,939066000000
-0.03531842939256052,0.6722455842074643,0.5858802558740401,939071000000
-0.05085562380368838,0.7039610021852656,0.5862930875203678,939076000000
-0.0613959519795511,0.6727313511413433,0.5863193387013528,939081000000
-0.03428915317352243,0.6804477516330047,0.5863779578669625,939086000000
-0.01957411342386476,0.6569657657397919,0.586849385955494,939091000000
-0.04641608840660982,0.7010105401204301,0.5869689344493935,939096000000
-0.010145652484005716,0.7043682062848732,0.587204266993979,939101000000
-0.018874269403330465,0.6814124147215131,0.5869901287474546,939106000000
-0.04355899519020218,0.6806915837703879,0.5870144096758807,939111000000
-0.04843130148445515,0.6576423675061793,0.5871607729421099,939116000000
-0.037508877914585334,0.6380225890141963,0.58753155354469,939121000000
-0.01772941298156301,0.6203176991460299,0.5876548262860787,939126000000
0.006882144150680468,0.6351821407592204,0.5874189529050752,939131000000
-0.019156278817874527,0.644150717823076,0.5877929605805935,939136000000
-0.0036810798195113115,0.6640440267309308,0.5883663636100159,939141000000
-0.0059050915409408905,0.6640730161181957,0.5885419708517576,939146000000
-0.0016168618491981908,0.5789767349100886,0.5887426105791659,939151000000
-0.015070671665853675,0.6382775295630551,0.58966140393702,939156000000
-0.013094578665036343,0.622096624466712,0.5906813759281992,939161000000
-0.03410955535808384,0.6579724421639627,0.591502554011349,939166000000
-0.027313111895306812,0.6651661745098181,0.5924004073370295,939171000000
-0.01110447616460875,0.666945788377917,0.5933406695769173,939176000000
0.002696597274345538,0.6723207852404587,0.5941759386831937,939181000000
-0.018945518082670865,0.6638207144177742,0.5953220329605095,939186000000
-0.014114396982049183,0.6890784797541774,0.5966181256796026,939191000000
-0.04639416995244309,0.7138826709601417,0.5976490258815454,939196000000
-0.06325817298016889,0.6820001981366011,0.5984997941507281,939201000000
-0.02000848540174626,0.6920911493645017,0.5993188047343619,939206000000
-0.004442709790650007,0.6874475508101993,0.5998153220220864,939211000000
-0.01839868368786222,0.677506864725308,0.6010798294488034,939216000000
-0.004399964378088608,0.691731883537143,0.6013324045383704,939221000000
-0.02061021739851478,0.6822505793683608,0.6017704883379403,939226000000
-0.007257887462941299,0.6581963514824851,0.6022583040731263,939231000000
-0.023343121716297446,0.6464567251496296,0.6024469185529439,939236000000
0.013836579874166973,0.7249684514907445,0.6028556915209703,939241000000
-0.032185137742487796,0.6723132857667102,0.6036146799535563,939246000000
-0.0642854224035892,0.6601539606951595,0.6037229799679762,939251000000
-0.03745041758106142,0.6957199053170536,0.6042120657758452,939256000000
-0.009499612660577604,0.658518428795412,0.6048525303398153,939261000000
-0.016635995301546892,0.667571920547605,0.6052800648880056,939266000000
-0.00858822239348743,0.6679578660658833,0.6059503885518983,939271000000
-0.015085120287539763,0.6646333332597713,0.606536373780041,939276000000
-0.047585391002083616,0.6790432762064904,0.6067366469236062,939281000000
-0.03476352859684522,0.6769676477599416,0.6075296821365439,939286000000
-0.03392644659654583,0.6856855873686702,0.6078013542361999,939291000000
-0.027338112366652685,0.691613203617635,0.6080863650145377,939296000000
0.003953865615679293,0.6782979885685323,0.6086961417231901,939301000000
-0.012408195749165754,0.6778775978699055,0.6089852023271004,939306000000
-0.029399189018692946,0.663000846057523,0.6092497447281551,939311000000
-0.0009829982857400173,0.6924006040526962,0.6092918737670999,939316000000
-0.025600281461791146,0.6994710629464952,0.6096559055731525,939321000000
-0.007378967246861878,0.6800641994557356,0.6097633172061776,939326000000
-0.0427821064741104,0.6707252155474686,0.6099078768629828,939331000000
-0.004024099543101529,0.683637865202834,0.6104218751845663,939336000000
-0.029264828527305452,0.6888504336836379,0.6101397669231781,939341000000
-0.02693276967733097,0.703723289854305,0.6098727509305168,939346000000
-0.05298267977342036,0.7098469977656275,0.6103531544522743,939351000000
0.02565312376828479,0.6885630839481006,0.6106042024980998,939356000000
-0.027652292740015252,0.6933684043932119,0.6109240014482237,939361000000
-0.020846139292342355,0.6659862236791206,0.6111398250951859,939366000000
-0.023418813112380754,0.7008662480108264,0.6112937787584292,939371000000
0.0006389976563111188,0.6687273158130436,0.6115799106790376,939376000000
-0.017659438907277527,0.669200791752224,0.6118747510850372,939381000000
-0.02318860303522661,0.6766578701984224,0.6127137923214879,939386000000
-0.026279192617054442,0.6792275028521906,0.612709337784773,939391000000
-0.032263011800457875,0.6760366613250963,0.6134958448669658,939396000000
-0.03662240618865456,0.6929688018345075,0.6131438949099256,939401000000
-0.01648526601176517,0.6995359162345635,0.6134763486501765,939406000000
-0.023576888966385587,0.6851356436629686,0.613645070541101,939411000000
-0.0503287875094373,0.6674302742084686,0.613842048206027,939416000000
-0.020492092031917722,0.6870763352126877,0.6139390618741194,939421000000
-0.0362324052747162,0.7133080303939426,0.6139756945100827,939426000000
-0.08213974342161595,0.6924411415219034,0.6141714986726607,939431000000
-0.006115499546403329,0.6853098479114917,0.6141828652753664,939436000000
-0.04193390290299434,0.7287406224513383,0.6145297577872916,939441000000
-0.01095694724108658,0.6791085004322237,0.6142378479435465,939446000000
0.00037290685545136523,0.674248326490888,0.6145870232122957,939451000000
-0.013315335235740036,0.6669221613906313,0.6149689650565385,939456000000
-0.03445920632775051,0.6801300528475862,0.615471716488239,939461000000
-0.029376746759740877,0.6815616444782011,0.6157958477297535,939466000000
-0.019011875887433968,0.6526764339313117,0.615795350028114,939471000000
-0.024974929445850794,0.7163605691425972,0.6157089883351008,939476000000
-0.013161041734201283,0.724582785391783,0.616427349936078,939481000000
-0.05155504552464128,0.6745532951335735,0.6164265989702306,939486000000
-0.025513854572104908,0.6952473869352072,0.6168624651554939,939491000000
-0.004701103990256788,0.7192020636698564,0.6171301735786888,939496000000
-0.06410698131415996,0.697105899222814,0.617794682763173,939501000000
-0.026770440047516008,0.7032188200635288,0.6177442864172958,939506000000
-0.027714913322474704,0.7041753265496429,0.6182369309603248,939511000000
-0.02149792100175498,0.7061792313123609,0.6185396927331924,939516000000
-0.029078358079169635,0.6905025762359246,0.618245178849861,939521000000
-0.027356494681005886,0.7182657980417778,0.6184279454616842,939526000000
-0.03096105078517924,0.6706400995263653,0.6191001010832334,939531000000
-0.043693653595212906,0.7202872422629939,0.6194764093693548,939536000000
-0.0031290304731125713,0.694494829246829,0.6197932301646716,939541000000
-0.021506968362071208,0.6985597060236867,0.6202195593941983,939546000000
-0.02809553149404236,0.6901555581527515,0.6204736412245849,939551000000
-0.041418300670100806,0.6834253384458747,0.6206580033979873,939556000000
-0.034946638072401975,0.701873652673133,0.6211498531060414,939561000000
-0.04218635425671543,0.6768722967491934,0.6211727046859763,939566000000
0.0038451305456001506,0.659142627937962,0.6214239206667833,939571000000
-0.026178873519072457,0.675197990608436,0.6217295157919679,939576000000
-0.047647375280051384,0.710027911347276,0.6218073988403455,939581000000
-0.010936297921373093,0.7017125870673503,0.6221045271841432,939586000000
-0.017577381987131064,0.710819782634064,0.6222619736003774,939591000000
-0.028179988460177777,0.6997111096174917,0.6217854394322692,939596000000
-0.026157471559354557,0.6942973238116003,0.6223729476974175,939601000000
-0.027356272550764078,0.6651057500391767,0.6224596668101973,939606000000
-0.05186101622914294,0.7262123633059397,0.622330360604373,939611000000
-0.04865010831668661,0.7086739615882456,0.6225146365867577,939616000000
-0.06242610430694988,0.7126163196824978,0.6228000323221233,939621000000
-0.025105223148682042,0.6854294031143157,0.6229850935335505,939626000000
-0.005126290380172489,0.7670436494232167,0.6232804452165305,939631000000
-0.09295858080396271,0.6162973534207485,0.622873676282252,939636000000
-0.010781254711479588,0.695441502815243,0.6231314384309717,939641000000
-0.004026589704152393,0.7704040828567654,0.6232909566195654,939646000000
-0.07632744640256155,0.6252528885789937,0.6228318962037944,939651000000
-0.1401228526112311,0.6981823780665348,0.6225931398435351,939656000000
0.03857517382146708,0.737890874356806,0.6225676882516821,939661000000
-0.11749685175721265,0.632557556505196,0.6227930121264496,939666000000
0.04479062369698854,0.780751413263008,0.6222719275134501,939671000000
0.05751020663679036,0.6576602314872638,0.6221255705091111,939676000000
-0.21220908200342387,0.6224126479406239,0.6221920222832531,939681000000
0.025729575330434754,0.7842910735139603,0.6220456554622438,939686000000
-0.09958193942077716,0.5914036218594321,0.6216455763136629,939691000000
-0.042515524910755026,0.6977230517771964,0.6215983533968117,939696000000
-0.043745060182901474,0.7950130627293237,0.6212751353145394,939701000000
-0.13985859625191194,0.6188118807783517,0.6211008467339617,939706000000
0.03472419058405662,0.7802440721820826,0.621136864950657,939711000000
-0.03552451953478071,0.7145364022792012,0.6209092265102297,939716000000
0.01401274122545152,0.6858180101788136,0.6198333516678187,939721000000
-0.15585876572935722,0.6460006882740704,0.6202701563092669,939726000000
0.027188788626452208,0.7724339778325142,0.6205304639294752,939731000000
0.10017678347604088,0.6775863924327322,0.6202428859933945,939736000000
-0.2809181104035663,0.6049527042343305,0.6202965299124475,939741000000
0.024009850453568536,0.8132792725513507,0.6204537563410853,939746000000
-0.08349460996564273,0.703751459277534,0.6202756751181763,939751000000
0.04014609184239618,0.6926578088798939,0.6200872581792205,939756000000
-0.25379554993690545,0.6205424339194764,0.6202087702183232,939761000000
0.01318987044338632,0.7435138557256854,0.6205756985447209,939766000000
-0.06388552218101462,0.7075869192616482,0.6210587296121752,939771000000
0.00240765355816391,0.7001117288834205,0.6210181366783722,939776000000
0.06046295156452719,0.6947790487110875,0.6198487873682461,939781000000
-0.16563126006290269,0.7219929052057603,0.6196600813950235,939786000000
-0.08983193647298338,0.7325974583320992,0.6198454588268973,939791000000
-0.09238131670182079,0.6637523469705785,0.6193034927477695,939796000000
-0.07527259956039477,0.6737821745522615,0.6191759457448481,939801000000
-0.15078038240289424,0.6361280965339421,0.6196508717969423,939806000000
0.07728504091290664,0.8069620670055937,0.6199637300448401,939811000000
-0.03901262816577063,0.6880394447164258,0.6198873805796365,939816000000
-0.06383676206117932,0.6799338111791593,0.6194157184636045,939821000000
-0.06336679250744853,0.7017773419853699,0.6197087896387041,939826000000
-0.07608271200278952,0.721930589023855,0.6197727228465747,939831000000
-0.11287485871890345,0.6458213316234106,0.6205030379845541,939836000000
0.05526722184341022,0.8265069131092058,0.6208765424639329,939841000000
-0.04359258804897902,0.6872714457401686,0.6213440807490296,939846000000
-0.06332983906356768,0.7053988702682111,0.6214213747582076,939851000000
-0.06457011398558724,0.6941718958332553,0.6219473095651642,939856000000
-0.06265504382254788,0.7005283354391801,0.6220491143406004,939861000000
-0.16562699377637366,0.6396680805694205,0.6228441218190899,939866000000
0.0891135138426645,0.802617758402637,0.6229887333404494,939871000000
-0.06476855713847966,0.6810336942497172,0.6236762324920793,939876000000
-0.08566433686283163,0.7067236111968176,0.6234706739680124,939881000000
-0.041397037834168926,0.6672394592430145,0.6232899487990348,939886000000
-0.16164735380928413,0.6472156936293553,0.6240036657112995,939891000000
0.07322865516597941,0.8142174305484143,0.623912075349474,939896000000
-0.05073201572263183,0.6805764036923394,0.6241594978274858,939901000000
-0.08986983195528578,0.6968284015177474,0.6246310709810042,939906000000
-0.18017358350831042,0.6286439223150749,0.6251332619497281,939911000000
0.07104854666558141,0.7778407911641458,0.6253948324657793,939916000000
-0.06547524258543518,0.6796208220574174,0.6259477343363606,939921000000
-0.06808568111067247,0.7093198656265505,0.6258759107964494,939926000000
-0.21118598799713295,0.6357773182397112,0.6263977504976828,939931000000
0.09548005666038639,0.7720210991865186,0.6267425170009855,939936000000
-0.03248700315212091,0.7160465282236802,0.6269939777767951,939941000000
-0.1783206609236499,0.6540140875629422,0.626758583725753,939946000000
0.04845848061841015,0.7784579537928902,0.6280443832181342,939951000000
-0.04679135090704044,0.6916522197650479,0.6283192900968029,939956000000
0.040778912038067446,0.7103877382642471,0.6277793030892423,939961000000
-0.10460457038448466,0.6448828275377005,0.6281272827864995,939966000000
-0.011593059790634295,0.7956966654317594,0.6282466023321711,939971000000
-0.06085443512645365,0.7034985131709189,0.6277677637594167,939976000000
-0.033286889130084804,0.570832426088655,0.6282123589748562,939981000000
-0.0516804749038445,0.809144896227945,0.6283232559945455,939986000000
-0.06561286182775374,0.7213235427513449,0.6283423859101559,939991000000
-0.048026634913800055,0.5742794195860716,0.6284819910448493,939996000000
-0.037424853268013335,0.7861376715144704,0.6288017720502167,940001000000
-0.07645017982424189,0.7125320968749891,0.628731106409011,940006000000
-0.06725094471770271,0.6624660509386321,0.6288804037609879,940011000000
-0.005629363537234887,0.7974901256833902,0.6296491391538741,940016000000
-0.0347109582364223,0.6106750431488984,0.6293519313976124,940021000000
-0.11965118591058571,0.7484696812035289,0.6301541197453735,940026000000
0.040503372553275296,0.7699821309326117,0.6298843111226801,940031000000
-0.09365231317506292,0.6219605659263483,0.6300850478349967,940036000000
-0.13062759106276178,0.7294398855511878,0.6309147337397696,940041000000
0.014521862929801486,0.775332484845933,0.6317592966763096,940046000000
-0.0501030821367651,0.6323431362843067,0.631516911597541,940051000000
-0.15577972598698206,0.7380421508811676,0.631923326134549,940056000000
-0.046283029956644905,0.7443896639437896,0.633069248892388,940061000000
0.04526374236144148,0.7432139590659206,0.6333772922191266,940066000000
-0.11062338981003611,0.6320107032769776,0.6337758150895311,940071000000
-0.09053132031956891,0.73843218705287,0.6340850965659434,940076000000
-0.061591561522964355,0.7076051087379246,0.6346962661944235,940081000000
-0.07779868040562135,0.712143374915911,0.6351479280710306,940086000000
-0.05455763521434424,0.6662960343846079,0.6352188481899999,940091000000
0.015473613694247974,0.7153437527939396,0.6356487730463838,940096000000
-0.023150804715062034,0.7063868476511641,0.6353931123583851,940101000000
-0.03902953182337664,0.7035444511840098,0.6360732416133075,940106000000
-0.04143661415283115,0.710199657504313,0.6368202248623949,940111000000
-0.051050037201806536,0.717986441295895,0.637447951075058,940116000000
-0.018166978595389172,0.7190582071630931,0.6376879877919391,940121000000
-0.05138837235273612,0.7126752583230384,0.6384378331900109,940126000000
-0.03093304045700033,0.6905808451248198,0.6390102168075412,940131000000
-0.010415826358663859,0.7046958629045544,0.6391384227696304,940136000000
-0.05716887714569314,0.6928138897975104,0.6395485878533718,940141000000
-0.025856992740262947,0.6800805897034715,0.639307012104067,940146000000
-0.0395111378980052,0.6960659244192821,0.6400256462132756,940151000000
-0.054796984455168535,0.6965715082457903,0.6405382540531425,940156000000
-0.05745435936144109,0.7075191883727207,0.6405520032979984,940161000000
-0.011889966216537508,0.7389630485043489,0.6405895183679766,940166000000
-0.006234476020786639,0.7061774992459096,0.6409461190149033,940171000000
-0.014209993694417583,0.710482243403035,0.6408643209643469,940176000000
-0.025794111445343285,0.7061321484351302,0.6413333529427995,940181000000
-0.03367926678617807,0.6657479637230913,0.6412313035001035,940186000000
-0.009011055744745484,0.6977135803020772,0.6416922500397183,940191000000
-0.000747838631845639,0.7494962677741241,0.6414313073580492,940196000000
-0.06463877761837403,0.7376366278547215,0.641863338054007,940201000000
-0.0352474736355118,0.697235231226268,0.6420041325223544,940206000000
-0.03873234986621999,0.735032479827512,0.6423341765480728,940211000000
-0.037443320295990734,0.699045665539159,0.6424942093986854,940216000000
-0.01869992100001843,0.698865054564636,0.6423997752417746,940221000000
-0.038977704306307745,0.7176408389529253,0.6426869984704439,940226000000
-0.012449983566140195,0.7172777695298865,0.642839477084077,940231000000
-0.02715855169331466,0.7149468644533538,0.6433253466668095,940236000000
-0.035114255928051556,0.7148667196393224,0.6433710439215581,940241000000
-0.05252517362265392,0.7233903500400524,0.6431476815501137,940246000000
-0.008706231836034972,0.690497081041609,0.6437521716680291,940251000000
-0.00647405553625385,0.7205631013392139,0.6435097586436804,940256000000
-0.02842603458448148,0.7310661206596589,0.6440357403394359,940261000000
-0.02346035973307378,0.7212867012417481,0.6440484120488001,940266000000
-0.06465775316833294,0.7035268241010879,0.6440800168010622,940271000000
-0.03275402623849975,0.7520338222454475,0.6442137837260944,940276000000
-0.03042866482262047,0.7042803054282042,0.6445686849380428,940281000000
-0.02486719399768521,0.6904109877995739,0.6445001951487607,940286000000
-0.025436506311080492,0.7159447987022723,0.6446015645383142,940291000000
-0.016498122407749345,0.6971878437396243,0.6448838147525761,940296000000
-0.009340942775390965,0.7173031609697237,0.6449096472997555,940301000000
-0.029072435977926827,0.7197204770913784,0.6448650204910623,940306000000
-0.011813195029699844,0.7159415461213074,0.6451837755212181,940311000000
0.015358259913512043,0.7420386355019117,0.6458463262274461,940316000000
-0.050036017797626106,0.704683789322377,0.6457428154339668,940321000000
-0.03775455815230831,0.7381122916954126,0.6462924188761092,940326000000
-0.04381086765058012,0.712960310204434,0.646186968142304,940331000000
-0.042853602559146775,0.7224714793888953,0.6466322500501697,940336000000
-0.0064429791357072455,0.6980271292745406,0.64639354666402,940341000000
-0.017405826879383218,0.7222839693380634,0.6463098974340862,940346000000
0.010907486038289761,0.7219146886062427,0.6465686542444244,940351000000
-0.04366410109642209,0.728879618744682,0.646814038718019,940356000000
-0.04220133110878431,0.7098522154429405,0.6468603771855418,940361000000
-0.007250723699233602,0.7510251063002763,0.6470535267112157,940366000000
-0.053007170910739976,0.7177221004380776,0.6477102037011542,940371000000
-0.059097676931462534,0.7127104827392046,0.6473630415649129,940376000000
0.0020478531063513605,0.7091109879182632,0.6473701292224086,940381000000
0.0024360365901295727,0.7249019409333219,0.6478095009922461,940386000000
-0.005387365755927565,0.7313981763444012,0.648131288491239,940391000000
-0.03848594446298413,0.742168666312034,0.647723770897138,940396000000
-0.06763998090883422,0.7262570050627725,0.6481414319734967,940401000000
-0.028098062054949198,0.7319344429199081,0.6482270716459704,940406000000
-0.027613400141984774,0.6927189470810372,0.6482160180245449,940411000000
-0.03440578155011993,0.7379254770402701,0.6483645090773952,940416000000
-0.012824472923741254,0.6792353351164656,0.6489929757110656,940421000000
-0.029178192371149277,0.7253577465047617,0.649003617230994,940426000000
-0.0443077498811553,0.716755321046447,0.6492340858999721,940431000000
-0.042664623887027034,0.696918700623158,0.6495257264811164,940436000000
-0.05912830563237659,0.7129230530394834,0.6497093495549896,940441000000
-0.04736989206970013,0.7336337644071456,0.6498778653876298,940446000000
-0.041521846070415494,0.7035996698495843,0.6499326512577844,940451000000
-0.03779468664081732,0.7239518874981856,0.6504954301647957,940456000000
-0.053558111844721513,0.7002187637236736,0.6502590772231492,940461000000
-0.03311549850353358,0.6981392744881694,0.650502963427804,940466000000
-0.028737983269710544,0.6935793975557872,0.6510896687721407,940471000000
-0.01275551304041371,0.716585507334891,0.650825448110865,940476000000
-0.01909722925783858,0.7418866129610732,0.651374172803264,940481000000
-0.022983025651605808,0.6996344644899632,0.6513669478888257,940486000000
-0.0031538397723331092,0.7152855857120254,0.6518458926006476,940491000000
-0.042303154588957906,0.7157385976149926,0.652815216402899,940496000000
-0.019995207460379492,0.6947563130394274,0.6526724928871075,940501000000
-0.044198048813602404,0.7395604803736868,0.652745490276509,940506000000
-0.04069886015078717,0.7389626337378207,0.6533984736488713,940511000000
-0.02521611780963605,0.6947465415048035,0.653281398738385,940516000000
-0.04054802991925006,0.7040340760003684,0.653420077659599,940521000000
-0.014497787009987936,0.7402835586609994,0.6540592750045177,940526000000
-0.03190408724449225,0.706075249976533,0.6544228250080055,940531000000
-0.03316606333952379,0.7263102724617018,0.6541916346436921,940536000000
-0.04347627438303616,0.7003333736785964,0.6544249395612429,940541000000
-0.03711976411362861,0.6923993598857288,0.6542608873537417,940546000000
-0.05082313904859166,0.7268055841200934,0.6544079125879328,940551000000
-0.029021637337125754,0.7484719100588751,0.654543940618285,940556000000
-0.05049841565475631,0.7138502698123779,0.654424996752234,940561000000
-0.05594869290683595,0.7132352970697289,0.6546705166236932,940566000000
-0.048071170800690385,0.7109269042826403,0.6547754958341542,940571000000
-0.04489593194977346,0.7275306057051923,0.6543718576001932,940576000000
-0.024541534459910305,0.7335041472570183,0.6546249616356783,940581000000
-0.039356781108244816,0.7217014124637675,0.6554264763315388,940586000000
-0.0034072966928847676,0.7216708587327919,0.6556521096629516,940591000000
-0.005040371212999779,0.722504621208467,0.6562128551014933,940596000000
-0.039456987175927084,0.7390847884646226,0.6563202020023692,940601000000
-0.045780486704806424,0.7036918269638545,0.6563486391929535,940606000000
0.0003310871337754914,0.7018224501722958,0.6569356200300954,940611000000
-0.04511900657873095,0.6903734915687855,0.6569484905142448,940616000000
-0.048066530590461905,0.7046954278627009,0.6575055220439775,940621000000
-0.05741826776357448,0.7406578160392806,0.6575230306001867,940626000000
-0.014382061397149173,0.7270602326208517,0.6574701880746743,940631000000
-0.030309530078352326,0.7263045213740763,0.6578906311583695,940636000000
-0.04990931073989285,0.7410922916331706,0.6577106840922615,940641000000
-0.014366019571796947,0.752535111646512,0.6578410646243623,940646000000
-0.031505549378930034,0.7268174559570716,0.6582641216502155,940651000000
-0.05190268638521918,0.7016088280187845,0.6583535318729578,940656000000
0.028187378506574053,0.6605473390100807,0.6582646158957315,940661000000
-0.0187961289791877,0.7062240580102788,0.6585422749534586,940666000000
-0.0847792594261233,0.8056465759940492,0.6584319515068049,940671000000
0.05657612402144725,0.7322029776020367,0.6581103469135262,940676000000
-0.19662420311702566,0.673061279808488,0.659012840445597,940681000000
0.06403335169246757,0.7203300231595194,0.6593513359140236,940686000000
0.022596725177290635,0.7448908956874762,0.6599160757643157,940691000000
-0.11247197741026607,0.6940064045152261,0.6601825668079465,940696000000
-0.027290594433052068,0.7333277172250744,0.6608507343410696,940701000000
-0.14605587986692214,0.7526821465363823,0.6612525474821607,940706000000
0.07984798235671695,0.6599894132321171,0.6613133378799348,940711000000
-0.1504111985595114,0.699252132995939,0.6618111535361304,940716000000
-0.07947867931803108,0.7831348797942705,0.6617574394941953,940721000000
0.10315045607640587,0.6826918403783534,0.6621420835259659,940726000000
-0.17949959744479355,0.7030740662215287,0.6626393817425156,940731000000
0.039538021539340606,0.79297596251591,0.6625751017007884,940736000000
-0.10437829039962768,0.6949445156849959,0.6625544937299419,940741000000
-0.1395046800909745,0.7429695118911658,0.6626868051624305,940746000000
0.03393010786523848,0.755197747688055,0.662892076586128,940751000000
-0.17785253008172344,0.6540045065400613,0.6626087888963968,940756000000
-0.10122141633925687,0.7662658873323395,0.6632141472313038,940761000000
0.08437425884577389,0.7245589738385286,0.663407038291067,940766000000
-0.015623914717904228,0.653528187499194,0.6628777042260552,940771000000
-0.1573962030189714,0.8008078089775229,0.6633772130488934,940776000000
0.027572286006845755,0.709604016020607,0.6635252934585556,940781000000
-0.053041976594942156,0.7077304674549133,0.6638542841327603,940786000000
-0.1768776009200566,0.6717523116891689,0.66431611029936,940791000000
0.05050728500081002,0.7770955633166902,0.664584006336143,940796000000
-0.050647176181951595,0.6585147717498155,0.6648581758289602,940801000000
-0.1909977643178165,0.7818404101682136,0.6658697343541354,940806000000
0.03619024876233971,0.7520212878360311,0.6677951977098301,940811000000
0.11724084192271196,0.6647547331608588,0.6682356007919124,940816000000
-0.1707460378670242,0.7664610384599764,0.6691801960712309,940821000000
-0.2642548750591648,0.7464992326758594,0.6707609436738216,940826000000
-0.21546854807629606,0.8055300462462665,0.6742706704441339,940831000000
0.1394047863230697,0.7222726419643887,0.6776835800554534,940836000000
0.013742912142294198,0.723082572112905,0.6810847158732245,940841000000
0.006497838360263741,0.7408620982494617,0.6839806179933039,940846000000
-0.20423734206763106,0.7561050857003507,0.6864145544350755,940851000000
-0.20504287155219322,0.751725048548571,0.6888833829684923,940856000000
0.133917277600981,0.7980201277787174,0.6922791800833347,940861000000
-0.064252495409688,0.8130717938016544,0.6947051088211138,940866000000
-0.217342414795979,0.8097031680395579,0.6954765888844391,940871000000
-0.32633427863916087,0.7142485802344226,0.6971238492951594,940876000000
0.09961696793207665,0.7817662790065786,0.6988510787562464,940881000000
-0.10042729881640108,0.7574760005678018,0.7011758870811777,940886000000
0.07185728564973652,0.7327320440154018,0.7032312185468368,940891000000
-0.15326876680917706,0.7383110312531531,0.7045011879666361,940896000000
-0.25637010961073675,0.8052165782859484,0.7066888400330942,940901000000
0.09116717864364862,0.8058265663163763,0.707979449103876,940906000000
-0.04145508177909158,0.7897833052978354,0.7100891897330961,940911000000
-0.10403328918985229,0.7676893941290726,0.7116480002622753,940916000000
-0.18991965146123954,0.7757191470726703,0.7129397927869988,940921000000
0.16607033635657456,0.8024905864186238,0.7140806634950727,940926000000
0.004182548695065937,0.7711939760052932,0.7149754362472651,940931000000
0.09164958346274654,0.7869910018706143,0.7149403608197775,940936000000
-0.2207712492697403,0.8297734724440102,0.713371044336123,940941000000
0.1560085930317784,0.6863730682836219,0.7115402427708979,940946000000
-0.07616708363462622,0.7805896067060262,0.7088827087930176,940951000000
-0.08263731914453537,0.8051509394693848,0.7057309054039168,940956000000
0.042300932828046436,0.7421372823395712,0.703242382124666,940961000000
-0.12917793963281057,0.7081035598129324,0.7006063657815363,940966000000
-0.14399946839455338,0.817257564090144,0.6984738740284044,940971000000
0.10395494523079714,0.7675589127035418,0.696152245257129,940976000000
-0.07436796652774139,0.7389049979770047,0.6944219372254882,940981000000
-0.1360386907805732,0.8184288311367757,0.6926207876593974,940986000000
0.11274473424326431,0.7619037351549758,0.6911597330593433,940991000000
-0.05265806626260392,0.7869164820670534,0.6900938632818944,940996000000
-0.15066508729772254,0.7788577101567458,0.6880888796039091,941001000000
0.09340456681207429,0.7507973886380367,0.6870893154060995,941006000000
-0.0739730244700014,0.7101600147838505,0.6858379696171322,941011000000
-0.15149985415965875,0.7516959478637744,0.6849573249640546,941016000000
0.023598664232126233,0.7553672293178075,0.6841111414250499,941021000000
0.05122941174942876,0.8225200308296917,0.6832848192225768,941026000000
-0.21878525509144797,0.7286038994716674,0.6819144822215458,941031000000
-0.0636636620758339,0.741457831245625,0.6812082617204132,941036000000
0.08258983869804737,0.7224559126318985,0.6813450431205069,941041000000
-0.16502813767961536,0.7142171105708567,0.6801619336703011,941046000000
-0.03190821892832757,0.7778971920358354,0.6798804339055524,941051000000
0.11360766778381468,0.7627309784951681,0.679944671945829,941056000000
-0.15720076013582432,0.757743697931388,0.6794692768685783,941061000000
-0.09688183804549083,0.6953205488327311,0.6797672849997728,941066000000
0.16109437641866856,0.7244931985497823,0.6793793741291391,941071000000
-0.1968278808803832,0.7260775089035317,0.6792503634834053,941076000000
-0.06922837323500361,0.809801316895778,0.67927108855059,941081000000
0.06351529513372169,0.7324882884179404,0.6791161112534296,941086000000
-0.1556406122758733,0.7229369850388133,0.6789694608409063,941091000000
-0.012885411229346723,0.8612927137020688,0.6791965691203259,941096000000
-0.07103224673845727,0.7507087280464648,0.6789319698466247,941101000000
-0.05468530610216504,0.7492842349223374,0.6791612849238186,941106000000
0.032517438697805684,0.7554570716406098,0.6789836384108432,941111000000
-0.08965481610587604,0.7131992265986783,0.6789052539340771,941116000000
-0.06849463093142483,0.7743382337026791,0.6784273613586654,941121000000
-0.0486510956308465,0.756931284905498,0.6785872232448268,941126000000
-0.011640869684481199,0.7551501701232575,0.6784697594968824,941131000000
-0.0046605810514190275,0.7645011041878909,0.6781464284028639,941136000000
-0.06977696369800833,0.7337248424340976,0.6786857271938194,941141000000
-0.056564195296801456,0.7466140407952075,0.6782105836354675,941146000000
-0.02993932976693651,0.7576270037194801,0.6782882054564753,941151000000
0.000903573159557379,0.7566419256929852,0.6785974410203107,941156000000
-0.022811442095401566,0.7723734483408741,0.6789976422957467,941161000000
-0.013836205524847527,0.7565523102686253,0.679478049461718,941166000000
-0.046879643322200085,0.7377112851942383,0.6798280531968057,941171000000
-0.032205073171573485,0.7610116824392499,0.6802805171419125,941176000000
-0.0199824414304969,0.7474486530108438,0.6805571592687286,941181000000
-0.05193021491215316,0.7576734625169051,0.6810246911839692,941186000000
-0.012976022028843223,0.7651965634503631,0.6809136427640089,941191000000
-0.06055229815849275,0.7561213435566024,0.6811797328232118,941196000000
-0.05907262183993481,0.7621953411763716,0.6812640860348685,941201000000
-0.03856701431494357,0.770518804455353,0.6812990849364898,941206000000
-0.04944371487431081,0.755793329630366,0.6815357249422697,941211000000
-0.050120432790550166,0.7478194059504254,0.6814104536888123,941216000000
-0.002373976718027214,0.7384553363191455,0.681239583094432,941221000000
-0.05549716110208294,0.7566143982652678,0.6810015088273094,941226000000
-0.043417589378277395,0.730061989384476,0.6812017574074011,941231000000
-0.04759712808408895,0.7564293079725258,0.6805375474059172,941236000000
-0.04378153934229704,0.7439046395972299,0.6810869295974422,941241000000
-0.017614351713586815,0.7795796020356994,0.6813615465168156,941246000000
-0.025303374573019594,0.7246170720091799,0.6809493729196483,941251000000
-0.0211464279514255,0.7093357493460102,0.6810208263551062,941256000000
-0.02689427031907754,0.7464663290539181,0.6813543659874141,941261000000
-0.037366759962719306,0.7743571522374084,0.6821001953723046,941266000000
-0.03681404836666231,0.7650562882250127,0.6824001892061972,941271000000
-0.055532715300214,0.7278765519609754,0.6824232235928787,941276000000
-0.013037733741096742,0.7458159223973965,0.6823770433950446,941281000000
-0.024022400955070793,0.7536548616217967,0.6829194373759531,941286000000
-0.032045176754446875,0.7450347873276859,0.6829825921294661,941291000000
-0.019946259355189594,0.7445569051131464,0.6833106187747882,941296000000
-0.0383776927381327,0.7645195369849506,0.6833343110211969,941301000000
-0.012392690277396413,0.7726238453461933,0.6832434220064344,941306000000
-0.0371280739143558,0.739206327133897,0.6834284333991872,941311000000
-0.03325021836562342,0.7553051560165854,0.6836308830860535,941316000000
-0.04400487496603961,0.753422080686432,0.6832004352821749,941321000000
-0.006647324727839361,0.7528363675338096,0.6835544363394533,941326000000
-0.04529180425982236,0.7482233617990842,0.6836564789321604,941331000000
-0.016961905021425513,0.7577606355347897,0.6835206394223541,941336000000
-0.02653290012844045,0.7729514431221535,0.6836242532244429,941341000000
-0.038079822876193645,0.7607579166594567,0.6835767594869302,941346000000
-0.03236463220710138,0.7380650774306993,0.6834770325882824,941351000000
-0.06136676212950122,0.7607905359878427,0.6836472742219435,941356000000
-0.03308404077917891,0.7873031495557831,0.6840519926226171,941361000000
-0.018615829897831934,0.7335633795605573,0.6843007402711531,941366000000
-0.005236307308387211,0.7367354531633504,0.6844742644281313,941371000000
-0.03876392424951436,0.7405435768752237,0.68464076440247,941376000000
-0.05773341653302719,0.7468944075661001,0.6856582205038719,941381000000
-0.03375445516255498,0.7127761470042303,0.6854466111424928,941386000000
-0.025100669638214973,0.7474486431678218,0.6857606208982422,941391000000
-0.006964138747296775,0.7479205393732032,0.6857257067770234,941396000000
-0.02613839436763471,0.7789783625556961,0.6861475993475731,941401000000
-0.07510620628295737,0.7648750124715049,0.6860654021370004,941406000000
-0.032481735148015445,0.7845625895223631,0.6865093051936418,941411000000
-0.032340236302860925,0.7568461371124411,0.6866207448690637,941416000000
-0.05229847361056886,0.7304978272151896,0.6863427865146448,941421000000
-0.039987634966791294,0.7248281674568553,0.6866419496689157,941426000000
-0.040030496992283095,0.7667057182753159,0.6865866833078491,941431000000
-0.03729277152349996,0.8000956979836628,0.6869467793377865,941436000000
-0.056036075816166125,0.7681904775360544,0.6865442101404663,941441000000
-0.03321207771158348,0.7711398004931678,0.6868397205132206,941446000000
0.0010491903078333753,0.7449512554634183,0.6868525561050954,941451000000
-0.03326035832117027,0.7770569859736988,0.6867782959918827,941456000000
-0.009579847857098218,0.7671864277554508,0.6866203178241551,941461000000
-0.011965957038063628,0.745625653367402,0.687174315085446,941466000000
-0.034692898441005135,0.7463759068308881,0.6872306053337082,941471000000
-0.04511089747026227,0.7768700624298991,0.6877620851378697,941476000000
-0.03964021670486662,0.7378908558106583,0.6883898756424709,941481000000
-0.040890162715237835,0.734549962584532,0.6885449678182942,941486000000
-0.07495451738386955,0.7813649201616539,0.6884235688116074,941491000000
-0.03207692166028298,0.7179419746951918,0.6888881420330526,941496000000
-0.025685174323050432,0.7356242242268218,0.6888973859835783,941501000000
-0.034011972006650015,0.7700912111541351,0.6891290981392376,941506000000
-0.027783881217048178,0.7642707034850184,0.6892104164966628,941511000000
-0.028764509896589543,0.7493686056543211,0.689412690408817,941516000000
-0.042350133610467786,0.7553901986337691,0.6893104946282165,941521000000
-0.03646302614487282,0.735002285976626,0.6892273472383204,941526000000
-0.04430283221141806,0.7497287997358889,0.6893474467729137,941531000000
-0.03252719135344057,0.7913798536222298,0.6893928626159391,941536000000
-0.008618637598806347,0.7459297820542341,0.689515530309102,941541000000
-0.05550310184187483,0.7556023073631224,0.6892367506798036,941546000000
-0.03219277298114678,0.7569575067453761,0.6895670754007869,941551000000
-0.07299837065177679,0.7417178997728341,0.6894386354588677,941556000000
-0.049217833976317904,0.7627085964457037,0.6894821061849519,941561000000
-0.01677924236356448,0.7415298906387696,0.6898076281902706,941566000000
-0.029299721619867755,0.7380968129235218,0.6902310358471622,941571000000
-0.013931552450882609,0.7802244617256545,0.690699416713289,941576000000
-0.039628685742725524,0.7655331075643951,0.6907981374464549,941581000000
-0.04472598597985723,0.7526419960580552,0.6908212240808871,941586000000
-0.024202981777648486,0.7500736365405797,0.6907516875682748,941591000000
-0.02928054663351909,0.759882413769897,0.6913169860119172,941596000000
-0.01150907840230754,0.7507575790410832,0.6915072830448274,941601000000
-0.043070984639866736,0.7611721628547188,0.6915755009675132,941606000000
-0.058434307882759454,0.7799546131754438,0.6916468604512154,941611000000
-0.07076890146730817,0.7983377682057756,0.6921930047634611,941616000000
-0.05665057177406214,0.7324457953851933,0.6923602302266595,941621000000
-0.06805903936762649,0.7593632065311718,0.6920396473310114,941626000000
-0.05461668112890881,0.7530935576324845,0.6922307209203203,941631000000
-0.03818811395252853,0.7541389092655668,0.6929613912384409,941636000000
-0.03241541409439845,0.6956366575822016,0.6931756707629904,941641000000
-0.023691351921242026,0.7678355107666737,0.6936388569410971,941646000000
-0.03969968135598115,0.7416297790901457,0.6944398259297302,941651000000
-0.04773753132943982,0.7658343536831848,0.6942456655207326,941656000000
-0.05864708980910549,0.786456382977183,0.6944239361941197,941661000000
-0.051371346051921805,0.7948357605440042,0.6948218842538203,941666000000
-0.07395131011418674,0.832991946372677,0.695170701454443,941671000000
-0.02306558745669907,0.6987190798884465,0.6955379714222854,941676000000
-0.05075459763254338,0.6910819749817573,0.6958390192576354,941681000000
0.05314647163796658,0.6493276283212513,0.6965583003478958,941686000000
-0.1800550035883189,0.8364343679545039,0.6983106440178544,941691000000
-0.27964408972510324,0.7680685903216178,0.7022772832447827,941696000000
-0.01430211393881686,0.756815025035452,0.7080692369409838,941701000000
0.028274719464285447,0.6949071810105033,0.7147981708948024,941706000000
-0.22289715183355963,0.8438421050134466,0.7211849754307964,941711000000
0.10211315148497885,0.6847669144593979,0.7284893354014993,941716000000
-0.05863464276975776,0.798563157117642,0.7351118854438877,941721000000
-0.11435288707453742,0.946808690358848,0.7402772297145226,941726000000
0.042477786093074926,0.6493613871830881,0.7448265705253848,941731000000
-0.21562876796333896,1.0250767955953084,0.7484992559165737,941736000000
0.041465017289229536,0.7908772837199152,0.7511455156890345,941741000000
0.018697001052073507,0.6832600319990123,0.7525397949029112,941746000000
-0.16998238470573088,0.9701036634716909,0.7530335468277815,941751000000
0.009724871075420248,0.8031010926352733,0.7532107536942564,941756000000
-0.05381214592251811,0.6811487760114908,0.7509614052606487,941761000000
-0.12887896005108326,0.9112289069504033,0.7493917074108258,941766000000
-0.1662475318333947,0.7720412109256992,0.7481620289548442,941771000000
0.11509603647766306,0.8180024793790942,0.7453336089276927,941776000000
-0.10838773354906464,0.7259654454820915,0.7426379587364321,941781000000
-0.0456626000607475,0.8894349342144987,0.7401387733159036,941786000000
-0.17421060210411465,0.7654034368784711,0.7388398333471264,941791000000
0.04405619791427501,0.7722338422666966,0.7371505332018654,941796000000
-0.06855695432392218,0.6922345412945647,0.735630020880285,941801000000
-0.11925489336386214,0.8808948062112628,0.7338974401029118,941806000000
-0.19064054475409614,0.7722431416662703,0.7340066938299972,941811000000
0.049633255699309015,0.8081552771742496,0.7347702133182981,941816000000
-0.012577296179036548,0.7796385236455158,0.7348783636676921,941821000000
-0.27337844157757163,0.7486982849061853,0.7358682844710235,941826000000
-0.08650492756281208,0.7779130574911183,0.7376159689911925,941831000000
-0.027334449130796523,0.8311004525644407,0.7399555775291269,941836000000
0.1538821136078698,0.7818314434247305,0.742971353746328,941841000000
-0.2528569204283541,0.7831110814677357,0.745416610034551,941846000000
-0.28402385755181314,0.753759547990576,0.7491977697948031,941851000000
0.01896861299681564,0.873472855531687,0.7521431513252805,941856000000
-0.06648310331013797,0.8108896890064612,0.7561100936791392,941861000000
-0.0016221966643008602,0.8167404078840844,0.7600207214115361,941866000000
-0.1155405867780582,0.8398989927595788,0.7632456983195436,941871000000
-0.06519891048835054,0.8116068592261236,0.7657903489088685,941876000000
-0.0324681852843447,0.8355412839999391,0.7688228640260837,941881000000
-0.02550163815105472,0.8253377453625638,0.7707365729498674,941886000000
-0.02811805968576797,0.831217400705417,0.7715529659198974,941891000000
-0.05222739665477879,0.8405080549213054,0.7720553587889266,941896000000
-0.11726248748720305,0.761862708622472,0.7723371071294561,941901000000
0.06945552700071461,0.8902940485542582,0.7719627394712888,941906000000
-0.017840767675936054,0.8335410983946504,0.7702325345322137,941911000000
-0.07522022339494457,0.8532255666476465,0.7692866138311169,941916000000
-0.1569811231643132,0.7901132508972725,0.7674540704824496,941921000000
0.04908362561626976,0.9231284278872576,0.7656309807951469,941926000000
-0.04012300282895129,0.799120746511114,0.7637854888772125,941931000000
-0.07411386903754018,0.8494607201353777,0.7616750044853076,941936000000
-0.06959407850788209,0.8128862796276458,0.7609131133440162,941941000000
-0.05474577260433293,0.8005762380214783,0.7607766824342777,941946000000
-0.11224661214306515,0.8302547442115665,0.7603409296199164,941951000000
-0.21143625675089162,0.7665153440318041,0.7612768667404373,941956000000
0.021580395514004577,0.8879444982037378,0.761856117385711,941961000000
-0.19178690402981222,0.7625035384255536,0.7630723841572272,941966000000
-0.013989663779785524,0.8722569178682447,0.7649673937672947,941971000000
0.2434645120507915,0.8743209743707029,0.7639805714877169,941976000000
-0.15904081802672165,0.7481228653656637,0.7624845705088813,941981000000
0.06181970752543393,0.9207490590997677,0.7606351371938506,941986000000
-0.17161521176789707,0.7649846243441007,0.7582206240100724,941991000000
-0.054318670161496316,0.830423615953789,0.756531446252065,941996000000
0.07356701895409729,0.9055070008856911,0.7541223243306611,942001000000
-0.16325166803614544,0.7183363892073819,0.7526781272206017,942006000000
0.006146096779846348,0.8256462443326112,0.7516381325107322,942011000000
0.03265414456676462,0.87350609296428,0.7501570806268751,942016000000
-0.18771056247018872,0.7494890613844323,0.7491173382344303,942021000000
-0.0002056698439538854,0.8380027127029112,0.7492160758761278,942026000000
0.04601071633292727,0.8760724477293542,0.7476761410795436,942031000000
-0.12773273607728688,0.7397452169750166,0.7469462172171771,942036000000
-0.065365982615259,0.8255442772515951,0.7465184362490602,942041000000
0.05266309219727209,0.8872891274489629,0.7455692119797851,942046000000
-0.1210570197078351,0.7404067555724009,0.745368237226919,942051000000
-0.043289607569632106,0.8232971081370325,0.7446062599142085,942056000000
0.019621305954251805,0.8942446985421089,0.7442744398512768,942061000000
-0.16939107541989568,0.7191253821296272,0.7436259328032798,942066000000
-0.042861285960961636,0.8329991683110988,0.7432534355826937,942071000000
0.02909309993959525,0.869575289308702,0.7431561214209768,942076000000
-0.14439341252646323,0.7122481770419722,0.7419866689937198,942081000000
-0.031234555196593478,0.8497211215325698,0.7420907752339047,942086000000
-0.0003988772452183653,0.8691665179817109,0.7421489976973141,942091000000
-0.16280379994870744,0.7414327648168269,0.7408664730492542,942096000000
-0.04080515353177053,0.8369859094353322,0.7409846757614293,942101000000
-0.02321758917455126,0.8354014988752593,0.7411002853761466,942106000000
0.0043740731259573964,0.8654349338197423,0.740508014299529,942111000000
-0.07322201830689451,0.7237552011836077,0.7407540067842118,942116000000
-0.07809943639295791,0.8325218037008586,0.7406773624165521,942121000000
-0.04133761447978682,0.839251668812237,0.741106771976302,942126000000
0.03740227997530706,0.9103192104555657,0.7411286501305375,942131000000
-0.06456234980056968,0.7545789484610271,0.7412527993923389,942136000000
-0.07184335675567213,0.8680227157644157,0.7414466806342126,942141000000
-0.05189148043699428,0.8280434014210868,0.7418853006786968,942146000000
-0.0460043858229653,0.8392752577686305,0.7423940959776995,942151000000
-0.05685296255875475,0.8073262790152692,0.7426905684069207,942156000000
-0.01506062814315548,0.7888600955742696,0.7424619477468882,942161000000
-0.04627575788293688,0.79762656959757,0.7433879611257073,942166000000
-0.03715884575150759,0.840977586552737,0.7433945249968258,942171000000
-0.02572678973947478,0.8238830612824961,0.7435857168127602,942176000000
-0.0562254737322361,0.8000879519907228,0.743447923354565,942181000000
-0.03512561609119626,0.794378713847406,0.7434436052358235,942186000000
-0.02698603031536269,0.8230816564906815,0.7432980964858062,942191000000
-0.030453098461984428,0.85796822609437,0.7435366186695959,942196000000
-0.03217892265587961,0.8105158478528908,0.7437744704300627,942201000000
-0.034317040042074254,0.8157522084714172,0.7439102915146355,942206000000
-0.059593717924959,0.8028642842743678,0.7439065242753629,942211000000
-0.024861363166347177,0.8385784664526992,0.744528658520535,942216000000
-0.01352688195496075,0.8406072407374457,0.7449366272541744,942221000000
-0.03378876474995885,0.815361884497014,0.7456150837489842,942226000000
-0.0566717812955451,0.7989844973223607,0.7459747088831966,942231000000
-0.06677740880217306,0.8240079471771303,0.7465725478481773,942236000000
-0.060829441079205016,0.8170729913844065,0.7469509532472519,942241000000
-0.0484519728918486,0.7925949873544693,0.7472365186746772,942246000000
-0.05113696128246376,0.8057743016368071,0.7480774216765588,942251000000
-0.07279802644638306,0.8415501672412184,0.7478535867487957,942256000000
-0.03797596430550336,0.8189148653473671,0.7483986398057373,942261000000
-0.03277363953567997,0.8233123497260002,0.7484661330893165,942266000000
-0.04057619496494496,0.8357982770578519,0.7486176103463795,942271000000
-0.03779503846350023,0.8150366328619632,0.7488896300207716,942276000000
0.00048007277682433555,0.8497329966205004,0.7490107787739037,942281000000
-0.027691688274825613,0.8282642935170553,0.7491731439642098,942286000000
-0.05580410079557433,0.7860648306961984,0.749011322583046,942291000000
-0.011493618917584636,0.8357516521836268,0.7489918742182375,942296000000
-0.026257830515183312,0.807684624345613,0.749058021070535,942301000000
-0.015367915722751322,0.833998421740078,0.7491670914261771,942306000000
0.012509949085042549,0.8336331615844975,0.7493343287862294,942311000000
-0.007263053872262987,0.8422015012372703,0.7501111423324341,942316000000
-0.04045956139281282,0.8179759339463649,0.7503044208932561,942321000000
0.008613225079343687,0.8459746530829473,0.7505332936408163,942326000000
-0.016348900493926934,0.8238766819534178,0.7514105598292025,942331000000
-0.01420300614117528,0.8142088709928607,0.7513205686755071,942336000000
0.051148258614117946,0.846866597409585,0.7515406154621611,942341000000
0.002366194910719245,0.7639346338113339,0.751627267063987,942346000000
-0.030487370207641855,0.8668199210704353,0.7518182098242797,942351000000
-0.053134382639479616,0.8238423223950521,0.7521466536773211,942356000000
-0.012889042526224043,0.8337185746182089,0.7523248439723329,942361000000
-0.038737436613629134,0.8335120545903103,0.7525693863711036,942366000000
-0.06338333104958413,0.8355313889566744,0.7527830757884377,942371000000
-0.015709270076201487,0.8279566632095264,0.7525562745214526,942376000000
-0.026518563390825593,0.8663202022551201,0.753443056279826,942381000000
0.004238184230639866,0.8524752855349548,0.7537850128099446,942386000000
-0.010853228596713994,0.851616359854097,0.7541909523804103,942391000000
0.10685056357718939,0.7780586696563395,0.7543541975360503,942396000000
-0.110752655031143,0.8673844882042524,0.7547373721780749,942401000000
0.010881702666474875,0.8453151811425897,0.7552541247769955,942406000000
-0.01034712597264963,0.8539447509373744,0.7553980675394468,942411000000
0.06482050901951664,0.8852327455943199,0.7556515141548695,942416000000
-0.0267976709293369,0.7247199676260461,0.755934059286642,942421000000
-0.10835362374262196,0.9286098817827309,0.7556366214191276,942426000000
-0.04534319305504868,0.8255622401881657,0.7559364454095161,942431000000
0.1138030124049702,0.9183462321718625,0.7561916737983831,942436000000
-0.09729266541201537,0.8117453918548138,0.7559764234838495,942441000000
-0.007432250447089933,0.8365140743789112,0.7565779823103497,942446000000
-0.01274278664881076,0.849599032396306,0.757456235489754,942451000000
0.08719699342681998,0.9239582325014298,0.7572759348425593,942456000000
-0.16651182791555943,0.8102654354129926,0.7575285589982262,942461000000
0.015061720859461211,0.8683651070625826,0.7578273952636688,942466000000
0.0784965064510428,0.8725699711675545,0.7579065214686053,942471000000
-0.0300518683039077,0.7775603870347327,0.7579759481218515,942476000000
-0.08344576023322403,0.9007608164288909,0.7574524624195301,942481000000
0.07804119779912524,0.9274171848194599,0.7580851451010969,942486000000
0.0485068775802633,0.791444164106358,0.757788938676281,942491000000
-0.14029723086475657,0.8821196749902664,0.7580473896844824,942496000000
0.028518350190249425,0.9198758140794399,0.7583601828822146,942501000000
-0.0837422636321512,0.8311810900602549,0.758332806009825,942506000000
-0.07535828079354255,0.8694403043780549,0.7589748715204663,942511000000
0.09849028870740932,0.9156432909526558,0.7588246928528685,942516000000
-0.028179415677926253,0.7680505228583591,0.7592349192828101,942521000000
-0.13366393629086135,0.894629711337661,0.7596718553900345,942526000000
0.04753818089081454,0.8893409206449511,0.7591229744348275,942531000000
-0.03801557217800606,0.8403922347211888,0.7594491984725366,942536000000
-0.05054773091648841,0.8642026982468665,0.7597066784344252,942541000000
0.06650895302488898,0.9026162066293347,0.7598997292867666,942546000000
-0.033007393939319486,0.7786145105561398,0.7601647063489605,942551000000
-0.0700892384373082,0.9319608155069621,0.7602610120368207,942556000000
0.06456055203893558,0.9060535605149813,0.7604402169254973,942561000000
-0.05824638772421149,0.7855995285050356,0.7603205073020761,942566000000
-0.012912351891410911,0.9169804475929764,0.7600848184306516,942571000000
0.0691776186319861,0.9060018772765666,0.7603256041859761,942576000000
-0.021236605552328622,0.8442947531777621,0.7598993048976667,942581000000
-0.07889046570023754,0.8433333540016387,0.7600313550451046,942586000000
0.07911868384476185,0.9122522035903341,0.7608032787765684,942591000000
-0.03688582395863957,0.8321241226389835,0.7608137650294818,942596000000
-0.04692521706462216,0.8369081025024987,0.7614445977667316,942601000000
0.005431687402310394,0.9245641069131154,0.761735917135937,942606000000
-0.05309769384218545,0.8475113702661518,0.7618582690447371,942611000000
-0.08681273742497604,0.9054803879595588,0.7626916376149231,942616000000
0.07981275074858458,0.8989088845739864,0.7627333151661799,942621000000
-0.0777811877388169,0.7958238501640706,0.7632600889082899,942626000000
-0.00995352874240675,0.8955179130183584,0.7638712293629731,942631000000
0.021329852411658076,0.8914016422225025,0.763694576516786,942636000000
-0.14859515856517772,0.8201652864145257,0.7639854897435092,942641000000
-0.012240071877803311,0.9082733506535546,0.7645368248927861,942646000000
0.11609315207161867,0.9068004580377003,0.7645869776729506,942651000000
-0.14148087479686094,0.8004146985275035,0.7653199398391085,942656000000
0.02366816037336428,0.9183257697278638,0.7659798037274568,942661000000
0.07567035572298116,0.8955074744357963,0.7657589546324438,942666000000
-0.15731074184152222,0.8331021845076131,0.7655669202033976,942671000000
0.019124435190416508,0.8949840307504559,0.7661637835978562,942676000000
0.11533462753797834,0.8655896310801625,0.7663213475463804,942681000000
-0.14489426567660288,0.8773566136779688,0.7664351752700123,942686000000
0.12806418158516958,0.8873320661045514,0.7668754423298785,942691000000
0.03889166233112487,0.7956104521381586,0.7669037425113602,942696000000
-0.13337318003683551,0.915081067931116,0.7678283966518019,942701000000
0.06684011798511982,0.8806297200750907,0.7683289402444532,942706000000
-0.0007363894377264459,0.8673279865652282,0.7686870800143224,942711000000
-0.06534945553448678,0.8914200265845605,0.7691573426163252,942716000000
0.09028755331165692,0.9027951210104993,0.7696529635284955,942721000000
-0.022264159741619043,0.8734296242971453,0.7696054954452244,942726000000
-0.08277144930311167,0.8813210762067596,0.7695726330782492,942731000000
0.07290020515759035,0.8965553103724496,0.7699933235578381,942736000000
-0.07055005895168331,0.8148085619992158,0.770242913360369,942741000000
-0.0839210567425564,0.9168828934427001,0.770581259682771,942746000000
-0.2143542314188232,0.9113982869347036,0.7714529842799573,942751000000
0.056755800215531164,0.8465616742442568,0.7737092317717791,942756000000
0.16482874065979425,0.8889694141541168,0.7745165320916826,942761000000
-0.3945983391663822,0.8787340001717024,0.7762884635993846,942766000000
-0.055666946699204516,0.9041032635854469,0.7787818030202132,942771000000
0.18007604121619591,0.9155775332740191,0.7820135055200965,942776000000
0.26508394909815036,0.9035543765117967,0.7835385841345157,942781000000
-0.41866801295482825,0.8923688826545895,0.7852958366262536,942786000000
-0.08101570298997139,0.8890998703893214,0.7881330829539094,942791000000
0.5130885897092914,0.9290366015173316,0.7900088171822479,942796000000
-0.4318675802838536,0.8891469470621571,0.791664294143358,942801000000
-0.08407280080966091,0.8864033440527033,0.794125046532179,942806000000
0.48520034034006376,0.9292879530901161,0.7957434205166395,942811000000
-0.45858798267406553,0.9014875043893843,0.7967704114511301,942816000000
-0.05619777720367429,0.898743602912956,0.7984762561824679,942821000000
0.4321102011834478,1.0070076682705398,0.7998181951653343,942826000000
-0.4053800765534025,0.8766226346599518,0.7998067900344645,942831000000
-0.1123717333136996,0.9057962112817679,0.8014148679982357,942836000000
0.5257172533227906,1.0170625802557796,0.8019643221724206,942841000000
-0.4291741320523139,0.8520478356365194,0.8016353852206721,942846000000
-0.10517945427706174,0.8889277763211717,0.8021607408885388,942851000000
0.5319299995170055,0.9321389343503864,0.8019150353419188,942856000000
-0.4909772015129196,0.9104604256232206,0.8015713936185721,942861000000
0.5371424050704933,0.9557806015673816,0.8013906008686221,942866000000
-8.447380020568801e-05,0.9478028134531737,0.7999503454746419,942871000000
-0.5315970362787625,0.8844927239255733,0.800920831444793,942876000000
0.6242190951766492,0.8281610708418888,0.7997509306348362,942881000000
-0.08569805658039681,0.9711803900822816,0.7981608077314242,942886000000
-0.512583399542082,0.9176380859483119,0.7987164070727893,942891000000
0.5718683874227618,0.986671232946125,0.7991846990618237,942896000000
0.031117079059257643,0.8325560000348419,0.7978440227597753,942901000000
-0.019295842504415878,0.9354448563872682,0.7966518943436134,942906000000
-0.36842361558791364,0.931944032510242,0.7963550817102145,942911000000
0.37687988412056056,0.9289221302366539,0.7970236379926818,942916000000
0.10515896220661755,0.8660989442660929,0.7961060653991602,942921000000
-0.07926375026526632,0.959591464716204,0.7947254853325234,942926000000
0.004736152997154063,0.9261526441900177,0.7941424394645216,942931000000
-0.00243640953157063,0.9109403824607414,0.7934298279229786,942936000000
-0.01294527321909256,0.9275280928922958,0.792938285772875,942941000000
-0.009552114683705914,0.9276378602570924,0.7918763164582323,942946000000
0.004681307206523575,0.9111012470091676,0.7909697137586246,942951000000
-0.02863416571856799,0.905673712123955,0.7903522122469828,942956000000
0.06698165974318657,0.8714694149165676,0.7899126297259655,942961000000
0.08038713436825885,0.8564378614736461,0.7891947923425601,942966000000
-0.011215850505580483,0.8849701646853486,0.7886119074096731,942971000000
0.07296748168272159,0.8053290794136703,0.7872378466307849,942976000000
-0.0038669530735711815,0.8971069894976527,0.7860269869658154,942981000000
-0.0030152520473635137,0.8914233308681614,0.7854448598724123,942986000000
0.028517393309344705,0.882871311022885,0.7842759766435046,942991000000
-0.0006334803050537588,0.9023428580470776,0.7836492299262798,942996000000
0.048084994508681554,0.8113067043130391,0.7824713228699219,943001000000
-0.050839330692282345,0.9547725629117844,0.7821606459245919,943006000000
0.04057953194074196,0.8815263469780996,0.7816314684999213,943011000000
-0.031163015835463444,0.925422874235523,0.7808197362282995,943016000000
0.03894487538698903,0.8381157395592991,0.7807124690762954,943021000000
-0.05264276838312438,0.9450102236960959,0.7800546403883759,943026000000
0.01946224407807857,0.8491063694689748,0.7796314378927499,943031000000
-0.032427405048188404,0.9263573363232585,0.7796156690549613,943036000000
-0.0015988184953362149,0.8506516456153029,0.7790188329688483,943041000000
-0.07224365351633844,0.9493364248608742,0.778338415521802,943046000000
0.03663279646293992,0.8446517587071878,0.7783960972296456,943051000000
-0.05814166384692866,0.8968784153741213,0.7784347281678305,943056000000
0.006557877171601761,0.8528910189086404,0.7777899054540204,943061000000
-0.030412068632650176,0.8861181481333272,0.7783722092433037,943066000000
0.032046890839019446,0.870030342167361,0.7786267015982535,943071000000
-0.03158224235628079,0.8928708092360026,0.779134968583723,943076000000
-0.02314339424481128,0.881496086111288,0.7789022006512673,943081000000
-0.010233538981923513,0.8823467998314207,0.779585177842509,943086000000
-0.0012553671592628376,0.8793485620118594,0.7799920604520321,943091000000
-0.01948547118598229,0.9216773210322763,0.7805659993933982,943096000000
0.02697558867468757,0.8520200090561736,0.7806151627015037,943101000000
-0.03737781382235881,0.9305751572159273,0.7811340462351344,943106000000
-0.029172282962830767,0.8962577614515288,0.781711917760101,943111000000
0.032332449550135416,0.8582321108162625,0.7823593176512106,943116000000
-0.015054953948786604,0.870992075792124,0.7829620905455549,943121000000
-0.026452712732494207,0.8922868147162544,0.7835620758963876,943126000000
-0.020101166528785724,0.8799280260528966,0.7835192485872281,943131000000
-0.05816783526595965,0.960847019276654,0.7845412350139778,943136000000
0.00525325910053219,0.9512903482591046,0.7849114116376901,943141000000
-0.038474007073518876,0.894858709497878,0.7854038450083117,943146000000
-0.022423599763280098,0.9142214481682459,0.7860910953136755,943151000000
-0.027971473239288634,0.8950218894178713,0.7863757792468816,943156000000
0.0686354016120091,0.9094825334243106,0.786843171424846,943161000000
0.11998572192331437,0.976110381001054,0.7882008583574693,943166000000
-0.03390923126101613,0.6322723305671282,0.7892120696378813,943171000000
-0.10171469516688626,0.9490084092219255,0.7894359507173604,943176000000
-0.008102360635013857,0.9038972686153242,0.790404886763739,943181000000
-0.02178063139543088,0.9479614143930726,0.7914312338298871,943186000000
0.09819395804406097,0.8877894522982358,0.7929468447199713,943191000000
-0.03285388430020906,0.8189396395506475,0.7936270386443292,943196000000
0.0401738172065726,0.8739729260342316,0.7945435601788942,943201000000
-0.1112712632953315,0.9217808374004292,0.7948227083318384,943206000000
0.01359166575057262,0.8196772832176668,0.7957639373295127,943211000000
0.05956815411792851,0.8900460504545529,0.7961943961579695,943216000000
-0.08868810053085235,0.943362198080996,0.796289952082329,943221000000
-0.028552002505577725,0.897798094430683,0.7968309429693857,943226000000
0.018269697242858093,0.9060831137050989,0.7973198243238284,943231000000
0.03866769130602447,0.9584713530395249,0.797835561181865,943236000000
-0.0722942938223177,0.8806658267630577,0.7982937324618622,943241000000
-0.09203045274327373,0.8670382512997886,0.7983077847710995,943246000000
0.1678850447352095,0.8660986220561806,0.7987975020578482,943251000000
-0.1613036547352507,0.9986896704319519,0.7989202517076448,943256000000
0.018900457925028043,0.8207833672337231,0.7987846712343069,943261000000
0.15725483067095178,0.934926154945081,0.7993228331365054,943266000000
-0.18769184759134133,0.9399391413360858,0.7994978073767844,943271000000
0.0014628908290030256,0.8256887732021634,0.8001340326282047,943276000000
-0.10467578454901563,0.948877235978908,0.8004576997265717,943281000000
-0.02283306257668728,0.8996171530431876,0.8011690664521807,943286000000
0.059707065402464114,0.8221439221692483,0.8017345321442705,943291000000
0.06055628332607386,0.9767900641721486,0.8023664907623516,943296000000
-0.1252026956887378,0.8881454640956927,0.802841815732487,943301000000
0.012670120341596685,0.819705246271088,0.802969582441228,943306000000
-0.030378696776418905,0.8476625164886084,0.8037458709159064,943311000000
-0.1490078623275244,1.008422501836857,0.8040499477037374,943316000000
0.015190394412514439,0.8841766883951052,0.8045883043245079,943321000000
0.06304398101119077,0.886610754108529,0.8049818740869352,943326000000
0.07020741846745894,0.9519466263656865,0.8051533112269679,943331000000
-0.21906762635409152,0.9032379833594403,0.8057098237031197,943336000000
0.061188346269857995,0.8461371810735269,0.8065411298238787,943341000000
0.04184860249694731,0.9447653399780471,0.8068212728062963,943346000000
-0.17951000202763423,0.9666101264635821,0.8072228445884911,943351000000
0.056394382949256416,0.8263706915174891,0.8077897248167303,943356000000
-0.025315058861717907,0.8582756344553767,0.8085155858160123,943361000000
-0.012481112566853534,1.0536580441082677,0.8085383898088618,943366000000
-0.13792124891577576,0.8454081024478176,0.8086442021990727,943371000000
0.06857003060951632,0.8316468444272571,0.8095190464212616,943376000000
0.12127470462228036,0.9861554352547113,0.809376747728971,943381000000
-0.2278679369286505,0.9183915614241831,0.8093809172939769,943386000000
0.052542973496437155,0.8076234161709446,0.8095649655411239,943391000000
-0.07245005435374995,0.850808308680021,0.8104091842275932,943396000000
0.10453318739048806,1.135803066356895,0.8101986278780978,943401000000
-0.07059029946794458,0.780553377150625,0.8099582060361898,943406000000
-0.06316636706233475,0.869940194175952,0.8104058913745015,943411000000
0.0017583463359077851,0.9933094306572665,0.8100639743264374,943416000000
0.013573680866854407,0.8345005419241014,0.8095475066027252,943421000000
-0.08901975977928958,0.8751313840536347,0.8099231901379021,943426000000
-0.00327465854744282,0.9136086757750025,0.8102342877370468,943431000000
-0.11514202358405773,0.9251974903875223,0.8100532463311868,943436000000
0.016810638942661386,0.8158721839924612,0.8103649425129298,943441000000
0.001599497770031216,0.9442736847975796,0.8109339765893714,943446000000
-0.028781092966604204,0.9843933885650803,0.81050930575986,943451000000
-0.023486986190696935,0.8347213391814293,0.8112211604355587,943456000000
-0.060401348286216794,0.8930458447011189,0.8118243772790503,943461000000
0.007280706179327644,1.0221673106293971,0.8114655712608672,943466000000
0.003969160762153218,0.806404019523223,0.8120361353363043,943471000000
-0.05484727452187275,0.8703093005286837,0.812956962549266,943476000000
-0.03324535996710497,1.0341639461425334,0.8128428912529716,943481000000
-0.0334715971585781,0.8216283904817051,0.8132216203158706,943486000000
-0.06209799698731889,0.8303255429824374,0.8137910485754924,943491000000
-0.07930725245938494,1.027497769813805,0.8138404978575956,943496000000
-0.026265498962454874,0.8252117405513112,0.8139971042379005,943501000000
-0.04160848441067034,0.8653472330732479,0.8145525335891592,943506000000
0.127465538564324,1.1336297573633007,0.8144693617925023,943511000000
-0.19217475627391378,0.8101782775555002,0.8144716197625055,943516000000
0.024338669269692685,0.8643660771115927,0.8147790588424535,943521000000
-0.03311373604075772,0.9263945215898877,0.8150599516057995,943526000000
0.04510874530139378,1.036234482525018,0.8147723229722803,943531000000
-0.024131820980514883,0.7582563925707729,0.814592684747008,943536000000
-0.05199227229392216,0.8756776447733283,0.815568137584633,943541000000
-0.04796873069729961,1.0111222504053712,0.8150909508619191,943546000000
0.010609017527899865,0.8733434141395977,0.8160772697303468,943551000000
-0.09157552558055043,0.9638352080061074,0.8165059811223341,943556000000
-0.012722589546303596,0.9327219683738587,0.8166428014175093,943561000000
0.03026497569677131,0.846478562363213,0.817252664732584,943566000000
0.015503505446347909,1.0407364636009058,0.8174619777605093,943571000000
-0.1326999446672277,0.8728448947056447,0.8176716919127502,943576000000
0.03958844016075297,0.8794620417409582,0.8180503983434859,943581000000
-0.005744045432768246,1.016999031857059,0.818869478721061,943586000000
-0.10781273769827195,0.8778017558357908,0.8186737333391837,943591000000
0.080537900820326,0.7998958239033246,0.8198892171595242,943596000000
0.04953077285858384,1.0490445069682803,0.820025079009796,943601000000
-0.12635581017942207,0.878866188431079,0.8198652733921558,943606000000
0.05445945111897878,0.8305480616620641,0.8203484232399856,943611000000
0.06718876727197358,1.0165337558554783,0.8205079247430006,943616000000
-0.1372909454404678,0.8845435483446138,0.8207023351230841,943621000000
-0.0371208393917256,0.9468473681105875,0.820591254655318,943626000000
0.0830118675551904,0.8662173931759756,0.8210945977611143,943631000000
0.06636105085629729,0.9891523248851036,0.8209091566911236,943636000000
-0.07512146352269485,0.9048615604639461,0.8208539268819461,943641000000
0.04545995745887628,0.872821194752795,0.8217669417791732,943646000000
0.05734512510250053,1.0350435441074541,0.82239512736829,943651000000
-0.1134084534406447,0.8750896899656428,0.8220994749851316,943656000000
-0.04498457576521589,0.966706978618019,0.8225642671081402,943661000000
0.08765785843502426,0.8550978218506772,0.8234990003876953,943666000000
-0.0729279718119328,0.9995162190554585,0.8236689667160925,943671000000
-0.03410977931722382,0.9531195891858504,0.8239806720290309,943676000000
0.07503728291266029,0.8453029986625041,0.8249399153324796,943681000000
-0.05570556438818437,0.9644338315221953,0.8251127480000042,943686000000
-0.028849500990767652,0.9121306836566982,0.8251691955660397,943691000000
-0.022904407817475724,0.9337305312955942,0.8257973324030633,943696000000
0.07715017941266648,0.8635154251702583,0.8262800905130251,943701000000
-0.03820841730158936,1.005707395450596,0.8268615290245683,943706000000
-0.05662122107867461,0.9251460173919271,0.826698892285416,943711000000
-0.014202795958239223,0.9476760177285287,0.8266420573221656,943716000000
-0.0004443065500625426,0.9227805266392978,0.8276465943054122,943721000000
-0.009934579689114969,0.9067793762209035,0.8279022092520413,943726000000
-0.008253087534959503,0.950225267656492,0.8279799179221932,943731000000
0.002621224834548428,0.9378273259119831,0.8281928628539699,943736000000
0.02902589203659156,0.9352747531169192,0.8282318837419121,943741000000
0.04406629713251209,0.9530392395583692,0.8288946367518655,943746000000
0.005845948668504327,0.9270069025842778,0.829269148883168,943751000000
0.0003969582096368558,0.9471343953429135,0.8300006447040251,943756000000
-0.021028827817274443,0.9487835326499976,0.83035417076898,943761000000
-0.011775509235022536,0.9427600258637467,0.8307270256292483,943766000000
0.0493042749303534,0.9160775496570901,0.8311818632987998,943771000000
-0.019804762551733288,0.968763335334217,0.8313850800344761,943776000000
-0.00211245114256247,0.9304203021292311,0.831542863371575,943781000000
-0.020458534224678988,0.9169725617078995,0.832336109429389,943786000000
-0.01703940863954069,0.9475685399508786,0.8326519875214009,943791000000
-0.008531815313853204,0.963282624929152,0.8327871416686828,943796000000
-0.024572681593702024,0.9612727731096847,0.8332452589232768,943801000000
-0.043858330310390575,0.9765657638170653,0.8336795865189114,943806000000
0.0202592870586138,0.9558942263369649,0.8345410295787868,943811000000
-0.007178549950238826,0.915384696140658,0.8350579443529758,943816000000
0.03910264990493487,0.9298782870847959,0.8358635727708673,943821000000
-0.02747023105873084,0.9307433643202959,0.8366916378044273,943826000000
-0.03233717982586533,0.9538090647692377,0.8373363634002812,943831000000
0.008426220601332385,0.9616848086512741,0.8377596366719856,943836000000
-0.01483636190338503,0.9365973117066431,0.8380482489632294,943841000000
0.017119658975769874,0.9532744466310186,0.838300314833709,943846000000
0.008901264918798588,0.9013833561104279,0.8393527183662801,943851000000
-0.007647887732266995,0.8990342499221207,0.8391881021455424,943856000000
0.022273305825511937,0.895637558679846,0.8402271393168742,943861000000
-0.023893785871829498,0.9046084002211341,0.8410704701218498,943866000000
0.011590656621892848,0.9103029477637014,0.8414528266873881,943871000000
-0.021133819953380383,0.9179888912943348,0.8427655118833157,943876000000
0.018609521917348236,0.9345262217627458,0.8438023516761707,943881000000
0.010513900830074576,0.9314321159786606,0.8451996497743123,943886000000
0.03871306093590493,0.9423256980898058,0.846756811161667,943891000000
0.0015947794936733792,0.9179354117654065,0.84831557307753,943896000000
0.00576707434235489,0.9926195585819968,0.8490861068321991,943901000000
-0.01677616151513786,0.9726794684225664,0.8499372775367675,943906000000
0.019335273943065084,0.9379651810933828,0.8512951743339084,943911000000
0.029384717446642335,0.9599548851571864,0.8531669086380755,943916000000
-0.020344662516215913,0.970692951216306,0.8543312214039493,943921000000
0.0036542010575816124,0.9632155503111087,0.8553340415607619,943926000000
0.0014549901941490915,0.9706458749426181,0.8567435503432115,943931000000
-3.2910230826305696e-05,0.9789508996519798,0.8579373066338146,943936000000
-0.020978371933382013,0.9721193583635936,0.8583588542293317,943941000000
0.008065843834398047,0.9717061952721039,0.859370782342026,943946000000
-0.015279487206727468,0.975269229138788,0.8603185328398976,943951000000
0.007708089102177784,0.9467663861125687,0.8607170005829804,943956000000
0.013316123928596085,0.9936423501297622,0.8610973665993188,943961000000
0.0018646628201730749,0.980194491071419,0.8623301182280835,943966000000
0.00799176959306852,0.9820682980467399,0.8627397953297763,943971000000
-0.0003185595206425646,0.976640734867203,0.863268375999659,943976000000
0.019750063867135882,0.9889588655000325,0.8637348465540496,943981000000
0.012169847369221862,0.9679977004280939,0.8640546276759999,943986000000
-0.018995119502146923,0.994544990237487,0.864569362489443,943991000000
-0.01447576793070348,0.9782750204966345,0.8649970868674236,943996000000
-0.01024464426705059,0.9685243495105973,0.8649552505844953,944001000000
0.04460716395685382,0.9329755173208049,0.8646687780683135,944006000000
-0.004651942530373494,0.9481808472959747,0.8655210948088766,944011000000
0.049681451652133723,1.0064191476574447,0.866016120774662,944016000000
0.005895696482839488,0.9582561787976365,0.8666001412806807,944021000000
0.1348723284985118,0.9549696443380029,0.8671582966720256,944026000000
-0.07296512985103942,0.9682236856866084,0.8673506508292969,944031000000
-0.013580791650907998,1.0128670324866011,0.8678462985085451,944036000000
0.046232715064634604,1.0322094120518313,0.8680475628347921,944041000000
-0.02467572565629061,0.9047233729583329,0.868032120495302,944046000000
-0.0566738216872518,1.0136392515432395,0.8684346333458903,944051000000
-0.21614021167695505,1.0694438675201323,0.8689468609740207,944056000000
0.35458636520788944,0.8625985034325868,0.8692618406422257,944061000000
-0.09580096005359158,1.0245445610180635,0.8696755245541751,944066000000
-0.2966725816822981,1.0402983066166898,0.8709933110317196,944071000000
0.37089952855739905,0.9136522914213928,0.8727148446775743,944076000000
-0.04581953660452467,1.0313685318521997,0.8732398671341205,944081000000
-0.39598088861043074,1.0222413600321174,0.8745507259277797,944086000000
0.2278668950544877,0.9504536920228366,0.8770134283412317,944091000000
0.1427751875512936,0.9845857688166947,0.8773544956020711,944096000000
-0.05224771196119543,1.028282035818659,0.8780580650298067,944101000000
-0.4072242603318021,0.9216461111614124,0.8811790108094806,944106000000
0.49291553736975785,0.9942748151222889,0.8831881518081655,944111000000
0.034774613832172896,0.9921644769169756,0.8839842949651949,944116000000
-0.49109990024729827,0.9655167068682033,0.8863278778341355,944121000000
0.5048244947831525,0.9905800952096778,0.888778912338517,944126000000
-0.057837168152945234,1.0419233747605348,0.8890996486246899,944131000000
-0.5031669553177421,1.0035394611642743,0.8909163985912613,944136000000
0.5054467320440934,0.9780069748896009,0.8919129834951552,944141000000
-0.4314997167185493,1.0225196144826236,0.8924209890570101,944146000000
0.27826513038280215,1.0027038821579088,0.8934463925887566,944151000000
0.09229637955395836,1.0043294014950677,0.8940541803903147,944156000000
0.026830940967708602,1.0505657258618457,0.8931245195161769,944161000000
-0.05835884458291027,1.0494095928054241,0.8937901171117496,944166000000
-0.00022434713446733544,0.977064655693822,0.8936951223793317,944171000000
0.09960979660999877,1.065161980623424,0.8927034547233438,944176000000
-0.029907232336385665,1.0157833251564443,0.8914429198931068,944181000000
-0.2131742762144863,0.964022111840463,0.8901780571311244,944186000000
0.1963027799629853,1.0683388398725742,0.889166162635986,944191000000
0.006283461566064286,1.0002860821890778,0.8880076879054738,944196000000
-0.012792488598987631,0.9992069569133141,0.8864808585067405,944201000000
-0.07915354799620042,0.971664654498058,0.8861637629476706,944206000000
0.1102874628030141,1.0693232741468879,0.8848206198360973,944211000000
-0.02903895454311735,1.0018043924209132,0.8842525522977128,944216000000
-0.12378937337056498,0.9501860211380988,0.8839779610787882,944221000000
0.08082222881865975,1.0255421577009343,0.8832479849869191,944226000000
-0.03108322990061637,0.9966714785234396,0.8830543239570947,944231000000
-0.011036708001508296,1.0205620824324972,0.883588096622526,944236000000
0.026234153161511228,1.0142980323591306,0.8833070966544904,944241000000
-0.033089118553427464,1.0111358345301047,0.8826586885819524,944246000000
-0.14067865690411818,0.9327864106576108,0.8832881914151135,944251000000
0.11830161537065825,1.0733528797980558,0.8830500920516356,944256000000
-0.02318491828046715,0.9853055837583784,0.8835486738399989,944261000000
-0.05727783119607463,1.0016510017219304,0.8835272572975219,944266000000
-0.10475883035624525,0.96489282956321,0.8838078750576519,944271000000
0.10222851209358247,1.0622897126716755,0.88366124752951,944276000000
-0.06345321774516877,0.9759724626302163,0.8847725353159969,944281000000
0.02286627964449082,0.9767477199938298,0.8860962447270795,944286000000
-0.24371562402535635,1.1029537866085444,0.8870755096568946,944291000000
0.10287769620379453,0.9287285693450169,0.8887878839890778,944296000000
0.11552514932201297,1.0100876623236665,0.8899748448539705,944301000000
-0.24567999513565397,1.0835162995000889,0.8916079130977113,944306000000
0.18889995313051217,0.9239827738696599,0.8940635995275908,944311000000
0.09052645754385473,1.050918913100504,0.8949941561584972,944316000000
-0.318540776894113,1.0502525227151127,0.8968273950431948,944321000000
0.1308224363170774,0.9403417810839038,0.8986165670182688,944326000000
0.16619199769083817,1.0610168374594546,0.8993066431693733,944331000000
-0.25548217447136334,1.0640497720978719,0.9011683947659872,944336000000
0.16318711471349923,0.9357291648911448,0.9033039443964698,944341000000
0.19335002008920166,1.0561209631419186,0.9036871023236455,944346000000
-0.3658594536617603,1.0857669211269698,0.9045163255818587,944351000000
0.08755649533628919,0.9563229754617537,0.9064336107711772,944356000000
0.19328098785247413,1.0546490564828042,0.9075377191477727,944361000000
-0.46176901818196997,1.0101313651840225,0.9081405515329952,944366000000
-0.03724315975333263,0.9969034145331235,0.9105356172648673,944371000000
0.5604560958462986,0.982894881067761,0.9114452899607794,944376000000
-0.08283193549656374,1.100052695115959,0.910958397072692,944381000000
-0.4818404582554542,1.0787046089116854,0.9120497197967593,944386000000
0.2373112703384961,0.9790335624977337,0.9143385948677739,944391000000
0.08360367100615915,1.0672467926151505,0.9146446805361131,944396000000
-0.3831834509588156,1.0504496658549494,0.9155470485280086,944401000000
0.23399405329409856,0.9640097488563275,0.9168538072281943,944406000000
0.06932152862369009,1.0658919453974993,0.9169891345841166,944411000000
-0.2370705121543599,1.0311618753515697,0.9166309477851788,944416000000
-0.15657621665805035,1.0193303983765365,0.9169374430221103,944421000000
0.2972517073354123,1.0063636081831542,0.9170771195006947,944426000000
0.022509979012322344,1.049431082840177,0.9166013945714783,944431000000
-0.36412113400032176,1.0402027611598192,0.9161621058092051,944436000000
0.3164158334358328,1.001571626091696,0.9162193900409334,944441000000
0.022095493466731484,1.0726877924227742,0.9152028476642334,944446000000
0.11557173327734008,1.083221007835655,0.9143105444730527,944451000000
0.0063626140568990765,1.0688937966474428,0.9129090143353557,944456000000
-0.01811266304214223,0.8693460831828961,0.9111929472001459,944461000000
-0.07605309230181728,1.0829767961019168,0.9101206078013897,944466000000
0.10583031417774422,1.0699661668579354,0.9089372284657563,944471000000
-0.009984094341576308,0.9114612629268237,0.9079775657872531,944476000000
-0.06614554044487558,1.0778362865682733,0.9076443423072982,944481000000
0.11503766362508805,1.0812785672267007,0.9064606109826928,944486000000
0.01672494678940455,0.8903611179802223,0.9059556761984036,944491000000
-0.12620648248051336,1.0850519383512975,0.9060621530874146,944496000000
0.09995122947305154,1.080267943277085,0.906369655279918,944501000000
-0.01865058908119258,0.918566335130741,0.9058607494954068,944506000000
0.02420667148996706,1.0477440959755968,0.9057376866921387,944511000000
-0.04900392518080764,1.0690979464305455,0.9057309942288096,944516000000
0.06523703130139004,1.0790419624527112,0.905215659216821,944521000000
-0.11054782685526099,0.897491184110414,0.9052677537346533,944526000000
0.001856649976542727,1.070362787778345,0.9050092132938671,944531000000
0.13629323094735865,1.126890756186133,0.9052045320253301,944536000000
-0.028831353756130527,0.8463959545346735,0.9047251971278405,944541000000
-0.07330740697275068,1.1101174425169176,0.904796433468225,944546000000
0.07976221727968735,1.0488803643306719,0.9047188567110533,944551000000
0.035937774705957035,0.8167677046095438,0.9047753995014625,944556000000
-0.0719322910647513,1.0976360832217884,0.9047355343381261,944561000000
0.06169550849455084,1.0634311757803512,0.9049760936960686,944566000000
-0.026758833613747077,0.9313486787363086,0.9048367262893053,944571000000
-0.0678023107136815,1.1427626654064313,0.9051999469078661,944576000000
-0.009873516056689548,1.0091237323400244,0.906060364900157,944581000000
0.08177678085649456,1.037451628087211,0.9061355237842553,944586000000
0.03739717238066882,0.8954788148184111,0.9059060726164565,944591000000
-0.03399561684195122,1.1377788732858296,0.9066167845335739,944596000000
0.01333992753794079,1.0308349266210253,0.9073527924027391,944601000000
0.06426684996539092,1.0466471972031595,0.90790377097041,944606000000
-1.3248176249632503e-05,0.8805355687024911,0.9083709848797336,944611000000
-0.055986569079903306,1.1369270895486239,0.9090446664553623,944616000000
-0.037151128223854926,1.002956457224408,0.9096261586398986,944621000000
0.09925685473627523,1.036922367496884,0.9099782426713635,944626000000
-0.0587095224101292,0.9114261276220844,0.910568618087065,944631000000
-0.03957567144208561,1.1054101679613022,0.9105204006477955,944636000000
0.019197383131629,1.027780615655452,0.9111534523111982,944641000000
-0.0023053294147836016,1.0206309452588245,0.9115740532062239,944646000000
0.032319608656877566,1.025873251273133,0.9115453470027434,944651000000
-0.035499545293668555,1.0263177277253963,0.9119000094534141,944656000000
0.011647307173264787,1.0233779041160302,0.9122899277908809,944661000000
-0.01473756563389903,1.012189733149686,0.9124925800437791,944666000000
0.010609418869904425,1.0273330826444345,0.9128523700759592,944671000000
-0.02244006356895567,1.0335410548597441,0.913220593297333,944676000000
0.045902607604266836,1.0381093257222904,0.9132039307659515,944681000000
-0.042836411580732925,0.9793213988654973,0.9129633884491825,944686000000
-0.05805880700105352,1.130901677929426,0.9133190269696261,944691000000
-0.02212697602593123,1.0314940228337832,0.9142595005176539,944696000000
0.1461974822649214,1.0530140695695511,0.9148097735057005,944701000000
-0.021746237770445993,1.0419056356490535,0.9160128086714149,944706000000
-0.059454303357305865,1.0611687448003295,0.9158186425931623,944711000000
-0.017740221681200145,1.0132994486491296,0.9168804168662807,944716000000
0.05713767013981069,1.0212582541709747,0.9175132427332323,944721000000
-0.014198230932546383,0.9859421756834416,0.917863493108897,944726000000
-0.054761646932189205,1.088802174864858,0.9182323800870463,944731000000
-0.001671833881117836,1.036248208314652,0.9186200902344358,944736000000
-0.3295649832383384,1.000107338375924,0.9200066768897767,944741000000
0.29480950860473437,0.9240747348752724,0.92303281695773,944746000000
-0.0038051359601666956,1.1376864443626165,0.9234020102863804,944751000000
-0.04564038520526912,1.0442390470689822,0.9235153629918732,944756000000
-0.46552052623565143,1.0507003890904143,0.9252237637693701,944761000000
0.3192861265917133,0.9947580891186485,0.9274383751366594,944766000000
0.14138336682157251,1.0762932423971412,0.9284607564971155,944771000000
-0.05780907256376763,1.0737911309283816,0.928487931723043,944776000000
-0.4923701728577948,1.0020553398061176,0.9304660561747159,944781000000
0.550790113961792,1.1113159464119802,0.9317946037288813,944786000000
-0.06272022407574218,1.0312050961233747,0.9318959634528486,944791000000
-0.48669749627916475,1.020109068426047,0.9328862181086256,944796000000
0.4156283950497747,0.9569861680189833,0.9348423471855614,944801000000
0.06784410610907692,1.1939869842989845,0.9353405129396194,944806000000
-0.4975101588077515,1.0277123650705597,0.9364792230145679,944811000000
0.357846920705975,1.0005116245415178,0.9388099033119844,944816000000
0.1448052976475701,1.0765185285426364,0.9390589789103134,944821000000
-0.03899974589897112,1.081821389322942,0.9391774066065711,944826000000
-0.23684883929287256,1.0225153224726973,0.9408668677647095,944831000000
0.18644526972743306,0.9710854202542935,0.941205881104775,944836000000
-0.012710594134245187,1.117614386258469,0.941358999200548,944841000000
0.03150560316242024,1.08251080388407,0.9409501946078154,944846000000
-0.1844498492962197,1.0736412298540476,0.9417813979839136,944851000000
0.21197168848446596,1.0935755136225411,0.9420297912962784,944856000000
-0.04133439918479709,1.069329491790314,0.9415448752440941,944861000000
0.10968059385227714,1.0538605488937094,0.9414327086302339,944866000000
-0.07287825980607227,0.974346728909447,0.9413786617395195,944871000000
0.04617129816940676,1.1498015533335042,0.9410659146389044,944876000000
0.054464032689102534,1.094492658986311,0.9409818211293256,944881000000
0.04858068387319301,0.9301233902369171,0.9405663444962662,944886000000
-0.030746837287912342,1.1099529023706443,0.9399432030173098,944891000000
-0.1020870063076257,1.0941472702978496,0.9396887665853104,944896000000
0.09064492280880278,1.0392689908835742,0.9396083410088681,944901000000
0.017260885077926173,1.0486576570934592,0.9393213755612593,944906000000
-0.0039359302964114724,1.0793945841949162,0.9379364627098086,944911000000
0.10729623662688557,1.024247171678086,0.9382779852338353,944916000000
-0.215974629086902,1.024403874397126,0.9373325377137113,944921000000
-0.03887138682181747,1.1138796293493596,0.9378053603642965,944926000000
0.14402023699898653,1.0543206272320953,0.9376868031247924,944931000000
-0.15728317272803186,1.0055864764638744,0.9374619159564643,944936000000
-0.026755140210221108,1.1309497280081606,0.9376979958804346,944941000000
0.06943070355117593,1.0102157725961167,0.9381535519011515,944946000000
-0.06828045615896565,0.934729590687732,0.9385674526036547,944951000000
0.002535678088553102,1.142670193492974,0.9388243583682269,944956000000
0.04991071741674384,1.0698601049478782,0.9391599852840644,944961000000
0.014477740141562983,0.993889211879366,0.9394412113334951,944966000000
-0.08333886986589653,1.1009855108438935,0.9397870656576994,944971000000
0.06450678416500687,1.029666579418916,0.940801671462053,944976000000
-0.08395925384923573,1.0058558391510144,0.9408869151820589,944981000000
0.0184064424700573,1.104616896456481,0.941187850707802,944986000000
0.036468584037564596,1.040894151365001,0.9417201088874608,944991000000
-0.07321922697286501,1.043265758400649,0.9420420774627729,944996000000
0.038008123027043775,1.137066744395827,0.9422390042979248,945001000000
-0.23962947133238569,1.0283514383117067,0.9430668593503343,945006000000
0.027543323735512264,1.06333058538097,0.9448941852344986,945011000000
0.10948801979781657,1.0344509453164923,0.9467133039765697,945016000000
-0.21141739625584985,1.0984850242252469,0.9478689558286602,945021000000
0.03909000034048585,1.1021592066130166,0.9498978712868694,945026000000
0.11587934767989352,1.044306352108433,0.9516250092116814,945031000000
-0.30741826146491386,1.0650365031679716,0.9525057301475974,945036000000
0.05856759096893696,1.0636484102363073,0.9550089118440211,945041000000
0.21360110914563896,1.0517806888032595,0.9574294299992006,945046000000
-0.008855970720628525,1.1259779283146245,0.9573434461304476,945051000000
-0.49676420843405006,1.0575637396993056,0.9596615127311753,945056000000
0.4241056445657259,1.061152690122798,0.960883025962593,945061000000
0.13633534554595528,1.0722597514530696,0.9605116114463272,945066000000
-0.2824574547018486,1.0457460917056791,0.9629929354457969,945071000000
0.3355372451078225,1.1307168665542116,0.965057288001082,945076000000
0.0020476537773373568,1.104643832268068,0.9655007315901004,945081000000
-0.27274669188931583,1.0238599035705969,0.9668014676432117,945086000000
0.18175503381825187,1.1423309010306548,0.9687322155557097,945091000000
0.11617160390147957,1.074234261349852,0.9683804830414193,945096000000
-0.47281562625138046,1.0477986557218186,0.968794074873883,945101000000
0.1788988735118581,1.0992340661337956,0.9707906477782274,945106000000
0.1559660207070978,1.0886055483715398,0.9709258288604895,945111000000
-0.04040701143642532,1.083683262595821,0.9702109264253913,945116000000
-0.31708545118083836,1.04415823017263,0.9719799654266371,945121000000
0.43140767878163244,1.1589168581065135,0.9715161998660193,945126000000
-0.09069330877920452,1.1393058993977976,0.9709866507850138,945131000000
-0.3697540952287752,1.0184807117818222,0.9715565987741293,945136000000
0.2765043845624377,1.1200793935137758,0.9717170776689593,945141000000
0.15871225944094552,1.0888922668711405,0.9708205287810638,945146000000
0.02584566618737985,1.0685858596953743,0.9696175963956257,945151000000
0.1505553612108105,1.0797710764714636,0.9689927540297687,945156000000
-0.22603509321176665,1.101904109462592,0.9672009313219951,945161000000
-0.03987692366502193,1.0798175151741833,0.9657794490821883,945166000000
0.12638344670278007,1.0192841031588897,0.9657502214469915,945171000000
-0.03375211578724493,1.1034499457332465,0.9655115314845074,945176000000
-0.03655059388615028,1.1283235774351272,0.9653167911757062,945181000000
0.10779484889651961,1.0141392925215453,0.965834256172196,945186000000
-0.07319417352352355,1.1141580277024263,0.9644123377090155,945191000000
-0.029072649512004355,1.0787589313357686,0.9649519280183545,945196000000
0.11560936887858873,1.0409072980757454,0.9649811424419987,945201000000
-0.05870170630906804,1.085393632615927,0.9646215288611036,945206000000
0.0016019298079464409,1.0852687672962773,0.9646134651643387,945211000000
0.10988630885760468,1.0279435146476967,0.964501221370287,945216000000
-0.043907645189145986,1.1022061207993925,0.9645521616811781,945221000000
-0.07206122113296176,1.0435573464884305,0.9643634535183072,945226000000
0.07574766995631174,1.0554832064343795,0.9644376704124519,945231000000
0.013675085411284522,1.0771703005751676,0.9651222910160416,945236000000
-0.1703655415809538,1.1166721622655869,0.9647315676726997,945241000000
0.02970746761880954,1.1400652720744455,0.9648981506186906,945246000000
0.09162016343351478,0.9641780823140386,0.965395151726826,945251000000
-0.16135503428221754,1.1950744640736888,0.9658135535774572,945256000000
0.039055294735787845,1.1141754366981038,0.9660965708620054,945261000000
0.03698298732686872,1.069037982860464,0.9661041540283225,945266000000
-0.1423525539996006,1.1221435670860065,0.9664879629725951,945271000000
0.1489357067091415,1.1101845379451405,0.967120175033607,945276000000
0.06813159970556468,1.0247069313872545,0.9674695062395429,945281000000
0.02863960698926853,1.1437288081095769,0.9675656685818941,945286000000
-0.09697383351343221,1.1225910314647345,0.9681115422937562,945291000000
0.0697818324889314,1.0433001728019489,0.9680889878859917,945296000000
0.0026702481969987923,1.1516222360661688,0.968249920125798,945301000000
0.019404837804728632,1.0325172093731052,0.9682132116474772,945306000000
-0.25054800644837966,1.0858660850649688,0.9706074466880628,945311000000
0.24984724577468348,1.0083822221701968,0.971854824982226,945316000000
-0.023579491731407196,1.1318020355125258,0.9728491302626983,945321000000
-0.3079321135692959,1.0569471357845392,0.9743656666744968,945326000000
0.06695796529689854,1.1280116455807903,0.9768347460733205,945331000000
0.17693821884386515,1.0787043336710664,0.9779778090597958,945336000000
-0.36903595288964697,1.1096727442875056,0.9787152030190301,945341000000
-0.14833043790987435,1.1054197480138526,0.9810324125411186,945346000000
0.4526140380145699,1.062686481746587,0.9835855952050976,945351000000
0.06138756816874158,1.1141980156550562,0.9840687859893053,945356000000
-0.4867374095350967,1.1221701349907534,0.9855048053062127,945361000000
0.3576992945815645,1.0528982098577377,0.9869745516933403,945366000000
0.14576215553057262,1.0725747476332335,0.9871205212535946,945371000000
-0.37209208795454307,1.1405002253631567,0.9872702238986211,945376000000
0.18903777147168416,1.0603547139243157,0.9895104898604994,945381000000
0.2964439174784674,1.0830557769152143,0.9894872808002412,945386000000
-0.09484964734014398,1.1187446284767717,0.9892641245249196,945391000000
-0.13837373510412118,1.1372109510588297,0.9908880900615485,945396000000
0.2888846785066806,1.1073096370024293,0.9908084894775313,945401000000
-0.06397447522566128,1.1054851142011113,0.9897992896340194,945406000000
-0.3647024941425102,1.054041324859173,0.9896872703726753,945411000000
0.134393007057063,1.1289128051781407,0.9916233007634638,945416000000
0.1278352579194741,1.1033660514784418,0.9917040615983282,945421000000
0.005235722387937462,1.1368252181513165,0.9907204852722459,945426000000
0.05632262429947594,1.0275831289860409,0.9904139845066438,945431000000
-0.1777322972926495,1.145000240578598,0.9902438250479502,945436000000
0.04646576869538527,1.1098737236544691,0.9898201004258093,945441000000
-0.017850521347800248,1.1302358613473134,0.9896353262159953,945446000000
0.14619512354575945,1.0724946027676925,0.9896573124006914,945451000000
-0.09527452989997201,1.1464402878257733,0.9898011405134567,945456000000
-0.11141915910316533,1.0778732486160767,0.989737892764048,945461000000
-0.026773323399667724,1.0824245893188766,0.9895123967478963,945466000000
0.16261033673268127,1.0308551882772887,0.9901681962555803,945471000000
-0.03898905428249286,1.1840908130348238,0.9899143811298092,945476000000
-0.067867874922013,1.0708653977396299,0.9893985538605748,945481000000
0.080225127074651,1.0584711809748388,0.9899721405132005,945486000000
-0.09019656793232535,1.195441425529639,0.9895803789774489,945491000000
-0.03251954591308209,1.0949636490625139,0.9896054517627343,945496000000
0.038095177160863594,1.041959823563057,0.9896898880747708,945501000000
-0.05884427822780478,1.1891792882348269,0.9895519107131272,945506000000
0.012184232249378753,1.0728118256467205,0.9888972924143968,945511000000
0.03707898775729475,1.0203944958024942,0.9898235864986288,945516000000
0.009504052537092276,1.1973451532599215,0.988973144892569,945521000000
-0.09574105443420984,1.0206693504350286,0.989613577986741,945526000000
0.05405469754424521,1.0199802354323608,0.9893191448044238,945531000000
0.09289439620538849,1.2215684303302932,0.9893817289524209,945536000000
-0.15623941852622875,1.0687288076598203,0.9885113121722294,945541000000
0.050538339083379284,1.0257030072315254,0.9900564967451972,945546000000
0.028606693592150265,1.2205273531750886,0.9902501635800792,945551000000
-0.1030987443931267,1.0920233492853304,0.9906657147094415,945556000000
0.12486160191125598,0.9923103908774341,0.9916477518180455,945561000000
-0.0009871772074768813,1.2564649969162978,0.9914585872870744,945566000000
-0.17450138323119455,1.069445707336005,0.9910068413419412,945571000000
0.16277021136279546,0.9522605395106846,0.9919358612811041,945576000000
0.003399258483469031,1.202928663166105,0.9923582564296325,945581000000
-0.16784762686744417,1.0611343068453887,0.9931174763979447,945586000000
0.03367363738135194,1.072792550766201,0.9939286651412071,945591000000
0.06911805807161983,1.0330816973410215,0.9949274102226243,945596000000
-0.11048989544011617,1.0975075668625178,0.9960635748496725,945601000000
0.014046096481667714,1.190298416447683,0.9970906928402369,945606000000
0.13104363563869678,0.8506963856377329,0.9982739122029161,945611000000
-0.13891077731291662,1.1596872156353548,0.9995610951260275,945616000000
0.01711422363744338,1.2517202566663508,1.000446350955598,945621000000
0.041601011404550955,0.9885640257538953,1.0013371467851964,945626000000
-0.12020695071431753,1.1340665886283818,1.002514864582185,945631000000
0.003102739958612811,1.233971025847244,1.0034986780297037,945636000000
0.08693149174581863,0.9902149975086645,1.0034493920267054,945641000000
-0.04932893206628463,1.1324570058905918,1.0047224582280316,945646000000
0.007140458743820922,1.217375149176249,1.0055878908512557,945651000000
-0.0002286809634205536,1.00736201954587,1.0064737886865067,945656000000
-0.047969803918272255,1.1288660784558413,1.007952135327538,945661000000
-0.0207152445759629,1.2364803379542835,1.0088139112091954,945666000000
-0.07772894048552242,0.9997918974952429,1.0093366939848956,945671000000
-0.007563511740466669,1.1540520522261972,1.0099116762860414,945676000000
-0.25171353140505537,1.1986066551508658,1.01081701699554,945681000000
0.0704804379870391,1.0208058891530027,1.0140810088792866,945686000000
0.15022443728046478,1.1605949604535937,1.0165033666702261,945691000000
-0.3990336264086519,1.1097958316557839,1.0184695111213016,945696000000
0.1816131158203694,1.1492643390158912,1.0207733123228993,945701000000
0.18959854697241396,1.1123041562576697,1.0235667086999132,945706000000
-0.05753138041874515,1.1486710931442528,1.0248320037368668,945711000000
-0.5338621990322359,1.1092190112567555,1.02813828033481,945716000000
-0.054335091776017475,1.117612014512454,1.0322567774968552,945721000000
0.5716474142669419,1.2305183302181257,1.0345356362782006,945726000000
-0.5304456782080255,1.0931095441232535,1.037025882661126,945731000000
-0.026855511881378427,1.1457398242133519,1.0399787652923547,945736000000
0.5497787686048741,1.2060407452752504,1.0430340834675762,945741000000
-0.4181220682453834,1.1389987637827,1.043857061752326,945746000000
-0.11210965536388227,1.1516544032608234,1.0466037359197309,945751000000
0.23796450174617242,1.1868846416747427,1.0500333299984566,945756000000
0.27733118296524806,1.1858071697206134,1.0511155616733752,945761000000
-0.5996083241079023,1.127297639673794,1.0535306187643756,945766000000
0.34880095667524086,1.1814556273188643,1.0561182309653363,945771000000
0.1417258997800755,1.201602593853719,1.0563630069552865,945776000000
-0.4693342273309848,1.2297890493019439,1.0576242594773235,945781000000
0.4590879807556206,1.1369385818557518,1.0586018297756934,945786000000
0.04457506436888189,1.200648532190301,1.0580264183654409,945791000000
-0.49128582675950494,1.2008339201172076,1.0582749715631528,945796000000
0.5892696099464694,1.0636321042608576,1.0585550523848501,945801000000
0.008671418880881621,1.2284079285141039,1.057207034318916,945806000000
-0.48460468185712957,1.2315153192248725,1.0565483640929088,945811000000
0.4835137499246582,1.0956535146869706,1.0556875416608202,945816000000
-0.002883413615159357,1.179060522668927,1.0557303197575023,945821000000
0.06265001790731801,1.2248018835358496,1.054835443514047,945826000000
0.0809750938203251,1.138413372940504,1.0528102009064486,945831000000
-0.2039228481422737,1.121239548387431,1.0514697316626922,945836000000
0.1042303316156891,1.2278758043466977,1.0505083872648522,945841000000
0.11755746787962533,1.1365412863457365,1.0489705998192325,945846000000
-0.19067852746052982,1.160095794079761,1.047837684096666,945851000000
0.08726166000099057,1.2541092032739687,1.047447618577999,945856000000
0.1669986935699599,1.1258282860426134,1.0459777562640884,945861000000
-0.2247486198319742,1.104237633360382,1.044894701717127,945866000000
0.0630716259386449,1.232824804186767,1.044151009838879,945871000000
0.12256426335679298,1.1350797389511669,1.0438937801467194,945876000000
-0.21457961322463134,1.1399352547163089,1.0431596458462962,945881000000
0.09206105196265496,1.2421125651319018,1.0430311788954523,945886000000
-0.030850276733524657,1.19055748300221,1.0422220553629569,945891000000
-0.04768753475493622,1.033930627704545,1.0414446366158838,945896000000
0.04055837170564562,1.2724078820999825,1.0415050163411692,945901000000
-0.019230673908844816,1.1263556393343714,1.041189378727755,945906000000
0.10642662076178301,1.0479028271977975,1.0405878247116755,945911000000
-0.19397485058231104,1.2017700702342478,1.0402916888892004,945916000000
0.09387412394792506,1.20413200802005,1.0404437154678485,945921000000
0.21239808753613473,1.101393875864146,1.0409405794237128,945926000000
-0.3012784737936261,1.2025115401209006,1.0415777894434541,945931000000
-0.22770931738754585,1.2149379578954569,1.0430011738086002,945936000000
0.12011618195534923,1.0512451807018397,1.045554075538261,945941000000
0.06391774162910671,1.2100534820274944,1.0478142874487086,945946000000
-0.3630832856025779,1.2056556919439767,1.0497193363737252,945951000000
0.10832308526801965,1.0595150505105044,1.0535481652189034,945956000000
0.2450478465101464,1.2463181176027978,1.0558827588204729,945961000000
-0.4148000914914211,1.1828866980371977,1.0579056001579892,945966000000
-0.2702355672444365,1.0606797036311968,1.0609434883032602,945971000000
0.5748442189614597,1.2246753070232788,1.0634876556243533,945976000000
-0.4844152798398801,1.150279839884173,1.0653004705696627,945981000000
-0.09316996893160279,1.178286585089136,1.0677059647638347,945986000000
0.5260487720707886,1.2448327922422084,1.0706941954896858,945991000000
-0.5199849021933969,1.1602025027494856,1.0722592621267544,945996000000
-0.013798468635778171,1.1589166136588969,1.0748935889190645,946001000000
-0.10173167061607473,1.2276120591041624,1.0784004025269893,946006000000
0.5965638199513043,1.2707710753183215,1.079743563642856,946011000000
-0.5853340297618251,1.1560533603245504,1.0822838483870232,946016000000
-0.03960624244638407,1.2044934299503975,1.0851548194314213,946021000000
0.5765365820434407,1.276945773093227,1.0864364848071666,946026000000
-0.5709873636496815,1.1627401347187756,1.088317107522192,946031000000
-0.04632187010977068,1.1916555374491675,1.0913316488138474,946036000000
0.7143469845822245,1.2573258626736699,1.0918894009175568,946041000000
-0.678089660843184,1.1894413563457875,1.0923949933135981,946046000000
0.43033176857114264,1.2026334234970115,1.093439809301789,946051000000
0.1310833124485486,1.2131611944539646,1.0921921577861773,946056000000
0.014582709313260157,1.2310489577259265,1.0907050926439594,946061000000
-0.025684207037948444,1.2312358926552458,1.0913359554204294,946066000000
0.030175658595067382,1.1813260126855532,1.090242077604859,946071000000
-0.015358609222119327,1.239099617390952,1.0878764385128883,946076000000
0.10236856612134489,1.2576530635738692,1.0865057714367816,946081000000
0.013586276621586967,1.17918921708559,1.0839270366351053,946086000000
-0.10939543577217162,1.1506391427178233,1.0818021705817444,946091000000
0.0616614597001983,1.2624819458103451,1.0800410589112546,946096000000
0.15183974422464905,1.0992531336976232,1.0782845174556128,946101000000
-0.17276868093474532,1.1924607328604813,1.0761717120676226,946106000000
-0.05372232485757615,1.2282643820637225,1.0744862680867941,946111000000
0.11631007972996008,1.2031070859746855,1.0731523194030599,946116000000
-0.019512975588714065,1.098769001429095,1.0719613464159108,946121000000
-0.04118416101616688,1.2115583759164914,1.0708659212052498,946126000000
0.11044195724104285,1.2098763280122424,1.0714010946536505,946131000000
-0.05415041048046822,1.1383628536120252,1.0713231270779553,946136000000
0.011345312695942252,1.1888744921154455,1.0707168919261274,946141000000
0.03059484468651887,1.2101406579833591,1.0703329237519899,946146000000
-0.053612390250029715,1.1117867039089593,1.070468464088177,946151000000
0.03233071354053428,1.1744305542082176,1.0698130518749187,946156000000
0.01682650397923548,1.2126365792348248,1.0697838579905203,946161000000
0.07071983499161189,1.0687987504598238,1.0697125614803848,946166000000
-0.051648301380129505,1.2539255602818808,1.0695150470105639,946171000000
0.11588202949302588,1.173271187865677,1.0695111596964086,946176000000
-0.10860633772853215,1.1316699670871928,1.0690845121564938,946181000000
0.026368045734424004,1.2621483265656879,1.0696750929506584,946186000000
-0.030375002354873955,1.1417793013925581,1.0695932807708082,946191000000
-0.0871362549335398,1.174947492638493,1.0692270901078336,946196000000
0.03890351009182835,1.2636926298704507,1.0700523007896914,946201000000
-0.02127413857131464,1.139885972635702,1.0694797045469844,946206000000
-0.015037323675721526,1.2064562129425773,1.06940166117568,946211000000
0.04491114897243963,1.2195015650986547,1.0698262552515894,946216000000
0.06277456580217142,1.0813422498187197,1.0698196349606302,946221000000
-0.11826649413837315,1.281378052897676,1.070321091059903,946226000000
0.04332191762642916,1.2332688797697116,1.0709718403039803,946231000000
0.01926044924759216,1.1500347900360424,1.0717766464933214,946236000000
-0.12444874985242803,1.1918247238737574,1.0727099093629362,946241000000
-0.2098991981992346,1.2238689231351183,1.074516906464603,946246000000
0.19875301965142647,1.1953444661767185,1.0773053583245826,946251000000
-0.004718039653695074,1.1512596725402893,1.0787985699477631,946256000000
-0.268827125908932,1.1654182524957548,1.081567757620717,946261000000
0.17554022367038608,1.3089109233311493,1.085053424934465,946266000000
0.18730143750658226,1.1119154557107254,1.0868508079306982,946271000000
-0.4715146192729851,1.154962607824921,1.0893927916446238,946276000000
0.20904243991096333,1.2411407645801262,1.093693448453066,946281000000
0.3542497055115474,1.1504003665763045,1.0949888701493122,946286000000
-0.48549538436047684,1.1951251439611423,1.0971700700648181,946291000000
-0.08967033792124869,1.176358343555239,1.1002783802301728,946296000000
0.6163761001872053,1.233827453812753,1.1023854206018058,946301000000
-0.6194703178307494,1.234057462133762,1.1030853591251935,946306000000
-0.02986755925672728,1.2504481058689407,1.1049285961352509,946311000000
0.5120677771766886,1.1713640501667621,1.106294515121788,946316000000
-0.6476055489262822,1.2597770358194786,1.107248089844794,946321000000
0.5750384395159323,1.3280206939665324,1.1087471009027885,946326000000
0.07917171188274111,1.1276918577035164,1.1086806115448589,946331000000
-0.579907003553867,1.253856675947491,1.1110669314240986,946336000000
0.5892545389847025,1.159796488227362,1.1121962820126887,946341000000
-0.4994937202647246,1.2836753487444006,1.1117056634414781,946346000000
-0.16066227518017206,1.252511458566951,1.1142627701968095,946351000000
0.6408862044058888,1.2456016968328514,1.115456282697722,946356000000
-0.06215074014957135,1.203115222483534,1.1149240579867417,946361000000
-0.6485184507421176,1.1988576969363118,1.1158835910680545,946366000000
0.5311629582058739,1.2324807205375445,1.1174464945454723,946371000000
0.10375220464932751,1.2420161343085083,1.1164934234532287,946376000000
-0.4705235756661846,1.2444743937877136,1.1171555234776493,946381000000
0.4651009919658139,1.2049337456388802,1.1181744605218533,946386000000
0.1030957723272048,1.2221574561029895,1.1168887868510178,946391000000
-0.07002148524857214,1.2370668876597033,1.1164917094489575,946396000000
0.09514802227513856,1.2173284691785837,1.1160056942276322,946401000000
-0.06266716784350315,1.2449458685122015,1.1151011565140574,946406000000
-0.004738741882027876,1.163837485982922,1.1143226345913273,946411000000
0.08375937842001471,1.2423131861296572,1.1135950703684359,946416000000
-0.06804253553139614,1.327298765323462,1.1130117332101035,946421000000
0.011749113498748107,1.10888561282171,1.1121525799249428,946426000000
0.08231697799629613,1.264264758569439,1.1117392315201764,946431000000
-0.0537866361264797,1.2820182313474895,1.1113613280470167,946436000000
-0.02666029530381407,1.1097206945199098,1.1106440884741708,946441000000
0.0613077923322962,1.239676005563603,1.1104497067895227,946446000000
-0.0447118045560434,1.204841687191468,1.1096787295262183,946451000000
-0.0181150760694846,1.2386257738958957,1.109420556458872,946456000000
0.14479361385428255,1.1309249749146406,1.1087077405883445,946461000000
-0.028933165794719225,1.2628467860742032,1.1079957760275954,946466000000
-0.1012748492665976,1.255071351224698,1.1082854139672251,946471000000
0.12117609874619967,1.115006456996703,1.107719775281958,946476000000
-0.0923659641857433,1.253511368061194,1.1075510867059917,946481000000
-0.06850134908819425,1.2592743564631228,1.1072874504768113,946486000000
0.15643263097192478,1.1143318455474915,1.1070802892470943,946491000000
0.03796877566239587,1.4754931162088385,1.1070536925355314,946496000000
-0.10404925525926034,1.0899128193930572,1.1074137714352374,946501000000
0.09170528941964044,1.1388290936408756,1.1085000315246407,946506000000
-0.07182057717725188,1.3624950304272037,1.1088454914424668,946511000000
-0.05541016643319712,1.1605754566356072,1.1098411317953722,946516000000
0.10325223763813668,1.213338081662366,1.110359325274668,946521000000
0.07586215697148524,1.3201462458941422,1.1115601339562518,946526000000
-0.04702472920423528,1.1644356000058247,1.111209332855856,946531000000
-0.003134654237936591,1.164954680209686,1.1117366600791663,946536000000
-0.07774753836455425,1.2934527722285225,1.1119264367770885,946541000000
-0.03247795733139534,1.1601688760678148,1.1125646782772733,946546000000
0.09275144963633224,1.2130245950058178,1.112725947226217,946551000000
0.05983885280924281,1.3297549150733312,1.1128513407528593,946556000000
-0.10154819545534682,1.1873796532124679,1.1124808691006793,946561000000
-0.38837024457642205,1.198182466460179,1.1147248406933052,946566000000
0.29133821460804155,1.341425673352753,1.1168187557528462,946571000000
0.06584283187191503,1.127765249486828,1.1185864281219804,946576000000
-0.497450672782761,1.2482299173611537,1.1203266752982668,946581000000
0.26538206933811603,1.293069043657234,1.123105678612002,946586000000
0.258055818879269,1.2550322769647533,1.1247494517724772,946591000000
-0.49100969950620416,1.1980990006151961,1.1257261790653437,946596000000
0.037352120467367196,1.2592731260611776,1.1296476011103043,946601000000
0.5385803981315881,1.4905349289952792,1.1327356471489733,946606000000
-0.37499076788965685,0.9803750072821412,1.1348998170268811,946611000000
-0.1386698336652024,1.2393434794038012,1.137694379670129,946616000000
0.520507968481556,1.487586300954803,1.1403949500880486,946621000000
-0.44968328945471403,1.037371192924581,1.1411992700065108,946626000000
-0.15251560438461018,1.248059827194785,1.1440008433067252,946631000000
0.5264434016964386,1.2593118397821434,1.1456871322424327,946636000000
-0.5755448487466376,1.1952682187222892,1.146366662968756,946641000000
-0.03222953788155502,1.2887981799536221,1.1483906866924187,946646000000
0.458445392762182,1.3341626334965713,1.1508131252654996,946651000000
-0.46229850836774283,1.1494358951380745,1.1508283134375688,946656000000
-0.12940671273379664,1.2913622072686526,1.1531863595419076,946661000000
0.6078722219762921,1.328866290238766,1.1544260724546345,946666000000
-0.014426073610717773,1.1855434556738833,1.1533990949806239,946671000000
-0.6323433182221646,1.2638013815736917,1.1554747369062401,946676000000
0.7072306865777096,1.2809643873851164,1.1542629031622957,946681000000
-0.10544848093059098,1.2317714324746394,1.1527170613550348,946686000000
-0.48558429376563284,1.2268727719131145,1.1533531267218704,946691000000
0.5918625246180642,1.37277274513713,1.1516987146456397,946696000000
-0.07709217363970203,1.1678715970064564,1.150950541641542,946701000000
0.08969687005858991,1.2123662037620206,1.1504046799614365,946706000000
0.11722323409801488,1.2871967394383792,1.1496897662673575,946711000000
-0.14167927825473522,1.2486807723192372,1.1480127683067272,946716000000
0.044098865934250414,1.2458339954114703,1.1475252960687754,946721000000
0.006269329508070857,1.2254864319680443,1.1475131939882839,946726000000
-0.0597854374303888,1.3172552241912088,1.1460460584398955,946731000000
0.036124110630008935,1.2463049553956984,1.1457800079635314,946736000000
-0.0034683500729021446,1.2319526769460099,1.145776818032055,946741000000
-0.08055289651553503,1.3379447372344493,1.1450429156331172,946746000000
0.02810944350940673,1.250014138265618,1.1450611420311783,946751000000
-0.04835094631317174,1.202633177598181,1.1449777857941699,946756000000
-0.06060614710095386,1.313279888574975,1.1444512544369134,946761000000
0.032144361000124966,1.2252657095760036,1.144640483102413,946766000000
-0.029032400878527414,1.2196809402867435,1.144154734615324,946771000000
0.015712340985355056,1.363971652291814,1.1434847763158664,946776000000
0.02119661873736558,1.1983970713517254,1.1434441400424669,946781000000
-0.022416529633771082,1.2284558886261647,1.1436226846453308,946786000000
-0.11503221896797788,1.32659766598238,1.143207745817073,946791000000
0.11035919523217305,1.199663951668635,1.1434662346520534,946796000000
-0.027185613970017217,1.2142925712867458,1.143589801879876,946801000000
-0.0005826614004431144,1.3234644589135538,1.143918484165828,946806000000
0.03577579440459559,1.209574388640423,1.1445630429220819,946811000000
-0.05852271217510122,1.282372780358824,1.145955433526521,946816000000
-0.05560890332612059,1.3652697562861622,1.1459413537361725,946821000000
0.04961036031838962,1.1750702491930538,1.1463762375970288,946826000000
-0.0187180566254123,1.2211721945778389,1.147740974778232,946831000000
-0.04422264460716288,1.3553934176020368,1.1478028540657068,946836000000
0.0184059326434451,1.1840042694409263,1.1480362580158174,946841000000
-0.1999084983968933,1.345891849185822,1.1512799347157483,946846000000
0.1556464932013781,1.282092229283034,1.1524191186662136,946851000000
-0.0460609136411476,1.2625345295345103,1.1527929137081558,946856000000
-0.21422763466315553,1.31912596457178,1.1568917606958269,946861000000
0.2769331207099912,1.2500386336405451,1.1583370556076558,946866000000
-0.4367241376310666,1.2775118336194684,1.1592127593011088,946871000000
-0.06950111424770178,1.291682100173894,1.1624060969005288,946876000000
0.40591891346208525,1.3358794276428472,1.165101025458346,946881000000
-0.013472902553075304,1.2103241122405528,1.1650103404215042,946886000000
-0.587474374509922,1.2798353167958945,1.1677271549703467,946891000000
0.05781086663053652,1.3329309270943244,1.1702898436688156,946896000000
0.503584312565743,1.266129029502375,1.1703935747124443,946901000000
-0.5558638670296001,1.2848056912509767,1.1716901046193227,946906000000
0.07229020772230332,1.3355297108125914,1.1740691754415333,946911000000
0.6034774226661738,1.3304648191009418,1.1757908256078613,946916000000
-0.5281727683362071,1.196870652784178,1.1761382675657492,946921000000
-0.13134268625816803,1.2738890122440143,1.1782594699906668,946926000000
0.6011774933000068,1.3487153045803533,1.1792140835353144,946931000000
-0.5359042964718684,1.2566133135227116,1.1788809867929055,946936000000
-0.08955856450605089,1.3403940988600902,1.1811828154832271,946941000000
0.5883652722032592,1.3020095982653597,1.1826859476074885,946946000000
-0.0766369177685353,1.2422957181050083,1.1822672630872297,946951000000
-0.5615527530505965,1.3548042790020507,1.1840010787011142,946956000000
0.7117164531985422,1.304390283862641,1.184941966589055,946961000000
-0.16253983483706697,1.2803801285108622,1.1839274607992978,946966000000
-0.10520315158095175,1.206619546976189,1.185065050446863,946971000000
0.15599791038839386,1.5440085806895874,1.1859013472459214,946976000000
-0.05605652803712182,1.2854280676388192,1.1854949077242023,946981000000
0.08121769011571384,1.1096973030322321,1.186233935067825,946986000000
0.1930733347169733,1.414108097616244,1.1859398490492872,946991000000
-0.24972727721810262,1.2325155061961197,1.1853909482870435,946996000000
0.03203791744045216,1.3050698450797398,1.1851977206200903,947001000000
0.01005308708982269,1.1914083743243777,1.1852930718875425,947006000000
-0.06532313995459778,1.2466943695948107,1.185419625083272,947011000000
0.0261233942328323,1.4424596544675548,1.1859093721688123,947016000000
0.030719926210848483,1.1611306993252917,1.1852972051092199,947021000000
-0.10845232378624971,1.3625369311745257,1.1864284917775232,947026000000
0.030151377451847684,1.4312321277154496,1.1864751489475853,947031000000
-0.12536831261887021,1.2007847816085442,1.1867686653577634,947036000000
0.024649202126069254,1.328497868313657,1.1878519331226658,947041000000
0.0836560114701671,1.3792252668557954,1.1878017619254706,947046000000
-0.11512324180023578,1.2045886498789073,1.188712995349854,947051000000
0.0869693842576549,1.4226369949546722,1.1895284182519597,947056000000
-0.036230783195117314,1.3049711842196976,1.1896138735864017,947061000000
-0.09589016747389913,1.2304159337592828,1.1901464253101048,947066000000
0.10993629804753743,1.4083764594726125,1.1908698011624879,947071000000
0.010918236483748267,1.2541857005629609,1.1920943490000542,947076000000
-0.022448608412924863,1.224988900853145,1.1930839225696357,947081000000
-0.00877736929698678,1.3400121054795378,1.1942186533023889,947086000000
0.02785667842915326,1.3400550252781531,1.1955264412374944,947091000000
-0.16541543642636625,1.185272249507904,1.1959886325039841,947096000000
0.07706993523736125,1.3763458966161823,1.1976552223737016,947101000000
-0.03261803845831911,1.328728194141221,1.198513420991097,947106000000
-0.10310611548919744,1.2361116786615836,1.199256190862373,947111000000
0.08617169388969328,1.3844947394537261,1.1997866555135617,947116000000
-0.09650938746781393,1.217333171711386,1.2005030113691961,947121000000
0.0052534638899445485,1.3125795039179546,1.2015917172706334,947126000000
-0.31903540616374915,1.4115517819870194,1.2021835039488222,947131000000
0.4267906938736417,1.2139117467133107,1.2044715814176443,947136000000
-0.10472779060655418,1.3576161983371666,1.2055450943798858,947141000000
-0.5085382449852982,1.3452004585546224,1.2074695262583481,947146000000
0.1437304579190027,1.226929443340033,1.210388863207076,947151000000
0.2881167440639409,1.357405029891278,1.2125019448543395,947156000000
-0.4993205716855054,1.3162073750054106,1.2143000276118734,947161000000
-0.1182311393436703,1.3171852508882,1.217695913431781,947166000000
0.14896382098674166,1.2590624271151518,1.2204651822244923,947171000000
0.4341398735379043,1.3621361064776303,1.223646638593423,947176000000
-0.5824810685622119,1.350496640567052,1.226567999894277,947181000000
0.029326985999876123,1.3094877790193173,1.2304952340747772,947186000000
0.6630622350327181,1.3131449485357833,1.2335636856429706,947191000000
-0.7349221042632421,1.3894638427588213,1.2347583337752597,947196000000
-0.025729664991598608,1.3120372645647125,1.2380446268344676,947201000000
0.6646640200771774,1.3328510039661619,1.2407634944357855,947206000000
-0.6759131889063148,1.4347205926088242,1.2418614602158478,947211000000
-0.01587328972978849,1.336799849939054,1.2446931724229058,947216000000
0.6237344417167255,1.3370483570796274,1.2469820900184807,947221000000
-0.4572952065777153,1.3618975532715945,1.2478204188352913,947226000000
0.0008044740787110025,1.3347008240864022,1.250626367704889,947231000000
0.6616317096212555,1.4113487569092278,1.2518628507210132,947236000000
-0.7632995187468203,1.3603243919079515,1.2534193753586924,947241000000
0.05380277342339122,1.3199294092347535,1.256135035857911,947246000000
0.6467519522530997,1.4299437819655556,1.2560002451816248,947251000000
-0.7641157049720958,1.3786822473564073,1.2569898292999473,947256000000
0.028445700518457007,1.313875685748693,1.2591445872236142,947261000000
0.6877779311427292,1.4003239236166631,1.2593425219384213,947266000000
-0.6650454408851082,1.400641491780053,1.259291951463127,947271000000
0.45307418503567376,1.360061711179099,1.2600576395156726,947276000000
0.15195059273230152,1.374091784709554,1.26009056513705,947281000000
-0.4822167335209938,1.3808841334940773,1.260646346176071,947286000000
0.6972052114847027,1.2656160524251585,1.2599706586678554,947291000000
-0.08119317117002373,1.4755667473676708,1.2587374865044287,947296000000
0.04764998970752941,1.4079837404768643,1.2565953263492542,947301000000
-0.05011970298219125,1.3680528727318415,1.254553789385441,947306000000
-0.1567564964257212,1.3168968258088178,1.2537301694186207,947311000000
0.09937924166453777,1.4182785721455435,1.2519896482806914,947316000000
-0.01689886789213163,1.3881546812908134,1.2504084493186824,947321000000
-0.10987785348197535,1.3499553628253214,1.2493073952362679,947326000000
0.1183407674679396,1.4232750794986413,1.2485076318902837,947331000000
0.06080896081511303,1.4377099480710402,1.2475416438244722,947336000000
-0.1130597288898537,1.2993413050881053,1.246779922434418,947341000000
0.10117166156425901,1.4105207663198254,1.2465759167262698,947346000000
0.06564802312095924,1.414722832625125,1.2467012458083835,947351000000
-0.15354010855094863,1.2730760472931575,1.2473212814391137,947356000000
0.13263818885113296,1.4426862664438238,1.2473639170869208,947361000000
0.026065235215483904,1.37611354896192,1.2473167484634777,947366000000
-0.14495507114764722,1.2624859343504642,1.247769482362019,947371000000
0.13797814741037523,1.408517960207941,1.2479111797971556,947376000000
-0.031915722444932064,1.3359470779223006,1.2483204226745772,947381000000
-0.07474271203962446,1.2988976387479494,1.2475997103427279,947386000000
-0.13309213935415848,1.4249719102914238,1.2483948039079602,947391000000
0.12916548818548013,1.4064488925125729,1.248135458287663,947396000000
0.006052950861604946,1.409612987715431,1.248389215335682,947401000000
-0.028043217735620622,1.3090190045090266,1.248141203997177,947406000000
-0.0630251327758058,1.310412735797044,1.248811620610284,947411000000
-0.3837597346988507,1.3660181548048111,1.2510337876765398,947416000000
0.5452938605084046,1.23266210852404,1.2526053441032703,947421000000
-0.3904925503444885,1.4477301917305854,1.2542430775811368,947426000000
-0.15575819455999065,1.3147992536273525,1.2571044789852293,947431000000
0.6022786286781668,1.3288548565894347,1.260383145629344,947436000000
-0.6138792614482458,1.4919629405361137,1.262415680033837,947441000000
0.024403850139877836,1.3631800860226264,1.2654483760863209,947446000000
0.49861564740939923,1.4154643268255283,1.2702315342878316,947451000000
-0.4585380424535939,1.438782691985496,1.273606028561716,947456000000
-0.0829858658248663,1.37606404084954,1.2773139453450832,947461000000
-0.008238104053188183,1.3075986058833677,1.2812246147019277,947466000000
0.022512036167827383,1.295275376581617,1.2852420814808334,947471000000
0.5129383052551667,1.34038530952122,1.2880308543861694,947476000000
-0.6861886066748333,1.684816935478673,1.2909437823990781,947481000000
-0.0351261574632499,1.365332953125298,1.2932996477014618,947486000000
0.017975117851690557,1.2752841239930723,1.2966727997672711,947491000000
0.5988504511055834,1.4526723036504008,1.297128723327745,947496000000
-0.7064897740381223,1.5459867988741465,1.2997274641081527,947501000000
0.0010176701383462234,1.3671448479395203,1.3023783617795834,947506000000
0.552791494482824,1.3825091322868175,1.304416954915105,947511000000
-0.6852298722682986,1.5100836084753946,1.3044604267572972,947516000000
-0.005863974882805483,1.4179719885035724,1.3067707753960232,947521000000
-0.09451296659052129,1.384792937439911,1.309882309416243,947526000000
0.9832279647740523,1.5660382702768483,1.309261972410353,947531000000
-0.5799192759754956,1.4078213579261527,1.3100971505533847,947536000000
0.5774900278371704,1.3774519286327116,1.3101215738200462,947541000000
-0.01352893040583858,1.4760956791250206,1.3085358583858326,947546000000
-0.5491481968023312,1.3959563507532233,1.3082163197093897,947551000000
0.4530663580420434,1.3661714701342185,1.3089950393092367,947556000000
0.23131724157503383,1.472937647620658,1.3080391964973919,947561000000
-0.007168977856807063,1.443595667572311,1.3061559431807714,947566000000
-0.10497583689948937,1.3852573225803175,1.3060369806728327,947571000000
-0.12421385739903652,1.3951714430461921,1.3045344962867906,947576000000
0.016090223525095364,1.4494228412716872,1.3030475294470598,947581000000
0.10394604159261857,1.406444427878854,1.3009155976615616,947586000000
-0.03991468068393734,1.4446845645457598,1.2992494260241918,947591000000
-0.09524643873411749,1.3447311875624874,1.2977433289792768,947596000000
0.10674747250490077,1.402423777352703,1.2958946210594016,947601000000
0.026841008905810503,1.51297153895263,1.2942567823218396,947606000000
-0.06251362592128396,1.285332677380934,1.2932623805151526,947611000000
0.04339198903293101,1.4539092323082794,1.2914637002515823,947616000000
-0.029895793565541763,1.3911555083631784,1.2904349648470865,947621000000
0.06312870996433714,1.3645083384262875,1.2892036765966528,947626000000
-0.06288452995687785,1.4782554496384765,1.287777660795731,947631000000
0.038482397164293615,1.369542510441913,1.2868047904252182,947636000000
0.007662114069324395,1.470225057090834,1.2859764358218004,947641000000
-0.08612577320426415,1.3008418603653482,1.2854473657769725,947646000000
0.09055529560994054,1.4389252857680852,1.2849719026314164,947651000000
0.04075036938068109,1.4858778596914308,1.2858328476088343,947656000000
-0.02440929983364408,1.3461424448445478,1.28667229650515,947661000000
0.017663676208841458,1.4371570322223008,1.2868495572231855,947666000000
0.03262309187853826,1.4426751409536167,1.2877283215681348,947671000000
0.021068037653648865,1.2941855902456385,1.287463255714884,947676000000
-0.06614046769875528,1.4346426662521279,1.2877611856612798,947681000000
-0.03350863921496914,1.3974925699462473,1.288241966564427,947686000000
0.009201847738679483,1.4125895154522665,1.289027765908149,947691000000
-0.11304642218339653,1.3681388582256904,1.2891240465834704,947696000000
-0.46136744249328876,1.389746359325833,1.2915479862666197,947701000000
0.4810842094360004,1.333973799064034,1.2945372884954878,947706000000
-0.025232691517615646,1.4619425946403952,1.2952615807713699,947711000000
-0.39547331287197257,1.4012897244102744,1.2993618170573746,947716000000
0.16386292463444282,1.3162179689356133,1.3042344815992488,947721000000
0.22079117271839882,1.5003910154269573,1.3075403901561105,947726000000
-0.5300848744768778,1.4339048689100378,1.311942741129258,947731000000
0.02034826383319192,1.3645455038838146,1.3162697325806154,947736000000
0.2890615253721322,1.170144349348983,1.321520637855108,947741000000
-0.23514552592162827,1.728744885827996,1.3240946349069445,947746000000
-0.176123783566928,1.4628637939745222,1.3277478975757877,947751000000
-0.14392534085543807,1.35683169990188,1.3320786724927267,947756000000
0.657348483605124,1.3702722963945428,1.3353142900296595,947761000000
-0.5960127618248836,1.6003455675070566,1.3382710790774968,947766000000
-0.03172842564941132,1.4155936693596334,1.3412974490446348,947771000000
0.6177510055157756,1.389071595597615,1.342403764226792,947776000000
-0.684725325852872,1.595082869498696,1.3438176035969551,947781000000
0.0001748448138413558,1.410518011462685,1.3458191597633866,947786000000
0.41690583118509617,1.3375545302826852,1.3493861177630406,947791000000
0.14173271958913708,1.616694874963682,1.348785803963561,947796000000
-0.7598132973835261,1.5063622270965336,1.350589994999025,947801000000
-0.049841338966033946,1.421547004501095,1.3531931209539796,947806000000
0.8427722839348233,1.4565087623073232,1.353039049892708,947811000000
-0.874621211939133,1.4205877608876802,1.352955043604437,947816000000
0.08197981882324976,1.4328211216454576,1.3553362779781641,947821000000
0.8137792799505372,1.4780069530092022,1.3552691478470598,947826000000
-0.7484650256027628,1.4569782159639135,1.3560438826528367,947831000000
0.4602432756918154,1.4473762841943474,1.3584211623389437,947836000000
0.30782099186390904,1.4644684296644745,1.3575500057252932,947841000000
-0.8029218759764867,1.4880357919852472,1.3578566003163683,947846000000
0.5115189974551693,1.4819409416971612,1.359701042541882,947851000000
0.2812090119427014,1.4771378319853716,1.358314345227413,947856000000
-0.6935231618704363,1.4059463801559196,1.358040935055356,947861000000
0.494207658568405,1.4778488266421546,1.3580808830812638,947866000000
0.1823610079981885,1.5780752584739075,1.3565777624908446,947871000000
-0.0019993049712056232,1.4269435440239677,1.3544395521281647,947876000000
0.21934757291759788,1.4556909019984556,1.3529696602695587,947881000000
-0.2387365871806844,1.465161330279928,1.3499293900115135,947886000000
-0.07012911183049436,1.470553377581643,1.3478872814495901,947891000000
0.11894316344803028,1.4129592156272013,1.3464565858928532,947896000000
0.05960400818570104,1.4467413722074898,1.34433215094647,947901000000
-0.08699847138247112,1.445234216364414,1.3424693356441317,947906000000
0.0797150870239024,1.4527366485036084,1.3411138919531047,947911000000
0.05894316538050174,1.46531596292601,1.339933667878261,947916000000
0.003952635394863215,1.4905072654428475,1.3381062325968038,947921000000
0.00911904588481166,1.4155595596326502,1.3381713465400387,947926000000
0.14592969499469866,1.3861853306502685,1.3383362773015772,947931000000
-0.08594539720442795,1.512061906810418,1.3383666653095025,947936000000
0.0012926876075801206,1.4707515047779134,1.3387809085263966,947941000000
0.28230849384334133,1.4334379925356997,1.3391593270801871,947946000000
-0.23938417474127033,1.4923316553559114,1.338246436335426,947951000000
-0.05656903859021512,1.3967221605135134,1.3382868364442853,947956000000
0.15275540164303172,1.3708537514414048,1.3386944263168443,947961000000
-0.23185497143270234,1.5081002022550898,1.3387585892632075,947966000000
0.09411753540336143,1.459473395624849,1.339459518893164,947971000000
0.16566373770646975,1.376517082005862,1.339886887756951,947976000000
-0.17484118923366831,1.5708279877400984,1.3390055864651018,947981000000
-0.013355775921892339,1.4188512922010892,1.3395019274430902,947986000000
0.21626217631775277,1.5247783227722684,1.3400731592393178,947991000000
-0.3056317263044478,1.4243247833047585,1.3394697101919772,947996000000
0.05216631468869293,1.3868174856685154,1.3400964936922495,948001000000
0.25712032552910086,1.6177407944286386,1.339790809601396,948006000000
-0.2830337791639455,1.3876191765780785,1.339620916005673,948011000000
-0.32174632335129927,1.3874124456077086,1.3430963825923503,948016000000
0.27756717818573645,1.4151511473116722,1.3447363956963039,948021000000
-0.48214580533167584,1.5086775551291345,1.3480817155043903,948026000000
-0.06829169901688506,1.442342427492343,1.3519399878242928,948031000000
0.4760767446083157,1.5204865239330267,1.3577996132660979,948036000000
-0.3713118710385092,1.455137523167447,1.361453062770991,948041000000
-0.06508116612901131,1.4448724783781,1.365835023870731,948046000000
0.313908391482983,1.5560730864419,1.3702820198876424,948051000000
-0.2229032125027797,1.4097215212196255,1.3721898596730273,948056000000
-0.2663535426845846,1.4547229453733515,1.3753906299184706,948061000000
-0.05721469153505187,1.483705268339484,1.3786160889806105,948066000000
0.5908352310388207,1.495133601477627,1.3821980448456415,948071000000
-0.6183479548247602,1.4539017604571853,1.3848748705946516,948076000000
0.008959787290231322,1.5179002495073761,1.387963060925253,948081000000
0.590505295437699,1.5443045351995004,1.3903446094395602,948086000000
-0.657952340253863,1.4989991647076792,1.3921459684033954,948091000000
-0.011283675069735618,1.5091654042014733,1.3947270306300579,948096000000
0.7170178690531606,1.5057023390335613,1.3962092992414572,948101000000
-0.7420531566026745,1.5149003219579145,1.3970081428149685,948106000000
0.005812299856459768,1.5200280677251883,1.3991549650738273,948111000000
0.7636153800507628,1.5129943109137185,1.4000965228591291,948116000000
-0.822235392491215,1.5050905966024515,1.3999750742449981,948121000000
0.018508367879145192,1.5015000287737446,1.4021038103006984,948126000000
0.7422112567687742,1.5101222579558775,1.4039363026072247,948131000000
-0.6715785827127677,1.5288147273664594,1.4050503053363876,948136000000
0.4051226560454286,1.5073145257843992,1.407269238800642,948141000000
0.27433754970314955,1.521539643295387,1.40675287383993,948146000000
-0.5903098696907654,1.4286992099619498,1.406898410604602,948151000000
0.4431258366873289,1.607831300802375,1.4081325538186622,948156000000
0.18580822712437917,1.5411806415853027,1.40648795790803,948161000000
0.013614298912056622,1.436288251457199,1.405696769329869,948166000000
-0.0984826460874235,1.504062957614729,1.4062948451051813,948171000000
0.0410706797842309,1.6088476480985174,1.4049824144384242,948176000000
0.0054197377518597455,1.4897874698656963,1.4038021320994818,948181000000
-0.03649625378757743,1.4774501050428874,1.4023131644021278,948186000000
0.01988625587922337,1.6120428379345868,1.4005526674525657,948191000000
-0.10971433541359114,1.5198746140158452,1.3980511128851092,948196000000
0.0794772712971507,1.4331636232958296,1.3969191715183982,948201000000
0.4076469296410287,1.529938132938505,1.3954983934418108,948206000000
-0.41451579897295443,1.5936075052365213,1.3927741073187507,948211000000
0.0019114755053322103,1.3981465014844496,1.3915126967428075,948216000000
-0.022702380792877314,1.4877785303833144,1.3905522453022188,948221000000
0.09669682118241654,1.692478277966831,1.388279629935597,948226000000
-0.0068354526866870316,1.3311800556263333,1.388577756267494,948231000000
0.09670784760846947,1.507289033485631,1.3893672018756889,948236000000
0.20834128490882745,1.5864449021031835,1.3885623960240197,948241000000
-0.21514579242592088,1.395286613319099,1.3889248199123347,948246000000
0.1430720680571097,1.4143622361589385,1.3893979969387122,948251000000
-0.04839487196815906,1.5704621118981068,1.3895185632764,948256000000
-0.11052092623740056,1.5235710900846784,1.3906752691921136,948261000000
0.3419394516597277,1.306817320579542,1.3915112581814102,948266000000
-0.26698102729534634,1.7055231818683239,1.3922990747562056,948271000000
-0.1164902522278526,1.500387713451111,1.39276600189317,948276000000
0.18713600408035527,1.3597601489687519,1.3937547295252841,948281000000
-0.16615502733042267,1.5246322598172275,1.3943375266919011,948286000000
-0.5694906219384878,1.5956424888105258,1.39780571491375,948291000000
0.4349806050956059,1.3993099913352873,1.4022360192087353,948296000000
-0.3236980524295743,1.5264971984494016,1.4068731811734738,948301000000
-0.1430689865282159,1.4843905272900852,1.411888550898082,948306000000
0.15613236316969345,1.5691415002001694,1.4202333189677363,948311000000
-0.025687953748813983,1.541269547771361,1.425946200064696,948316000000
-0.16482672715434288,1.5367595326918069,1.4313629424550158,948321000000
-0.01203706369756692,1.5174929504391905,1.4363420502735005,948326000000
0.15282542898098442,1.5071513771553864,1.4412961755339506,948331000000
0.06354088907104771,1.537893853639733,1.4465276160045117,948336000000
-0.1422804373749241,1.6601369923046507,1.447896939919273,948341000000
-0.3325308909264586,1.5736265621207224,1.4520198906496093,948346000000
0.018639994099297605,1.537307005144814,1.455880649567431,948351000000
0.008869335725209676,1.5656000222851167,1.4603895712645383,948356000000
0.723248104671454,1.5746515997147652,1.4639875188482707,948361000000
-0.8590839469463805,1.651602690141962,1.4658873747636207,948366000000
-0.03910414531171521,1.5761056278811216,1.469770748319779,948371000000
-0.06804480275249356,1.5475837331258238,1.4732138890266806,948376000000
0.4866765206513633,1.5961063882477529,1.477883498787606,948381000000
-0.43149870771813476,1.579386873855999,1.4788849426541755,948386000000
-0.04951645412777754,1.5742200367877195,1.48143446994463,948391000000
-0.10814927647383538,1.5824427801403462,1.4844392415338716,948396000000
0.9591972341513819,1.623084254946106,1.4865329530747178,948401000000
-0.8456236226351548,1.6299811522022656,1.4890567728542756,948406000000
0.014338514290159404,1.5782468018405849,1.4923121702514397,948411000000
0.6022389396039868,1.6301398397506977,1.494455760480864,948416000000
-0.4394477293016396,1.632346710077667,1.4943561957873406,948421000000
-0.03831212557774144,1.604727940003752,1.497117442444139,948426000000
-0.1193801096583058,1.6106649495119154,1.5005610470946351,948431000000
1.0231460220338848,1.6531163424228952,1.4991649999222398,948436000000
-0.8372187358723501,1.6781448996544357,1.5002459203278438,948441000000
0.6822506691296872,1.5525708292459313,1.500322677491815,948446000000
-0.014469686209983072,1.6648640879573873,1.4973482548623773,948451000000
-0.7986469186893488,1.6111202726433265,1.497992474584529,948456000000
0.7566738847796917,1.574255338081439,1.4955467273463807,948461000000
-0.01927116990324437,1.6595997121178647,1.4930726900815323,948466000000
-0.5617587775426306,1.6567284543394343,1.4906230656603336,948471000000
0.7450644726913787,1.587177522697113,1.4871421896973662,948476000000
-0.14488461415416648,1.5123509183879948,1.483587164182514,948481000000
0.09315247604889315,1.6913811929563698,1.4806805625206771,948486000000
-0.017069574974539665,1.585067968119945,1.4783537166753102,948491000000
-0.012083114312492801,1.5192117932813605,1.475251510082808,948496000000
0.05338329491745167,1.6193365421913266,1.473673755100505,948501000000
0.04993901959698192,1.5810467336260097,1.4732346715694011,948506000000
0.3855741985569298,1.4659541634428486,1.4720514132205338,948511000000
-0.2936214612205813,1.6113514086508984,1.4710963092892506,948516000000
-0.008936906559391281,1.664411771270336,1.4706176803601105,948521000000
-0.04385942601734664,1.667081607330852,1.469782116524598,948526000000
0.10137358049507028,1.4437498330016134,1.4687713150151074,948531000000
-0.035007794542151555,1.6045330173236538,1.4684696674994375,948536000000
-0.09162311612655374,1.5765894085860372,1.4685860402604485,948541000000
0.24189421553660032,1.5395285241757988,1.4680291324387242,948546000000
-0.11091729351762271,1.630256615824706,1.4675769526915017,948551000000
-0.06577466469416861,1.5593335502696948,1.4669519347032038,948556000000
-0.05631279600470369,1.5753120180704963,1.4669743748670037,948561000000
-0.0871065681000272,1.572282568542102,1.4683774331620638,948566000000
-0.48342536789788004,1.577481592654647,1.4709033985992523,948571000000
0.6591239367840007,1.580342922571035,1.4739147729315443,948576000000
-0.440956709413685,1.6079728944653058,1.47551417375504,948581000000
-0.3728870172569482,1.5385193729016402,1.479579641342154,948586000000
0.7754626858806398,1.6338441180315542,1.4822644731562895,948591000000
-0.5757522409904811,1.592137099582614,1.4850359148182255,948596000000
-0.30302711923422504,1.5359885554607196,1.48946996523482,948601000000
0.9845543331766862,1.6632106680297207,1.495966838319381,948606000000
-0.6449426306559591,1.6144832619569853,1.500169277880319,948611000000
-0.07653152640461895,1.6051648448822529,1.5047094968709571,948616000000
-0.02673550763216538,1.6048500243633517,1.5095245414598328,948621000000
0.09064111622843835,1.646126855868439,1.5133482829206335,948626000000
0.03127712874275447,1.610525591602611,1.517690070950285,948631000000
0.6980945382676257,1.6870298002895168,1.5202188059259516,948636000000
-0.9394242243205331,1.6192936359726058,1.5228107313999866,948641000000
-0.06989277103983607,1.6402223203427533,1.526421323284094,948646000000
0.08909887864284499,1.6077343012869414,1.5292218315092565,948651000000
0.056984529767558204,1.653654775383167,1.5327877606494171,948656000000
0.8182909905533405,1.7279318846550051,1.5347293995190634,948661000000
-1.0147026952967018,1.6448116695859738,1.5362547470639807,948666000000
0.091159303292184,1.6228229884620473,1.5392100857913764,948671000000
0.1512073798515024,1.6503587550946306,1.5433535446387001,948676000000
0.7499175493880206,1.7401595937785823,1.5450346946199864,948681000000
-0.9259326870458057,1.602065736094274,1.5471077076043493,948686000000
0.004650733791022547,1.6392681132633116,1.54954827745759,948691000000
-0.1560990233912594,1.7076885631343204,1.5541680906142215,948696000000
0.8444008893527309,1.6400201616972387,1.556023161024778,948701000000
-0.8270866489315074,1.6596719520975853,1.558530786197416,948706000000
0.03269756003776371,1.6376373983368488,1.5612703837282809,948711000000
0.6117352226962032,1.7035139293532604,1.5638084867149984,948716000000
-0.5732343230593981,1.669583349606754,1.5635581965968666,948721000000
-0.21774860987061945,1.689524333189549,1.5660148593808902,948726000000
0.9651159409734371,1.5638008051312076,1.5643777205667855,948731000000
0.0017019761116052138,1.7709129521232363,1.561489379044227,948736000000
-1.1325245938289414,1.679866315762395,1.5616617188962387,948741000000
0.6426698568011627,1.6697451858170618,1.5587964438250648,948746000000
0.10578147555901796,1.7052389648329176,1.5557018382487295,948751000000
0.025466752582972454,1.671963627436413,1.5527539473308178,948756000000
0.017211167636370494,1.644485570508408,1.5500250345914728,948761000000
-0.14288929803580624,1.627888040222825,1.5467480740375272,948766000000
0.13205565945343495,1.7332125648735248,1.5438947594642853,948771000000
0.057991710466788526,1.680320266868295,1.543260875665015,948776000000
0.05608406807940447,1.4830560398470123,1.541383697341728,948781000000
-0.08976740513415093,1.8022329197649516,1.5403370527418538,948786000000
0.11405317472769365,1.6914929600374167,1.5400430816845736,948791000000
0.17782420299537754,1.4714666015132833,1.5393472265221397,948796000000
-0.2530274190995429,1.7951409992448262,1.5388232018834886,948801000000
0.09757801391283318,1.6857947168153062,1.5380724637505903,948806000000
0.05419725272195103,1.5622255659148743,1.5389467084691795,948811000000
-0.10986293938484504,1.6323972327087504,1.5380944514763162,948816000000
0.09033825576773973,1.7434180065848357,1.537850840882783,948821000000
-0.02779342420984181,1.6848512336675225,1.5388797648036454,948826000000
-0.014832800930778189,1.5057468939371654,1.5378430071171572,948831000000
0.032949435306769144,1.7715626283859889,1.5378787220087953,948836000000
-0.0698175048676206,1.6598949950268607,1.5386888950646922,948841000000
-0.0067243197264561,1.522934094220204,1.5378555665585343,948846000000
-0.45390076776882154,1.7827351366793671,1.538238557399663,948851000000
0.29934038642020094,1.7201467300085027,1.5415455645266425,948856000000
0.17381806804127062,1.6335934071028169,1.5427774855720089,948861000000
-0.5919291808178929,1.6087995343867227,1.5457039614896406,948866000000
0.2509505563382155,1.738343556965756,1.5491971686383572,948871000000
0.40076555546583814,1.6402709564963542,1.5513582808321051,948876000000
-0.46450562645633076,1.624897910112671,1.5559982529042014,948881000000
0.02463859266219341,1.6482146095574837,1.560578796895223,948886000000
0.104619700411977,1.640071409980699,1.5650736998963477,948891000000
0.030934713856534915,1.7069906333911258,1.5704225124773927,948896000000
0.6496383989155029,1.5946884114650974,1.5730633555424203,948901000000
-0.9270366672594411,1.7632630356313372,1.5760090790231926,948906000000
-0.06102501901347091,1.7426418505475105,1.579465746763835,948911000000
-0.010622086771851374,1.7474390059871319,1.583333008177962,948916000000
0.09247523092267576,1.649185299527436,1.5878047187880275,948921000000
0.044446661585837155,1.6600978500893193,1.5887047344808995,948926000000
-0.2460682692578891,1.7376323891666927,1.5922482904008968,948931000000
0.03805638332650494,1.7178138612749847,1.594364606841278,948936000000
0.019279233560775027,1.8280294941654198,1.5992453255725947,948941000000
0.7973556941646119,1.6426540742186995,1.5994201763175295,948946000000
-0.9386485715965082,1.6323890779518324,1.6022882784659485,948951000000
-0.0033413844424231565,1.7497913704573023,1.6048636259763718,948956000000
0.6508416599680512,1.937195405417258,1.6071618685936215,948961000000
-0.5494684425786949,1.532559406196583,1.6064856712140168,948966000000
-0.20091433319237292,1.7002742782995341,1.6086818969251402,948971000000
0.08773247741367184,1.802595503294843,1.6109591904569447,948976000000
0.8834184358412411,1.8126286640722247,1.6133486350055577,948981000000
-0.8597620353489968,1.5658946821598856,1.6138272865806962,948986000000
-0.014454446340019873,1.7055610247633965,1.6167282030753491,948991000000
0.6357515414065896,1.9502604799563106,1.6197931653192026,948996000000
0.10815293455324851,1.5837573476202484,1.6188613580818831,949001000000
-0.8936938097268918,1.7161834647744358,1.621433520002824,949006000000
0.7262052503911436,1.8837463214154788,1.6238781655711092,949011000000
0.11057360204638836,1.61614914579229,1.6226522250118427,949016000000
-0.7584307425481032,1.6849578946766652,1.6237543777031087,949021000000
0.7898309637247237,1.9172019937374905,1.6232506297174292,949026000000
-0.13063141438446738,1.6144328704998865,1.6204974555801812,949031000000
-0.6170305557888084,1.6928225967759452,1.6189074809654374,949036000000
0.5593893840284482,1.8129313389529982,1.619524888116317,949041000000
3.390553380315173e-05,1.7512338836885988,1.617215006310344,949046000000
0.10938192572295984,1.685675883145005,1.6149441321281788,949051000000
0.044565504981819964,1.6611018032974159,1.6129755621193984,949056000000
-0.0402543376520685,1.7433547050570029,1.6113747540410814,949061000000
-0.12092197988483215,1.8195515424898234,1.6087782092557488,949066000000
0.14085245145885428,1.6720752342311722,1.606614727582958,949071000000
0.013763004360349933,1.6389519561408563,1.605490410903166,949076000000
-0.07892133225138633,1.814384953988282,1.605545481618962,949081000000
0.17411930036272708,1.6624446357168676,1.6057743569065066,949086000000
0.029062697094169133,1.6788676121666837,1.607106073145367,949091000000
-0.11336241533404606,1.7635373078381078,1.6076529232296024,949096000000
0.04481461708712124,1.7095746521468114,1.6080067366489876,949101000000
0.10218082280361224,1.65044763813857,1.6093032175040203,949106000000
-0.12472750290600534,1.7468618562466265,1.6101307475945783,949111000000
0.012367785218906243,1.6785485609188553,1.6101104710848275,949116000000
0.11885353484756693,1.6686775516355512,1.6110810884376068,949121000000
-0.13438863089431216,1.7914141359899802,1.61120015782762,949126000000
-0.028576388474282614,1.7195245155494103,1.6111525476847572,949131000000
0.07869915905442239,1.6779986554260746,1.6112997729350758,949136000000
-0.10713382853908049,1.7511186976883257,1.6118487505172512,949141000000
-0.01868156376879014,1.7641940620974983,1.6110700341133055,949146000000
-0.5002707282563794,1.6631894131091494,1.6139714600134654,949151000000
0.6696759331954606,1.8735337075236034,1.61454951956606,949156000000
-0.7549724961598657,1.704569624158051,1.6155704963736102,949161000000
-0.007707994303109934,1.7640175070012238,1.6191708309493003,949166000000
0.7697383106212214,1.7571677373078574,1.6211580699400807,949171000000
-0.790322440066055,1.7094953195847056,1.6233449256283001,949176000000
0.13753824525974126,1.7649709385848324,1.6274031907338202,949181000000
0.10434395367176884,1.7810115895684333,1.632837471083731,949186000000
0.030370309669928434,1.7801473572348254,1.6369539999541587,949191000000
0.03365150080324034,1.6588374237827632,1.6394040289732523,949196000000
-0.2156989229930623,1.7578887066042075,1.6432796860339138,949201000000
0.0033016793131431365,1.7698714487289715,1.6475903749845384,949206000000
0.05942897231173399,1.8143490447599755,1.651325675056232,949211000000
0.6704696643842224,1.7879769647116641,1.6520345457296302,949216000000
-0.8316781037450467,1.6732013343132914,1.6552573119728256,949221000000
0.017822435558952698,1.824132607864156,1.658481998381922,949226000000
0.059181164779473584,1.780744157529258,1.6615601352159082,949231000000
0.7969689448578922,1.8031561998554855,1.6626359677794464,949236000000
-0.9506627636463804,1.6709545635575584,1.6635440058364568,949241000000
0.020072590092411947,1.7636884784859637,1.665782199388742,949246000000
0.2469302514619065,1.8020528150593924,1.6692169033637194,949251000000
0.7452248951863306,1.8180190842971287,1.670591969843683,949256000000
-0.8488799481962889,1.7627660640999716,1.6736226932297729,949261000000
0.012485116861052758,1.80873197203151,1.6765015021516767,949266000000
0.7211048032725826,1.7769863916064852,1.6793422947607175,949271000000
-0.6298034815947879,1.7737761125326958,1.6794188001898516,949276000000
-0.14555169587546463,1.8142720134545682,1.6824099968620452,949281000000
0.10589501996487936,1.8189870315294698,1.6861593400615353,949286000000
0.7177817375537672,1.7615317691367203,1.6855525264809625,949291000000
-0.9390896073680971,1.8667922528781644,1.687391777532385,949296000000
0.5508010627358226,1.7996028255358323,1.6903552039983278,949301000000
0.32905468584434333,1.7903745419699906,1.689101186716254,949306000000
-0.6144145209202176,1.6261324865147557,1.6887475637238383,949311000000
0.5043050179837006,1.8940278567661155,1.6902966340491425,949316000000
0.13470612172167332,1.7585594134450677,1.6893891930305607,949321000000
-0.016867264912355896,1.7978872567622228,1.6879840023855266,949326000000
0.004527799196089779,1.7766357911740829,1.688252006719842,949331000000
-0.19256019853993983,1.624803089138678,1.6877199376723673,949336000000
0.09279319220386181,1.9917562123971913,1.6873177070324075,949341000000
-0.007375443784054438,1.8376295148968773,1.6853214726596655,949346000000
-0.04212361651103075,1.769235899111675,1.685399668064357,949351000000
-0.04253791265108401,1.7038618500582001,1.687053490867753,949356000000
0.15621969331091448,1.9260539966037509,1.6879669137633628,949361000000
-0.014655857612810299,1.7820587997271573,1.6891159834472609,949366000000
-0.11519592464093006,1.7217739992460794,1.6899642333867635,949371000000
0.08056237353870616,1.9017862439423927,1.6916935394294703,949376000000
-0.012229350761512665,1.8077622252099272,1.6927386425296682,949381000000
-0.02377104405272048,1.8202746533853218,1.6932709134349988,949386000000
-0.07556838615936427,1.7490406685547506,1.6946354082781023,949391000000
0.0643468246622019,1.856282881888591,1.695411625417071,949396000000
-0.023930523876297113,1.8196425614576073,1.6959910998281318,949401000000
-0.08703987531132852,1.7274084203769517,1.6968716116195164,949406000000
-0.5935808746261558,1.864371682470968,1.6995485784937003,949411000000
0.7149061694154568,1.6564501454715388,1.7034057034357286,949416000000
-0.08510327644424523,1.9310670976534607,1.7049994377683033,949421000000
-0.6373791909091187,1.8981055615209574,1.7080729683884828,949426000000
0.21007050323453672,1.6884374126088268,1.71303856816853,949431000000
0.4379972695829428,1.9246441341344016,1.7152309123067213,949436000000
-0.8552786509679016,1.8522672226021462,1.7189205261694633,949441000000
0.0420051049655079,1.7374506800949574,1.7234509976832246,949446000000
0.10164449210747675,1.7604887880325404,1.7285632300829656,949451000000
0.13877935937864494,1.9974197812534646,1.7346064119235,949456000000
-0.11793420831733437,1.9242173428580576,1.7390833029412043,949461000000
-0.08579432829508807,1.8086069159751386,1.7444444379346469,949466000000
-0.039828298213699,1.8346542039985523,1.7493158915810547,949471000000
-0.010519179501321195,1.8563498102582565,1.7540900329547706,949476000000
-0.024140891689388138,1.879319604377413,1.758255008185781,949481000000
-0.03228512814929954,1.8834078072690361,1.7621877384247684,949486000000
-0.06559568553433967,1.887527631401501,1.7662872798656528,949491000000
-0.04386753734715767,1.877544275758215,1.77024382073775,949496000000
-0.06622355050940375,1.8627255088993881,1.7710780020470231,949501000000
-0.032668188835180835,1.8522528715488167,1.7741205231346018,949506000000
-0.015232740465542866,1.852290099099361,1.7773052953938622,949511000000
0.010160007749099899,1.9211320274455015,1.7797606687396403,949516000000
-0.02804377793621325,1.8823305765711515,1.78269023833722,949521000000
0.0074654302992972245,1.9291718176291817,1.7858983466413856,949526000000
0.006342249595664642,1.9738799353465029,1.7886548142014767,949531000000
-0.12460143800205174,1.8711810072700095,1.7880069681150315,949536000000
-0.024676190551059615,1.8891136034114668,1.7904236661944968,949541000000
0.006277577250951248,1.8075716721662685,1.7925586288631277,949546000000
0.011065670793459425,1.8109190724651139,1.795815467182118,949551000000
0.9381174794076931,1.7534263309137774,1.7985945727683095,949556000000
-0.7697290707432417,2.2531280963134135,1.8001044459849291,949561000000
-0.06577816945335646,1.905730605297166,1.8038582203159141,949566000000
-0.006870123153860704,1.818822662910154,1.8073899484290386,949571000000
0.8126240311947556,1.694465966207973,1.811168922503316,949576000000
-0.9026601480972615,2.1985437925543,1.8115188235646484,949581000000
-0.0021008591827618196,1.8756541829603643,1.8140129235089548,949586000000
0.8103863292380806,1.9902081454033755,1.8127315234964623,949591000000
-0.8206703838530153,1.9610469529922905,1.81185329734521,949596000000
0.8813838009694933,1.8453665019207084,1.8129162107991832,949601000000
0.15276764512157004,2.00909646368905,1.8101484117826128,949606000000
0.066253886330019,1.8725660142269318,1.8067507908244311,949611000000
-0.17873018301625698,1.9415102948689758,1.8057511559610948,949616000000
0.059826213531915945,1.8247803130527789,1.8029761759444345,949621000000
0.09052883239007578,1.9940379317665227,1.7996584982347654,949626000000
-0.007525537699143051,1.9166962675370167,1.7966301841399175,949631000000
-0.05523463432154727,1.852456358030386,1.793647497195033,949636000000
0.04907389407584753,1.9520711219344091,1.790210406242163,949641000000
-0.06358143013378384,1.969204880603987,1.7872071709080846,949646000000
0.09979926685339235,1.8431009626103902,1.7849100713196113,949651000000
-0.0465139902897396,1.8526468622423828,1.7832918562539604,949656000000
0.00685453910049371,1.8684435725112254,1.7841262667631794,949661000000
-0.007426284395211938,1.8732995709874485,1.7847807653169692,949666000000
0.016363706772932182,1.9300999764049247,1.785331708407873,949671000000
0.09101318936112955,1.923478115271066,1.7860705808355573,949676000000
-0.007304909380795878,1.8948137741590811,1.7867314292511831,949681000000
-0.013433733339302888,1.8928403982044852,1.787547304720003,949686000000
-0.1466333568041466,1.907308314597692,1.787492892960302,949691000000
-0.5729405309853274,1.917993484594139,1.789774073675674,949696000000
0.8334664877527813,1.6372745577960317,1.7921241437100315,949701000000
-0.46480385172995786,2.1407029014095125,1.7949226065366393,949706000000
-0.17681806679731144,1.8119281758508397,1.79910584660461,949711000000
0.7259896169092763,1.9070599015699754,1.8039543101006839,949716000000
-0.7381243094403502,2.040005683911038,1.8084124690942842,949721000000
0.011146401691464877,1.8763875478682825,1.812905333346727,949726000000
0.07629622604190489,1.8687950186891926,1.8183944373640888,949731000000
-0.03982229290487389,2.03797418198169,1.8236433915152916,949736000000
-0.1635213218160539,1.912883740917228,1.8274369767700271,949741000000
-0.07956217591189385,1.9596596359409841,1.8308413973962916,949746000000
-0.03161827780444286,1.9445026811796684,1.8339336199721468,949751000000
-0.011027558579543382,1.9492979032070563,1.8368715024588707,949756000000
0.16368546927654226,1.963491139979994,1.841637254370004,949761000000
-0.010316215593902207,1.9611043949346376,1.8459093419097432,949766000000
-0.02818748555323538,1.9910566247055452,1.849397152667994,949771000000
-0.036365164151804415,1.965791107528584,1.8537142506878796,949776000000
-0.012737445067051878,1.979150182173311,1.8569926259555547,949781000000
-0.010518498638898297,1.952036771477412,1.860437921370619,949786000000
-0.0005363974860010633,1.9701735045749624,1.8636891052880908,949791000000
-0.024981627652478338,1.9609347041092562,1.8666072715513775,949796000000
-0.028935458123227425,1.9878714704049678,1.8695217313105696,949801000000
0.0005150591957241123,1.9931816812394043,1.8721938439831187,949806000000
-0.0068717398512962765,2.0128517909187407,1.875217859952503,949811000000
-0.00422704688337905,1.991298354000177,1.8780529042033423,949816000000
0.004932884151650116,2.033415337228905,1.8805120136312603,949821000000
0.008676220631244591,1.990358639065206,1.8827603420491241,949826000000
0.8358735717826623,2.0182663525493405,1.8868290682992508,949831000000
-0.9688358360843193,1.9922901275853964,1.888719463669253,949836000000
0.023674301797955814,1.9933468026902061,1.8922264019669643,949841000000
0.07160769348816502,2.013546382164403,1.8953823920816122,949846000000
0.7659062608799063,1.8727391300907574,1.8987718118836006,949851000000
-0.892538291416473,2.1131428826976313,1.8983282201859761,949856000000
-0.08185770123271126,1.9752397854968515,1.9019014898558169,949861000000
0.5940840307547213,2.000385131259827,1.9040107240529671,949866000000
0.11070040730974187,2.0218084125881908,1.9022794469905866,949871000000
-0.7993853915627931,1.9473291549436567,1.9045525160328671,949876000000
0.8234022644511838,1.9095961973095261,1.9029741601635055,949881000000
0.06871133498269445,2.1088613815349158,1.9000874981760167,949886000000
-0.18731541896771753,2.0207382321446445,1.9000750746057191,949891000000
0.030435785946974908,2.0409595507342866,1.8977983563552814,949896000000
0.1282553993142475,1.9815531985929176,1.8957712061087741,949901000000
0.011335589684231253,1.9865219651459927,1.8925290207662935,949906000000
-0.07232906045049116,2.0208214392428143,1.8899660319394596,949911000000
-0.07950590936386966,1.927557173001364,1.8866553562330477,949916000000
0.1705315517296876,2.0278003613672446,1.884793550307133,949921000000
-0.02016071048485892,2.0133456502623055,1.882876324183189,949926000000
-0.021127342057630415,1.8726634031692824,1.8828161213465253,949931000000
0.14947847266969824,2.0700179060812665,1.88304706648834,949936000000
0.03774164141814437,2.029617486213869,1.884550340001414,949941000000
-0.016913526978555034,1.956798953385226,1.885208861061657,949946000000
-0.05453501836194187,2.083044265275974,1.8852467225839278,949951000000
0.12096641060303788,1.9864070142899022,1.8861059982531834,949956000000
-0.006737537061397902,2.006851112289829,1.8864365303248647,949961000000
-0.09865680481625604,1.9224655395250694,1.8869440284006773,949966000000
0.08684224381211644,2.0524305158058107,1.886627700927297,949971000000
-0.6793819748555011,1.972572531361934,1.8896290018499968,949976000000
0.6647409913996164,2.0299369722267486,1.8928030155867162,949981000000
0.05021739090740492,2.0243466342954615,1.8941265326253738,949986000000
-0.6386589820820147,1.9233985006813517,1.8990511127856788,949991000000
0.5209029902980848,2.0270338025090946,1.903351846676386,949996000000
-0.6416906995378611,2.06477855829571,1.905113030450591,950001000000
-0.20858269889310943,2.0333626623226517,1.9096866941731552,950006000000
-0.13830018482697345,2.0644956211335153,1.9159057303195,950011000000
0.46016633655798433,1.9672144582779967,1.9210472152954101,950016000000
-0.1836171279870269,2.029758261383487,1.9232880304230386,950021000000
-0.11119950427661963,2.097296358652969,1.9272928096349629,950026000000
0.1509329377817742,2.0469757111106905,1.9310885399610316,950031000000
0.07241269521969385,2.0001450079218577,1.9362387623522865,950036000000
-0.04443141183282473,2.044826888204321,1.9409844893290207,950041000000
-0.0025094336609880266,2.032862170502751,1.944935799916038,950046000000
-0.06330622246416244,2.0642369513738648,1.949119554307855,950051000000
-0.047711975090779186,2.0618603006880356,1.953159675462785,950056000000
-0.022999384229057885,2.0913914853100994,1.9562059200472346,950061000000
0.799423549918058,2.0630122614839936,1.9589156893398443,950066000000
-0.9339766258796776,2.1117503201850365,1.960457536527064,950071000000
-0.02405570453990248,2.0475417411677377,1.964094286212159,950076000000
0.030699859624558866,2.074529037770784,1.9668628860321844,950081000000
0.04098738010817027,2.055891639591681,1.9689694687221477,950086000000
0.027572129551737042,2.0981648953310064,1.9723773850449582,950091000000
0.9546373820758426,2.0467189956231424,1.9721576352554162,950096000000
-1.140267258833569,2.1585974388258053,1.9744989584437485,950101000000
-0.03378263222453346,2.0830853633723865,1.9767696364426282,950106000000
0.11618249036768538,2.0715403550049643,1.9790590477933478,950111000000
1.0173627356601622,2.105030872525854,1.9809620750868515,950116000000
-1.1238481665498687,2.0411353369056404,1.9799099635298405,950121000000
-0.07164356595943261,2.089224150245439,1.9813044965756592,950126000000
0.10641775238764652,2.1145403196654833,1.9830959225761202,950131000000
1.1553073182958444,2.0886860798226055,1.9860478504438883,950136000000
-1.0328829750542352,2.1023131093450824,1.988373902552616,950141000000
0.030256445546014577,2.111365569103614,1.9917660006770088,950146000000
1.0608960855203136,2.066304427384796,1.9934233125473382,950151000000
-1.1075192759716073,2.1356479963580566,1.9934931833145737,950156000000
-0.04370114064820281,2.06369970765212,1.9972485938095574,950161000000
0.9589669776480888,2.0685227457936377,1.9984985854043016,950166000000
-0.7116030980505771,1.9985787376660302,1.997957565498186,950171000000
0.38341642084738975,2.271378485973049,2.001039639143468,950176000000
0.3614401214836461,2.016855897560886,2.000850191076825,950181000000
-0.03864030177151727,2.0004463819425995,1.9991952485105864,950186000000
-0.1939661397411388,2.095545981405078,1.9989233824384716,950191000000
0.09368092638042401,1.9340703375514805,1.996300314573667,950196000000
0.08653452648451275,2.2717507449367647,1.994088211405998,950201000000
-0.05036713535231897,2.163358852514952,1.9946881095940745,950206000000
-0.10743419338250368,2.0794319169200275,1.9958643609849402,950211000000
0.016015847213321503,2.0346996802596573,1.9973264568245606,950216000000
0.09105613948827371,2.2029844594033845,1.9976943094399826,950221000000
-0.0644413807886566,2.1488071482124798,1.9986256612565545,950226000000
-0.15656664146115318,1.960144039509573,1.999896177179269,950231000000
0.169070863526025,2.214651742001607,2.000640552071811,950236000000
-0.0009313325357796676,2.075376184890507,2.001021105753269,950241000000
-0.060408437812296684,2.1618494006922786,2.00179986656855,950246000000
-0.12117880379588988,1.989450785080749,2.002901992975258,950251000000
-0.4772428174576931,2.1219507765263455,2.006179048430652,950256000000
0.8729601265392914,2.0707774820388423,2.008624754351283,950261000000
-0.8605035605924629,2.1735741279342196,2.0121687827725103,950266000000
-0.20204846404602955,2.017419083781145,2.017616397729575,950271000000
0.9014368465784932,2.120738250056749,2.0224369186132707,950276000000
-0.8912649466719691,2.164239530480028,2.028224082677346,950281000000
-0.031979037845390496,2.112842362809238,2.0339510093349107,950286000000
0.23480110487412137,2.138518484793202,2.041547053248428,950291000000
-0.05168221600073503,2.239631974832724,2.0470969055871806,950296000000
-0.18434665916240753,2.172426575076494,2.050229921260218,950301000000
0.11496544130937891,2.140545475270705,2.056674686028474,950306000000
-0.002568954649906117,2.1385829334227364,2.0630127822466013,950311000000
-0.06372271626757758,2.168477977841346,2.068682237075179,950316000000
-0.06139996116582067,2.1913570596587175,2.073121872625791,950321000000
0.006431877265711532,2.188781881789549,2.0791444051642403,950326000000
-0.013087445664124203,2.191716392123078,2.0839139745796795,950331000000
-0.04013399597111082,2.2273078438898457,2.088586884702823,950336000000
-0.03255216268310654,2.2089951687103593,2.0924862809110043,950341000000
-0.046288656477413856,2.2275869153138093,2.0968147573241023,950346000000
-0.02818932115862234,2.2075648381218027,2.1007597617861804,950351000000
-0.08009204251198072,2.182573373879683,2.104267388613998,950356000000
-0.006754322553345026,2.244348975917671,2.108170749251955,950361000000
-0.040272899251764,2.238425867163872,2.111727107336433,950366000000
-0.04693274833472616,2.1955890390420065,2.11505627065426,950371000000
-0.0471751911356717,2.2537092513806916,2.118236488883149,950376000000
-0.03738533796990828,2.2509427065911023,2.1210448470349035,950381000000
-0.04073502403906078,2.2081584929365627,2.1242651477674195,950386000000
-0.02230487607020843,2.225196334201127,2.1262620809261863,950391000000
-0.02655469867975445,2.2304422132652006,2.1293468761635963,950396000000
-0.04471589297485529,2.202492835263291,2.131752905446404,950401000000
0.2150882532698819,2.273139950942624,2.135056543988405,950406000000
0.0609969584234754,2.2410052636060493,2.139297127100898,950411000000
-0.006712754062531702,2.2569607616536,2.1435507875074524,950416000000
-0.022037764138457663,2.267126531194707,2.147090009124148,950421000000
-0.015903372115316113,2.252459142048896,2.1505189226795647,950426000000
-0.048286647708997474,2.2382783323768765,2.1542748192289802,950431000000
-0.00356961098435344,2.252487232080866,2.157336621162235,950436000000
-0.013764656008202519,2.2669313569736955,2.1610006271509974,950441000000
-0.016426282597420974,2.2420710298921476,2.163743228371266,950446000000
-0.008907226537779825,2.2828213020952455,2.16687859374574,950451000000
0.014202485320347034,2.266432523642555,2.1696616351119364,950456000000
-0.04559619727382164,2.2806783120858367,2.1728965343234963,950461000000
-0.033361729593490236,2.2734968396248054,2.1750594065976965,950466000000
-0.049934777669135816,2.2915501888036247,2.1769350192622263,950471000000
0.009472977750688776,2.2678254256175627,2.179470018453822,950476000000
0.0725082081006027,2.315205485691992,2.178311977403342,950481000000
0.9138906623649741,2.158714428889022,2.1777699916674966,950486000000
-0.021655132032097568,2.357674524182595,2.172608327736821,950491000000
-1.0578096321234756,2.3373408357087495,2.1723140552592843,950496000000
1.3661795652254556,1.9602528483924322,2.1698926968775356,950501000000
0.11219713911264424,2.4585630947504034,2.165279883299112,950506000000
0.13722917815192945,2.3467552299497636,2.1629838290548244,950511000000
0.019179530373658944,2.313411574024848,2.161618490983642,950516000000
-0.032819649926348775,2.310475842335634,2.160099923412102,950521000000
-0.008549610979681406,2.289616090249387,2.158080507138497,950526000000
0.006501252052461553,2.257952037808234,2.1575735361817148,950531000000
0.0313229758444694,2.270279485499333,2.155965979037989,950536000000
0.01504769572326445,2.2529745123020954,2.154854695784841,950541000000
0.038576655298665136,2.2518742154646465,2.154571196286433,950546000000
0.015829506623628482,2.237561179167988,2.153983690580302,950551000000
-0.02918035347537763,2.246027208783538,2.153673342172152,950556000000
0.006863617941631445,2.273355463391528,2.1532027787539576,950561000000
-0.07864335403882666,2.3386720391843006,2.155899369597926,950566000000
0.070007746946358,2.140181259549609,2.1559095428972315,950571000000
-0.7415058809730923,2.3017919837192675,2.156213104252836,950576000000
-0.20852203055911325,2.311316201243849,2.1606223290792688,950581000000
1.086069196042725,2.4870848318677057,2.161777631854342,950586000000
-0.6998341130061383,2.0793369653880056,2.1651393806247636,950591000000
-0.24160759578687616,2.328597082706667,2.1702333589622778,950596000000
1.036873635557318,2.4132180593535244,2.1741770361021504,950601000000
-0.9628632730100398,2.136763761635911,2.1792104631277187,950606000000
0.3347009714667979,2.2505243130746004,2.1848420099992456,950611000000
0.08404198608706162,2.282933637493152,2.1913763269788,950616000000
-0.14392842276080448,2.3334380001310553,2.1975545883815184,950621000000
-0.05656150057741291,2.350551236047472,2.2027744018691946,950626000000
-0.044205875917483164,2.3594406978064013,2.208490899541713,950631000000
-0.026196706626300827,2.312333297895242,2.2138635012001773,950636000000
-0.0747517203071484,2.315528553494967,2.2192067653558234,950641000000
0.13996893068793953,2.260145192626473,2.223476523273611,950646000000
-0.16194483776653512,2.4810221455248036,2.228636918644736,950651000000
-0.025905687401016966,2.274998358774488,2.2324356612602587,950656000000
-0.10118529891434327,2.343692069616325,2.2365133565292115,950661000000
0.15386538311269593,2.286655429088542,2.240504936890378,950666000000
-0.2909741659007499,2.5088767498035858,2.244531185250035,950671000000
0.2960761371961831,2.3030598664297055,2.2486842108099254,950676000000
0.10736641921795367,2.3941803647483026,2.2547773935313646,950681000000
-0.03251231974374745,2.362714747416521,2.2596984980655423,950686000000
-0.055580511969685435,2.389481794591932,2.2642513165270177,950691000000
0.0007943334222916681,2.445231753782805,2.2687449212515634,950696000000
0.008775042099941531,2.292904393900322,2.2735436778328317,950701000000
-0.10414517491540214,2.355596201630511,2.277824301523578,950706000000
-0.05553608790132416,2.4082303651276744,2.2816465009534124,950711000000
-0.03513256509595395,2.3836446012414427,2.2855574687445266,950716000000
0.15246124102950784,2.3286108710507962,2.2887491253605723,950721000000
-0.09123662594000134,2.6093486782800923,2.293176798772237,950726000000
-0.0345590719391682,2.274155458353057,2.297096970070208,950731000000
-0.054994970460016904,2.407312074626233,2.3003638332837566,950736000000
-0.023904978286334824,2.4151840739351833,2.3028330164632536,950741000000
-0.01158920164800004,2.447436120844792,2.3053386233205635,950746000000
-0.03631642850293895,2.4226963830677333,2.3076524054664502,950751000000
-0.03928854640340429,2.4116084300740956,2.3092629075338,950756000000
-0.015080524350223131,2.3911419282778295,2.311393413265269,950761000000
0.001122748388718656,2.3978473205626374,2.312826101923293,950766000000
-0.017662979671753662,2.395069697475485,2.314405066017202,950771000000
0.006215364752139538,2.3788093436948303,2.316178146658497,950776000000
0.31975525048524756,2.400610132198608,2.3201377684245736,950781000000
0.06582661803005671,2.3581456936405427,2.3231654486125013,950786000000
0.0008753401185680049,2.43184213550935,2.328180352481872,950791000000
-0.02444336834505445,2.4627972332731556,2.3322555514936747,950796000000
-0.024597897607025417,2.415934567095008,2.335972174650791,950801000000
-0.024748913740047264,2.4519977020854062,2.340236102949957,950806000000
-0.012578360461663406,2.424754103408618,2.3440078197107765,950811000000
-0.015107535844301846,2.461008141297615,2.3478781195290854,950816000000
-0.029792953479447257,2.4722943012823815,2.351114671228456,950821000000
-0.028116556675657236,2.448406004404932,2.354178594076409,950826000000
-0.00304254398528557,2.427676558447114,2.3572215191458064,950831000000
0.08399688855229716,2.444483934936241,2.3540655182354753,950836000000
-0.15078560008055825,2.325554950178754,2.356029590502839,950841000000
0.9891822235424836,2.703336291575753,2.356788607627212,950846000000
0.05761251929507228,2.4357743455356493,2.352933238096622,950851000000
-1.1778370286047863,2.3330815983723108,2.3521749775737986,950856000000
1.1760868521915628,2.559592598929586,2.351612865075483,950861000000
-0.004383525811412003,2.4577031544447143,2.3469278046126103,950866000000
0.06182854281619598,2.3454352714377387,2.3432873619919294,950871000000
-0.051730448153853234,2.50125246235892,2.3389629707055692,950876000000
0.01566285477806431,2.4256974316904425,2.3368340443390516,950881000000
0.12606319179729983,2.4518045444123895,2.337686101186536,950886000000
-0.03177502470785062,2.556543676502385,2.3383268261975436,950891000000
0.12596839191973896,2.321606123914872,2.338619817904402,950896000000
0.029770625978002587,2.4423934407584023,2.33978490705739,950901000000
0.010691086801025068,2.4648460261645995,2.340713513218771,950906000000
-0.024002270632011356,2.4526312803815586,2.341853107275756,950911000000
-0.1094375507197617,2.295317627443657,2.3432300145243,950916000000
0.11686648121176499,2.6461463433570724,2.344058855144049,950921000000
0.038116014119412206,2.436191612869836,2.3446781180318417,950926000000
-0.0560208968637317,2.518445651888481,2.3451726507751696,950931000000
-0.0016719454290554017,2.4084439725623503,2.3457060047357894,950936000000
-0.06632833406229423,2.357608440233205,2.3457287893611047,950941000000
0.1027163999439858,2.4945259217089037,2.34595044031417,950946000000
-0.10245694848439163,2.2797331158756178,2.350241501180682,950951000000
0.12255499867110514,2.5875615811141297,2.351641136789618,950956000000
-0.8718751079153849,2.565966561823381,2.356771906794525,950961000000
0.9708618888455249,2.1688777450001977,2.3628091914953653,950966000000
-1.0192742001442994,2.689682585151306,2.3659363607690094,950971000000
-0.06149797015792331,2.5001412558014318,2.3719346853291534,950976000000
0.018683264641097073,2.457961035978995,2.377388288315227,950981000000
0.3373169061300403,2.510292780629466,2.386131855507638,950986000000
-0.01593396992688876,2.529902847987218,2.394558866551529,950991000000
-0.06060087904066098,2.52386122324318,2.4021019473255296,950996000000
-0.08012069997765563,2.4902958934661044,2.409475588984341,951001000000
0.008803666795086061,2.521996500932813,2.4168630308408505,951006000000
-0.038942764644510866,2.5509751312248388,2.4229432921979717,951011000000
-0.05301441571844567,2.517045827170567,2.429270064523783,951016000000
-0.044883234200454585,2.5471960980179555,2.435512591433207,951021000000
-0.03989360539291059,2.508771604804115,2.440726258501442,951026000000
-0.06611043085970075,2.528331555637553,2.445922253542787,951031000000
-0.07202153358446013,2.5551908541648847,2.4506044474287685,951036000000
-0.0025055936797554884,2.5662688226850787,2.455156551632247,951041000000
-0.03111992833505734,2.481885176092626,2.459706257726911,951046000000
-0.014891578018640033,2.6155583059731113,2.4649710838779058,951051000000
-0.07911925147946645,2.6270760291292707,2.4690674983479086,951056000000
-0.062259756031112314,2.5700965272748584,2.473449181352719,951061000000
-0.05334743078954797,2.5886979743774647,2.4770811256495144,951066000000
-0.03131412570949317,2.584465120140492,2.481288626030506,951071000000
-0.037294912233913055,2.5788810914673155,2.4844045525870837,951076000000
0.0055243509165814305,2.542388388515281,2.487537468586742,951081000000
0.29976026547839213,2.5620517562434646,2.4932714704245758,951086000000
0.05615042295595262,2.66200892456246,2.499367870758365,951091000000
-0.038106786031395036,2.5976017832646554,2.5050783824467833,951096000000
-0.04539550432939443,2.614939455001851,2.509782088687239,951101000000
-0.05587693874741755,2.6242462993045454,2.5148408457361366,951106000000
0.17035116761860292,2.663613897123504,2.5181703507567375,951111000000
-0.17761471242465202,2.4812838757775233,2.5233430755022974,951116000000
0.024678504228446377,2.762508789201354,2.5278077976979,951121000000
-0.0925207664256312,2.6535043426192204,2.5317075315106012,951126000000
-0.045756935039170464,2.6258638112171164,2.5352744469716537,951131000000
0.002419964238167562,2.6650165651022815,2.538390950292509,951136000000
0.15903180420243704,2.6590623723938434,2.541320189012638,951141000000
-0.24017611686912527,2.4791103605312323,2.545424339335626,951146000000
0.07047792377358446,2.777571462188589,2.5499218612623222,951151000000
0.34491679195234537,2.73245544346956,2.556275963184222,951156000000
-0.024042194543821043,2.6829539618730536,2.5624114409981753,951161000000
-0.03106317263135566,2.6705268954282766,2.568183706641399,951166000000
0.13907251209732474,2.683689042979593,2.5735285993201296,951171000000
-0.23037703901997214,2.5110860366108883,2.579833900015831,951176000000
0.13674064075250017,2.8568357761386887,2.585516896849638,951181000000
-0.08172896114892407,2.6940759634189577,2.590587070828445,951186000000
-0.07582207251217933,2.699230408755654,2.5947427630902222,951191000000
-0.02919026013634212,2.7208167522559146,2.598519035557653,951196000000
0.1534894077018765,2.6789809142775938,2.601801706395661,951201000000
-0.2761481903820926,2.5582966030750858,2.605846085098346,951206000000
0.17856050694497172,2.835786451229676,2.6098581703668806,951211000000
-0.09140690853130211,2.7331482281648407,2.6129644491646333,951216000000
-0.04889073608120812,2.691668744739747,2.615621050057635,951221000000
-0.006428263307995209,2.716072616473319,2.6178443852102737,951226000000
0.014703919848779801,2.7192810049261165,2.620428465183227,951231000000
-0.04532661659276498,2.6416750315730884,2.6242623693696814,951236000000
0.06810702201153983,2.780925410957241,2.6275567665891635,951241000000
-0.06057919589337156,2.7433816472918084,2.629548909657204,951246000000
-0.015926098306562386,2.7280536557608053,2.631762023916398,951251000000
0.5167345828919014,2.6973639997566203,2.635404374444485,951256000000
-0.08564258543843611,2.6451118236023854,2.6410480918605197,951261000000
0.14635537923453512,2.8576957227188355,2.6473049573505296,951266000000
-0.10813140283726871,2.77387710591241,2.651907864746425,951271000000
-0.07582967138436247,2.759986996466558,2.6556369537089823,951276000000
0.14336743989624146,2.7169844901720808,2.659589941803663,951281000000
-0.3777796772384711,2.7272130084567507,2.6645607975341434,951286000000
0.2511666199325108,2.8404315542706495,2.669759247489484,951291000000
-0.09441162951411192,2.819388096893102,2.6737339613795554,951296000000
-0.07125155069199217,2.769166669751458,2.6758542107705305,951301000000
0.19031265125416968,2.7121221470703514,2.6782850034790204,951306000000
-0.3015966912814549,2.8173274121075225,2.6828343639638885,951311000000
0.16003667581959002,2.7872442962008934,2.687297051604064,951316000000
-0.052120618865039534,2.8120661084059475,2.6904678031452502,951321000000
-0.03225880797764518,2.7867046402160423,2.692668610215479,951326000000
-0.08353004517409679,2.780534107429289,2.695014270769038,951331000000
0.06027479787540809,2.7376406046933632,2.699113621427923,951336000000
0.040548816758406867,2.818902555080122,2.7016007378614924,951341000000
-0.05056232944714712,2.8024176093548006,2.7034045190802036,951346000000
0.17845782454472559,2.689363803901497,2.7047917415297533,951351000000
-0.4110104699738225,2.9281582956707357,2.7064927631529097,951356000000
0.5286052596451329,2.8293440301802897,2.7130405105563775,951361000000
0.0056497666281537995,2.85361290864455,2.7175185116157743,951366000000
0.14696442182180905,2.681823191729143,2.7213040632335956,951371000000
-0.4251827351174946,2.9290353658135495,2.726348271194396,951376000000
0.4426102442895842,2.839586620309762,2.7325008332161014,951381000000
-0.14465904992774178,2.8748825108138405,2.7360775910042032,951386000000
-0.10136957903629977,2.844941087018466,2.7391067523982584,951391000000
0.08452714851829975,2.7010681427849064,2.742507299951378,951396000000
-0.26414325648295117,2.983021184865059,2.7475351998971846,951401000000
0.19193093394499866,2.81692636043369,2.7521171983624897,951406000000
-0.05051508681563908,2.837981402839671,2.754735152616067,951411000000
0.10229989676952464,2.7735222413612743,2.757581660753039,951416000000
-0.39462560319578255,3.01434615142687,2.7619379687626933,951421000000
0.253719303850694,2.89715773915982,2.7660497325895865,951426000000
-0.08879467826660042,2.8628679487102304,2.7681601840070065,951431000000
0.12117184990854776,2.777039206932205,2.7701953562364063,951436000000
-0.31334616400380944,3.00724131951955,2.7726620687812575,951441000000
0.25817565457956027,2.863123656065335,2.7758980036866623,951446000000
-0.06740666966263265,2.887099089198181,2.777043095070161,951451000000
0.11527363002939973,2.7191717046185695,2.778496551642549,951456000000
0.15717688546000763,3.0299353584510116,2.7838364891996976,951461000000
0.23896700205956967,2.865360694719154,2.7893962321801746,951466000000
-0.10030592572530297,2.882917110935428,2.793774784429265,951471000000
-0.004695898696394675,2.8794322588426877,2.7976001962428936,951476000000
0.04765541980832949,2.939297857011565,2.8039810416686666,951481000000
-0.09965867252664201,2.9003403986222374,2.8080135934743096,951486000000
0.056481195824850186,2.7504637574257202,2.811697139472662,951491000000
-0.39169529520439433,3.0824741760206797,2.816863387974297,951496000000
0.3523146261681989,2.8773078378234302,2.821297553256777,951501000000
-0.13016033572115318,2.9480804682991333,2.824726841899362,951506000000
0.09918175724044132,2.733764768281175,2.8277241907194535,951511000000
1.1402324188251314,3.165766448638804,2.8268024992756557,951516000000
-1.4499276559229446,2.717444988749665,2.8263393530823535,951521000000
0.2749588651342509,2.907878045769272,2.8305477474934477,951526000000
1.8136108968544968,2.8754746042081303,2.832448679577107,951531000000
-1.3942297282301919,3.060496981931942,2.8332591835223875,951536000000
-0.18398482861086704,2.9027557847921974,2.8405269004505835,951541000000
1.1392685667247897,2.883505598423788,2.842337722862768,951546000000
-1.0417801464498155,3.148534944391964,2.843127410724947,951551000000
-0.2748727739999861,2.8567430795199855,2.8490810614969786,951556000000
1.3907961346375985,2.970470441353697,2.8489389932103526,951561000000
-0.22012799239128025,3.0248415174951067,2.847180674149286,951566000000
-1.1392462059575275,2.9643872512687843,2.84651993150301,951571000000
-0.19786953914689148,2.90371796230477,2.852486843978934,951576000000
1.357749112014488,2.9156027450661104,2.852597278233188,951581000000
-1.1473142954311373,3.0660960307485863,2.8523829219119223,951586000000
-0.13023450460904504,2.860035433062481,2.858028671501427,951591000000
1.2495552789929965,2.944905391024971,2.8619632334719,951596000000
-1.3437170619591083,3.1300856953555245,2.8628883449979865,951601000000
-0.19526005837822588,2.947473846896732,2.8689310706911475,951606000000
-0.4707214655515654,2.880848932359139,2.876502905602603,951611000000
0.575653980900184,3.0480611468971937,2.879884085851505,951616000000
-0.2087804642348342,3.0447424110288397,2.884883268438371,951621000000
-0.09060493085510841,2.932558867400554,2.8898844515262754,951626000000
0.42072195018394665,2.9745696666182253,2.900070073838437,951631000000
0.0383696009930488,3.0429131025561067,2.9095686263115836,951636000000
0.11621725053620516,3.06286731924705,2.9173016759300143,951641000000
-0.2439394459903075,2.927529947413017,2.9238931773554135,951646000000
-0.03304264255422576,3.0538865408744518,2.9332287483041766,951651000000
-0.0720085006442448,3.05184515761424,2.940690127796887,951656000000
0.09984134748279433,3.105689775221656,2.9462611957376863,951661000000
-0.27414413237399626,2.957265936285108,2.953295069206664,951666000000
-0.004594943171656644,3.036589157935503,2.960767983116644,951671000000
0.09617799957516844,3.1085489493903946,2.9662925404742944,951676000000
-0.2748710316671799,2.9870724403889817,2.97141714444064,951681000000
-0.045820211046189066,3.078729021699468,2.9774517427321525,951686000000
0.14017220810763834,3.127091458436475,2.9830379767623656,951691000000
0.014134898912624698,3.0976118743528693,2.9858155328832234,951696000000
-0.2069077703750339,3.034848458449959,2.990069118934444,951701000000
-0.01843830139743552,3.158153814788206,2.9960591801980967,951706000000
0.16026108972187997,3.1335982310470363,2.9987433373713124,951711000000
-0.2893918856182082,3.0975306211335587,3.002944455773162,951716000000
0.06613997367599081,3.0987990439316455,3.006809943340084,951721000000
0.1251324239391954,3.118981326931912,3.009025181877028,951726000000
0.5053259785210978,3.0445455280909752,3.01287840568844,951731000000
-0.00024663755041652666,3.1940776086567655,3.021449826928625,951736000000
-0.0628204854305503,3.0667502454855624,3.0286870631263447,951741000000
0.12274281230603623,3.1034465916022564,3.0350466579937767,951746000000
-0.20556101431754611,3.2802695620872635,3.0412749043429037,951751000000
0.03479384287937186,3.0105625511990737,3.049261340333796,951756000000
-0.03388925925020526,3.1529215558238084,3.0551728203584054,951761000000
0.09490412616885104,3.163058263243541,3.060288556910257,951766000000
-0.16057191643771743,3.2269250062230834,3.0645814424364506,951771000000
-0.023744106791369263,3.12012968800026,3.069811257088722,951776000000
-0.050655143135934395,3.193573120620929,3.074014986344121,951781000000
0.15714183116550315,3.1796176050284406,3.0774455246612056,951786000000
-0.2149270279201474,3.2453235361955213,3.080691755074586,951791000000
0.009205313044029027,3.130711448611369,3.0838414909891445,951796000000
-0.02624840374414243,3.2043299405827264,3.08665980062297,951801000000
0.1799671834574509,3.1905978434321542,3.0892173621908903,951806000000
-0.19605345795929896,3.30382980127375,3.092341598359473,951811000000
0.01870143854535826,3.132364435061976,3.095721383234376,951816000000
-0.018389678575489298,3.2003860553821455,3.0984626561507485,951821000000
0.12751117706603038,3.1610121974519076,3.1009486814065386,951826000000
-0.21341268379350492,3.2805125724140995,3.1035989961897554,951831000000
0.6650527282231339,3.1696933169694,3.1110595467081836,951836000000
0.06273340391546853,3.216147466903362,3.1183713495265986,951841000000
1.589826177091548,3.1693749855426327,3.121498336667454,951846000000
-1.5856217247116016,3.310710494318938,3.126502898926027,951851000000
0.10541230475341434,3.1605937735351097,3.1327761385783246,951856000000
-0.012756104424018347,3.2793338714950133,3.1380964132879865,951861000000
1.3408451543870672,3.2083108060522205,3.13961047487183,951866000000
-1.3782992618838852,3.3951898170899146,3.144455002838789,951871000000
0.0433486475370909,3.1857216375985797,3.148996989368284,951876000000
0.791431177870867,3.197315173632252,3.1523836533040006,951881000000
-0.8801140250441595,3.347184095437801,3.1528943728272747,951886000000
0.06900414668865852,3.2122828725777848,3.1571150298534247,951891000000
0.0005682933192339892,3.244556862065611,3.161049792006167,951896000000
1.0533102026226606,3.233808913140329,3.161573403034064,951901000000
-1.016903741281769,3.3480027966167722,3.1650932292093223,951906000000
-0.00029273235229330084,3.2416552260102653,3.1685213666148107,951911000000
0.015780757854928877,3.2934309662651104,3.1720069156868926,951916000000
0.13250767508025904,3.2646830169325023,3.172195224993653,951921000000
-0.039029005830770486,3.3114650171168805,3.1758672540674344,951926000000
-0.011179032595349062,3.2389666175723146,3.1785312578128506,951931000000
0.5405403770736533,3.3120663950638263,3.184005199871985,951936000000
0.4006241925143325,3.266096102448287,3.184697765374828,951941000000
-0.2620331774780539,3.318868841404257,3.1925946197900426,951946000000
0.04297477464448078,3.223847361331897,3.1992242814708978,951951000000
-0.0008212973561656433,3.3211176812713803,3.2059552261369766,951956000000
1.8143950495047019,3.3055532899187727,3.2082584925666024,951961000000
-1.8230842795527167,3.3767345846170875,3.21362810936286,951966000000
0.03364060086298282,3.2887098151129788,3.219149412978867,951971000000
0.005375355222006051,3.3269821789340037,3.2246477914031986,951976000000
1.4597225530670326,3.3717713427562583,3.2281918929209383,951981000000
-1.4504311290801466,3.341193207656919,3.232107178934799,951986000000
0.01231939539366863,3.2913201681706137,3.2369215122033923,951991000000
-0.014268232307393797,3.351937145376306,3.2419493727206903,951996000000
0.00034847844195450353,3.3591591172128914,3.2472404833717623,952001000000
0.003810616580389832,3.3602356485372438,3.2517175267161753,952006000000
0.8275932215983238,3.3862131068706285,3.2549387799898066,952011000000
-0.8317078183026632,3.3192365569215623,3.2579149048729947,952016000000
0.038711726350234274,3.3600057143197306,3.26185993467795,952021000000
-0.009772308633503188,3.4199602814536516,3.2653845996130726,952026000000
0.02680973597357918,3.3729414273687572,3.268195491840991,952031000000
0.011436946549869972,3.3812307168068005,3.270128116560332,952036000000
0.6013269965465183,3.367864591501669,3.2789251401253354,952041000000
0.07548797916249542,3.4109839292925344,3.2865235118418314,952046000000
-0.014860787534435151,3.395363917126534,3.293515255136218,952051000000
-0.011217269304430002,3.390032655771289,3.300123548870946,952056000000
0.03145259243475464,3.4608988793713378,3.3061666236019542,952061000000
-0.012505156673838766,3.2555714335708505,3.3100704391343547,952066000000
0.0010656553669222205,3.2309052596745245,3.3170048884367405,952071000000
-0.0693415759093725,3.3884356919576484,3.324931948998932,952076000000
-0.03427857670425663,3.5105012940805436,3.3331466631345816,952081000000
-0.003794101701644681,3.4840477488012525,3.340300244715336,952086000000
-0.022624366304533104,3.425227918931477,3.3475617281568515,952091000000
-0.009027001604813893,3.4492411780962464,3.3543393308407694,952096000000
-0.01268070019230496,3.471504534529599,3.3608013702352895,952101000000
0.63991099891707,3.448393790616628,3.370136939922328,952106000000
0.14591268426618426,3.460210076777122,3.3808503910412018,952111000000
0.022161154846906644,3.5063482962388024,3.3910352633190604,952116000000
2.1134524847243448,3.3215651930269026,3.3981276981430955,952121000000
-2.169215277113078,3.731090848630829,3.407581516413328,952126000000
0.02993131613463923,3.563681250458447,3.417460938434186,952131000000
-0.057716119498419774,3.485088872920729,3.4261336605623804,952136000000
-0.05193191231057523,3.5060386642549677,3.434151191017226,952141000000
1.1505183666513679,3.401044785769545,3.441168238938167,952146000000
-1.3026679992668193,3.519422642978975,3.4457614931730762,952151000000
0.18687530550313913,3.7048836727029015,3.452352313571364,952156000000
0.01381941478427311,3.5815074190980445,3.461694976062996,952161000000
-0.015184001565974667,3.559461419234687,3.4680826982246,952166000000
1.3908556513975374,3.420611995882431,3.470110845470237,952171000000
-1.455346015842899,3.6185343236219545,3.477366218105645,952176000000
0.08801434614796136,3.717078263534501,3.4829017499676382,952181000000
-0.02694120157901054,3.5833079631711917,3.4887599967623295,952186000000
1.1830365909532803,3.460151611884712,3.4899435452767493,952191000000
-1.2200779227957288,3.678673568559948,3.4947056011152875,952196000000
0.0598297307104655,3.649997853225681,3.4993962092936384,952201000000
2.2676679786401195,3.488924938382155,3.5012998227182863,952206000000
-1.6070221555605841,3.7101485532444665,3.507216922848238,952211000000
0.2593023122856186,3.690021017963761,3.5169392367383328,952216000000
2.2067450301692997,3.5146390145204385,3.5237388865177195,952221000000
-2.0302027350531073,3.714580011409621,3.5245421909209766,952226000000
-0.1846667949505057,3.7099790315826686,3.5340036167808035,952231000000
0.019170068643813102,3.617203491030091,3.543126698754457,952236000000
1.9636713286555487,3.5531517572176607,3.5440153375697077,952241000000
-2.255288659026787,3.702253909377233,3.5486826893769785,952246000000
0.24924256345261364,3.7785453504655377,3.556408240918857,952251000000
1.4722568463878143,3.6185620175148183,3.563517824507819,952256000000
-0.18728417428962438,3.6545732546934673,3.5638475390824897,952261000000
-1.8134026673875372,3.632558213777824,3.5698401917276463,952266000000
0.263389456916902,3.80515465093096,3.577731938128609,952271000000
1.7282192046905145,3.640593053065341,3.5792996836033097,952276000000
-1.6157150609213715,3.7384114002072852,3.5798734734361584,952281000000
-0.08324796426298198,3.71812005603086,3.586634111344501,952286000000
1.5532078653018186,3.5766173626328284,3.590953645369117,952291000000
-0.11286285391330068,3.7176342251111394,3.5894018049361844,952296000000
-1.4642271017564341,3.7605261023734435,3.5940924613977874,952301000000
1.1568356649095546,3.605818400301576,3.598890440515475,952306000000
3.381730373158834,3.647105029366943,3.599868275365945,952311000000
-3.5045607246957413,3.850007359963542,3.6041050784499,952316000000
0.3043262095042969,3.7166881857712664,3.6176705700420166,952321000000
3.4780510179729163,3.652852979154932,3.6217776924620337,952326000000
-0.6495659575373268,3.8223945362352922,3.620954728726919,952331000000
-2.954476380492017,3.84750362326532,3.6332207522691147,952336000000
3.1127753117942887,3.7003777748661433,3.6415719217715665,952341000000
-0.9960387704518632,3.815075715770334,3.6402892073820667,952346000000
-2.4754751342003605,3.9167075298874354,3.6420811143721967,952351000000
0.24117916156174193,3.660036872148893,3.6517442426781686,952356000000
2.4242607306453543,3.6955061006180974,3.6531428538895385,952361000000
-0.41395508934570474,3.8377400606642675,3.651543387988496,952366000000
-2.057830781129539,3.864491406885808,3.6571360554815002,952371000000
2.0650395849897705,3.671325625153618,3.662401138450028,952376000000
0.4461752838130599,3.782396597755677,3.660534750773629,952381000000
-2.1827612060529464,3.862384611155147,3.6644570577434825,952386000000
1.6539384624577462,3.7081715410705716,3.671113604259383,952391000000
0.5997613321946704,3.830202960485186,3.6703203242859206,952396000000
-2.2025391502359573,3.8783067475237867,3.672520201928787,952401000000
0.19249796150896084,3.770577449780199,3.6802681647987874,952406000000
4.866493841932114,3.734088246360053,3.683221481147249,952411000000
0.12505089412161502,3.8930112713791987,3.682138203397511,952416000000
-4.008351743154051,3.933885649083814,3.69403403229345,952421000000
3.061953394757398,3.7517835625055787,3.7085103276668194,952426000000
1.155800605672359,3.9055502267683457,3.7076781396847864,952431000000
-4.343559776824679,3.913963768239667,3.7143729605358846,952436000000
2.9129085162590562,3.801143266064846,3.7274288918549727,952441000000
0.3428591935256676,3.895832750756687,3.725255257870841,952446000000
-3.4669247973678825,3.928008515476647,3.730396759741752,952451000000
0.3142478469840115,3.823814124999181,3.7412281825515605,952456000000
3.0698265200993387,3.873607962776521,3.740366728462861,952461000000
-2.8881618337134185,3.9009321488077617,3.7398754711164344,952466000000
-0.2055613416279999,3.818290183181675,3.7503572781337935,952471000000
3.113044202798493,3.948892158124502,3.75503603652302,952476000000
-0.4563940758589261,3.9503141852746406,3.752250034648964,952481000000
-2.7122314907442497,3.845290322626598,3.76164550843387,952486000000
3.0202764576554917,3.619058692129994,3.768909936846916,952491000000
-3.188457598057174,4.235816338756821,3.778105233343743,952496000000
0.3903704530892106,3.926980840650202,3.789997659475101,952501000000
0.026697064598642222,3.700489366230454,3.799900331815497,952506000000
0.10399332620622147,3.878659769931707,3.8095689159760653,952511000000
1.5331646387562001,4.034340660388312,3.8302231222299903,952516000000
-0.24928060767297763,3.8538089167964067,3.8502562991542653,952521000000
-0.11086720061979681,4.146625284771892,3.8648123731529833,952526000000
-0.11795325786531291,3.9676644620337873,3.884920299145748,952531000000
0.2602309554441553,4.107276102269003,3.9016958216332895,952536000000
-0.37311845415511374,3.910803656564422,3.915406701821291,952541000000
-0.2608931178812595,4.09299440080223,3.9307998550895697,952546000000
-0.4122046242993986,4.002628167174847,3.9440996001982787,952551000000
0.21867619633545904,4.080617996722691,3.955603746318219,952556000000
-0.24883046361199526,4.0048458535676135,3.967350512855459,952561000000
-0.13757333708756414,4.130334137772656,3.9779575229759656,952566000000
-0.17309198238985846,4.05303435829184,3.986829549453861,952571000000
0.1877178813291986,4.111618917871795,3.99563454753352,952576000000
-0.1489394253871712,4.094834193577901,4.005455562429951,952581000000
-0.19573361278362128,4.111498396216237,4.012987944680066,952586000000
-0.08262214122951471,4.1031567010599055,4.019572085031672,952591000000
-0.14951416851517582,4.065349902726797,4.026537099988307,952596000000
0.14960835555538335,4.224595565779362,4.031914353754979,952601000000
-0.10064772470343812,4.120514050844714,4.037907127773813,952606000000
0.01291697406859903,4.12157745909189,4.042925141226338,952611000000
0.9966405746381877,4.0843117266386715,4.054542844418075,952616000000
0.4330383158212864,4.249592087880774,4.0703618950002785,952621000000
4.0295970840694135,4.032020216262016,4.073844134203358,952626000000
-4.570712304092521,4.679077265377452,4.090344400443382,952631000000
2.669652774541121,3.7996455151997526,4.104367979434492,952636000000
1.2335752914085183,4.241173417219598,4.102948506785564,952641000000
-4.422128236758824,4.71860993697931,4.107745292648111,952646000000
0.18315865183415955,4.12810974043268,4.1191971326354535,952651000000
2.872464986353489,4.00631322235282,4.120513254309091,952656000000
-0.8394539488181022,4.362121120093653,4.11870309832804,952661000000
-0.10928309770364172,4.288666747191099,4.118569715054851,952666000000
-2.718481411659818,4.392105305680733,4.125218572601811,952671000000
2.1274070547374198,4.131300241147869,4.124853536493437,952676000000
-0.2129913085219055,4.294642755542832,4.124093395906305,952681000000
-0.021173873127352277,4.2529160113985975,4.122698131027551,952686000000
0.044084775324874,4.278583442078418,4.121953145378303,952691000000
0.072288009606455,4.2630916480081815,4.121096677348229,952696000000
0.06745857722759929,4.287942417388562,4.1203430770430245,952701000000
0.0646668382015378,4.256928391363301,4.119779271692794,952706000000
0.04948743821917905,4.282787643639742,4.119398293354745,952711000000
2.329006211438097,4.2712115711596725,4.119966146126412,952716000000
1.7778675397441872,4.315678560959157,4.120520167560056,952721000000
-0.1043146034748907,4.368672384986318,4.120144320883612,952726000000
-4.059486523337293,4.4042079313927776,4.123788600674553,952731000000
4.509532456429922,4.201990146462683,4.133762823447152,952736000000
-0.16724606447528118,4.4000108118035905,4.1328006202410466,952741000000
-0.2545503860549511,4.3571923541461,4.132123390006559,952746000000
-0.814295052999815,4.357943155220334,4.130514167089287,952751000000
-0.07437500583793788,4.329381130668911,4.12904610453665,952756000000
-1.1101348810902678,4.2724097583598235,4.141643709502955,952761000000
1.730993510587069,4.340607570380403,4.141092991840274,952766000000
-0.3956123596453838,4.373131223534066,4.138426331780846,952771000000
-0.05234924548873898,4.359270997770474,4.136829035513648,952776000000
-3.99769163524567,4.367116374890743,4.148322047242182,952781000000
8.931572715568594,4.0805913773653,4.153977715555542,952786000000
-0.4417078755092121,4.495231081296504,4.152057570335568,952791000000
-5.955390558978694,4.488038192887203,4.155892655496642,952796000000
-0.7081844427637014,4.315321351321311,4.183386029161623,952801000000
7.254469357750902,4.252059631912478,4.185024175165389,952806000000
-0.9863644778642144,4.560390469699229,4.183253106464751,952811000000
-6.676094491406132,4.545815099177431,4.202258813966468,952816000000
5.989239111465016,4.147980440549543,4.218413597412481,952821000000
-0.10627783158287113,4.525259481168592,4.216088916959729,952826000000
-6.17445032858419,4.540815505973548,4.221669201408961,952831000000
0.49984026333882897,4.300477341641435,4.243122244656478,952836000000
7.828334872989453,3.8646931980286894,4.248594721311507,952841000000
-5.082576417669094,4.8393288222785875,4.267318544047182,952846000000
0.1659610415689845,4.4146855948777235,4.287861087979195,952851000000
0.05223126997778919,4.279210302214061,4.30914348442312,952856000000
-0.03345414900701981,4.364615469696137,4.328946141845176,952861000000
-0.07586358440268935,4.547600729301849,4.348730871194277,952866000000
-0.23752689397740145,4.681156325185705,4.366525644574544,952871000000
-0.08344829572991415,4.3065111858682,4.384491821830425,952876000000
-0.01019902100598138,4.244448965881798,4.401732825098357,952881000000
0.6901621344818331,4.838371729938328,4.420838336845492,952886000000
0.7893506877875808,4.460719473646639,4.449341204060704,952891000000
0.0029967887528767057,4.658946417792567,4.477339791504399,952896000000
-0.1186577608595484,4.621944219100025,4.504579447681884,952901000000
-0.29799710973034105,4.608765171505896,4.530699584796962,952906000000
-0.026308642133990243,4.702141206211869,4.554999480158991,952911000000
-0.05596279932843291,4.820640964314921,4.577086889356266,952916000000
-0.5878343075080461,4.521292680974963,4.599184920020547,952921000000
-0.1548908600288259,4.7685369943791205,4.616279988799329,952926000000
-0.13582618122773907,4.71876653176933,4.632278069356947,952931000000
-0.3157023703373637,4.588775392563158,4.6496974975547625,952936000000
0.0616483041047267,4.809852079868171,4.664522370483554,952941000000
-0.09224136662557263,4.777644881999488,4.678813368534378,952946000000
-0.16182741890948293,4.756959002699516,4.693610867019419,952951000000
0.02204383061507121,4.79263671414623,4.707196907647445,952956000000
-0.09982895041594658,4.737009933137181,4.718545616831305,952961000000
-0.16417485778278268,4.796729919254411,4.730622193502059,952966000000
-0.09980953915476569,4.839521969540527,4.741886048247103,952971000000
2.9782218871203234,4.678432911146847,4.742769247511913,952976000000
-3.361794248469465,4.814904002571039,4.750498152240747,952981000000
0.2426705504113029,5.010159785555363,4.759957703638888,952986000000
7.468404348317561,4.679937182911248,4.761990251456752,952991000000
-0.5465727921388177,5.019640278708813,4.760993262735177,952996000000
-0.20010023200634905,5.015280025195161,4.75913094194586,953001000000
-5.479180016261703,5.18153326019189,4.766962076766574,953006000000
5.745094175262849,4.676394033129155,4.7831123109380655,953011000000
0.16104601351024037,4.974791599467258,4.781976086979271,953016000000
-0.4581807313593966,5.057653699987899,4.781874284480597,953021000000
-1.1640756846479337,5.034959147507101,4.781226496252774,953026000000
-4.360947282742213,5.1180395861733645,4.78817608941658,953031000000
5.079829420168824,4.744197424859799,4.79718969810945,953036000000
-0.31247287544487656,5.006538626897132,4.7966897483164415,953041000000
-0.20905531354759968,4.997103242723663,4.795730951857885,953046000000
0.008169166715574688,5.009313981732064,4.7947474901410985,953051000000
0.10872423948236734,5.009455529496099,4.794371057789653,953056000000
-1.11680395873977,5.038046074317053,4.804450042975995,953061000000
1.9233540446585082,4.905252858354813,4.803572066101014,953066000000
-0.30740697132588723,5.014174415357645,4.801755817927784,953071000000
-0.04385509908173876,5.006548917171139,4.800531651252313,953076000000
0.03771425372656836,5.01635158005459,4.79891430824905,953081000000
0.05788594636933221,4.994043140207193,4.797801038419878,953086000000
2.431500434040588,4.996225247698744,4.812992657376015,953091000000
3.808259283683576,5.00532175398263,4.813599731973252,953096000000
-0.6510024460230175,5.195120720630035,4.812405081367207,953101000000
-0.12198260192513291,5.158057737707255,4.811767894016898,953106000000
0.05727668860714895,5.117975503078056,4.810109568181226,953111000000
0.10082979395164308,5.127230283632215,4.80834224780709,953116000000
-7.981625540887111,5.200375281155755,4.825354464979823,953121000000
7.897398885186851,4.883897445586513,4.826759789517609,953126000000
-0.6977477869151876,5.143524562582549,4.823867266366137,953131000000
-0.12648432320394157,5.127678857844661,4.820944045403776,953136000000
0.05976820785008496,5.0948478393771985,4.818335377609831,953141000000
0.08657504015256584,5.126300891013182,4.815312000843222,953146000000
-7.114374050637464,5.144445886524903,4.829429180388132,953151000000
8.013292180956428,4.911346065463721,4.830798691453624,953156000000
-0.5790810931556063,5.155687328917229,4.8279898768824685,953161000000
-0.16806264950199912,5.150060323278326,4.825658354231343,953166000000
0.03297064296217374,5.089509613268829,4.823823275459049,953171000000
-2.0114101902763077,5.104384029975212,4.846449894131005,953176000000
2.848432530544349,5.060676357577873,4.845578095915925,953181000000
-0.6018883648798022,5.180308375496665,4.842815969346968,953186000000
-0.10590704675715283,5.173730907542968,4.83984394306357,953191000000
-4.753293468155055,5.142559198496024,4.856502958395662,953196000000
12.060700967088964,4.977786867712519,4.877515603860704,953201000000
-0.8239801837309995,5.309115948166332,4.873867098241507,953206000000
-0.6793464519284487,5.3413764913920065,4.870387182965656,953211000000
-10.813415732717855,5.293001613285389,4.891365301743905,953216000000
12.251737536588731,4.958400631094553,4.9119747855197335,953221000000
-1.6005680249352712,5.388835476937275,4.9080268965554446,953226000000
-1.2190291916047753,5.389852140831443,4.904658273828941,953231000000
-9.516743518049044,5.310736621510787,4.92431489959499,953236000000
10.674954370329367,4.510158360948278,4.943145110301716,953241000000
-1.0315327312770708,5.034744279927615,4.9436372881046395,953246000000
-7.924214955458786,5.767779699324107,4.949913328799799,953251000000
-0.9258469912879982,5.231356930482329,4.987557249689421,953256000000
15.060554208829394,4.824942740966504,4.994596206937629,953261000000
-0.2393067664860484,5.526121155386105,4.9938511729454556,953266000000
-13.47588359473251,5.801565143181666,5.012671332527288,953271000000
13.200723732073287,4.916659365862946,5.050195348590225,953276000000
0.35566817817538,5.522904906963894,5.049934589343012,953281000000
-11.28826233805266,5.813757141348032,5.057045350962949,953286000000
6.590812092481779,5.179512464442117,5.10121639913472,953291000000
3.282905707876348,5.368680159746422,5.101333454374718,953296000000
-1.5604218448300409,5.631565805231809,5.1007030001144,953301000000
-9.243777303064665,5.775283443031773,5.134462536356714,953306000000
12.311488775557583,4.990615037136586,5.149005076410591,953311000000
-1.469813501278339,5.677170844403716,5.148664648664345,953316000000
-10.949880151790564,5.8106692541480625,5.163446705737298,953321000000
10.667046036732089,5.116772602389751,5.1936467110066555,953326000000
0.34410153732468807,5.589337621114374,5.192586415582461,953331000000
-0.9254873612864513,5.670193893233702,5.191325942698448,953336000000
-10.01953761910046,5.7735701922622775,5.20453663405442,953341000000
10.271955263888556,5.115475349594095,5.232731548873273,953346000000
0.362280264261845,5.593821169595489,5.230447126326494,953351000000
-0.8366457169022283,5.712332776762779,5.228538649892814,953356000000
-0.12846867719124674,5.611425874896858,5.226722322105946,953361000000
-7.228307908773262,5.730395673472069,5.26192863877272,953366000000
16.417930035036747,5.203287960012886,5.280425035708572,953371000000
-1.7567086065004196,5.972911892757515,5.27836371742726,953376000000
-0.804132761305638,5.910537054684962,5.27719634586401,953381000000
-0.1146621645632825,5.907589052020187,5.276337632346122,953386000000
-13.854875007050321,5.932983875823756,5.296620448822873,953391000000
14.809103910403715,5.259406285256567,5.313694812051733,953396000000
-1.6778245542871766,5.930928126697645,5.311840958247472,953401000000
-0.5004710046981569,5.884167685634969,5.30987119202171,953406000000
-0.006087727786322458,5.82245394995467,5.307292218966122,953411000000
0.11283805486030041,5.81383464306981,5.305472117848261,953416000000
0.13195814928199814,5.772431055557287,5.30347478976986,953421000000
0.11784810008505808,5.810653154703942,5.301115286178101,953426000000
-4.698112236280512,5.867407040464249,5.321839490986852,953431000000
5.743229737804591,5.607845002716666,5.3225511925846005,953436000000
-0.7101340782403152,5.886094161386454,5.320279531604312,953441000000
-0.16962151567939415,5.837821835813495,5.318904833304957,953446000000
0.03201336525954807,5.838274378704483,5.317428843724833,953451000000
0.09259465472624427,5.8293042203794325,5.315804627526875,953456000000
0.12331429053370854,5.798618137606667,5.314211513596441,953461000000
8.077916679178774,5.770445364524417,5.315977576043335,953466000000
0.36276176295338763,6.05003483968057,5.313861269721494,953471000000
-0.12230591854524674,6.067670982511531,5.310933059847764,953476000000
0.048458864080015096,6.013822996011504,5.307981165165719,953481000000
0.10992103982650545,6.020122511402012,5.304932567956229,953486000000
0.18102985561164675,6.022070934374824,5.301376158230024,953491000000
0.1529647177363579,6.032581935229041,5.297842308109887,953496000000
-1.042398849525925,6.043965173431156,5.294162137429076,953501000000
0.16719892147860202,6.003364280775783,5.290772022402035,953506000000
0.17821135610135302,6.023466531471367,5.288584264012842,953511000000
0.13353561613168105,5.96699133923896,5.2855293893982624,953516000000
0.1667865429351254,5.990462001274077,5.282846370946223,953521000000
0.1401982880973373,5.981371778976289,5.280106758642733,953526000000
0.13955164715647983,6.014328721808337,5.27713271330807,953531000000
0.16381354032972253,6.023605776114696,5.274085961823948,953536000000
0.11951069524537315,5.98222255568297,5.270696764881844,953541000000
-0.02793260972022428,5.464390375486744,5.267988978128439,953546000000
0.01613980090589042,5.698237556546102,5.266453011882343,953551000000
0.227207106171235,6.183211211131242,5.265699130082927,953556000000
0.16300430472157956,6.0226973096454675,5.264633080567577,953561000000
-3.195681092253403,5.973834900065648,5.262537925507257,953566000000
-2.4264605156696155,5.918483378343677,5.260425922268449,953571000000
0.3798333312338749,5.826567641568148,5.260110251759123,953576000000
0.2038406685620318,5.7763970800081355,5.260104176257198,953581000000
0.11092606065810859,5.825308093968994,5.259753380941472,953586000000
0.10558069559342323,5.841204910778126,5.260369973541077,953591000000
0.07554439048476143,5.847124507404464,5.260272192841035,953596000000
-0.9216069616581292,5.819447406720278,5.260220008300537,953601000000
-0.07325123847030182,5.80369764718294,5.259801824693963,953606000000
0.14162279678392112,5.788364885184187,5.2586621005927405,953611000000
0.1081477396728441,5.804658191819583,5.257820820964549,953616000000
0.08764356668575181,5.788746985770251,5.256793425674562,953621000000
0.12394393529443222,5.775759456676795,5.255549624692716,953626000000
0.06962604378945894,5.791510571785687,5.254331222251414,953631000000
0.11498119642911178,5.828206723437688,5.253311847608814,953636000000
0.08868328074402812,5.7949006246701185,5.252265757769411,953641000000
0.2465460002154327,5.753311642354056,5.251272582687375,953646000000
-0.1352046479342442,5.836692013115476,5.250614751397376,953651000000
0.12882502351289168,5.78990383653889,5.25030013271891,953656000000
0.08233581970883218,5.795404206847222,5.250140629515598,953661000000
0.10892121318759104,5.833037815534415,5.24998290186882,953666000000
-4.773207382576816,5.74527395090006,5.246097970264501,953671000000
0.05469648801286651,5.711739123843311,5.245521716471809,953676000000
0.26514798933709527,5.63733124121575,5.243974181635929,953681000000
0.14414246782737394,5.621101450182378,5.242807836595989,953686000000
0.6479522037305039,5.495474483167185,5.240121117127713,953691000000
-0.5138467687971021,5.904551473589054,5.237765437875571,953696000000
0.20645919651617983,5.621819877101985,5.235471216229537,953701000000
-1.0740730881127254,5.6586160334145115,5.233131775715887,953706000000
0.6549266423722143,5.392090068922267,5.230846914597281,953711000000
-0.4440512195094354,5.9018459826209115,5.228284745917975,953716000000
0.17306033307694677,5.590527594432097,5.227442563584058,953721000000
0.1619603059241631,5.597889033488006,5.225651151381711,953726000000
0.5395502310125324,5.341688332891248,5.224069273482177,953731000000
-0.4495562803553229,6.015053103539251,5.222110238170732,953736000000
0.17034530496163688,5.607152389432043,5.219809599327788,953741000000
0.5444076319325837,5.307594104200701,5.218028117571017,953746000000
-0.22133073307580473,5.854271049474542,5.21511571256468,953751000000
0.009637655169555066,5.774824212181705,5.212156085968226,953756000000
0.4566382229490959,5.324007278580061,5.20913006893427,953761000000
0.19837440957817487,5.520050916159911,5.206023258868599,953766000000
-3.505980834983516,6.195134531997881,5.202026054318079,953771000000
-1.0871974232631345,5.279706259759586,5.198140911912349,953776000000
0.35170083756947235,5.364190034258497,5.19500245700988,953781000000
-0.2969790658318199,5.997279509902615,5.19179808732285,953786000000
0.18950681920806958,5.437526831448583,5.189625768602981,953791000000
0.4671164089505915,5.053705181916936,5.187642135434617,953796000000
-0.3279392596485335,6.0386921145171915,5.184853448588834,953801000000
-1.0234875841580025,5.4858961992647925,5.182430735467103,953806000000
0.4972644909576561,4.857261384341239,5.18098706408068,953811000000
-0.051949603114138466,5.796563662512067,5.177707246545362,953816000000
0.0084112544897008,5.661206486422531,5.174607194461051,953821000000
0.4057363711527538,4.897366445445161,5.171922903918676,953826000000
0.116051734361213,5.4774344502538295,5.168818963401617,953831000000
-0.1808007884477121,6.197947802134687,5.16521723175069,953836000000
-3.5811541073382154,5.317318844761607,5.159869529663157,953841000000
0.45128124638954314,4.712977832377112,5.157279064633123,953846000000
-0.26304699890897826,5.215380675735972,5.154754416654308,953851000000
-0.06058596304327722,5.34981859294118,5.155420460086474,953856000000
0.7203239019955788,5.736558280304606,5.155259972166434,953861000000
0.06027432211978611,5.310778858750655,5.153040279199765,953866000000
-0.5654862100511922,5.154953394074933,5.153155944559123,953871000000
-1.0830947276020346,5.441323406529387,5.153913867386106,953876000000
0.6721609804483762,5.463032894871927,5.152470685146764,953881000000
-0.007718451277722211,5.2963502384220185,5.150302583119108,953886000000
-0.5294451586766767,5.243808549298574,5.150230544157022,953891000000
0.16823033711473773,5.373958498794933,5.150139760180431,953896000000
0.8339778189264256,5.420557515828855,5.148055560658592,953901000000
-0.5020751559592084,5.252929532519056,5.145042518206961,953906000000
0.1393608065122411,5.352008356836651,5.143930745597542,953911000000
0.70889360803879,5.356656069949897,5.141539026663111,953916000000
0.008997823306129634,5.27207473456892,5.138880981557801,953921000000
-0.5414136411859697,5.340979218177333,5.1379617431671205,953926000000
0.5539544768418453,5.299096132330468,5.137120035827234,953931000000
0.23067595968418247,5.28156364805091,5.134212239327355,953936000000
-4.7635156081661485,5.471117180579738,5.1333671666104435,953941000000
1.964556929332593,5.013251879470353,5.136257625866598,953946000000
0.04335044568641019,5.224187420790222,5.134328429871573,953951000000
-2.331710301760726,5.453209013940759,5.134796988558488,953956000000
0.5910214550104645,5.14941921278793,5.142812394834462,953961000000
2.2144765004523443,5.021779277344292,5.141037441184251,953966000000
-0.3729917659775881,5.263400587915495,5.13785285082855,953971000000
-2.3245782047806687,5.409628988171306,5.142122467560095,953976000000
0.3046875457827818,5.1410214084668,5.145720789715936,953981000000
0.05341992630525429,5.20295005247893,5.1477815525310024,953986000000
1.042368368457749,5.027383798169793,5.14533962953924,953991000000
-1.1548983991433452,5.455236691646584,5.145802638674498,953996000000
0.2062988245768358,5.186748504289529,5.149271135688656,954001000000
0.9651889854503459,5.0093087708841155,5.149770965329111,954006000000
-1.0751955699360478,5.37525822061195,5.149420120511349,954011000000
0.15006600103004006,5.256008265622544,5.1527207590463,954016000000
0.0614509569935478,5.155302257847581,5.155455603710472,954021000000
0.9498507030504765,5.036773247838186,5.155200724796716,954026000000
-1.0017975451184236,5.4176708188296825,5.156804606408547,954031000000
0.16183593129616522,5.145029125574243,5.159019671726786,954036000000
0.003902206406121697,5.222750802153202,5.159542194846225,954041000000
-1.9326967517591267,5.045382692016791,5.156904068176711,954046000000
0.8891962812729739,5.252917143828342,5.1492844896748995,954051000000
-0.02573894020652108,5.208813231589444,5.141679144378025,954056000000
-0.4816302674777469,5.098710545812993,5.135336814782895,954061000000
0.5928389176726236,5.174868425670347,5.131702317105914,954066000000
0.15848282747335,5.0931956136006455,5.1247815610674765,954071000000
-0.15932232650482225,5.194439510008657,5.118429654911564,954076000000
-1.5492484138742548,5.023314436585916,5.111025695430538,954081000000
1.636042059479096,5.15824194431526,5.106558902515461,954086000000
-0.18938711824576962,5.099659629970138,5.097676647952048,954091000000
0.09339620036406145,5.127490136398029,5.089719742175458,954096000000
-1.1320869955868278,4.96357688738468,5.084334975034615,954101000000
1.5812746772610093,5.191719631834422,5.079070763687201,954106000000
-0.16298001977081053,5.092255151436264,5.070811294173191,954111000000
0.07911226111038788,5.066718959143493,5.063332915626568,954116000000
-0.7864788174644083,4.940894075728822,5.0589926109997085,954121000000
1.5557300802717784,5.193925681064362,5.0541915443860885,954126000000
-0.052697025996639356,5.0758512156822135,5.045308457936472,954131000000
-0.3760232211311428,4.961933435332657,5.0390345145209805,954136000000
0.5212485888238066,5.109406609701036,5.0356025450867845,954141000000
-0.7094793315100395,5.330915036724318,5.025123413067916,954146000000
-2.0442486824961748,4.579533166243113,5.015413309748625,954151000000
0.2708910908786779,5.025479538807663,5.0133158936260545,954156000000
1.8915863037353573,5.114377519157526,5.002740154900687,954161000000
-1.7345756846209361,4.897471028992329,4.998880045159921,954166000000
0.45472879331968674,4.973588994184369,4.997376838191564,954171000000
1.5066763425295155,5.071812159078475,4.994193708021876,954176000000
-2.994662844111015,4.793689958551895,4.986336792958139,954181000000
0.5598601654139985,5.099701767722217,4.986081101028667,954186000000
-0.26862824671617247,4.744913450983343,4.984344754624001,954191000000
0.16409640081552176,4.968647963128354,4.9848391952107605,954196000000
0.1567898194338809,4.950547824837019,4.984381226686589,954201000000
0.10390245489299672,4.907883911390996,4.983716701712989,954206000000
0.09165725816312142,4.946848754489025,4.983155215038174,954211000000
0.06738103978870634,4.921683972677327,4.982302805386082,954216000000
0.0475885323333166,4.944043499723863,4.981660562692949,954221000000
0.051464032122138445,4.929860646281845,4.9816220702250265,954226000000
0.03664676019125049,4.920589860947347,4.981000352860416,954231000000
0.0777739340971787,4.925192756955575,4.980898619816602,954236000000
0.04320523280039573,4.950770566142383,4.980565974008371,954241000000
-1.0918607105235874,4.940468731830025,4.979295814260004,954246000000
-0.8111031670644412,4.9346398409058985,4.978879698674872,954251000000
0.15982323246743518,4.848829385626117,4.978807736170221,954256000000
0.137266749781764,4.8919236882079895,4.977822592163501,954261000000
0.09153308787121028,4.878507610239643,4.976479453351746,954266000000
0.08939968937402565,4.857773257318297,4.975199629958802,954271000000
3.829496049356974,4.9428301785396735,4.968056245197309,954276000000
-5.118652530951998,4.912779449753808,4.957141443997598,954281000000
0.15337418797374386,4.829489451301951,4.955536167064342,954286000000
0.36972766288409503,4.828624318995838,4.9534685236186435,954291000000
3.7997984420648496,4.829243003870562,4.948673306447455,954296000000
-2.3546206617491583,4.937188627327098,4.9310026860400535,954301000000
-1.489133410474304,4.833133371842185,4.928898711621037,954306000000
0.6119496335534451,4.813977378914016,4.927742406478637,954311000000
4.214530830394614,4.832359289714306,4.913318124104231,954316000000
-4.516074126996914,4.882486928772055,4.90298145899459,954321000000
0.6391340206148135,4.756608706242922,4.901874789748498,954326000000
4.161604279058219,4.808293044085495,4.888874800979545,954331000000
-3.868105089420211,4.841499989973762,4.875491870235077,954336000000
3.2857502645294536,4.742787135533187,4.871030545439768,954341000000
0.6894650814147459,4.78827861156962,4.855298120950865,954346000000
-0.5477532742846976,4.863704139753485,4.829001434414605,954351000000
-3.866096913296514,4.545632061560473,4.812944069156932,954356000000
3.4433160213194487,4.480347508082784,4.791135445877177,954361000000
0.45422342010189803,5.028051968680343,4.768783947586766,954366000000
0.7332090057049846,4.6312696595038,4.749103094123729,954371000000
0.1291986998044405,4.6054833304952645,4.731012262428806,954376000000
-0.4133291657790811,4.663138508420651,4.712046106396899,954381000000
0.3828590302175212,4.761650995134003,4.691665456885898,954386000000
0.3305612179931076,4.608315569121116,4.67290884508535,954391000000
-0.3915432754354491,4.680233405246029,4.654434422202521,954396000000
0.6150491297463206,4.581089536454014,4.636794584279949,954401000000
0.3661229565567161,4.573047540922891,4.621158462626113,954406000000
-0.35257917618588847,4.7522254114026,4.605261984211894,954411000000
0.23451063816865342,4.411227133189347,4.58822226362628,954416000000
0.018831832787592505,4.511177949872689,4.569701663167506,954421000000
-0.23236955756936703,4.706161050926894,4.550970056251415,954426000000
0.27227086740192136,4.527874043396282,4.532119776047258,954431000000
0.44929478532763395,4.30663634727464,4.515561700058939,954436000000
0.10089265852242951,4.463750132224016,4.499184220175162,954441000000
-0.164525097304069,4.75478295307038,4.482910966330221,954446000000
0.2809122245830494,4.237268655742833,4.466556256506021,954451000000
0.12217285600571495,4.446109792927338,4.450308642972462,954456000000
0.03125005141075406,4.4042289670416395,4.437690703321657,954461000000
-0.13525005773428703,4.612840202870434,4.41886285469279,954466000000
0.5397025221641532,4.224578616767074,4.404550998835687,954471000000
0.22762325262162655,4.43499295822589,4.391731723808236,954476000000
0.058308867480888746,4.381366562578698,4.380064389963946,954481000000
-0.10620377126816714,4.374130264205562,4.3706785927742615,954486000000
0.21827799476622162,4.380900404376785,4.357950432894748,954491000000
0.3151070638162433,4.38833167573897,4.347616453767119,954496000000
0.15173248353612795,4.344515936017315,4.339162174592545,954501000000
0.006743179704870601,4.354921422375817,4.327709373036418,954506000000
-0.14066939662721706,4.315250611352422,4.318578015065652,954511000000
-1.0755741917234978,4.276091539444176,4.314428972245189,954516000000
1.1699292078311705,4.264721206642652,4.303728301892877,954521000000
-2.6996539435572378,4.386803114442114,4.29441492135782,954526000000
0.8067480018042859,4.306709626173483,4.2922349409822935,954531000000
2.2534213597897415,4.222002851886998,4.288713253586675,954536000000
-2.355904738577664,4.364849241548846,4.28143311414414,954541000000
0.10530377885956307,4.278082452271406,4.281255545029271,954546000000
0.2994570979324168,4.248789900403141,4.2819154638200825,954551000000
-1.044818479962389,4.302977015067629,4.281579664870294,954556000000
0.1078855404977718,4.271783056612812,4.281752877417955,954561000000
0.08854044332625616,4.242421752772394,4.281562609485458,954566000000
0.02874058200360672,4.261429405591269,4.281295022373935,954571000000
0.028211032607287082,4.2380807855252645,4.280832336600126,954576000000
0.044537985188252555,4.273943630385869,4.280278688202489,954581000000
0.04583310832983402,4.252006429211532,4.279326023339159,954586000000
0.04862542213399282,4.204083708375432,4.278403936881445,954591000000
0.08911511158578743,4.258860664325572,4.2771673214536,954596000000
0.10621531626465303,4.280809501932599,4.276339016844678,954601000000
0.08790397294274917,4.237241707786094,4.274971560595011,954606000000
0.04361762841845712,4.2709931589198895,4.274145835595082,954611000000
0.07049229778662343,4.243381565797559,4.273763161829275,954616000000
-1.0150606343420627,4.251410220346969,4.272673400832629,954621000000
-0.1312792910037245,4.2305291934262375,4.272094401876813,954626000000
0.12219947366380171,4.232113262214605,4.271240628784914,954631000000
0.047037713454449376,4.214194387478568,4.271898989556284,954636000000
0.012945164587281961,4.2478469146073445,4.271597943862862,954641000000
0.07570545353917707,4.229110186053408,4.271197521568867,954646000000
0.06513677845539578,4.232491785223965,4.27043801576589,954651000000
-1.0616746988700512,4.232614328965529,4.269466453800701,954656000000
0.016523879823632227,4.1826165306715035,4.268654058953311,954661000000
0.08204963189399123,4.201197252683599,4.267703167647999,954666000000
0.088703759082576,4.211957174577007,4.266191015254368,954671000000
0.08714790958429156,4.242667947274762,4.26478314918221,954676000000
0.071684558497116,4.200094154727716,4.26326178998869,954681000000
0.054467976127808106,4.205267732208052,4.261940784754988,954686000000
0.07419855595973764,4.1958446238841525,4.260420538034709,954691000000
1.5511924512734594,4.234733957550964,4.247475868362393,954696000000
-1.705685566009568,4.210107341266615,4.2451306644288245,954701000000
0.4350649886266292,4.180227686394448,4.244170649488319,954706000000
0.15880465684184905,4.153698713962878,4.242261495275415,954711000000
4.178242041548152,4.112168732197592,4.231862893910141,954716000000
-4.12635748804915,4.090943419303357,4.225154858880339,954721000000
3.325600778322993,4.203677125586859,4.207784704529488,954726000000
0.030925878097843935,4.26839981945927,4.186484784291976,954731000000
-3.886672384579437,4.174601963355773,4.17099744915345,954736000000
4.010992104565598,3.9318614835422143,4.151554515407462,954741000000
-0.26039137769068266,4.279018768746583,4.131022538306211,954746000000
0.5250179025428403,4.180920383678329,4.11189338530658,954751000000
0.04492900064695818,4.1055363451305,4.093813986363464,954756000000
-0.06969162347417039,3.989866202605978,4.073802584296796,954761000000
0.07840347456055984,4.063480207065877,4.0546312494572625,954766000000
0.11177601279072237,4.097144035728509,4.036775324725243,954771000000
0.15481194101971887,4.059749691739358,4.018970779303822,954776000000
0.017186933634804523,4.278124076077684,4.002461082569716,954781000000
0.47636890629560585,3.8450831394007388,3.9872603668354376,954786000000
0.16504399921386642,4.012884448638234,3.973774598792944,954791000000
0.1243852358286424,4.026267198236943,3.960701499320615,954796000000
0.091607235516116,4.002708602094617,3.947429843685621,954801000000
0.06674720676630146,3.802346599399607,3.935272099873661,954806000000
0.07878528583815296,3.7498829158387985,3.92335309403178,954811000000
0.12020547412386284,3.920683374109922,3.9120550975818724,954816000000
0.1914379406514606,4.028482277509904,3.903427149973671,954821000000
-0.038779531881990285,4.0419982390986995,3.8883309205108674,954826000000
0.10319561446274861,3.983357937977567,3.8762349766080306,954831000000
0.12427658033485615,3.925239091049432,3.8641619166848584,954836000000
0.0918609219696298,3.873627645126393,3.8528808188826957,954841000000
0.0991312977820403,3.8858487183092274,3.8414196719182065,954846000000
0.12712914551052654,3.849425489566978,3.8330199408945456,954851000000
0.1284472468736261,3.8917167419277128,3.821337537366556,954856000000
-0.27527409390195207,3.8827459365605574,3.8098387465629346,954861000000
0.049882973937101394,3.8590010079348485,3.797649932691358,954866000000
0.06713136295754253,3.8642721940718796,3.7866253473285685,954871000000
0.12564559935815425,3.858141442215999,3.7764839052117134,954876000000
0.09594311033638679,3.82758858292345,3.7662730225037104,954881000000
0.1117754216727375,3.837130125505627,3.75678127514788,954886000000
0.0976919054918182,3.8082059536310178,3.747705685457638,954891000000
0.10043322486970847,3.7856748268512015,3.738932841077036,954896000000
-0.15995903233298073,3.7571713147238857,3.730708915316687,954901000000
0.3414446419734808,3.836058167158231,3.7230627590505394,954906000000
0.07360545550671861,3.7956791188836,3.715204756805569,954911000000
0.06820496493233918,3.7700237722843286,3.7076596400368533,954916000000
0.0908759153036651,3.7605761582611548,3.7002177053762613,954921000000
-0.2877419072963127,3.749341069888251,3.6929685453676653,954926000000
-0.2772519564627164,3.719274823995967,3.680895691824672,954931000000
0.04179658728882092,3.7528411923792997,3.6702048633843387,954936000000
-0.19763951990954123,3.7010767201177126,3.6591844980811548,954941000000
0.34177984852191007,3.7298929353734205,3.650022779991579,954946000000
0.06967221539680982,3.7103708109925395,3.6405545423809924,954951000000
0.09334313244541123,3.6738464600582743,3.6320087795353864,954956000000
0.04650016754247044,3.6867247987070426,3.623215943541478,954961000000
0.03518189085958691,3.648640332368549,3.615305875730959,954966000000
-0.16007776238034765,3.6565449376298376,3.6076817637508425,954971000000
0.3810728339442277,3.684323329689499,3.600221224547246,954976000000
0.11216688235445538,3.6903492983492687,3.5928092322118292,954981000000
0.08941025874988402,3.637298746239122,3.5870585811557585,954986000000
-0.17470088205315834,3.691345470067341,3.578648056356694,954991000000
-0.2027169088701025,3.6130227709871967,3.569401828159429,954996000000
-0.061817333859346915,3.620411983870919,3.5575927100779867,955001000000
-0.00483756450563521,3.6180562244805468,3.5463870395845936,955006000000
-0.2921134925899006,3.6208504020199954,3.5351892640527085,955011000000
0.4907492613731029,3.5714831572340886,3.5252782008320906,955016000000
-0.09747760759719737,3.5691327874781895,3.5216158466738623,955021000000
0.2350342466940739,3.6982213788574376,3.5109312823244743,955026000000
-1.4933136201872805,3.3933448469620666,3.5042558278920524,955031000000
0.10829604794505832,3.5757483674100743,3.5028537470477814,955036000000
1.712653815652212,3.653010781940453,3.4948212922799087,955041000000
-1.6388050730101174,3.56005811139383,3.488573412744365,955046000000
0.22344814205157107,3.532099204014664,3.488255297627969,955051000000
0.2701503940818977,3.5059563785488477,3.4885714373208576,955056000000
0.11126261331501767,3.5568313787418626,3.487753697338352,955061000000
1.415810620743353,3.582740687671845,3.482214377709784,955066000000
-1.5882287711258998,3.5349116981151667,3.4793704202517417,955071000000
0.29711166608926254,3.5502346980823845,3.4787490362021707,955076000000
1.5003877355172237,3.5455476989590635,3.4761988582350485,955081000000
-1.0116008383291213,3.564842929768158,3.469430461764511,955086000000
-0.36644877108274887,3.524913612823442,3.4683979356448797,955091000000
0.8747514815625848,3.5355781366622643,3.465782635285254,955096000000
-0.1739267231737719,3.57359602729343,3.4541363605847075,955101000000
-2.385933031491761,3.551439468211498,3.4498583580092452,955106000000
2.254148596497498,3.45509243646376,3.4480358190218237,955111000000
0.35869996753141997,3.4939749817748065,3.437075783392345,955116000000
-2.027162308161126,3.58708164692461,3.429700909237846,955121000000
0.22538008294465656,3.4266921601779483,3.428952221520635,955126000000
1.9513820037943421,3.2982989130455147,3.4193489615523522,955131000000
-0.021606279090723206,3.5876060818472264,3.4090088821584943,955136000000
-1.6939060201926457,3.53439625272654,3.4056901504483497,955141000000
2.2804174693050667,3.358240036766916,3.3997761698591966,955146000000
-0.26995989383781166,3.4625739859315843,3.3895528979616194,955151000000
0.07307596408921495,3.475276021656679,3.380801838984526,955156000000
-1.2553065053725312,3.4578029564593673,3.3746059572946523,955161000000
1.687016877001443,3.368093886998388,3.368736248844748,955166000000
-0.2238982526890353,3.412481288847392,3.360186618672815,955171000000
0.1125086678640446,3.463143799901915,3.352660166022034,955176000000
0.23411650885191632,3.3220653688381243,3.3464257607563055,955181000000
-0.008701871160698753,3.502128871035036,3.339529208061674,955186000000
-0.029342015579897133,3.3715559151091394,3.3307866708897915,955191000000
0.006400415814729107,3.395710861628697,3.323982329011823,955196000000
-0.38710947348615143,3.395684062932703,3.3149537478763085,955201000000
-0.0002561165756616718,3.362126923457573,3.306258370230108,955206000000
0.15854283208699632,3.376773249487634,3.2971903603395925,955211000000
-0.30490241563457104,3.3587662597143395,3.286526565194459,955216000000
0.17315698109278782,3.2877138754095165,3.2769302526805824,955221000000
0.25837322956762476,3.3508933210594094,3.2690622745187747,955226000000
0.1672574064379816,3.32508348450565,3.262124640942264,955231000000
0.25060121501325194,3.157277513242662,3.255254208517228,955236000000
0.12656468213364966,3.5612216924862325,3.248606203072642,955241000000
-0.19318845309786498,3.4013129310593215,3.2372390263829645,955246000000
0.09257428964481942,3.0256692778802394,3.229568378709951,955251000000
0.1312251443237693,3.145524870352472,3.2249156971797373,955256000000
0.1088890695900703,3.182171399623592,3.221404462735769,955261000000
0.30313988491935506,3.5587628523591444,3.217270566234848,955266000000
-0.05069503389618946,3.105624622448917,3.213062585035542,955271000000
-0.19817580665251622,3.325828215951975,3.2082467872709524,955276000000
0.09894590313614464,3.3019122924904503,3.2049332907961072,955281000000
0.11806949440630714,3.2819905215378014,3.202299904742021,955286000000
0.11752577877756222,3.2688317022713544,3.2001283453099294,955291000000
0.0625422760862205,3.255523133592544,3.1970582166558716,955296000000
-0.4981722833156797,3.30889547428783,3.1918765723264837,955301000000
-0.11361474997168482,3.271491091718961,3.1855687370419976,955306000000
0.13604515736296025,3.2148662523952067,3.1782179421112042,955311000000
-0.11763872489818147,3.2461504558425722,3.1688976555064996,955316000000
0.0037977120627462105,3.2745142301104098,3.1614779275446283,955321000000
0.33254901256547154,3.315259938005345,3.155939329475898,955326000000
0.09027700449381458,3.168438535604478,3.148980375089782,955331000000
-0.13864829659105266,3.229119901370535,3.1412425332370852,955336000000
0.03596462345688853,3.229922846081038,3.136030709542942,955341000000
0.2994240353770795,3.2751078917552783,3.130922645806236,955346000000
-0.011390227298404356,3.0735975032533713,3.1256621711217774,955351000000
-0.13379688657950123,3.2043481316272526,3.120956525710467,955356000000
0.2590626552759932,3.249704576385395,3.1168381696951535,955361000000
-0.058293637435997483,3.08072612565855,3.1126623075916693,955366000000
-0.5818251986957742,3.182426911018598,3.10539608685611,955371000000
0.17422340995436136,3.2312180992666604,3.0984073085346835,955376000000
0.1924026752763373,3.071699840737271,3.0906792050819254,955381000000
2.6134587851158875,3.1848694691292088,3.068409850431412,955386000000
-2.890723124196649,3.218841819688373,3.0604262124888186,955391000000
0.42559016169555897,3.00826080263543,3.05221325872163,955396000000
2.386376838174322,3.1842965782858217,3.029204073813301,955401000000
-2.654421859618206,3.130737676478529,3.019063978439702,955406000000
0.45746054030768885,3.026807415296135,3.014710708776357,955411000000
2.172049135384331,3.1403570696809373,2.996474684536964,955416000000
-2.3366954385175944,3.0779133110289747,2.984227085612057,955421000000
0.324566595065425,3.02385920347478,2.981558834184776,955426000000
1.9982134376501977,3.1085769210105827,2.971015133607501,955431000000
-2.0190059898101547,3.062439069952931,2.962460575450016,955436000000
0.2377663426789939,2.9932520470652575,2.9613526721353627,955441000000
1.7785862650766375,3.106452497276832,2.958155573048821,955446000000
-1.478658393743769,3.024349995355535,2.9510911570190888,955451000000
-0.2128518174609366,2.983581396854891,2.951191449545597,955456000000
0.021465392023836613,2.994452163027011,2.9523211995685443,955461000000
1.723746811862408,3.227711731909307,2.9455407374886415,955466000000
-2.0908508615969406,2.9667453638277,2.9447399136993044,955471000000
0.03481538042112162,2.9953540248220722,2.9416462743767644,955476000000
2.197277204368577,3.106375655825615,2.9322510915772035,955481000000
-2.4431132284595343,2.9836371085053073,2.925118527405713,955486000000
0.20596104465168438,2.993203084876031,2.9222947733151052,955491000000
0.13998861907920082,2.9755681631474045,2.9191306546784554,955496000000
-0.1043233791472375,3.018026852152936,2.9160634087598893,955501000000
0.1676119669334218,3.014918198420519,2.9133024142064174,955506000000
0.06029723258214938,2.9935366105566343,2.910814707998338,955511000000
0.019482091835290028,2.993058555235411,2.9088498317368536,955516000000
-0.1568209704789784,3.0282607541553603,2.907878474737295,955521000000
0.14941905455092838,3.0071094434788366,2.9059362067907184,955526000000
0.09041422791669791,2.9825574307661933,2.9047278980668674,955531000000
-0.0050048296959752485,3.0013168287118033,2.9035805957451184,955536000000
-0.02184520384605308,2.9754956107807593,2.901956688814225,955541000000
-0.18990975579648198,3.0540820957358106,2.9016438937727784,955546000000
0.22682558849885842,2.9471171518737633,2.9007870241752567,955551000000
-0.015839841717224933,3.028573821987862,2.899619650830089,955556000000
-0.018375885412769903,2.966597026415493,2.8987907470535093,955561000000
0.017842151292034956,3.062970254803607,2.897955296787612,955566000000
0.07592302850543961,2.9846220146954905,2.896585498648093,955571000000
-0.47672673885027156,2.965468482203864,2.8919056167595634,955576000000
-0.3223637693404063,3.090364076448855,2.886636962867086,955581000000
0.25503823042292856,2.93845858484054,2.8819935939752273,955586000000
0.007588271526894459,2.973514907344805,2.877134496580413,955591000000
0.028611577858059616,2.9066345321379354,2.872689366817472,955596000000
-0.15122966922475975,3.1379161522777035,2.8681064956658058,955601000000
0.27912397530625627,2.893635548556853,2.864426733756279,955606000000
0.04558546115096125,2.970774229193167,2.8611249412472093,955611000000
-0.08194635907228723,3.039565907685599,2.857382138927581,955616000000
-0.030877941818042712,3.000738674775376,2.8534453645942794,955621000000
0.25266818112720413,2.854693880695414,2.8508992446134545,955626000000
0.04560405126304484,2.9559012437832894,2.8487186848086936,955631000000
-0.15717955163398847,3.120740824422555,2.8452507634206303,955636000000
0.24751723721994928,2.814778672302774,2.8433940155288564,955641000000
0.040987509320798,2.9286472140129307,2.8411938189826675,955646000000
-0.15829335163046457,3.0869736799041836,2.8381661135358573,955651000000
0.2389095631081386,2.821329979220868,2.836307172660147,955656000000
0.04208173792732143,2.929845929858211,2.8339705494706044,955661000000
-0.14894827738551616,3.0769743945767005,2.8315658439686544,955666000000
0.009624009852814419,2.9391698612204986,2.828854733698504,955671000000
-0.19103726215462652,2.771842524368764,2.8246462715630845,955676000000
-0.2498246949976017,3.0253440266803446,2.8194102025092476,955681000000
-0.009610987756532397,2.9193901107713915,2.8130315736263936,955686000000
0.22961058896211525,2.7799086004813742,2.8079604754218526,955691000000
-0.0464069926834918,3.0398213220667136,2.8029809611016923,955696000000
-0.03295740944185581,2.924277986260827,2.797296024510632,955701000000
0.07432088284990084,2.9149417777375874,2.793062906865854,955706000000
0.19075420051357977,2.7343482083077495,2.7898411455463554,955711000000
-0.09653541925603228,3.0535621780354685,2.7853064868195876,955716000000
0.0029312719470806457,2.8567574533534663,2.7810923470409317,955721000000
0.1486008258829425,2.776481107429916,2.7777196020591886,955726000000
-0.08250363073807505,2.9833980221970746,2.7747858040235305,955731000000
0.047250446103336244,2.877716962684522,2.770958442926338,955736000000
0.023820042569122242,2.881900288556981,2.7679690753834025,955741000000
0.23396590284823995,2.6961180025527405,2.7658147831278255,955746000000
-0.06729007237555179,3.0389785042785693,2.7627204242002446,955751000000
0.01595543246149103,2.8496976265244585,2.7594458130825044,955756000000
0.049701851458818266,2.869469942739952,2.756864463293583,955761000000
0.06430024392112246,2.8323209214771303,2.754374351477149,955766000000
0.054818509837846266,2.850060259349115,2.752338499845193,955771000000
-0.19593853372314596,2.8390436679753694,2.7495374849450953,955776000000
-0.21366252354730347,2.8310165716613196,2.7452588910982203,955781000000
0.05938279100022258,2.8829743716082676,2.7397852058281953,955786000000
-0.017020000385264973,2.7080680643679775,2.7350569218176046,955791000000
-0.017653564809276295,2.6848410132154745,2.731262788667779,955796000000
0.021451361909686998,2.679879115915557,2.728252734105744,955801000000
-0.002014821181659316,2.760255526253888,2.7256941132306136,955806000000
0.061459037946995865,2.921304077350799,2.722953646257691,955811000000
0.03933600585278181,2.862083283425077,2.7203666988696473,955816000000
0.04755436352448119,2.826810295509169,2.717904299843301,955821000000
0.06878489432488887,2.8309898331290593,2.7149249742062294,955826000000
0.053528159434103204,2.7807821401490966,2.7120313610770284,955831000000
0.0647759590678405,2.8240816528986667,2.7096791518915055,955836000000
0.05345595740456716,2.8427187673132983,2.706342720594149,955841000000
0.026595087195626227,2.7828389298797216,2.7040717509726715,955846000000
0.04177561699331804,2.7952674859578734,2.7013472740240783,955851000000
0.07777347156924985,2.7663291118994016,2.698887634986256,955856000000
0.03660813924016164,2.7702107645200686,2.6964725446715785,955861000000
0.08267631301481518,2.806228383593933,2.6935871323132425,955866000000
0.061600389916324855,2.789023287995397,2.6913154157523413,955871000000
0.06174652400605751,2.81113286434194,2.6884519664337043,955876000000
-0.4715972035935963,2.61408476113846,2.684073919327915,955881000000
-0.10915649230316601,2.759334116165012,2.679756376307007,955886000000
0.03532281879343587,2.7943013329028985,2.6753368271734783,955891000000
0.05878236061044915,2.810142375174361,2.671582582225031,955896000000
0.05181894456431307,2.698114155996993,2.6677116446364635,955901000000
0.09143646536287042,2.8295121283396254,2.663716238578248,955906000000
0.05154583020372409,2.706337119225682,2.6600923302044284,955911000000
0.054017329052257645,2.7424842777005773,2.656033641347707,955916000000
0.02881538187130879,2.7402904667068273,2.6534127078058387,955921000000
0.048949610125674045,2.698148297914266,2.6490873409258673,955926000000
0.0498244820324288,2.718916813860109,2.6456736016090194,955931000000
0.034841832969661285,2.7312327903753935,2.6420456450051097,955936000000
0.14819593124328886,2.7613748747639684,2.6387892897406457,955941000000
-0.1366287352349853,2.692857524381762,2.634684417226974,955946000000
-0.27015232575093817,2.6291829035354732,2.630150400420277,955951000000
-0.021652179509804314,2.670370201228514,2.6239066061809857,955956000000
0.01592501343304423,2.6452872832540755,2.6188867575693,955961000000
0.056825000752441936,2.7054447025272763,2.615530404182856,955966000000
0.07323126191503378,2.6815890003492546,2.610462092133418,955971000000
0.02865050434362489,2.697363388814153,2.6061756689194935,955976000000
2.9339671354105827,2.7899214552915943,2.5988021467916123,955981000000
-1.80348288188873,2.6867480244841992,2.5911230377518586,955986000000
0.21727403893793354,2.6825157407652527,2.588019173530894,955991000000
0.18124737768200172,2.740998276626869,2.5863502147154462,955996000000
0.30809792353684246,2.62977091017843,2.572898892392145,956001000000
-0.26627171795811266,2.6582747918211593,2.569532237329728,956006000000
0.18823093033129892,2.6405178785987067,2.5668630222030644,956011000000
1.877904595984907,2.662525135068615,2.554018503742959,956016000000
-2.497916935146187,2.6656321362181177,2.5516151021775824,956021000000
0.2024690705786676,2.6399671195490106,2.550083596126452,956026000000
1.833784755773208,2.6343773844882516,2.5431537976545684,956031000000
-1.994114985621108,2.6760427577437973,2.5363289751396536,956036000000
-0.14835652895235757,2.6523930255359343,2.5358022553071984,956041000000
1.5788177281897107,2.6057872955243853,2.5341753784689853,956046000000
-1.5692489904225437,2.6316324776802675,2.523893303029775,956051000000
-0.3237247507253563,2.626257407815257,2.521700777080846,956056000000
2.24525051208524,2.5772707532752115,2.514427375851007,956061000000
-2.063961330696159,2.6317910937282587,2.504322605517192,956066000000
1.9108260495387632,2.7093849484462305,2.49694677053484,956071000000
-0.2328179350920348,2.5074206179994354,2.48371548947448,956076000000
-1.248194341627151,2.54143902343721,2.4746500118280763,956081000000
1.0788210956511999,2.48688839861285,2.4655983592165254,956086000000
-0.33176307848790265,2.4328159280967583,2.4581881770671496,956091000000
0.5127218593615253,2.702513314691326,2.4484880779219242,956096000000
0.09779650495105671,2.5672795679148046,2.4401108570542585,956101000000
0.02675843221818404,2.554365073625551,2.4345086883360745,956106000000
0.027303425455600824,2.5362646849422483,2.425604968730851,956111000000
0.060170274647275694,2.5161415545331174,2.418063574986524,956116000000
-0.06710720924386573,2.520729764577865,2.408170569411124,956121000000
0.029400122788028806,2.5024660827692435,2.3995879754028677,956126000000
0.04012698816983222,2.519276223328645,2.3909463693037343,956131000000
0.010285274626682637,2.5091434345289065,2.383382650606632,956136000000
-1.3833868670085392,2.4805078541120222,2.382547743787336,956141000000
1.5077636119380367,2.406864085100957,2.3784101572186422,956146000000
0.1761175980007437,2.5407526558935003,2.3718784438964633,956151000000
-1.0719835015457717,2.474803054432984,2.367910226641447,956156000000
-0.13973075691898973,2.439168745207733,2.3699892865911414,956161000000
1.2352893559845828,2.598525270605422,2.3657413331628305,956166000000
-1.1191251957850155,2.382770705002815,2.3675849197320624,956171000000
0.00824716715563727,2.447346942905798,2.369701926242199,956176000000
-0.08317826911092133,2.523400638373366,2.3742663094950096,956181000000
0.06638543138565187,2.518751940786293,2.377048644089281,956186000000
0.23014317656446684,2.3626683153686145,2.378282768534286,956191000000
-0.2943033357063,2.56751809339778,2.380861888382062,956196000000
0.10550118493772004,2.4965349501504233,2.382569559121058,956201000000
0.13307158562318028,2.3716559700709716,2.384579417300483,956206000000
-0.3458246875953186,2.610316104180996,2.385924343561347,956211000000
0.09440603111518502,2.511135714692109,2.387390378127595,956216000000
-0.19246416993053533,2.409034860123775,2.3872243965419386,956221000000
-0.10522755886735784,2.501255727654091,2.385964252468858,956226000000
-0.22602854834660466,2.5983611942066145,2.384470719810584,956231000000
0.19320562866869329,2.4053390146168576,2.382724997662362,956236000000
-0.0561862996547422,2.511661065229792,2.380883656161375,956241000000
-0.20487523707894278,2.5953659966325984,2.3797567317211303,956246000000
0.04654468874325691,2.4880553746188405,2.378494713757745,956251000000
0.18297649522953202,2.3639558195248798,2.377224840070441,956256000000
-0.02109578001872306,2.4677922038385365,2.3762175280750912,956261000000
-0.16425360953847976,2.6173910052101768,2.3749172239576395,956266000000
0.21552265435446458,2.337380958283679,2.373595844714143,956271000000
-0.006266461374546074,2.4843236265825133,2.3725426463539363,956276000000
-0.16440283936015165,2.634592446782703,2.371112484911056,956281000000
0.19438277641668766,2.3470816110709225,2.370331010554922,956286000000
0.022372514776621093,2.4276815578743935,2.3693686489677934,956291000000
-0.21699489769050295,2.659709586195192,2.3692387426326778,956296000000
0.06990713907898348,2.513840436618007,2.3682933721892736,956301000000
0.1405714555360592,2.3741044610086632,2.3676961064921636,956306000000
-0.21340697032785552,2.6358206909463693,2.3668867952247523,956311000000
0.04755049407658404,2.4680017210980054,2.3665319466558414,956316000000
-0.07978989332523914,2.3073716627946554,2.3653368683668514,956321000000
-0.22342180296707598,2.6368214038092197,2.3616433495519233,956326000000
-0.04140947098912594,2.49910551511245,2.3568489601136986,956331000000
0.14291359223565012,2.3082319971462657,2.353981087620513,956336000000
-0.07405319384090972,2.638837133777265,2.349933875016931,956341000000
-0.0362554442860223,2.472858484882006,2.3459814596135242,956346000000
0.1479651060489524,2.2904428703631083,2.3429888356413624,956351000000
-0.11708369560251213,2.6046713261972236,2.339944663238355,956356000000
-0.04145011579579561,2.4847290728348566,2.336058018082383,956361000000
0.1796767245828618,2.245571567207919,2.3338024556871813,956366000000
-0.09277595117744084,2.6144004328901373,2.330888905580058,956371000000
0.0006084858390741944,2.494204163416889,2.3283109682110767,956376000000
0.15740592465158204,2.2336127020328993,2.326285999847326,956381000000
0.002018475366587242,2.393938065246972,2.325301102745852,956386000000
-0.3551602954188448,2.6726565149662185,2.3208833722973505,956391000000
-0.022366589232894727,2.4404207390692014,2.316490214504842,956396000000
0.13763080958365878,2.120371048620553,2.3134584474370814,956401000000
-0.029214653544270545,2.607884754537628,2.3090714041522338,956406000000
-0.10356476173959803,2.2945349353305637,2.3057972405398135,956411000000
0.20720068720425433,2.4014319852627044,2.302812017496188,956416000000
-0.11770513203738973,2.1790741707581827,2.299840900535997,956421000000
0.010036404703896348,2.4807101135698577,2.2976014823599407,956426000000
0.019166149871008127,2.509137488485267,2.29592340876684,956431000000
0.24702488319608357,2.5636808718658965,2.2933579400426223,956436000000
-0.13815000146359271,2.2143152630339777,2.2918432729191522,956441000000
0.044637768492853676,2.4519810300169333,2.289787976505933,956446000000
-0.007627312905925316,2.4287864007776365,2.287972244318043,956451000000
0.2174412563371463,2.517477748888736,2.285954559389815,956456000000
-0.20661911990378196,2.205864919529234,2.2846857038956156,956461000000
0.03738045539854895,2.4310399719194193,2.2831586491978397,956466000000
0.012827546557068924,2.3947958847527224,2.2820179689291065,956471000000
0.04040635902145988,2.379843304092972,2.2817628398769503,956476000000
0.010748609556744086,2.3640379045712994,2.280174756489626,956481000000
0.04985649229958622,2.3880358955966363,2.2797707671754135,956486000000
-0.21658295613517506,2.426048666917856,2.278477212572723,956491000000
-0.060204755094783693,2.4088279317929753,2.275872409135973,956496000000
0.021218139548390372,2.3883243166385086,2.2740249622416115,956501000000
0.0062053633743763825,2.380555490517075,2.271687575493524,956506000000
0.016406789796307334,2.3875898641276714,2.2687631008373286,956511000000
0.12775372581203806,2.3540809130957374,2.264749073024532,956516000000
-0.33685999826764357,2.3402760563319305,2.2605687199752693,956521000000
-0.05478826972614258,2.375620389442157,2.2580508553154046,956526000000
0.1430555524976968,2.3070151160239547,2.2543391468620197,956531000000
0.1437234797994215,2.341202667043703,2.2513746788827134,956536000000
0.09560412495554808,2.3841804402926616,2.2479845497975814,956541000000
0.08996829673763407,2.3119310798215276,2.2446693337440045,956546000000
1.6821271026584703,2.3670383861314765,2.2353327327821577,956551000000
-2.2816437967879,2.4061560955391244,2.2270650894120725,956556000000
1.827661889766792,2.301406059456081,2.220917654183238,956561000000
-0.16421209441258516,2.323642876487909,2.2045526516946277,956566000000
-0.007546477944329822,2.385885158394686,2.1909510195230126,956571000000
0.014369330846716388,2.302832012598788,2.179362778040758,956576000000
-0.14852451508383577,2.2961911802721446,2.167768883022549,956581000000
-0.22607531524199595,2.295604295308997,2.1586281205716094,956586000000
-0.25427617616035275,2.2611346109377246,2.1505927291399587,956591000000
0.5843913856374704,2.2407920298739645,2.1443175345209156,956596000000
0.20236363652348818,2.2008933162613635,2.137769460836152,956601000000
0.014727585517681642,2.2645761548360217,2.1308555403964275,956606000000
0.02608276932776201,2.225197796787679,2.124525366803226,956611000000
-0.08846737102532891,2.2356003154241244,2.118294843335293,956616000000
0.19147714259002194,2.204754768496934,2.1128685985083733,956621000000
-0.011452281708257097,2.221370348987364,2.1089141630924586,956626000000
-0.03590303010779754,2.2173946352750504,2.103287043181741,956631000000
-0.11159477109163518,2.1905894159013615,2.098842520529748,956636000000
0.2381547361898725,2.2024088439246445,2.0953754804994915,956641000000
0.029755440912663793,2.197502685181554,2.092398212422419,956646000000
-0.03623974650136523,2.1936764148828143,2.089033834201992,956651000000
-0.011021948695939969,2.1870596972425655,2.085953013849071,956656000000
-0.015269523908618823,2.1957656718610887,2.0826243056669123,956661000000
-0.019497259414494823,2.180449953882275,2.0775514672769138,956666000000
-0.04641084870257711,2.1637497844719804,2.072423227941334,956671000000
-0.029621262231811017,2.1686303243256284,2.0678002597019454,956676000000
-0.12670559769134326,2.185252964990011,2.0632686964597964,956681000000
0.2024281065126994,2.175107135770412,2.059733053532911,956686000000
0.010458973077525878,2.1461650179122,2.055614136784646,956691000000
0.013678086622250079,2.162973458097026,2.0520771185161917,956696000000
0.00817704984414255,2.1775073378611594,2.0496651370228687,956701000000
0.04736047424362754,2.1680174637748446,2.045965601330952,956706000000
0.026174348944433656,2.167110722632697,2.043085523372582,956711000000
0.0013723947010249524,2.1640030508254795,2.040716856559653,956716000000
0.03751971081279637,2.1687435328797275,2.0379841861307764,956721000000
-0.9803727173619987,2.139231381037091,2.0369649835748063,956726000000
-0.09723201389596446,2.1902978145043837,2.0402568108510777,956731000000
0.12267894914302072,2.100962946741789,2.044303426091849,956736000000
-0.015899125658931375,2.1765294042556533,2.0479172132535743,956741000000
-0.0033553631752487184,2.178726470298953,2.052149016653323,956746000000
-0.03024665909357303,2.1742315356151884,2.0551984959824017,956751000000
-0.01724926219682702,2.1615003330464067,2.0586949860970933,956756000000
-0.03499799842250409,2.1827997364865053,2.062365501872246,956761000000
-0.27860289103886016,2.162005544642948,2.063528448598779,956766000000
-0.07725951424761829,2.1502491123831216,2.064649909903689,956771000000
-0.025966763812425207,2.1659974457385207,2.0658423397764336,956776000000
0.01621736062172618,2.1933313765228393,2.066299992901257,956781000000
-0.014641947909531857,2.202633784850588,2.066929151313964,956786000000
-0.024502017959456293,2.167579399920873,2.0677866229532893,956791000000
0.007072706171554291,2.1757003031795357,2.0680601576145303,956796000000
0.028138806125986272,2.2050188829128476,2.0686695400712125,956801000000
0.015101375371857977,2.203152156182014,2.068660806214033,956806000000
0.039794307992320074,2.1807039941676436,2.068758919783718,956811000000
0.01763155774502773,2.2013603243784448,2.0691252310643518,956816000000
-0.018452765924428544,2.1876404955327033,2.0689571054413216,956821000000
0.04630440042030436,2.197880316142528,2.0693141929115164,956826000000
-0.17861285238593505,2.1942634050428396,2.068944877822593,956831000000
-0.11117116019679932,2.1772255002940564,2.0664453193286967,956836000000
-0.0025919313779189275,2.1761205160793207,2.0653983075417903,956841000000
0.005154269607822411,2.1821033741952527,2.0635207191949942,956846000000
0.041649621963067596,2.1882218098832213,2.0619516952081964,956851000000
0.005342855558703272,2.1719559925866254,2.060975568952708,956856000000
0.0436651313487271,2.1912137179814706,2.0596480812973015,956861000000
0.022425110835297503,2.1828263275863717,2.058412090191026,956866000000
-0.006864654056346543,2.1842544824936962,2.0569669421352224,956871000000
0.027869180687013887,2.188711461951082,2.055743883740429,956876000000
0.00961408264417861,2.1705158298460296,2.054301596785328,956881000000
0.05297117904423794,2.1557648519049173,2.0536146877885924,956886000000
0.005382070636023164,2.19615401742275,2.052069770274645,956891000000
0.013339131844093967,2.132359714031374,2.050979013527912,956896000000
-0.013089815044348398,2.1714011513873794,2.049718351052982,956901000000
-0.010301300263904927,2.1535212854136585,2.0485750886748226,956906000000
-0.0030808441398019817,2.155078967943426,2.047941846296239,956911000000
0.030745745894411848,2.1584883769786263,2.0469549226467865,956916000000
-0.02568132639760961,2.13536816451929,2.0462977903320945,956921000000
-0.0023516919292693294,2.154894988992029,2.046248575085552,956926000000
-0.00939528273153491,2.139760411835815,2.0462140746479007,956931000000
-0.19474167526129282,2.1656051889268335,2.044742471113044,956936000000
-0.09878385523339085,2.145889637379113,2.041666497911517,956941000000
-0.05077493654842591,2.1592689719070086,2.0385250824952297,956946000000
-0.01978860625237232,2.1100561706991248,2.0360375448479044,956951000000
-0.00010790977680697096,2.107255903558689,2.032699467428291,956956000000
0.07272010657316566,2.113166367340465,2.030534200966526,956961000000
0.07106123999054817,2.1161886954158855,2.027280207792833,956966000000
0.015106036233277678,2.133470330030886,2.0233639663200695,956971000000
0.06805053904187834,2.124394182585942,2.020647240456185,956976000000
0.09287256251197712,2.1409413663091446,2.0166312664072543,956981000000
1.5750125076100203,2.016144153669267,2.0082721252721596,956986000000
-1.7221304872600658,2.297996830629912,2.0038102025313447,956991000000
0.17600359494691964,2.0544021181463616,2.0025216445574925,956996000000
0.051888936270243394,2.0749891480255056,2.0017271086477377,957001000000
0.2742372072419921,2.019789618093026,1.9930403608531055,957006000000
1.1384458133837516,2.0650622154063814,1.991900685999702,957011000000
-0.10181401458362718,2.1293899386854775,1.9839392290538296,957016000000
0.19282431257448573,2.069917815396587,1.9778852814284567,957021000000
-0.008542922798215533,2.0173442112560815,1.9717633290372945,957026000000
0.022301322727802376,2.0678814506845726,1.9656915109589461,957031000000
-0.06577518747205295,2.098730924827564,1.9589538327438216,957036000000
-0.10272991718868636,2.192667749270194,1.952633130211124,957041000000
0.08831659574083568,2.044902837094706,1.943809343665515,957046000000
0.012759331854516111,2.0013055550987806,1.9371428045503993,957051000000
0.012483217931509919,2.0335977510255727,1.9307689535117563,957056000000
0.0052939779038713615,2.018564310785263,1.9253105255321912,957061000000
-0.056171724034686246,2.1347474534767286,1.918895044143726,957066000000
0.1051608030081413,1.9778465112562493,1.9137073584292972,957071000000
0.02452130140432334,2.002511990429629,1.9093699230662724,957076000000
0.010369926164387052,1.9984333528775517,1.9052595475053646,957081000000
0.01646766945626433,1.998968080029826,1.9013054566782503,957086000000
-0.06853995595701505,2.1542823374170723,1.8973129042093178,957091000000
0.10100713977584247,1.912767169647363,1.8939584615792557,957096000000
0.023093537169042208,2.038475124688059,1.8914247975663292,957101000000
-0.07970997357947976,2.008425845315208,1.8866847963638818,957106000000
-0.057631883583044316,1.9706798780002206,1.881835876711333,957111000000
-0.0067407225275963895,1.9930929487563562,1.8777488634469595,957116000000
0.0011007909226030494,1.952953832369099,1.8737591097014439,957121000000
0.01846042896902872,1.992001610050954,1.8704021028233073,957126000000
0.023635354932240532,1.969402724448191,1.8670167985406254,957131000000
0.005901145781898456,2.021279797435572,1.8640628115913893,957136000000
0.010791180941000594,1.975746628484964,1.8617117586623078,957141000000
-0.01789700765969619,1.9990031046160779,1.85916128240528,957146000000
-0.03455743367585858,1.977582317567434,1.8567611166635154,957151000000
-0.0014891591101433505,1.9602870992000263,1.8540407993497499,957156000000
-0.00751152152024958,1.9729347356151279,1.8515502724356232,957161000000
0.02867096177892694,1.9631225531281116,1.8497984883278726,957166000000
-0.03270151434115881,1.9358447470385087,1.847726729566382,957171000000
0.009104583155544486,1.9685746292570896,1.8465932954049378,957176000000
-0.0005649579140377041,1.931080790489446,1.8449460017784545,957181000000
-0.8874031734826712,1.9504938515755268,1.8452456557214074,957186000000
0.15385612592396028,1.8450019091351266,1.847547713507539,957191000000
-0.06051240968078525,2.11192015177366,1.851072814149174,957196000000
-0.16188980570202915,1.8298947534157124,1.8554547812681461,957201000000
-0.15253104333275896,2.0420146286439675,1.859391182193523,957206000000
-0.08478022595035718,2.040572828317188,1.8623505029417544,957211000000
-0.05950882862430276,1.975338785586466,1.8651892707693374,957216000000
-0.02203943054717375,1.9867176179844375,1.867084631510626,957221000000
0.09208438920438763,2.0612270391374254,1.868566306779964,957226000000
-0.2562439290771635,1.883604737631853,1.8707063181563768,957231000000
0.011458788507315534,1.9858168891627348,1.8731361573192205,957236000000
-0.000867775627365331,2.0260443412293148,1.8747558499498154,957241000000
-0.005279108455654158,1.9816514159787475,1.8767226581264351,957246000000
-0.009232818995853537,2.0051168887055404,1.8783260066525458,957251000000
0.18044346805042774,2.0560184159187247,1.8788417100258556,957256000000
-0.2632123979751166,1.8571617161211165,1.8807677349817458,957261000000
0.0383363605190563,2.0331040827351377,1.882472683161132,957266000000
-0.013278863841647549,2.0233942469031274,1.883736564282063,957271000000
0.0006000523009528514,1.984025765792995,1.885024722911825,957276000000
-0.015541140579820015,2.0160290465355772,1.8863717591005655,957281000000
-0.0014766137740985577,1.9991192924029797,1.8870895798697,957286000000
-0.03632530134157933,1.9876526400921437,1.887385755246983,957291000000
-0.025866716931024943,1.9755385519933752,1.8896505390792657,957296000000
0.03745841698781884,2.071810385889008,1.8904438071798217,957301000000
-0.03012423247400567,2.0207166552032985,1.8909204911203412,957306000000
-0.17441456494490878,2.005133905776945,1.8904435965016604,957311000000
-0.008911621451257628,1.9985428467842907,1.8898666025281265,957316000000
-0.01653670845297999,1.9746228944720638,1.8882857242775768,957321000000
-0.01838944989967031,1.9775503565292594,1.8873794233454781,957326000000
0.030109286593777467,1.9914849892599231,1.8865854338036023,957331000000
0.035780192594149135,2.006482421306479,1.8847890270008665,957336000000
0.042179002150525384,1.9883279000395955,1.884251404086647,957341000000
0.01874718162367152,1.9824821097887593,1.8833746644151153,957346000000
-0.020022333141667015,1.9811824179485789,1.8822036210863016,957351000000
0.013133802659171759,2.006130426401831,1.8810395667497681,957356000000
0.01895514824043442,2.011251682235946,1.8799710875923314,957361000000
0.028144733049994944,1.99124770784108,1.8786244665757366,957366000000
0.06524902474792829,1.9837140121446997,1.8772178825242498,957371000000
0.046026725539246596,1.9948677754853135,1.875568647617053,957376000000
0.01659019116147893,1.9814762823138539,1.8739886109188446,957381000000
0.026921619260152973,1.9651233703412974,1.8723955407367507,957386000000
0.009489174995816231,1.9964159656879903,1.870540192172304,957391000000
0.010244761616429744,1.977671795036431,1.8684731374365247,957396000000
-0.010215637042564101,1.9906815612192916,1.8667300563644986,957401000000
-0.009838331227508504,1.9887613239329063,1.8652185374512724,957406000000
-0.21952579597726296,2.0477361054965098,1.8626507280204656,957411000000
-0.002149276184709427,1.9940183237203746,1.8590882071219788,957416000000
-0.031491599646317085,1.8595509961437457,1.8554949796634013,957421000000
0.057335273264917476,1.9997384919419423,1.851731073590534,957426000000
0.07597413862802527,1.9265353660053206,1.84742812430131,957431000000
0.03264507908438487,1.9301440858883074,1.8431242737077462,957436000000
0.05074771905745551,1.947949095178351,1.839863134949594,957441000000
1.2200705631280073,1.99558027922512,1.8278763143726071,957446000000
-1.624331069316611,1.8177369509143844,1.8257707432524075,957451000000
0.18668289566761337,1.9584137929850296,1.8246818234140183,957456000000
1.260422622097307,1.9453182757028307,1.8205288824232988,957461000000
-1.2955393406462534,1.9369276500149664,1.8161538919919757,957466000000
1.1553983422005465,1.9440364060672857,1.8152600835878303,957471000000
0.05184148140001234,2.0038588463430536,1.8081846102321568,957476000000
0.07747606406995723,1.9101655975571799,1.7996640550363658,957481000000
-0.1300910329100892,1.7910769380120866,1.7920627101147066,957486000000
-0.06500666298179977,2.150435611954049,1.7844965049909285,957491000000
-0.07234711875277716,2.0654295397732523,1.7760720172938618,957496000000
0.1800845796781939,1.5289337651807966,1.7681456070572623,957501000000
0.012615782569285337,1.7928975867343577,1.7616333817464143,957506000000
0.03319655025890435,1.8644324355757111,1.756057560401747,957511000000
-0.047778916726957575,1.8967095590356586,1.7506516982396207,957516000000
0.190730061196729,1.8903507913032735,1.7462534714943738,957521000000
-0.11272146501308265,1.7791858378625482,1.742099017660498,957526000000
0.13484158510803673,1.9543565467634816,1.7383569081004404,957531000000
-0.06449654252677972,1.8602907168028437,1.7338388101063908,957536000000
0.1802348603879019,1.7978098543140821,1.7316137703207546,957541000000
-0.011568141786052005,1.8239559635457259,1.728997662847488,957546000000
-0.08959269166756276,1.8681922537619524,1.7245489078239307,957551000000
0.10680024142470293,1.7902017401285557,1.7219163622668372,957556000000
-0.01498991961961984,1.8277638193216088,1.7202534943410708,957561000000
-0.09012430646554195,1.8083721334387093,1.7184602711026642,957566000000
-0.0565263299454206,1.8731752881292876,1.7163880706686798,957571000000
0.14972041852877913,1.790009670778006,1.71469131861409,957576000000
-0.08664343121860135,1.7985761784430911,1.71224425519687,957581000000
-0.15086572559093098,1.819785150073841,1.7085093255224273,957586000000
0.1342556133051621,1.807733437056125,1.7052576132023722,957591000000
0.00516592745948624,1.817230553768936,1.7028302257007575,957596000000
-0.049658173104425996,1.780846575106117,1.7002764180027743,957601000000
-0.14143600471667073,1.8196816625090884,1.6976913276861658,957606000000
0.1650124646237563,1.7833981248613036,1.6958053579227297,957611000000
0.014987046308342395,1.8002376453659523,1.6937209956601396,957616000000
-0.016795729424435097,1.7771747412171324,1.6916072459032403,957621000000
-0.04380034064712392,1.8023231642095543,1.6900671581794167,957626000000
0.0008052402006926409,1.8321736015767123,1.6884365065537357,957631000000
0.056291675640497536,1.7795555105990468,1.6871041709457837,957636000000
0.00664235065045226,1.8065276893773154,1.6855129945877776,957641000000
-0.13750347265137508,1.839405813489025,1.683765490464195,957646000000
0.043771848477390414,1.7767817781072968,1.6811496788754972,957651000000
-0.019354040303776535,1.785595807758581,1.678357632567978,957656000000
-0.005703257857875945,1.7648415006363611,1.675928344076709,957661000000
-0.0010172718887540913,1.8043556247843475,1.673656253090266,957666000000
-0.0018407066787697064,1.7651332675759106,1.6704097523564427,957671000000
0.0006419301604720041,1.7714421741193198,1.668616649802074,957676000000
0.014726109639810202,1.7473585225243924,1.6671796474114118,957681000000
0.00652674333567452,1.788095539934409,1.6652644257028155,957686000000
-0.12337484573645,1.8505893173208041,1.6632916535942526,957691000000
-0.6514766584855157,1.69285797139776,1.6648695187275593,957696000000
0.2266965883521897,1.813281269418701,1.6683049264815493,957701000000
-0.27709852843130434,1.8021596297988678,1.6710549469562705,957706000000
0.02942259541958725,1.7592730813802995,1.6741698460009695,957711000000
-0.004912001496434695,1.8132578782198865,1.6765352409309358,957716000000
-0.02074074213826007,1.7669634967424872,1.679188651533477,957721000000
-0.04612484926958248,1.8214393396073174,1.6812366479065273,957726000000
-0.028221307033701775,1.8090698754697327,1.6832739869218718,957731000000
-0.033651508633905314,1.7688107876824068,1.685387140326068,957736000000
-0.026059192430621776,1.8158615373795781,1.687816570336735,957741000000
-0.033956098163912346,1.8006260887468728,1.6901917358015248,957746000000
-0.16544615517371186,1.8163188393241876,1.6907990120755478,957751000000
-0.06121803472648012,1.8098718348604597,1.6914999527990253,957756000000
-0.024127003846995648,1.7895499746538845,1.6921057373857493,957761000000
0.005575480282296388,1.8138170433158838,1.6922140860794308,957766000000
-0.008360248233683486,1.8036201102481961,1.6927295072124922,957771000000
0.016646263252154066,1.7935399380447872,1.6927315874073667,957776000000
0.002772769071989076,1.8000672877407102,1.693081331965416,957781000000
0.00423763063385557,1.8106848908143072,1.6931818273655557,957786000000
-0.012524640406947056,1.8138281197414565,1.6927632183808683,957791000000
-0.0010542260438248228,1.8083793251583906,1.692750109909548,957796000000
0.014059304527385436,1.8081165693867103,1.692595423378167,957801000000
0.009095768325488605,1.8120443421853172,1.6926563261259147,957806000000
0.027789679091642663,1.7936421894067631,1.6920703549919716,957811000000
0.006950689858869607,1.7835417537138,1.6920264028649028,957816000000
-0.03058734227437659,1.8200024130845334,1.6922751316102322,957821000000
-0.016877894322670395,1.7936482499653932,1.693156922095731,957826000000
0.041429538690594125,1.8484579354405604,1.6937887103407263,957831000000
-0.03905854303861918,1.8336946229317321,1.695083865103667,957836000000
-0.02436400402782242,1.7775524003450787,1.696424189975776,957841000000
-0.02285132574934123,1.803714289249471,1.6985114759422857,957846000000
-0.15583660697309917,1.7958652151121322,1.7004944341440047,957851000000
-0.05140364901309532,1.8081854927056504,1.701139209365594,957856000000
-0.009941975103209613,1.838586110731293,1.7014587541187927,957861000000
0.02778962023589619,1.8189094683448814,1.7009224701800574,957866000000
-0.01879073991640938,1.7910084328947087,1.699147953138831,957871000000
1.2541488372163934,1.8226676235221924,1.6945970334443115,957876000000
-1.3944254989862614,1.7526549233828939,1.6902555554213325,957881000000
0.10586777591060817,1.7612785875831776,1.6885582458728599,957886000000
1.2634092667711752,1.7666844535470034,1.6844648380156815,957891000000
-1.0372931580684244,1.8080030583580975,1.6773621843453161,957896000000
-0.21801336038036184,1.8129763339330907,1.6764498334641524,957901000000
0.9608219333211391,1.7157251186007747,1.67299767631501,957906000000
0.031418237535643614,1.816297576688578,1.6661394335261472,957911000000
-1.1028448770797317,1.8302867213647829,1.6637790487495545,957916000000
1.2095188049066403,1.7004757274588995,1.661827187418098,957921000000
-0.09506120168551356,1.7273539698526932,1.6561292551653501,957926000000
-0.6914211361097402,1.6857199487233767,1.6512458915442512,957931000000
0.8251547128730801,1.8717351476641109,1.64741495904754,957936000000
-0.16512926070798858,1.7251651288012226,1.6412458233025948,957941000000
0.15508820740324783,1.619001929570654,1.6364771390450539,957946000000
-0.14478943810247707,1.8791858675725746,1.6325747795241503,957951000000
-0.10351197564187004,1.6628760395736255,1.6268933527436311,957956000000
0.2122912936529763,1.6712705175795344,1.6221261702318686,957961000000
-0.12886928889824106,1.7164461758291185,1.6181037227790618,957966000000
-0.07513324691497617,1.5668494355883622,1.6134470508965926,957971000000
0.19476266416748114,1.8870207680907027,1.610468648578716,957976000000
-0.13258484475480667,1.707496041555006,1.6066148961920046,957981000000
-0.08843646753114043,1.5913752027144605,1.6042448446497826,957986000000
0.1464307371263397,1.7445381849753185,1.6019028450582724,957991000000
0.13860606663628125,1.7771509747970309,1.5995341303376638,957996000000
-0.21491061298950356,1.5793447194303936,1.5969880213366998,958001000000
0.11252746420503126,1.7355794505210127,1.5950268026348289,958006000000
0.12247044853730119,1.7920815172164593,1.5930644652249086,958011000000
0.08746852005119388,1.5730149298112188,1.590191516927155,958016000000
-0.13464288971511973,1.73224054918956,1.5876209297408832,958021000000
0.028101047033674068,1.766203141742131,1.5842027277378403,958026000000
-0.241888202369841,1.5986167710311794,1.5810294730807073,958031000000
0.10938560342436081,1.6885406758501957,1.578703050182458,958036000000
0.10771283781137347,1.7262670143075254,1.5755897892154844,958041000000
-0.19985199038094803,1.6452833111704679,1.5730516687748641,958046000000
0.1577112610222417,1.7387535455184302,1.5717763446709754,958051000000
-0.002284773036886123,1.6619439448299753,1.5689170774852137,958056000000
-0.08047254146841598,1.6074911996442312,1.566484223603788,958061000000
0.06566531577502178,1.7703635141652618,1.5649154548251434,958066000000
0.05544000794333184,1.673533500889743,1.5629604370655947,958071000000
-0.007044423955016581,1.5830429141431148,1.5609170584568965,958076000000
0.01891479028017227,1.808887833366013,1.5595479519724262,958081000000
-0.005283963786764965,1.655243392964673,1.5578414631573687,958086000000
-0.1606678154081763,1.6216391804157124,1.556695142719393,958091000000
0.12391738555528053,1.7195617176450217,1.5554730692115726,958096000000
-0.02221873426554945,1.6302201313456102,1.5544063106982953,958101000000
-0.13448949535037855,1.6039692380664174,1.5539487181985892,958106000000
0.12190638924507498,1.7152278028315808,1.55306725356791,958111000000
-0.00018445740245284087,1.6660281392883516,1.5516562027443745,958116000000
-0.12487230452528533,1.625897387399736,1.5518682181796017,958121000000
0.0697295806780615,1.7178206300312686,1.5497497023836826,958126000000
0.005223272492772872,1.6694750336888347,1.5476095169609738,958131000000
-0.041526816830618984,1.6419779667220573,1.5450922818779596,958136000000
-0.10270556269928692,1.6045592795460077,1.5434566750643965,958141000000
0.12017805874433984,1.7168399832590158,1.54134905809732,958146000000
-0.011298937067785451,1.641473979533863,1.5399582069691544,958151000000
-0.021033964045548467,1.643290418892678,1.5376168560194488,958156000000
-0.11375238530855875,1.6230941692364511,1.5364312730817882,958161000000
0.14187276574636784,1.6967765017038978,1.5347266750210231,958166000000
-0.015947266478006615,1.653110466165213,1.5329298832465732,958171000000
0.019680251689768908,1.6380564679476777,1.5314176671390372,958176000000
-0.1321348450043724,1.5845954907202715,1.5308423565716407,958181000000
-0.599860236904886,1.7000903905967546,1.532278685258132,958186000000
0.5841241187629909,1.5017963282212128,1.5359785760894054,958191000000
-0.6567298639414716,1.7213154102424297,1.53957016779218,958196000000
0.010395209839944863,1.6713705037340905,1.5434683767356654,958201000000
-0.033265720347373774,1.6447472850522116,1.547517665726328,958206000000
-0.019104451250849145,1.6769487717212925,1.5508014886381538,958211000000
-0.04214769990094398,1.670988921771119,1.554273497214883,958216000000
-0.04812308826070705,1.6722105339809943,1.5572794715073326,958221000000
-0.1641504938196799,1.668069920430916,1.560110603510172,958226000000
-0.055886257207472735,1.6874113145542007,1.5614914658784023,958231000000
-0.015478276453984925,1.7014739971398551,1.5635459181550924,958236000000
-0.0314938213196808,1.6510870114348746,1.5646781920427355,958241000000
-0.017343100807667464,1.676106462801654,1.565852620547913,958246000000
-0.014224686319257586,1.6836583130091605,1.5674561779143588,958251000000
-0.014695775754188466,1.6891780221410477,1.5680058467875027,958256000000
0.020853801372550357,1.690678673092178,1.5690331130470978,958261000000
-0.02995040231252826,1.6794525975660697,1.5696249773575623,958266000000
-0.013231299317211995,1.7106569574825796,1.5707491936163245,958271000000
-0.02575102656638949,1.683133308502615,1.5709164034151948,958276000000
0.005891912278604021,1.6840133082678506,1.5721495496017583,958281000000
-0.024494542654181745,1.7147081693542476,1.572324115954149,958286000000
-0.02101288379766684,1.7189900774290414,1.573273212684151,958291000000
-0.014607836415751784,1.681025422012626,1.5739368164840184,958296000000
-0.009984282421724286,1.7009264282082124,1.5744202366636937,958301000000
-0.02985985684262278,1.7004690775669142,1.5752053462833322,958306000000
0.005150172627957004,1.6469787804408869,1.5759978312115082,958311000000
-0.041063580531645674,1.717004986720563,1.5772604500794252,958316000000
-0.040395963323988725,1.7402688508318,1.5786903886787165,958321000000
-0.08629831590237326,1.711892283833964,1.579841035794144,958326000000
-0.0417690563070546,1.6838525919466258,1.5798809608840385,958331000000
0.033656592136158445,1.7149764344036007,1.5790573559717878,958336000000
-0.0005939032916968956,1.699313122403067,1.5782198840683574,958341000000
-0.014746453966205353,1.678838182738678,1.5766408231480027,958346000000
0.00399229507461709,1.7098558001264161,1.5741108821981336,958351000000
0.010267453002353459,1.6880606946840662,1.5709328885111726,958356000000
0.06195784757835069,1.6796956666874907,1.5684637160603498,958361000000
0.00274665047008385,1.6806075268098724,1.5651757952128749,958366000000
0.013879418009929317,1.7028396038882598,1.5620760528577804,958371000000
-0.00821208376880414,1.6844542064747123,1.559095771318138,958376000000
-0.019354424523090618,1.6458313570885927,1.5570108617401286,958381000000
0.0031150560061012625,1.6532634865004665,1.5545412441134792,958386000000
1.1433738639633715,1.7023291841328638,1.547692206600154,958391000000
-1.3446138520082889,1.7171889241627405,1.5467237602304111,958396000000
0.36161066189421365,1.6882986080816427,1.5456282187301662,958401000000
0.7069428373476525,1.6082892261154011,1.5375756792516257,958406000000
0.07244433720482074,1.6828767360890091,1.5306032646805556,958411000000
-0.1665730961775114,1.6994805762785112,1.523671876325594,958416000000
-0.011402222524813824,1.345651984160837,1.5174994673809892,958421000000
-0.011988574691792417,1.3867038814157604,1.5102896169394464,958426000000
0.031218685729723993,1.9415054280577806,1.5035880237004788,958431000000
