ranges, angle_increment, stamp, 
array('f', [inf, inf, inf, inf, inf, inf, inf, inf, inf, inf, inf, inf, inf, inf, inf, inf, inf, inf, inf, inf, inf, inf, inf, inf, inf, inf, inf, inf, inf, inf, inf, inf, inf, inf, inf, inf, inf, inf, inf, inf, inf, inf, inf, inf, inf, inf, inf, inf, inf, inf, inf, inf, inf, inf, inf, inf, inf, inf, inf, inf, inf, inf, inf, inf, inf, inf, inf, inf, inf, inf, inf, inf, inf, inf, inf, inf, inf, inf, inf, inf, inf, inf, inf, inf, inf, inf, inf, inf, inf, inf, inf, inf, inf, inf, inf, inf, inf, inf, inf, inf, inf, inf, inf, inf, inf, inf, inf, inf, inf, inf, inf, inf, inf, inf, inf, inf, inf, inf, inf, inf, inf, inf, inf, inf, inf, inf, inf, inf, inf, inf, inf, inf, inf, inf, inf, inf, inf, inf, inf, inf, inf, inf, inf, inf, inf, inf, inf, inf, inf, inf, inf, inf, inf, inf, inf, inf, inf, inf, 3.4851155281066895, 3.472254514694214, 3.4767627716064453, 3.435004472732544, 3.4351351261138916, 3.4208481311798096, 3.4085068702697754, 3.390345573425293, 3.3865602016448975, 3.3701932430267334, 3.364696502685547, 3.3630082607269287, 3.3457958698272705, 3.3511457443237305, 3.3457844257354736, 3.353726863861084, 3.3390016555786133, 3.3438384532928467, 3.34740948677063, 3.3444600105285645, 3.3460168838500977, 3.344909191131592, 3.354044198989868, 3.3809115886688232, 3.380086898803711, 3.3868353366851807, 3.375636577606201, 3.4019856452941895, 3.4214322566986084, 3.41277813911438, 3.4265167713165283, 3.460287570953369, 3.46330189704895, 3.4825870990753174, inf, inf, inf, inf, inf, inf, inf, inf, inf, inf, inf, inf, inf, inf, inf, inf, inf, inf, inf, inf, inf, inf, inf, inf, inf, inf, inf, inf, inf, inf, inf, inf, inf, inf, inf, inf, inf, inf, inf, inf, inf, inf, inf, inf, inf, inf, inf, inf, inf, inf, inf, inf, inf, inf, inf, inf, inf, inf, inf, inf, inf, inf, inf, inf, inf, inf, inf, inf, inf, inf, inf, inf, inf, inf, inf, inf, inf, inf, inf, inf, inf, inf, inf, inf, inf, inf, inf, inf, inf, inf, inf, inf, inf, inf, inf, inf, inf, inf, inf, inf, inf, inf, inf, inf, inf, inf, inf, inf, inf, inf, inf, inf, inf, inf, inf, inf, inf, inf, inf, inf, inf, inf, inf, inf, inf, inf, inf, inf, inf, inf, inf, inf, inf, inf, inf, inf, inf, inf, inf, inf, inf, inf, inf, inf, inf, inf, inf, inf, inf, inf, inf, inf, inf, inf, inf, inf, inf, inf, inf, inf, inf, inf, inf, inf, inf, inf, inf, inf]),0.01749303564429283,900807000000
array('f', [inf, inf, inf, inf, inf, inf, inf, inf, inf, inf, inf, inf, inf, inf, inf, inf, inf, inf, inf, inf, inf, inf, inf, inf, inf, inf, inf, inf, inf, inf, inf, inf, inf, inf, inf, inf, inf, inf, inf, inf, inf, inf, inf, inf, inf, inf, inf, inf, inf, inf, inf, inf, inf, inf, inf, inf, inf, inf, inf, inf, inf, inf, inf, inf, inf, inf, inf, inf, inf, inf, inf, inf, inf, inf, inf, inf, inf, inf, inf, inf, inf, inf, inf, inf, inf, inf, inf, inf, inf, inf, inf, inf, inf, inf, inf, inf, inf, inf, inf, inf, inf, inf, inf, inf, inf, inf, inf, inf, inf, inf, inf, inf, inf, inf, inf, inf, inf, inf, inf, inf, inf, inf, inf, inf, inf, inf, inf, inf, inf, inf, inf, inf, inf, inf, inf, inf, inf, inf, inf, inf, inf, inf, inf, inf, inf, inf, inf, inf, inf, inf, inf, inf, inf, inf, inf, inf, inf, inf, inf, inf, inf, inf, inf, inf, inf, inf, inf, inf, inf, inf, inf, inf, inf, inf, inf, inf, inf, inf, inf, inf, inf, inf, inf, inf, inf, inf, inf, inf, inf, inf, inf, inf, inf, inf, inf, inf, inf, inf, inf, inf, inf, inf, inf, inf, inf, inf, inf, inf, inf, inf, inf, inf, inf, inf, inf, inf, inf, inf, inf, inf, inf, inf, inf, inf, inf, inf, inf, inf, inf, inf, inf, inf, inf, inf, inf, inf, inf, inf, inf, inf, inf, inf, inf, inf, inf, inf, inf, inf, inf, inf, inf, inf, inf, inf, inf, inf, inf, inf, inf, inf, inf, inf, inf, inf, inf, inf, inf, inf, inf, inf, inf, inf, inf, inf, inf, inf, inf, inf, inf, inf, inf, inf, inf, inf, inf, inf, inf, inf, inf, inf, inf, inf, inf, inf, inf, inf, inf, inf, inf, inf, inf, inf, inf, inf, inf, inf, inf, inf, inf, inf, inf, inf, inf, inf, inf, inf, inf, inf, inf, inf, inf, inf, inf, inf, inf, inf, inf, inf, inf, inf, inf, inf, inf, inf, inf, inf, inf, inf, inf, inf, inf, inf, inf, inf, inf, inf, inf, inf, inf, inf, inf, inf, inf, inf, inf, inf, inf, inf, inf, inf]),0.01749303564429283,901008000000
array('f', [inf, inf, inf, inf, inf, inf, inf, inf, inf, inf, inf, inf, inf, inf, inf, inf, inf, inf, inf, inf, inf, inf, inf, inf, inf, inf, inf, inf, inf, inf, inf, inf, inf, inf, inf, inf, inf, inf, inf, inf, inf, inf, inf, inf, inf, inf, inf, inf, inf, inf, inf, inf, inf, inf, inf, inf, inf, inf, inf, inf, inf, inf, inf, inf, inf, inf, inf, inf, inf, inf, inf, inf, inf, inf, inf, inf, inf, inf, inf, inf, inf, inf, inf, inf, inf, inf, inf, inf, inf, inf, inf, inf, inf, inf, inf, inf, inf, inf, inf, inf, inf, inf, inf, inf, inf, inf, inf, inf, inf, inf, inf, inf, inf, inf, inf, inf, inf, inf, inf, inf, inf, inf, inf, inf, inf, inf, inf, inf, inf, inf, inf, inf, inf, inf, inf, inf, inf, inf, inf, inf, inf, inf, inf, inf, inf, inf, inf, inf, inf, inf, inf, inf, inf, inf, inf, inf, inf, inf, inf, inf, inf, inf, inf, inf, inf, inf, inf, inf, inf, inf, inf, inf, inf, inf, inf, inf, inf, inf, inf, inf, inf, inf, inf, inf, inf, inf, inf, inf, inf, inf, inf, inf, inf, inf, inf, inf, inf, inf, inf, inf, inf, inf, inf, inf, inf, inf, inf, inf, inf, inf, inf, inf, inf, inf, inf, inf, inf, inf, inf, inf, inf, inf, inf, inf, inf, inf, inf, inf, inf, inf, inf, inf, inf, inf, inf, inf, inf, inf, inf, inf, inf, inf, inf, inf, inf, inf, inf, inf, inf, inf, inf, inf, inf, inf, inf, inf, inf, inf, inf, inf, inf, inf, inf, inf, inf, inf, inf, inf, inf, inf, inf, inf, inf, inf, inf, inf, inf, inf, inf, inf, inf, inf, inf, inf, inf, inf, inf, inf, inf, inf, inf, inf, inf, inf, inf, inf, inf, inf, inf, inf, inf, inf, inf, inf, inf, inf, inf, inf, inf, inf, inf, inf, inf, inf, inf, inf, inf, inf, inf, inf, inf, inf, inf, inf, inf, inf, inf, inf, inf, inf, inf, inf, inf, inf, inf, inf, inf, inf, inf, inf, inf, inf, inf, inf, inf, inf, inf, inf, inf, inf, inf, inf, inf, inf, inf, inf, inf, inf, inf, inf]),0.01749303564429283,901208000000
array('f', [inf, inf, inf, inf, inf, inf, inf, inf, inf, inf, inf, inf, inf, inf, inf, inf, inf, inf, inf, inf, inf, inf, inf, inf, inf, inf, inf, inf, inf, inf, inf, inf, inf, inf, inf, inf, inf, inf, inf, inf, inf, inf, inf, inf, inf, inf, inf, inf, inf, inf, inf, inf, inf, inf, inf, inf, inf, inf, inf, inf, inf, inf, inf, inf, inf, inf, inf, inf, inf, inf, inf, inf, inf, inf, inf, inf, inf, inf, inf, inf, inf, inf, inf, inf, inf, inf, inf, inf, inf, inf, inf, inf, inf, inf, inf, inf, inf, inf, inf, inf, inf, inf, inf, inf, inf, inf, inf, inf, inf, inf, inf, inf, inf, inf, inf, inf, inf, inf, inf, inf, inf, inf, inf, inf, inf, inf, inf, inf, inf, inf, inf, inf, inf, inf, inf, inf, inf, inf, inf, inf, inf, inf, inf, inf, inf, inf, inf, inf, inf, inf, inf, inf, inf, inf, inf, inf, inf, inf, inf, inf, inf, inf, inf, inf, inf, inf, inf, inf, inf, inf, inf, inf, inf, inf, inf, inf, inf, inf, inf, inf, inf, inf, inf, inf, inf, inf, inf, inf, inf, inf, inf, inf, inf, inf, inf, inf, inf, inf, inf, inf, inf, inf, inf, inf, inf, inf, inf, inf, inf, inf, inf, inf, inf, inf, inf, inf, inf, inf, inf, inf, inf, inf, inf, inf, inf, inf, inf, inf, inf, inf, inf, inf, inf, inf, inf, inf, inf, inf, inf, inf, inf, inf, inf, inf, inf, inf, inf, inf, inf, inf, inf, inf, inf, inf, inf, inf, inf, inf, inf, inf, inf, inf, inf, inf, inf, inf, inf, inf, inf, inf, inf, inf, inf, inf, inf, inf, inf, inf, inf, inf, inf, inf, inf, inf, inf, inf, inf, inf, inf, inf, inf, inf, inf, inf, inf, inf, inf, inf, inf, inf, inf, inf, inf, inf, inf, inf, inf, inf, inf, inf, inf, inf, inf, inf, inf, inf, inf, inf, inf, inf, inf, inf, inf, inf, inf, inf, inf, inf, inf, inf, inf, inf, inf, inf, inf, inf, inf, inf, inf, inf, inf, inf, inf, inf, inf, inf, inf, inf, inf, inf, inf, inf, inf, inf, inf, inf, inf, inf, inf, inf]),0.01749303564429283,901408000000
array('f', [inf, inf, inf, inf, inf, inf, inf, inf, inf, inf, inf, inf, inf, inf, inf, inf, inf, inf, inf, inf, inf, inf, inf, inf, inf, inf, inf, inf, inf, inf, inf, inf, inf, inf, inf, inf, inf, inf, inf, inf, inf, inf, inf, inf, inf, inf, inf, inf, inf, inf, inf, inf, inf, inf, inf, inf, inf, inf, inf, inf, inf, inf, inf, inf, inf, inf, inf, inf, inf, inf, inf, inf, inf, inf, inf, inf, inf, inf, inf, inf, inf, inf, inf, inf, inf, inf, inf, inf, inf, inf, inf, inf, inf, inf, inf, inf, inf, inf, inf, inf, inf, inf, inf, inf, inf, inf, inf, inf, inf, inf, inf, inf, inf, inf, inf, inf, inf, inf, inf, inf, inf, inf, inf, inf, inf, inf, inf, inf, inf, inf, inf, inf, inf, inf, inf, inf, inf, inf, inf, inf, inf, inf, inf, inf, inf, inf, inf, inf, inf, inf, inf, inf, inf, inf, inf, inf, inf, inf, inf, inf, inf, inf, inf, inf, inf, inf, inf, inf, inf, inf, inf, inf, inf, inf, inf, inf, inf, inf, inf, inf, inf, inf, inf, inf, inf, inf, inf, inf, inf, inf, inf, inf, inf, inf, inf, inf, inf, inf, inf, inf, inf, inf, inf, inf, inf, inf, inf, inf, inf, inf, inf, inf, inf, inf, inf, inf, inf, inf, inf, inf, inf, inf, inf, inf, inf, inf, inf, inf, inf, inf, inf, inf, inf, inf, inf, inf, inf, inf, inf, inf, inf, inf, inf, inf, inf, inf, inf, inf, inf, inf, inf, inf, inf, inf, inf, inf, inf, inf, inf, inf, inf, inf, inf, inf, inf, inf, inf, inf, inf, inf, inf, inf, inf, inf, inf, inf, inf, inf, inf, inf, inf, inf, inf, inf, inf, inf, inf, inf, inf, inf, inf, inf, inf, inf, inf, inf, inf, inf, inf, inf, inf, inf, inf, inf, inf, inf, inf, inf, inf, inf, inf, inf, inf, inf, inf, inf, inf, inf, inf, inf, inf, inf, inf, inf, inf, inf, inf, inf, inf, inf, inf, inf, inf, inf, inf, inf, inf, inf, inf, inf, inf, inf, inf, inf, inf, inf, inf, inf, inf, inf, inf, inf, inf, inf, inf, inf, inf, inf, inf, inf]),0.01749303564429283,901608000000
array('f', [inf, inf, inf, inf, inf, inf, inf, inf, inf, inf, inf, inf, inf, inf, inf, inf, inf, inf, inf, inf, inf, inf, inf, inf, inf, inf, inf, inf, inf, inf, inf, inf, inf, inf, inf, inf, inf, inf, inf, inf, inf, inf, inf, inf, inf, inf, inf, inf, inf, inf, inf, inf, inf, inf, inf, inf, inf, inf, inf, inf, inf, inf, inf, inf, inf, inf, inf, inf, inf, inf, inf, inf, inf, inf, inf, inf, inf, inf, inf, inf, inf, inf, inf, inf, inf, inf, inf, inf, inf, inf, inf, inf, inf, inf, inf, inf, inf, inf, inf, inf, inf, inf, inf, inf, inf, inf, inf, inf, inf, inf, inf, inf, inf, inf, inf, inf, inf, inf, inf, inf, inf, inf, inf, inf, inf, inf, inf, inf, inf, inf, inf, inf, inf, inf, inf, inf, inf, inf, inf, inf, inf, inf, inf, inf, inf, inf, inf, inf, inf, inf, inf, inf, inf, inf, inf, inf, inf, inf, inf, inf, inf, inf, inf, inf, inf, inf, inf, inf, inf, inf, inf, inf, inf, inf, inf, inf, inf, inf, inf, inf, inf, inf, inf, inf, inf, inf, inf, inf, inf, inf, inf, inf, inf, inf, inf, inf, inf, inf, inf, inf, inf, inf, inf, inf, inf, inf, inf, inf, inf, inf, inf, inf, inf, inf, inf, inf, inf, inf, inf, inf, inf, inf, inf, inf, inf, inf, inf, inf, inf, inf, inf, inf, inf, inf, inf, inf, inf, inf, inf, inf, inf, inf, inf, inf, inf, inf, inf, inf, inf, inf, inf, inf, inf, inf, inf, inf, inf, inf, inf, inf, inf, inf, inf, inf, inf, inf, inf, inf, inf, inf, inf, inf, inf, inf, inf, inf, inf, inf, inf, inf, inf, inf, inf, inf, inf, inf, inf, inf, inf, inf, inf, inf, inf, inf, inf, inf, inf, inf, inf, inf, inf, inf, inf, inf, inf, inf, inf, inf, inf, inf, inf, inf, inf, inf, inf, inf, inf, inf, inf, inf, inf, inf, inf, inf, inf, inf, inf, inf, inf, inf, inf, inf, inf, inf, inf, inf, inf, inf, inf, inf, inf, inf, inf, inf, inf, inf, inf, inf, inf, inf, inf, inf, inf, inf, inf, inf, inf, inf, inf, inf]),0.01749303564429283,901808000000
array('f', [inf, inf, inf, inf, inf, inf, inf, inf, inf, inf, inf, inf, inf, inf, inf, inf, inf, inf, inf, inf, inf, inf, inf, inf, inf, inf, inf, inf, inf, inf, inf, inf, inf, inf, inf, inf, inf, inf, inf, inf, inf, inf, inf, inf, inf, inf, inf, inf, inf, inf, inf, inf, inf, inf, inf, inf, inf, inf, inf, inf, inf, inf, inf, inf, inf, inf, inf, inf, inf, inf, inf, inf, inf, inf, inf, inf, inf, inf, inf, inf, inf, inf, inf, inf, inf, inf, inf, inf, inf, inf, inf, inf, inf, inf, inf, inf, inf, inf, inf, inf, inf, inf, inf, inf, inf, inf, inf, inf, inf, inf, inf, inf, inf, inf, inf, inf, inf, inf, inf, inf, inf, inf, inf, inf, inf, inf, inf, inf, inf, inf, inf, inf, inf, inf, inf, inf, inf, inf, inf, inf, inf, inf, inf, inf, inf, inf, inf, inf, inf, inf, inf, inf, inf, inf, inf, inf, inf, inf, inf, inf, inf, inf, inf, inf, inf, inf, inf, inf, inf, inf, inf, inf, inf, inf, inf, inf, inf, inf, inf, inf, inf, inf, inf, inf, inf, inf, inf, inf, inf, inf, inf, inf, inf, inf, inf, inf, inf, inf, inf, inf, inf, inf, inf, inf, inf, inf, inf, inf, inf, inf, inf, inf, inf, inf, inf, inf, inf, inf, inf, inf, inf, inf, inf, inf, inf, inf, inf, inf, inf, inf, inf, inf, inf, inf, inf, inf, inf, inf, inf, inf, inf, inf, inf, inf, inf, inf, inf, inf, inf, inf, inf, inf, inf, inf, inf, inf, inf, inf, inf, inf, inf, inf, inf, inf, inf, inf, inf, inf, inf, inf, inf, inf, inf, inf, inf, inf, inf, inf, inf, inf, inf, inf, inf, inf, inf, inf, inf, inf, inf, inf, inf, inf, inf, inf, inf, inf, inf, inf, inf, inf, inf, inf, inf, inf, inf, inf, inf, inf, inf, inf, inf, inf, inf, inf, inf, inf, inf, inf, inf, inf, inf, inf, inf, inf, inf, inf, inf, inf, inf, inf, inf, inf, inf, inf, inf, inf, inf, inf, inf, inf, inf, inf, inf, inf, inf, inf, inf, inf, inf, inf, inf, inf, inf, inf, inf, inf, inf, inf, inf, inf]),0.01749303564429283,902008000000
array('f', [inf, inf, inf, inf, inf, inf, inf, inf, inf, inf, inf, inf, inf, inf, inf, inf, inf, inf, inf, inf, inf, inf, inf, inf, inf, inf, inf, inf, inf, inf, inf, inf, inf, inf, inf, inf, inf, inf, inf, inf, inf, inf, inf, inf, inf, inf, inf, inf, inf, inf, inf, inf, inf, inf, inf, inf, inf, inf, inf, inf, inf, inf, inf, inf, inf, inf, inf, inf, inf, inf, inf, inf, inf, inf, inf, inf, inf, inf, inf, inf, inf, inf, inf, inf, inf, inf, inf, inf, inf, inf, inf, inf, inf, inf, inf, inf, inf, inf, inf, inf, inf, inf, inf, inf, inf, inf, inf, inf, inf, inf, inf, inf, inf, inf, inf, inf, inf, inf, inf, inf, inf, inf, inf, inf, inf, inf, inf, inf, inf, inf, inf, inf, inf, inf, inf, inf, inf, inf, inf, inf, inf, inf, inf, inf, inf, inf, inf, inf, inf, inf, inf, inf, inf, inf, inf, inf, inf, inf, inf, inf, inf, inf, inf, inf, inf, inf, inf, inf, inf, inf, inf, inf, inf, inf, inf, inf, inf, inf, inf, inf, inf, inf, inf, inf, inf, inf, inf, inf, inf, inf, inf, inf, inf, inf, inf, inf, inf, inf, inf, inf, inf, inf, inf, inf, inf, inf, inf, inf, inf, inf, inf, inf, inf, inf, inf, inf, inf, inf, inf, inf, inf, inf, inf, inf, inf, inf, inf, inf, inf, inf, inf, inf, inf, inf, inf, inf, inf, inf, inf, inf, inf, inf, inf, inf, inf, inf, inf, inf, inf, inf, inf, inf, inf, inf, inf, inf, inf, inf, inf, inf, inf, inf, inf, inf, inf, inf, inf, inf, inf, inf, inf, inf, inf, inf, inf, inf, inf, inf, inf, inf, inf, inf, inf, inf, inf, inf, inf, inf, inf, inf, inf, inf, inf, inf, inf, inf, inf, inf, inf, inf, inf, inf, inf, inf, inf, inf, inf, inf, inf, inf, inf, inf, inf, inf, inf, inf, inf, inf, inf, inf, inf, inf, inf, inf, inf, inf, inf, inf, inf, inf, inf, inf, inf, inf, inf, inf, inf, inf, inf, inf, inf, inf, inf, inf, inf, inf, inf, inf, inf, inf, inf, inf, inf, inf, inf, inf, inf, inf, inf, inf]),0.01749303564429283,902208000000
array('f', [inf, inf, inf, inf, inf, inf, inf, inf, inf, inf, inf, inf, inf, inf, inf, inf, inf, inf, inf, inf, inf, inf, inf, inf, inf, inf, inf, inf, inf, inf, inf, inf, inf, inf, inf, inf, inf, inf, inf, inf, inf, inf, inf, inf, inf, inf, inf, inf, inf, inf, inf, inf, inf, inf, inf, inf, inf, inf, inf, inf, inf, inf, inf, inf, inf, inf, inf, inf, inf, inf, inf, inf, inf, inf, inf, inf, inf, inf, inf, inf, inf, inf, inf, inf, inf, inf, inf, inf, inf, inf, inf, inf, inf, inf, inf, inf, inf, inf, inf, inf, inf, inf, inf, inf, inf, inf, inf, inf, inf, inf, inf, inf, inf, inf, inf, inf, inf, inf, inf, inf, inf, inf, inf, inf, inf, inf, inf, inf, inf, inf, inf, inf, inf, inf, inf, inf, inf, inf, inf, inf, inf, inf, inf, inf, inf, inf, inf, inf, inf, inf, inf, inf, inf, inf, inf, inf, inf, inf, inf, inf, inf, inf, inf, inf, inf, inf, inf, inf, inf, inf, inf, inf, inf, inf, inf, inf, inf, inf, inf, inf, inf, inf, inf, inf, inf, inf, inf, inf, inf, inf, inf, inf, inf, inf, inf, inf, inf, inf, inf, inf, inf, inf, inf, inf, inf, inf, inf, inf, inf, inf, inf, inf, inf, inf, inf, inf, inf, inf, inf, inf, inf, inf, inf, inf, inf, inf, inf, inf, inf, inf, inf, inf, inf, inf, inf, inf, inf, inf, inf, inf, inf, inf, inf, inf, inf, inf, inf, inf, inf, inf, inf, inf, inf, inf, inf, inf, inf, inf, inf, inf, inf, inf, inf, inf, inf, inf, inf, inf, inf, inf, inf, inf, inf, inf, inf, inf, inf, inf, inf, inf, inf, inf, inf, inf, inf, inf, inf, inf, inf, inf, inf, inf, inf, inf, inf, inf, inf, inf, inf, inf, inf, inf, inf, inf, inf, inf, inf, inf, inf, inf, inf, inf, inf, inf, inf, inf, inf, inf, inf, inf, inf, inf, inf, inf, inf, inf, inf, inf, inf, inf, inf, inf, inf, inf, inf, inf, inf, inf, inf, inf, inf, inf, inf, inf, inf, inf, inf, inf, inf, inf, inf, inf, inf, inf, inf, inf, inf, inf, inf, inf]),0.01749303564429283,902407000000
array('f', [inf, inf, inf, inf, inf, inf, inf, inf, inf, inf, inf, inf, inf, inf, inf, inf, inf, inf, inf, inf, inf, inf, inf, inf, inf, inf, inf, inf, inf, inf, inf, inf, inf, inf, inf, inf, inf, inf, inf, inf, inf, inf, inf, inf, inf, inf, inf, inf, inf, inf, inf, inf, inf, inf, inf, inf, inf, inf, inf, inf, inf, inf, inf, inf, inf, inf, inf, inf, inf, inf, inf, inf, inf, inf, inf, inf, inf, inf, inf, inf, inf, inf, inf, inf, inf, inf, inf, inf, inf, inf, inf, inf, inf, inf, inf, inf, inf, inf, inf, inf, inf, inf, inf, inf, inf, inf, inf, inf, inf, inf, inf, inf, inf, inf, inf, inf, inf, inf, inf, inf, inf, inf, inf, inf, inf, inf, inf, inf, inf, inf, inf, inf, inf, inf, inf, inf, inf, inf, inf, inf, inf, inf, inf, inf, inf, inf, inf, inf, inf, inf, inf, inf, inf, inf, inf, inf, inf, inf, inf, inf, inf, inf, inf, inf, inf, inf, inf, inf, inf, inf, inf, inf, inf, inf, inf, inf, inf, inf, inf, inf, inf, inf, inf, inf, inf, inf, inf, inf, inf, inf, inf, inf, inf, inf, inf, inf, inf, inf, inf, inf, inf, inf, inf, inf, inf, inf, inf, inf, inf, inf, inf, inf, inf, inf, inf, inf, inf, inf, inf, inf, inf, inf, inf, inf, inf, inf, inf, inf, inf, inf, inf, inf, inf, inf, inf, inf, inf, inf, inf, inf, inf, inf, inf, inf, inf, inf, inf, inf, inf, inf, inf, inf, inf, inf, inf, inf, inf, inf, inf, inf, inf, inf, inf, inf, inf, inf, inf, inf, inf, inf, inf, inf, inf, inf, inf, inf, inf, inf, inf, inf, inf, inf, inf, inf, inf, inf, inf, inf, inf, inf, inf, inf, inf, inf, inf, inf, inf, inf, inf, inf, inf, inf, inf, inf, inf, inf, inf, inf, inf, inf, inf, inf, inf, inf, inf, inf, inf, inf, inf, inf, inf, inf, inf, inf, inf, inf, inf, inf, inf, inf, inf, inf, inf, inf, inf, inf, inf, inf, inf, inf, inf, inf, inf, inf, inf, inf, inf, inf, inf, inf, inf, inf, inf, inf, inf, inf, inf, inf, inf, inf]),0.01749303564429283,902608000000
array('f', [inf, inf, inf, inf, inf, inf, inf, inf, inf, inf, inf, inf, inf, inf, inf, inf, inf, inf, inf, inf, inf, inf, inf, inf, inf, inf, inf, inf, inf, inf, inf, inf, inf, inf, inf, inf, inf, inf, inf, inf, inf, inf, inf, inf, inf, inf, inf, inf, inf, inf, inf, inf, inf, inf, inf, inf, inf, inf, inf, inf, inf, inf, inf, inf, inf, inf, inf, inf, inf, inf, inf, inf, inf, inf, inf, inf, inf, inf, inf, inf, inf, inf, inf, inf, inf, inf, inf, inf, inf, inf, inf, inf, inf, inf, inf, inf, inf, inf, inf, inf, inf, inf, inf, inf, inf, inf, inf, inf, inf, inf, inf, inf, inf, inf, inf, inf, inf, inf, inf, inf, inf, inf, inf, inf, inf, inf, inf, inf, inf, inf, inf, inf, inf, inf, inf, inf, inf, inf, inf, inf, inf, inf, inf, inf, inf, inf, inf, inf, inf, inf, inf, inf, inf, inf, inf, inf, inf, inf, inf, inf, inf, inf, inf, inf, inf, inf, inf, inf, inf, inf, inf, inf, inf, inf, inf, inf, inf, inf, inf, inf, inf, inf, inf, inf, inf, inf, inf, inf, inf, inf, inf, inf, inf, inf, inf, inf, inf, inf, inf, inf, inf, inf, inf, inf, inf, inf, inf, inf, inf, inf, inf, inf, inf, inf, inf, inf, inf, inf, inf, inf, inf, inf, inf, inf, inf, inf, inf, inf, inf, inf, inf, inf, inf, inf, inf, inf, inf, inf, inf, inf, inf, inf, inf, inf, inf, inf, inf, inf, inf, inf, inf, inf, inf, inf, inf, inf, inf, inf, inf, inf, inf, inf, inf, inf, inf, inf, inf, inf, inf, inf, inf, inf, inf, inf, inf, inf, inf, inf, inf, inf, inf, inf, inf, inf, inf, inf, inf, inf, inf, inf, inf, inf, inf, inf, inf, inf, inf, inf, inf, inf, inf, inf, inf, inf, inf, inf, inf, inf, inf, inf, inf, inf, inf, inf, inf, inf, inf, inf, inf, inf, inf, inf, inf, inf, inf, inf, inf, inf, inf, inf, inf, inf, inf, inf, inf, inf, inf, inf, inf, inf, inf, inf, inf, inf, inf, inf, inf, inf, inf, inf, inf, inf, inf, inf, inf, inf, inf, inf, inf, inf]),0.01749303564429283,902808000000
array('f', [inf, inf, inf, inf, inf, inf, inf, inf, inf, inf, inf, inf, inf, inf, inf, inf, inf, inf, inf, inf, inf, inf, inf, inf, inf, inf, inf, inf, inf, inf, inf, inf, inf, inf, inf, inf, inf, inf, inf, inf, inf, inf, inf, inf, inf, inf, inf, inf, inf, inf, inf, inf, inf, inf, inf, inf, inf, inf, inf, inf, inf, inf, inf, inf, inf, inf, inf, inf, inf, inf, inf, inf, inf, inf, inf, inf, inf, inf, inf, inf, inf, inf, inf, inf, inf, inf, inf, inf, inf, inf, inf, inf, inf, inf, inf, inf, inf, inf, inf, inf, inf, inf, inf, inf, inf, inf, inf, inf, inf, inf, inf, inf, inf, inf, inf, inf, inf, inf, inf, inf, inf, inf, inf, inf, inf, inf, inf, inf, inf, inf, inf, inf, inf, inf, inf, inf, inf, inf, inf, inf, inf, inf, inf, inf, inf, inf, inf, inf, inf, inf, inf, inf, inf, inf, inf, inf, inf, inf, inf, inf, inf, inf, inf, inf, inf, inf, inf, inf, inf, inf, inf, inf, inf, inf, inf, inf, inf, inf, inf, inf, inf, inf, inf, inf, inf, inf, inf, inf, inf, inf, inf, inf, inf, inf, inf, inf, inf, inf, inf, inf, inf, inf, inf, inf, inf, inf, inf, inf, inf, inf, inf, inf, inf, inf, inf, inf, inf, inf, inf, inf, inf, inf, inf, inf, inf, inf, inf, inf, inf, inf, inf, inf, inf, inf, inf, inf, inf, inf, inf, inf, inf, inf, inf, inf, inf, inf, inf, inf, inf, inf, inf, inf, inf, inf, inf, inf, inf, inf, inf, inf, inf, inf, inf, inf, inf, inf, inf, inf, inf, inf, inf, inf, inf, inf, inf, inf, inf, inf, inf, inf, inf, inf, inf, inf, inf, inf, inf, inf, inf, inf, inf, inf, inf, inf, inf, inf, inf, inf, inf, inf, inf, inf, inf, inf, inf, inf, inf, inf, inf, inf, inf, inf, inf, inf, inf, inf, inf, inf, inf, inf, inf, inf, inf, inf, inf, inf, inf, inf, inf, inf, inf, inf, inf, inf, inf, inf, inf, inf, inf, inf, inf, inf, inf, inf, inf, inf, inf, inf, inf, inf, inf, inf, inf, inf, inf, inf, inf, inf, inf, inf]),0.01749303564429283,903008000000
array('f', [inf, inf, inf, inf, inf, inf, inf, inf, inf, inf, inf, inf, inf, inf, inf, inf, inf, inf, inf, inf, inf, inf, inf, inf, inf, inf, inf, inf, inf, inf, inf, inf, inf, inf, inf, inf, inf, inf, inf, inf, inf, inf, inf, inf, inf, inf, inf, inf, inf, inf, inf, inf, inf, inf, inf, inf, inf, inf, inf, inf, inf, inf, inf, inf, inf, inf, inf, inf, inf, inf, inf, inf, inf, inf, inf, inf, inf, inf, inf, inf, inf, inf, inf, inf, inf, inf, inf, inf, inf, inf, inf, inf, inf, inf, inf, inf, inf, inf, inf, inf, inf, inf, inf, inf, inf, inf, inf, inf, inf, inf, inf, inf, inf, inf, inf, inf, inf, inf, inf, inf, inf, inf, inf, inf, inf, inf, inf, inf, inf, inf, inf, inf, inf, inf, inf, inf, inf, inf, inf, inf, inf, inf, inf, inf, inf, inf, inf, inf, inf, inf, inf, inf, inf, inf, inf, inf, inf, inf, inf, inf, inf, inf, inf, inf, inf, inf, inf, inf, inf, inf, inf, inf, inf, inf, inf, inf, inf, inf, inf, inf, inf, inf, inf, inf, inf, inf, inf, inf, inf, inf, inf, inf, inf, inf, inf, inf, inf, inf, inf, inf, inf, inf, inf, inf, inf, inf, inf, inf, inf, inf, inf, inf, inf, inf, inf, inf, inf, inf, inf, inf, inf, inf, inf, inf, inf, inf, inf, inf, inf, inf, inf, inf, inf, inf, inf, inf, inf, inf, inf, inf, inf, inf, inf, inf, inf, inf, inf, inf, inf, inf, inf, inf, inf, inf, inf, inf, inf, inf, inf, inf, inf, inf, inf, inf, inf, inf, inf, inf, inf, inf, inf, inf, inf, inf, inf, inf, inf, inf, inf, inf, inf, inf, inf, inf, inf, inf, inf, inf, inf, inf, inf, inf, inf, inf, inf, inf, inf, inf, inf, inf, inf, inf, inf, inf, inf, inf, inf, inf, inf, inf, inf, inf, inf, inf, inf, inf, inf, inf, inf, inf, inf, inf, inf, inf, inf, inf, inf, inf, inf, inf, inf, inf, inf, inf, inf, inf, inf, inf, inf, inf, inf, inf, inf, inf, inf, inf, inf, inf, inf, inf, inf, inf, inf, inf, inf, inf, inf, inf, inf, inf]),0.01749303564429283,903208000000
array('f', [inf, inf, inf, inf, inf, inf, inf, inf, inf, inf, inf, inf, inf, inf, inf, inf, inf, inf, inf, inf, inf, inf, inf, inf, inf, inf, inf, inf, inf, inf, inf, inf, inf, inf, inf, inf, inf, inf, inf, inf, inf, inf, inf, inf, inf, inf, inf, inf, inf, inf, inf, inf, inf, inf, inf, inf, inf, inf, inf, inf, inf, inf, inf, inf, inf, inf, inf, inf, inf, inf, inf, inf, inf, inf, inf, inf, inf, inf, inf, inf, inf, inf, inf, inf, inf, inf, inf, inf, inf, inf, inf, inf, inf, inf, inf, inf, inf, inf, inf, inf, inf, inf, inf, inf, inf, inf, inf, inf, inf, inf, inf, inf, inf, inf, inf, inf, inf, inf, inf, inf, inf, inf, inf, inf, inf, inf, inf, inf, inf, inf, inf, inf, inf, inf, inf, inf, inf, inf, inf, inf, inf, inf, inf, inf, inf, inf, inf, inf, inf, inf, inf, inf, inf, inf, inf, inf, inf, inf, inf, inf, inf, inf, inf, inf, inf, inf, inf, inf, inf, inf, inf, inf, inf, inf, inf, inf, inf, inf, inf, inf, inf, inf, inf, inf, inf, inf, inf, inf, inf, inf, inf, inf, inf, inf, inf, inf, inf, inf, inf, inf, inf, inf, inf, inf, inf, inf, inf, inf, inf, inf, inf, inf, inf, inf, inf, inf, inf, inf, inf, inf, inf, inf, inf, inf, inf, inf, inf, inf, inf, inf, inf, inf, inf, inf, inf, inf, inf, inf, inf, inf, inf, inf, inf, inf, inf, inf, inf, inf, inf, inf, inf, inf, inf, inf, inf, inf, inf, inf, inf, inf, inf, inf, inf, inf, inf, inf, inf, inf, inf, inf, inf, inf, inf, inf, inf, inf, inf, inf, inf, inf, inf, inf, inf, inf, inf, inf, inf, inf, inf, inf, inf, inf, inf, inf, inf, inf, inf, inf, inf, inf, inf, inf, inf, inf, inf, inf, inf, inf, inf, inf, inf, inf, inf, inf, inf, inf, inf, inf, inf, inf, inf, inf, inf, inf, inf, inf, inf, inf, inf, inf, inf, inf, inf, inf, inf, inf, inf, inf, inf, inf, inf, inf, inf, inf, inf, inf, inf, inf, inf, inf, inf, inf, inf, inf, inf, inf, inf, inf, inf, inf]),0.01749303564429283,903408000000
array('f', [inf, inf, inf, inf, inf, inf, inf, inf, inf, inf, inf, inf, inf, inf, inf, inf, inf, inf, inf, inf, inf, inf, inf, inf, inf, inf, inf, inf, inf, inf, inf, inf, inf, inf, inf, inf, inf, inf, inf, inf, inf, inf, inf, inf, inf, inf, inf, inf, inf, inf, inf, inf, inf, inf, inf, inf, inf, inf, inf, inf, inf, inf, inf, inf, inf, inf, inf, inf, inf, inf, inf, inf, inf, inf, inf, inf, inf, inf, inf, inf, inf, inf, inf, inf, inf, inf, inf, inf, inf, inf, inf, inf, inf, inf, inf, inf, inf, inf, inf, inf, inf, inf, inf, inf, inf, inf, inf, inf, inf, inf, inf, inf, inf, inf, inf, inf, inf, inf, inf, inf, inf, inf, inf, inf, inf, inf, inf, inf, inf, inf, inf, inf, inf, inf, inf, inf, inf, inf, inf, inf, inf, inf, inf, inf, inf, inf, inf, inf, inf, inf, inf, inf, inf, inf, inf, inf, inf, inf, inf, inf, inf, inf, inf, inf, inf, inf, inf, inf, inf, inf, inf, inf, inf, inf, inf, inf, inf, inf, inf, inf, inf, inf, inf, inf, inf, inf, inf, inf, inf, inf, inf, inf, inf, inf, inf, inf, inf, inf, inf, inf, inf, inf, inf, inf, inf, inf, inf, inf, inf, inf, inf, inf, inf, inf, inf, inf, inf, inf, inf, inf, inf, inf, inf, inf, inf, inf, inf, inf, inf, inf, inf, inf, inf, inf, inf, inf, inf, inf, inf, inf, inf, inf, inf, inf, inf, inf, inf, inf, inf, inf, inf, inf, inf, inf, inf, inf, inf, inf, inf, inf, inf, inf, inf, inf, inf, inf, inf, inf, inf, inf, inf, inf, inf, inf, inf, inf, inf, inf, inf, inf, inf, inf, inf, inf, inf, inf, inf, inf, inf, inf, inf, inf, inf, inf, inf, inf, inf, inf, inf, inf, inf, inf, inf, inf, inf, inf, inf, inf, inf, inf, inf, inf, inf, inf, inf, inf, inf, inf, inf, inf, inf, inf, inf, inf, inf, inf, inf, inf, inf, inf, inf, inf, inf, inf, inf, inf, inf, inf, inf, inf, inf, inf, inf, inf, inf, inf, inf, inf, inf, inf, inf, inf, inf, inf, inf, inf, inf, inf, inf, inf]),0.01749303564429283,903608000000
array('f', [inf, inf, inf, inf, inf, inf, inf, inf, inf, inf, inf, inf, inf, inf, inf, inf, inf, inf, inf, inf, inf, inf, inf, inf, inf, inf, inf, inf, inf, inf, inf, inf, inf, inf, inf, inf, inf, inf, inf, inf, inf, inf, inf, inf, inf, inf, inf, inf, inf, inf, inf, inf, inf, inf, inf, inf, inf, inf, inf, inf, inf, inf, inf, inf, inf, inf, inf, inf, inf, inf, inf, inf, inf, inf, inf, inf, inf, inf, inf, inf, inf, inf, inf, inf, inf, inf, inf, inf, inf, inf, inf, inf, inf, inf, inf, inf, inf, inf, inf, inf, inf, inf, inf, inf, inf, inf, inf, inf, inf, inf, inf, inf, inf, inf, inf, inf, inf, inf, inf, inf, inf, inf, inf, inf, inf, inf, inf, inf, inf, inf, inf, inf, inf, inf, inf, inf, inf, inf, inf, inf, inf, inf, inf, inf, inf, inf, inf, inf, inf, inf, inf, inf, inf, inf, inf, inf, inf, inf, inf, inf, inf, inf, inf, inf, inf, inf, inf, inf, inf, inf, inf, inf, inf, inf, inf, inf, inf, inf, inf, inf, inf, inf, inf, inf, inf, inf, inf, inf, inf, inf, inf, inf, inf, inf, inf, inf, inf, inf, inf, inf, inf, inf, inf, inf, inf, inf, inf, inf, inf, inf, inf, inf, inf, inf, inf, inf, inf, inf, inf, inf, inf, inf, inf, inf, inf, inf, inf, inf, inf, inf, inf, inf, inf, inf, inf, inf, inf, inf, inf, inf, inf, inf, inf, inf, inf, inf, inf, inf, inf, inf, inf, inf, inf, inf, inf, inf, inf, inf, inf, inf, inf, inf, inf, inf, inf, inf, inf, inf, inf, inf, inf, inf, inf, inf, inf, inf, inf, inf, inf, inf, inf, inf, inf, inf, inf, inf, inf, inf, inf, inf, inf, inf, inf, inf, inf, inf, inf, inf, inf, inf, inf, inf, inf, inf, inf, inf, inf, inf, inf, inf, inf, inf, inf, inf, inf, inf, inf, inf, inf, inf, inf, inf, inf, inf, inf, inf, inf, inf, inf, inf, inf, inf, inf, inf, inf, inf, inf, inf, inf, inf, inf, inf, inf, inf, inf, inf, inf, inf, inf, inf, inf, inf, inf, inf, inf, inf, inf, inf, inf, inf]),0.01749303564429283,903808000000
array('f', [inf, inf, inf, inf, inf, inf, inf, inf, inf, inf, inf, inf, inf, inf, inf, inf, inf, inf, inf, inf, inf, inf, inf, inf, inf, inf, inf, inf, inf, inf, inf, inf, inf, inf, inf, inf, inf, inf, inf, inf, inf, inf, inf, inf, inf, inf, inf, inf, inf, inf, inf, inf, inf, inf, inf, inf, inf, inf, inf, inf, inf, inf, inf, inf, inf, inf, inf, inf, inf, inf, inf, inf, inf, inf, inf, inf, inf, inf, inf, inf, inf, inf, inf, inf, inf, inf, inf, inf, inf, inf, inf, inf, inf, inf, inf, inf, inf, inf, inf, inf, inf, inf, inf, inf, inf, inf, inf, inf, inf, inf, inf, inf, inf, inf, inf, inf, inf, inf, inf, inf, inf, inf, inf, inf, inf, inf, inf, inf, inf, inf, inf, inf, inf, inf, inf, inf, inf, inf, inf, inf, inf, inf, inf, inf, inf, inf, inf, inf, inf, inf, inf, inf, inf, inf, inf, inf, inf, inf, inf, inf, inf, inf, inf, inf, inf, inf, inf, inf, inf, inf, inf, inf, inf, inf, inf, inf, inf, inf, inf, inf, inf, inf, inf, inf, inf, inf, inf, inf, inf, inf, inf, inf, inf, inf, inf, inf, inf, inf, inf, inf, inf, inf, inf, inf, inf, inf, inf, inf, inf, inf, inf, inf, inf, inf, inf, inf, inf, inf, inf, inf, inf, inf, inf, inf, inf, inf, inf, inf, inf, inf, inf, inf, inf, inf, inf, inf, inf, inf, inf, inf, inf, inf, inf, inf, inf, inf, inf, inf, inf, inf, inf, inf, inf, inf, inf, inf, inf, inf, inf, inf, inf, inf, inf, inf, inf, inf, inf, inf, inf, inf, inf, inf, inf, inf, inf, inf, inf, inf, inf, inf, inf, inf, inf, inf, inf, inf, inf, inf, inf, inf, inf, inf, inf, inf, inf, inf, inf, inf, inf, inf, inf, inf, inf, inf, inf, inf, inf, inf, inf, inf, inf, inf, inf, inf, inf, inf, inf, inf, inf, inf, inf, inf, inf, inf, inf, inf, inf, inf, inf, inf, inf, inf, inf, inf, inf, inf, inf, inf, inf, inf, inf, inf, inf, inf, inf, inf, inf, inf, inf, inf, inf, inf, inf, inf, inf, inf, inf, inf, inf, inf]),0.01749303564429283,904008000000
array('f', [inf, inf, inf, inf, inf, inf, inf, inf, inf, inf, inf, inf, inf, inf, inf, inf, inf, inf, inf, inf, inf, inf, inf, inf, inf, inf, inf, inf, inf, inf, inf, inf, inf, inf, inf, inf, inf, inf, inf, inf, inf, inf, inf, inf, inf, inf, inf, inf, inf, inf, inf, inf, inf, inf, inf, inf, inf, inf, inf, inf, inf, inf, inf, inf, inf, inf, inf, inf, inf, inf, inf, inf, inf, inf, inf, inf, inf, inf, inf, inf, inf, inf, inf, inf, inf, inf, inf, inf, inf, inf, inf, inf, inf, inf, inf, inf, inf, inf, inf, inf, inf, inf, inf, inf, inf, inf, inf, inf, inf, inf, inf, inf, inf, inf, inf, inf, inf, inf, inf, inf, inf, inf, inf, inf, inf, inf, inf, inf, inf, inf, inf, inf, inf, inf, inf, inf, inf, inf, inf, inf, inf, inf, inf, inf, inf, inf, inf, inf, inf, inf, inf, inf, inf, inf, inf, inf, inf, inf, inf, inf, inf, inf, inf, inf, inf, inf, inf, inf, inf, inf, inf, inf, inf, inf, inf, inf, inf, inf, inf, inf, inf, inf, inf, inf, inf, inf, inf, inf, inf, inf, inf, inf, inf, inf, inf, inf, inf, inf, inf, inf, inf, inf, inf, inf, inf, inf, inf, inf, inf, inf, inf, inf, inf, inf, inf, inf, inf, inf, inf, inf, inf, inf, inf, inf, inf, inf, inf, inf, inf, inf, inf, inf, inf, inf, inf, inf, inf, inf, inf, inf, inf, inf, inf, inf, inf, inf, inf, inf, inf, inf, inf, inf, inf, inf, inf, inf, inf, inf, inf, inf, inf, inf, inf, inf, inf, inf, inf, inf, inf, inf, inf, inf, inf, inf, inf, inf, inf, inf, inf, inf, inf, inf, inf, inf, inf, inf, inf, inf, inf, inf, inf, inf, inf, inf, inf, inf, inf, inf, inf, inf, inf, inf, inf, inf, inf, inf, inf, inf, inf, inf, inf, inf, inf, inf, inf, inf, inf, inf, inf, inf, inf, inf, inf, inf, inf, inf, inf, inf, inf, inf, inf, inf, inf, inf, inf, inf, inf, inf, inf, inf, inf, inf, inf, inf, inf, inf, inf, inf, inf, inf, inf, inf, inf, inf, inf, inf, inf, inf, inf, inf]),0.01749303564429283,904208000000
array('f', [inf, inf, inf, inf, inf, inf, inf, inf, inf, inf, inf, inf, inf, inf, inf, inf, inf, inf, inf, inf, inf, inf, inf, inf, inf, inf, inf, inf, inf, inf, inf, inf, inf, inf, inf, inf, inf, inf, inf, inf, inf, inf, inf, inf, inf, inf, inf, inf, inf, inf, inf, inf, inf, inf, inf, inf, inf, inf, inf, inf, inf, inf, inf, inf, inf, inf, inf, inf, inf, inf, inf, inf, inf, inf, inf, inf, inf, inf, inf, inf, inf, inf, inf, inf, inf, inf, inf, inf, inf, inf, inf, inf, inf, inf, inf, inf, inf, inf, inf, inf, inf, inf, inf, inf, inf, inf, inf, inf, inf, inf, inf, inf, inf, inf, inf, inf, inf, inf, inf, inf, inf, inf, inf, inf, inf, inf, inf, inf, inf, inf, inf, inf, inf, inf, inf, inf, inf, inf, inf, inf, inf, inf, inf, inf, inf, inf, inf, inf, inf, inf, inf, inf, inf, inf, inf, inf, inf, inf, inf, inf, inf, inf, inf, inf, inf, inf, inf, inf, inf, inf, inf, inf, inf, inf, inf, inf, inf, inf, inf, inf, inf, inf, inf, inf, inf, inf, inf, inf, inf, inf, inf, inf, inf, inf, inf, inf, inf, inf, inf, inf, inf, inf, inf, inf, inf, inf, inf, inf, inf, inf, inf, inf, inf, inf, inf, inf, inf, inf, inf, inf, inf, inf, inf, inf, inf, inf, inf, inf, inf, inf, inf, inf, inf, inf, inf, inf, inf, inf, inf, inf, inf, inf, inf, inf, inf, inf, inf, inf, inf, inf, inf, inf, inf, inf, inf, inf, inf, inf, inf, inf, inf, inf, inf, inf, inf, inf, inf, inf, inf, inf, inf, inf, inf, inf, inf, inf, inf, inf, inf, inf, inf, inf, inf, inf, inf, inf, inf, inf, inf, inf, inf, inf, inf, inf, inf, inf, inf, inf, inf, inf, inf, inf, inf, inf, inf, inf, inf, inf, inf, inf, inf, inf, inf, inf, inf, inf, inf, inf, inf, inf, inf, inf, inf, inf, inf, inf, inf, inf, inf, inf, inf, inf, inf, inf, inf, inf, inf, inf, inf, inf, inf, inf, inf, inf, inf, inf, inf, inf, inf, inf, inf, inf, inf, inf, inf, inf, inf, inf, inf, inf]),0.01749303564429283,904408000000
array('f', [inf, inf, inf, inf, inf, inf, inf, inf, inf, inf, inf, inf, inf, inf, inf, inf, inf, inf, inf, inf, inf, inf, inf, inf, inf, inf, inf, inf, inf, inf, inf, inf, inf, inf, inf, inf, inf, inf, inf, inf, inf, inf, inf, inf, inf, inf, inf, inf, inf, inf, inf, inf, inf, inf, inf, inf, inf, inf, inf, inf, inf, inf, inf, inf, inf, inf, inf, inf, inf, inf, inf, inf, inf, inf, inf, inf, inf, inf, inf, inf, inf, inf, inf, inf, inf, inf, inf, inf, inf, inf, inf, inf, inf, inf, inf, inf, inf, inf, inf, inf, inf, inf, inf, inf, inf, inf, inf, inf, inf, inf, inf, inf, inf, inf, inf, inf, inf, inf, inf, inf, inf, inf, inf, inf, inf, inf, inf, inf, inf, inf, inf, inf, inf, inf, inf, inf, inf, inf, inf, inf, inf, inf, inf, inf, inf, inf, inf, inf, inf, inf, inf, inf, inf, inf, inf, inf, inf, inf, inf, inf, inf, inf, inf, inf, inf, inf, inf, inf, inf, inf, inf, inf, inf, inf, inf, inf, inf, inf, inf, inf, inf, inf, inf, inf, inf, inf, inf, inf, inf, inf, inf, inf, inf, inf, inf, inf, inf, inf, inf, inf, inf, inf, inf, inf, inf, inf, inf, inf, inf, inf, inf, inf, inf, inf, inf, inf, inf, inf, inf, inf, inf, inf, inf, inf, inf, inf, inf, inf, inf, inf, inf, inf, inf, inf, inf, inf, inf, inf, inf, inf, inf, inf, inf, inf, inf, inf, inf, inf, inf, inf, inf, inf, inf, inf, inf, inf, inf, inf, inf, inf, inf, inf, inf, inf, inf, inf, inf, inf, inf, inf, inf, inf, inf, inf, inf, inf, inf, inf, inf, inf, inf, inf, inf, inf, inf, inf, inf, inf, inf, inf, inf, inf, inf, inf, inf, inf, inf, inf, inf, inf, inf, inf, inf, inf, inf, inf, inf, inf, inf, inf, inf, inf, inf, inf, inf, 3.3773233890533447, 3.3580873012542725, 3.3626549243927, 3.3551816940307617, 3.366286039352417, 3.3573875427246094, 3.373258590698242, 3.3606061935424805, 3.398425579071045, 3.3692891597747803, 3.3764190673828125, 3.39461612701416, 3.402683734893799, 3.3961005210876465, 3.409205436706543, 3.413210153579712, 3.43279767036438, 3.4437050819396973, 3.4306421279907227, 3.4475953578948975, 3.4816694259643555, 3.5, inf, inf, inf, inf, inf, inf, inf, inf, inf, inf, inf, inf, inf, inf, inf, inf, inf, inf, inf, inf, inf, inf, inf]),0.01749303564429283,904608000000
array('f', [inf, inf, inf, inf, inf, inf, inf, inf, inf, inf, inf, inf, inf, inf, inf, inf, inf, inf, inf, inf, inf, inf, inf, inf, inf, inf, inf, inf, inf, inf, inf, inf, inf, inf, inf, inf, inf, inf, inf, inf, inf, inf, inf, inf, inf, inf, inf, inf, inf, inf, inf, inf, inf, inf, inf, inf, inf, inf, inf, inf, inf, inf, inf, inf, inf, inf, inf, inf, inf, inf, inf, inf, inf, inf, inf, inf, inf, inf, inf, inf, inf, inf, inf, inf, inf, inf, inf, inf, inf, inf, inf, inf, inf, inf, inf, inf, inf, inf, inf, inf, inf, inf, inf, inf, inf, inf, inf, inf, inf, inf, inf, inf, inf, inf, inf, inf, inf, inf, inf, inf, inf, inf, inf, inf, inf, inf, inf, inf, inf, inf, inf, inf, inf, inf, inf, inf, inf, inf, inf, inf, inf, inf, inf, inf, inf, inf, inf, inf, inf, inf, inf, inf, inf, inf, inf, inf, inf, inf, inf, inf, inf, inf, inf, inf, inf, inf, inf, inf, inf, inf, inf, inf, inf, inf, inf, inf, inf, inf, inf, inf, inf, inf, inf, inf, inf, inf, inf, inf, inf, inf, inf, inf, inf, inf, inf, inf, inf, inf, inf, inf, inf, inf, inf, inf, inf, inf, inf, inf, inf, inf, inf, inf, inf, inf, inf, inf, inf, inf, inf, inf, inf, inf, inf, inf, inf, inf, inf, inf, inf, inf, inf, inf, inf, inf, inf, inf, inf, inf, inf, inf, inf, inf, inf, inf, inf, inf, inf, inf, inf, inf, inf, inf, inf, inf, inf, inf, inf, inf, inf, inf, inf, inf, inf, inf, inf, inf, inf, inf, inf, inf, inf, inf, inf, inf, inf, inf, inf, inf, inf, inf, inf, inf, inf, inf, inf, inf, inf, inf, inf, inf, inf, inf, inf, inf, inf, inf, inf, inf, inf, inf, inf, inf, inf, inf, inf, 3.2561590671539307, 3.231870412826538, 3.2417173385620117, 3.2341697216033936, 3.2339251041412354, 3.224832057952881, 3.212883949279785, 3.229072332382202, 3.2241201400756836, 3.2226603031158447, 3.2082433700561523, 3.212953567504883, 3.2174453735351562, 3.226743459701538, 3.2403197288513184, 3.232764959335327, 3.247312307357788, 3.257021188735962, 3.267112970352173, 3.2666003704071045, 3.284257650375366, 3.2891321182250977, 3.3175556659698486, 3.3241376876831055, 3.3599512577056885, 3.362497091293335, 3.3969883918762207, 3.399653196334839, 3.4271810054779053, 3.4382123947143555, 3.476464033126831, 3.4772112369537354, inf, inf, inf, inf, inf, inf, inf, inf, inf, inf, inf, inf, inf, inf, inf, inf, inf, inf, inf, inf, inf, inf, inf]),0.01749303564429283,904808000000
array('f', [inf, inf, inf, inf, inf, inf, inf, inf, inf, inf, inf, inf, inf, inf, inf, inf, inf, inf, inf, inf, inf, inf, inf, inf, inf, inf, inf, inf, inf, inf, inf, inf, inf, inf, inf, inf, inf, inf, inf, inf, inf, inf, inf, inf, inf, inf, inf, inf, inf, inf, inf, inf, inf, inf, inf, inf, inf, inf, inf, inf, inf, inf, inf, inf, inf, inf, inf, inf, inf, inf, inf, inf, inf, inf, inf, inf, inf, inf, inf, inf, inf, inf, inf, inf, inf, inf, inf, inf, inf, inf, inf, inf, inf, inf, inf, inf, inf, inf, inf, inf, inf, inf, inf, inf, inf, inf, inf, inf, inf, inf, inf, inf, inf, inf, inf, inf, inf, inf, inf, inf, inf, inf, inf, inf, inf, inf, inf, inf, inf, inf, inf, inf, inf, inf, inf, inf, inf, inf, inf, inf, inf, inf, inf, inf, inf, inf, inf, inf, inf, inf, inf, inf, inf, inf, inf, inf, inf, inf, inf, inf, inf, inf, inf, inf, inf, inf, inf, inf, inf, inf, inf, inf, inf, inf, inf, inf, inf, inf, inf, inf, inf, inf, inf, inf, inf, inf, inf, inf, inf, inf, inf, inf, inf, inf, inf, inf, inf, inf, inf, inf, inf, inf, inf, inf, inf, inf, inf, inf, inf, inf, inf, inf, inf, inf, inf, inf, inf, inf, inf, inf, inf, inf, inf, inf, inf, inf, inf, inf, inf, inf, inf, inf, inf, inf, inf, inf, inf, inf, inf, inf, inf, inf, inf, inf, inf, inf, inf, inf, inf, inf, inf, inf, inf, inf, inf, inf, inf, inf, inf, inf, inf, inf, inf, inf, inf, inf, inf, inf, inf, inf, inf, inf, inf, inf, inf, inf, inf, inf, inf, inf, inf, inf, inf, inf, inf, inf, inf, inf, inf, inf, inf, inf, inf, inf, 3.1626555919647217, 3.1358752250671387, 3.1115965843200684, 3.126372814178467, 3.1061513423919678, 3.1135151386260986, 3.097604990005493, 3.1150288581848145, 3.097654342651367, 3.085484743118286, 3.076002597808838, 3.067251205444336, 3.0674116611480713, 3.0835180282592773, 3.081991672515869, 3.0976755619049072, 3.1094698905944824, 3.1057608127593994, 3.1028428077697754, 3.0989434719085693, 3.106328248977661, 3.1287317276000977, 3.1331183910369873, 3.1543006896972656, 3.1540565490722656, 3.1766068935394287, 3.1916322708129883, 3.188188314437866, 3.2297117710113525, 3.2314438819885254, 3.2519688606262207, 3.258986711502075, 3.2636682987213135, 3.3083932399749756, 3.3326733112335205, 3.3519492149353027, 3.4020462036132812, 3.4040298461914062, 3.4348654747009277, 3.458977460861206, inf, inf, inf, inf, inf, inf, inf, inf, inf, inf, inf, inf, inf, inf, inf, inf, inf, inf, inf, inf, inf, inf, inf, inf, inf, inf]),0.01749303564429283,905008000000
array('f', [inf, inf, inf, inf, inf, inf, inf, inf, inf, inf, inf, inf, inf, inf, inf, inf, inf, inf, inf, inf, inf, inf, inf, inf, inf, inf, inf, inf, inf, inf, inf, inf, inf, inf, inf, inf, inf, inf, inf, inf, inf, inf, inf, inf, inf, inf, inf, inf, inf, inf, inf, inf, inf, inf, inf, inf, inf, inf, inf, inf, inf, inf, inf, inf, inf, inf, inf, inf, inf, inf, inf, inf, inf, inf, inf, inf, inf, inf, inf, inf, inf, inf, inf, inf, inf, inf, inf, inf, inf, inf, inf, inf, inf, inf, inf, inf, inf, inf, inf, inf, inf, inf, inf, inf, inf, inf, inf, inf, inf, inf, inf, inf, inf, inf, inf, inf, inf, inf, inf, inf, inf, inf, inf, inf, inf, inf, inf, inf, inf, inf, inf, inf, inf, inf, inf, inf, inf, inf, inf, inf, inf, inf, inf, inf, inf, inf, inf, inf, inf, inf, inf, inf, inf, inf, inf, inf, inf, inf, inf, inf, inf, inf, inf, inf, inf, inf, inf, inf, inf, inf, inf, inf, inf, inf, inf, inf, inf, inf, inf, inf, inf, inf, inf, inf, inf, inf, inf, inf, inf, inf, inf, inf, inf, inf, inf, inf, inf, inf, inf, inf, inf, inf, inf, inf, inf, inf, inf, inf, inf, inf, inf, inf, inf, inf, inf, inf, inf, inf, inf, inf, inf, inf, inf, inf, inf, inf, inf, inf, inf, inf, inf, inf, inf, inf, inf, inf, inf, inf, inf, inf, inf, inf, inf, inf, inf, inf, inf, inf, inf, inf, inf, inf, inf, inf, inf, inf, inf, inf, inf, inf, inf, inf, inf, inf, inf, inf, inf, inf, inf, inf, inf, inf, inf, inf, inf, inf, inf, inf, inf, inf, inf, inf, inf, inf, 3.0756428241729736, 3.0498385429382324, 3.059882640838623, 3.029808282852173, 3.0320026874542236, 3.0272750854492188, 3.0019121170043945, 3.003736972808838, 2.989610195159912, 2.978350877761841, 2.9926280975341797, 2.986401081085205, 2.9878804683685303, 2.967195749282837, 2.9724068641662598, 2.9728007316589355, 2.9901211261749268, 2.9691646099090576, 2.9785468578338623, 2.994549036026001, 3.000746011734009, 3.0028042793273926, 3.001924514770508, 2.9906094074249268, 3.006290912628174, 3.0239124298095703, 3.0120458602905273, 3.044705867767334, 3.05584979057312, 3.0835013389587402, 3.096957206726074, 3.096299171447754, 3.1122264862060547, 3.1244518756866455, 3.1455931663513184, 3.176668643951416, 3.1992642879486084, 3.217135190963745, 3.2451822757720947, 3.2763967514038086, 3.3016068935394287, 3.3270020484924316, 3.3383989334106445, 3.3890912532806396, 3.424879550933838, 3.4532792568206787, 3.477144241333008, inf, inf, inf, inf, inf, inf, inf, inf, inf, inf, inf, inf, inf, inf, inf, inf, inf, inf, inf, inf, inf, inf, inf, inf, inf, inf, inf, inf, inf]),0.01749303564429283,905208000000
array('f', [inf, inf, inf, inf, inf, inf, inf, inf, inf, inf, inf, inf, inf, inf, inf, inf, inf, inf, inf, inf, inf, inf, inf, inf, inf, inf, inf, inf, inf, inf, inf, inf, inf, inf, inf, inf, inf, inf, inf, inf, inf, inf, inf, inf, inf, inf, inf, inf, inf, inf, inf, inf, inf, inf, inf, inf, inf, inf, inf, inf, inf, inf, inf, inf, inf, inf, inf, inf, inf, inf, inf, inf, inf, inf, inf, inf, inf, inf, inf, inf, inf, inf, inf, inf, inf, inf, inf, inf, inf, inf, inf, inf, inf, inf, inf, inf, inf, inf, inf, inf, inf, inf, inf, inf, inf, inf, inf, inf, inf, inf, inf, inf, inf, inf, inf, inf, inf, inf, inf, inf, inf, inf, inf, inf, inf, inf, inf, inf, inf, inf, inf, inf, inf, inf, inf, inf, inf, inf, inf, inf, inf, inf, inf, inf, inf, inf, inf, inf, inf, inf, inf, inf, inf, inf, inf, inf, inf, inf, inf, inf, inf, inf, inf, inf, inf, inf, inf, inf, inf, inf, inf, inf, inf, inf, inf, inf, inf, inf, inf, inf, inf, inf, inf, inf, inf, inf, inf, inf, inf, inf, inf, inf, inf, inf, inf, inf, inf, inf, inf, inf, inf, inf, inf, inf, inf, inf, inf, inf, inf, inf, inf, inf, inf, inf, inf, inf, inf, inf, inf, inf, inf, inf, inf, inf, inf, inf, inf, inf, inf, inf, inf, inf, inf, inf, inf, inf, inf, inf, inf, inf, inf, inf, inf, inf, inf, inf, inf, inf, inf, inf, inf, inf, inf, inf, inf, inf, inf, inf, inf, inf, inf, inf, inf, inf, inf, inf, inf, inf, inf, inf, inf, inf, 3.051945209503174, 3.0379738807678223, 3.008192777633667, 3.0135533809661865, 3.009798049926758, 2.9678549766540527, 2.9620091915130615, 2.9483940601348877, 2.931328535079956, 2.909346580505371, 2.932696580886841, 2.9006621837615967, 2.906045436859131, 2.8886990547180176, 2.88482403755188, 2.905066967010498, 2.8928234577178955, 2.8952155113220215, 2.8751778602600098, 2.89085054397583, 2.892608404159546, 2.863550901412964, 2.879215717315674, 2.8961000442504883, 2.903683662414551, 2.9079103469848633, 2.8956832885742188, 2.898042678833008, 2.928913116455078, 2.933692216873169, 2.940788745880127, 2.9451944828033447, 2.9642531871795654, 2.986679792404175, 2.988262176513672, 2.9910271167755127, 3.0124990940093994, 3.0286030769348145, 3.0670506954193115, 3.075183153152466, 3.082597494125366, 3.1225779056549072, 3.1353187561035156, 3.1627509593963623, 3.1841256618499756, 3.2011516094207764, 3.2319040298461914, 3.245192766189575, 3.287447929382324, 3.334334135055542, 3.3642985820770264, 3.3882346153259277, 3.4503583908081055, 3.4814977645874023, inf, inf, inf, inf, inf, inf, inf, inf, inf, inf, inf, inf, inf, inf, inf, inf, inf, inf, inf, inf, inf, inf, inf, inf, inf, inf, inf, inf, inf, inf, inf, inf, inf, inf]),0.01749303564429283,905408000000
array('f', [inf, inf, inf, inf, inf, inf, inf, inf, inf, inf, inf, inf, inf, inf, inf, inf, inf, inf, inf, inf, inf, inf, inf, inf, inf, inf, inf, inf, inf, inf, inf, inf, inf, inf, inf, inf, inf, inf, inf, inf, inf, inf, inf, inf, inf, inf, inf, inf, inf, inf, inf, inf, inf, inf, inf, inf, inf, inf, inf, inf, inf, inf, inf, inf, inf, inf, inf, inf, inf, inf, inf, inf, inf, inf, inf, inf, inf, inf, inf, inf, inf, inf, inf, inf, inf, inf, inf, inf, inf, inf, inf, inf, inf, inf, inf, inf, inf, inf, inf, inf, inf, inf, inf, inf, inf, inf, inf, inf, inf, inf, inf, inf, inf, inf, inf, inf, inf, inf, inf, inf, inf, inf, inf, inf, inf, inf, inf, inf, inf, inf, inf, inf, inf, inf, inf, inf, inf, inf, inf, inf, inf, inf, inf, inf, inf, inf, inf, inf, inf, inf, inf, inf, inf, inf, inf, inf, inf, inf, inf, inf, inf, inf, inf, inf, inf, inf, inf, inf, inf, inf, inf, inf, inf, inf, inf, inf, inf, inf, inf, inf, inf, inf, inf, inf, inf, inf, inf, inf, inf, inf, inf, inf, inf, inf, inf, inf, inf, inf, inf, inf, inf, inf, inf, inf, inf, inf, inf, inf, inf, inf, inf, inf, inf, inf, inf, inf, inf, inf, inf, inf, inf, inf, inf, inf, inf, inf, inf, inf, inf, inf, inf, inf, inf, inf, inf, inf, inf, inf, inf, inf, inf, inf, inf, inf, inf, inf, inf, inf, inf, inf, inf, inf, inf, inf, inf, inf, inf, inf, inf, inf, inf, 3.065678119659424, 3.0425586700439453, 2.998586416244507, 2.976865530014038, 2.9706435203552246, 2.941415786743164, 2.9421026706695557, 2.9098317623138428, 2.922668933868408, 2.9196763038635254, 2.89772367477417, 2.8738343715667725, 2.881852626800537, 2.8585660457611084, 2.8469176292419434, 2.841276168823242, 2.8313825130462646, 2.8338279724121094, 2.838061809539795, 2.815999984741211, 2.815875768661499, 2.809800386428833, 2.8111209869384766, 2.8216192722320557, 2.810422420501709, 2.8223025798797607, 2.8323824405670166, 2.826291084289551, 2.8293559551239014, 2.838625192642212, 2.8471693992614746, 2.852861166000366, 2.856516122817993, 2.8752307891845703, 2.8792803287506104, 2.888511896133423, 2.903247833251953, 2.9107770919799805, 2.940765142440796, 2.932478189468384, 2.941859006881714, 2.9971680641174316, 2.988368272781372, 3.0247533321380615, 3.036977529525757, 3.051943778991699, 3.088430404663086, 3.0952272415161133, 3.1463966369628906, 3.1695427894592285, 3.1949145793914795, 3.2050249576568604, 3.2465310096740723, 3.2824831008911133, 3.301682710647583, 3.3652212619781494, 3.4054806232452393, 3.433607816696167, 3.469553232192993, inf, inf, inf, inf, inf, inf, inf, inf, inf, inf, inf, inf, inf, inf, inf, inf, inf, inf, inf, inf, inf, inf, inf, inf, inf, inf, inf, inf, inf, inf, inf, inf, inf, inf, inf, inf, inf, inf, inf, inf]),0.01749303564429283,905608000000
array('f', [inf, inf, inf, inf, inf, inf, inf, inf, inf, inf, inf, inf, inf, inf, inf, inf, inf, inf, inf, inf, inf, inf, inf, inf, inf, inf, inf, inf, inf, inf, inf, inf, inf, inf, inf, inf, inf, inf, inf, inf, inf, inf, inf, inf, inf, inf, inf, inf, inf, inf, inf, inf, inf, inf, inf, inf, inf, inf, inf, inf, inf, inf, inf, inf, inf, inf, inf, inf, inf, inf, inf, inf, inf, inf, inf, inf, inf, inf, inf, inf, inf, inf, inf, inf, inf, inf, inf, inf, inf, inf, inf, inf, inf, inf, inf, inf, inf, inf, inf, inf, inf, inf, inf, inf, inf, inf, inf, inf, inf, inf, inf, inf, inf, inf, inf, inf, inf, inf, inf, inf, inf, inf, inf, inf, inf, inf, inf, inf, inf, inf, inf, inf, inf, inf, inf, inf, inf, inf, inf, inf, inf, inf, inf, inf, inf, inf, inf, inf, inf, inf, inf, inf, inf, inf, inf, inf, inf, inf, inf, inf, inf, inf, inf, inf, inf, inf, inf, inf, inf, inf, inf, inf, inf, inf, inf, inf, inf, inf, inf, inf, inf, inf, inf, inf, inf, inf, inf, inf, inf, inf, inf, inf, inf, inf, inf, inf, inf, inf, inf, inf, inf, inf, inf, inf, inf, inf, inf, inf, inf, inf, inf, inf, inf, inf, inf, inf, inf, inf, inf, inf, inf, inf, inf, inf, inf, inf, inf, inf, inf, inf, inf, inf, inf, inf, inf, inf, inf, inf, inf, inf, inf, inf, inf, inf, inf, inf, inf, inf, inf, inf, 3.083873987197876, 3.043545722961426, 3.0260040760040283, 3.011821985244751, 3.019031524658203, 2.9711475372314453, 2.9482650756835938, 2.9451088905334473, 2.932478427886963, 2.9152464866638184, 2.8723769187927246, 2.8804407119750977, 2.8601434230804443, 2.8639447689056396, 2.8349697589874268, 2.829735279083252, 2.804891586303711, 2.8274364471435547, 2.796596050262451, 2.791203737258911, 2.7829418182373047, 2.7827646732330322, 2.7750284671783447, 2.7869930267333984, 2.758972644805908, 2.7747480869293213, 2.7898170948028564, 2.810019016265869, 2.7959797382354736, 2.7972986698150635, 2.78432035446167, 2.7721688747406006, 2.801555633544922, 2.818254232406616, 2.8087198734283447, 2.8316173553466797, 2.8309338092803955, 2.8585641384124756, 2.8425471782684326, 2.855433702468872, 2.8928494453430176, 2.893578290939331, 2.896876811981201, 2.9061813354492188, 2.9452924728393555, 2.9306981563568115, 2.9751079082489014, 2.9790079593658447, 3.0004024505615234, 3.0186641216278076, 3.061035394668579, 3.088102340698242, 3.1044442653656006, 3.129964828491211, 3.1438465118408203, 3.184948682785034, 3.2299880981445312, 3.2683465480804443, 3.2828962802886963, 3.327179431915283, 3.369201421737671, 3.4139106273651123, 3.4619336128234863, inf, inf, inf, inf, inf, inf, inf, inf, inf, inf, inf, inf, inf, inf, inf, inf, inf, inf, inf, inf, inf, inf, inf, inf, inf, inf, inf, inf, inf, inf, inf, inf, inf, inf, inf, inf, inf, inf, inf, inf, inf, inf, inf, inf, inf, inf, inf]),0.01749303564429283,905808000000
array('f', [inf, inf, inf, inf, inf, inf, inf, inf, inf, inf, inf, inf, inf, inf, inf, inf, inf, inf, inf, 3.3857219219207764, inf, inf, inf, inf, inf, inf, inf, inf, inf, inf, inf, inf, inf, inf, inf, inf, inf, inf, inf, inf, inf, inf, inf, inf, inf, inf, inf, inf, inf, inf, inf, inf, inf, inf, inf, inf, inf, inf, inf, inf, inf, inf, inf, inf, inf, inf, inf, inf, inf, inf, inf, inf, inf, inf, inf, inf, inf, inf, inf, inf, inf, inf, inf, inf, inf, inf, inf, inf, inf, inf, inf, inf, inf, inf, inf, inf, inf, inf, inf, inf, inf, inf, inf, inf, inf, inf, inf, inf, inf, inf, inf, inf, inf, inf, inf, inf, inf, inf, inf, inf, inf, inf, inf, inf, inf, inf, inf, inf, inf, inf, inf, inf, inf, inf, inf, inf, inf, inf, inf, inf, inf, inf, inf, inf, inf, inf, inf, inf, inf, inf, inf, inf, inf, inf, inf, inf, inf, inf, inf, inf, inf, inf, inf, inf, inf, inf, inf, inf, inf, inf, inf, inf, inf, inf, inf, inf, inf, inf, inf, inf, inf, inf, inf, inf, inf, inf, inf, inf, inf, inf, inf, inf, inf, inf, inf, inf, inf, inf, inf, inf, inf, inf, inf, inf, inf, inf, inf, inf, inf, inf, inf, inf, inf, inf, inf, inf, inf, inf, inf, inf, inf, inf, inf, inf, inf, inf, inf, inf, inf, inf, inf, inf, inf, inf, inf, inf, inf, inf, inf, 3.1662232875823975, 3.1362216472625732, 3.1127233505249023, 3.0814599990844727, 3.0548017024993896, 3.028134346008301, 2.999127149581909, 2.974221706390381, 2.9529106616973877, 2.9625723361968994, 2.9324164390563965, 2.8996810913085938, 2.884124994277954, 2.8910577297210693, 2.8511762619018555, 2.853102684020996, 2.830092191696167, 2.827913284301758, 2.8197758197784424, 2.8202991485595703, 2.802086353302002, 2.774545192718506, 2.803318738937378, 2.792872667312622, 2.793860912322998, 2.7731499671936035, 2.764897108078003, 2.7815709114074707, 2.7676234245300293, 2.768796443939209, 2.765700578689575, 2.7500715255737305, 2.7837488651275635, 2.78106951713562, 2.777754306793213, 2.785830497741699, 2.77577543258667, 2.8064284324645996, 2.806737184524536, 2.8151166439056396, 2.832797050476074, 2.834726095199585, 2.845930337905884, 2.865286350250244, 2.888115406036377, 2.8725478649139404, 2.913785457611084, 2.9097740650177, 2.9240314960479736, 2.956122398376465, 2.9752023220062256, 3.0012104511260986, 3.0102198123931885, 3.0301513671875, 3.042006015777588, 3.089526653289795, 3.111198663711548, 3.149815320968628, 3.1718332767486572, 3.1981148719787598, 3.226019859313965, 3.280225992202759, 3.325535297393799, 3.338395833969116, 3.386979818344116, 3.4339942932128906, 3.4875638484954834, inf, inf, inf, inf, inf, inf, inf, inf, inf, inf, inf, inf, inf, inf, inf, inf, inf, inf, inf, inf, inf, inf, inf, inf, inf, inf, inf, inf, inf, inf, inf, inf, inf, inf, inf, inf, inf, inf, inf, inf, inf, inf, inf, inf, inf, inf, inf, inf, inf, inf, inf, inf, inf, inf]),0.01749303564429283,906008000000
array('f', [inf, inf, inf, inf, inf, inf, inf, inf, inf, inf, inf, inf, 3.192537784576416, inf, inf, inf, inf, inf, inf, inf, inf, inf, inf, inf, inf, inf, inf, inf, inf, inf, inf, inf, inf, inf, inf, inf, inf, inf, inf, inf, inf, inf, inf, inf, inf, inf, inf, inf, inf, inf, inf, inf, inf, inf, inf, inf, inf, inf, inf, inf, inf, inf, inf, inf, inf, inf, inf, inf, inf, inf, inf, inf, inf, inf, inf, inf, inf, inf, inf, inf, inf, inf, inf, inf, inf, inf, inf, inf, inf, inf, inf, inf, inf, inf, inf, inf, inf, inf, inf, inf, inf, inf, inf, inf, inf, inf, inf, inf, inf, inf, inf, inf, inf, inf, inf, inf, inf, inf, inf, inf, inf, inf, inf, inf, inf, inf, inf, inf, inf, inf, inf, inf, inf, inf, inf, inf, inf, inf, inf, inf, inf, inf, inf, inf, inf, inf, inf, inf, inf, inf, inf, inf, inf, inf, inf, inf, inf, inf, inf, inf, inf, inf, inf, inf, inf, inf, inf, inf, inf, inf, inf, inf, inf, inf, inf, inf, inf, inf, inf, inf, inf, inf, inf, inf, inf, inf, inf, inf, inf, inf, inf, inf, inf, inf, inf, inf, inf, inf, inf, inf, inf, inf, inf, inf, inf, inf, inf, inf, inf, inf, inf, inf, inf, inf, inf, inf, inf, inf, inf, inf, inf, inf, inf, inf, inf, inf, inf, inf, 3.2702860832214355, 3.24906063079834, 3.2202954292297363, 3.177671432495117, 3.1510443687438965, 3.119480848312378, 3.126969575881958, 3.069542407989502, 3.035003662109375, 3.009665012359619, 3.0015523433685303, 2.9811129570007324, 2.951637029647827, 2.9469640254974365, 2.917860984802246, 2.908172845840454, 2.9027292728424072, 2.8937766551971436, 2.8566699028015137, 2.862117052078247, 2.8528077602386475, 2.83752703666687, 2.8018417358398438, 2.8189382553100586, 2.78969407081604, 2.793208599090576, 2.8001530170440674, 2.7875735759735107, 2.803631067276001, 2.798534393310547, 2.778184652328491, 2.7858026027679443, 2.778766393661499, 2.784419059753418, 2.7758867740631104, 2.786515951156616, 2.7874133586883545, 2.8063154220581055, 2.7921314239501953, 2.810744047164917, 2.8196828365325928, 2.832540988922119, 2.832782745361328, 2.854402542114258, 2.8360915184020996, 2.858964204788208, 2.8740315437316895, 2.884355306625366, 2.9042365550994873, 2.9208757877349854, 2.9275801181793213, 2.950695037841797, 2.952993869781494, 3.0005152225494385, 2.9911327362060547, 3.0145201683044434, 3.0681986808776855, 3.065884828567505, 3.093015670776367, 3.126446008682251, 3.153083324432373, 3.1952788829803467, 3.1958553791046143, 3.265169143676758, 3.2829456329345703, 3.3367879390716553, 3.367985725402832, 3.407238245010376, 3.44942045211792, 3.489396810531616, inf, inf, inf, inf, inf, inf, inf, inf, inf, inf, inf, inf, inf, inf, inf, inf, inf, inf, inf, inf, inf, inf, inf, inf, inf, inf, inf, inf, inf, inf, inf, inf, inf, 3.5, 3.477637529373169, 3.456707239151001, 3.4348666667938232, 3.44032883644104, 3.399078130722046, 3.411379814147949, 3.3907103538513184, 3.37652325630188, 3.3662381172180176, 3.3540711402893066, 3.335181713104248, 3.331275463104248, 3.342085361480713, 3.3144025802612305, 3.302696466445923, 3.3300259113311768, 3.3009707927703857, 3.3203341960906982, 3.311612367630005, 3.3148231506347656, 3.3210268020629883, 3.3236522674560547, 3.2987022399902344, 3.315061569213867, 3.334641933441162, 3.3427066802978516, 3.3273890018463135, inf]),0.01749303564429283,906208000000
array('f', [inf, inf, inf, inf, 2.99700927734375, inf, 3.3792529106140137, 3.418478488922119, 3.450199604034424, 3.486893892288208, inf, inf, inf, inf, inf, inf, inf, inf, inf, inf, inf, inf, inf, inf, inf, inf, inf, inf, inf, inf, inf, inf, inf, inf, inf, inf, inf, inf, inf, inf, inf, inf, inf, inf, inf, inf, inf, inf, inf, inf, inf, inf, inf, inf, inf, inf, inf, inf, inf, inf, inf, inf, inf, inf, inf, inf, inf, inf, inf, inf, inf, inf, inf, inf, inf, inf, inf, inf, inf, inf, inf, inf, inf, inf, inf, inf, inf, inf, inf, inf, inf, inf, inf, inf, inf, inf, inf, inf, inf, inf, inf, inf, inf, inf, inf, inf, inf, inf, inf, inf, inf, inf, inf, inf, inf, inf, inf, inf, inf, inf, inf, inf, inf, inf, inf, inf, inf, inf, inf, inf, inf, inf, inf, inf, inf, inf, inf, inf, inf, inf, inf, inf, inf, inf, inf, inf, inf, inf, inf, inf, inf, inf, inf, inf, inf, inf, inf, inf, inf, inf, inf, inf, inf, inf, inf, inf, inf, inf, inf, inf, inf, inf, inf, inf, inf, inf, inf, inf, inf, inf, inf, inf, inf, inf, inf, inf, inf, inf, inf, inf, inf, inf, inf, inf, inf, inf, inf, inf, inf, inf, inf, inf, inf, inf, inf, inf, inf, inf, inf, inf, inf, inf, inf, inf, inf, inf, inf, 3.4513795375823975, 3.409118175506592, 3.382827043533325, 3.329246759414673, 3.2930095195770264, 3.268998861312866, 3.2139170169830322, 3.2027153968811035, 3.164499282836914, 3.1502785682678223, 3.105522632598877, 3.087806463241577, 3.078941583633423, 3.0385050773620605, 3.0404396057128906, 3.00876784324646, 2.976064682006836, 2.9860849380493164, 2.971257209777832, 2.9288618564605713, 2.9140729904174805, 2.909730911254883, 2.908378839492798, 2.8882553577423096, 2.876279830932617, 2.8769068717956543, 2.872548818588257, 2.8430087566375732, 2.8422727584838867, 2.8493707180023193, 2.826162338256836, 2.8357226848602295, 2.824594020843506, 2.8294267654418945, 2.8151674270629883, 2.8266351222991943, 2.832566738128662, 2.8437626361846924, 2.8227531909942627, 2.821347236633301, 2.830280065536499, 2.8320436477661133, 2.8443381786346436, 2.8442187309265137, 2.85973858833313, 2.876258611679077, 2.878460168838501, 2.9005062580108643, 2.9058237075805664, 2.907878875732422, 2.9204392433166504, 2.9411749839782715, 2.9328770637512207, 2.9814770221710205, 2.997887134552002, 2.9965667724609375, 3.013256072998047, 3.0445847511291504, 3.063565969467163, 3.1153881549835205, 3.1383392810821533, 3.129256248474121, 3.1556332111358643, 3.180392026901245, 3.237790584564209, 3.260777711868286, 3.299196243286133, 3.3252413272857666, 3.3702569007873535, 3.411414861679077, 3.450831651687622, 3.5, inf, inf, inf, inf, inf, inf, inf, inf, inf, inf, inf, inf, inf, inf, inf, inf, inf, inf, inf, inf, inf, inf, inf, inf, inf, inf, 3.48372220993042, 3.455836296081543, 3.4244141578674316, 3.4140102863311768, 3.368924140930176, 3.348642587661743, 3.3380863666534424, 3.3095803260803223, 3.2855217456817627, 3.2745590209960938, 3.263601541519165, 3.234802722930908, 3.2271077632904053, 3.2099571228027344, 3.201603651046753, 3.189088821411133, 3.175126075744629, 3.1650376319885254, 3.1554369926452637, 3.148513078689575, 3.142935037612915, 3.1376209259033203, 3.137169361114502, 3.110779047012329, 3.114501714706421, 3.119779109954834, 3.119744300842285, 3.11242938041687, 3.1137454509735107, 3.1179819107055664, 3.1252024173736572, 3.101130247116089, 3.1372578144073486, 3.133544445037842, 3.1367900371551514, inf, inf, inf, inf, inf, inf, inf, inf, inf, inf]),0.01749303564429283,906408000000
array('f', [3.234151840209961, 3.26142954826355, 3.299802303314209, 3.3295531272888184, 3.372775077819824, 3.3955650329589844, 3.441257953643799, 3.483773946762085, inf, inf, inf, inf, inf, inf, inf, inf, inf, inf, inf, inf, inf, inf, inf, inf, inf, inf, inf, inf, inf, inf, inf, inf, inf, inf, inf, inf, inf, inf, inf, inf, inf, inf, inf, inf, inf, inf, inf, inf, inf, inf, inf, inf, inf, inf, inf, inf, inf, inf, inf, inf, inf, inf, inf, inf, inf, inf, inf, inf, inf, inf, inf, inf, inf, inf, inf, inf, inf, inf, inf, inf, inf, inf, inf, inf, inf, inf, inf, inf, inf, inf, inf, inf, inf, inf, inf, inf, inf, inf, inf, inf, inf, inf, inf, inf, inf, inf, inf, inf, inf, inf, inf, inf, inf, inf, inf, inf, inf, inf, inf, inf, inf, inf, inf, inf, inf, inf, inf, inf, inf, inf, inf, inf, inf, inf, inf, inf, inf, inf, inf, inf, inf, inf, inf, inf, inf, inf, inf, inf, inf, inf, inf, inf, inf, inf, inf, inf, inf, inf, inf, inf, inf, inf, inf, inf, inf, inf, inf, inf, inf, inf, inf, inf, inf, inf, inf, inf, inf, inf, inf, inf, inf, inf, inf, inf, inf, inf, inf, inf, inf, inf, inf, inf, inf, inf, inf, inf, inf, inf, inf, inf, inf, inf, inf, inf, inf, inf, inf, inf, inf, inf, 3.4954237937927246, 3.4425246715545654, 3.4138271808624268, 3.359868049621582, 3.334912061691284, 3.3186235427856445, 3.2696619033813477, 3.241734743118286, 3.218851327896118, 3.1942198276519775, 3.170454502105713, 3.143167495727539, 3.1193881034851074, 3.1068027019500732, 3.092942714691162, 3.066545009613037, 3.043478488922119, 3.017895221710205, 3.0101404190063477, 2.9937520027160645, 2.9818053245544434, 2.961040735244751, 2.9454731941223145, 2.9491147994995117, 2.9525012969970703, 2.9338107109069824, 2.926804542541504, 2.8946921825408936, 2.8986964225769043, 2.900784969329834, 2.9064409732818604, 2.8966197967529297, 2.8840041160583496, 2.9050285816192627, 2.909449338912964, 2.878100633621216, 2.884988784790039, 2.8899638652801514, 2.8930490016937256, 2.9052422046661377, 2.9065799713134766, 2.912757635116577, 2.9233968257904053, 2.9180426597595215, 2.9345266819000244, 2.965076446533203, 2.962925434112549, 2.9669718742370605, 2.9678053855895996, 2.991241216659546, 3.0125763416290283, 3.0363128185272217, 3.0516135692596436, 3.0858876705169678, 3.092386484146118, 3.1157634258270264, 3.1119611263275146, 3.150845766067505, 3.1807992458343506, 3.199977397918701, 3.229879379272461, 3.256277322769165, 3.2792537212371826, 3.2961318492889404, 3.3432583808898926, 3.3858730792999268, 3.414942979812622, 3.451402187347412, 3.5, inf, inf, inf, inf, inf, inf, inf, inf, inf, inf, inf, inf, inf, inf, inf, inf, inf, inf, inf, inf, inf, inf, 3.488572359085083, 3.43729567527771, 3.419898271560669, 3.3671741485595703, 3.34226393699646, 3.3176708221435547, 3.282867908477783, 3.2273497581481934, 3.2339799404144287, 3.21234130859375, 3.1932692527770996, 3.157163381576538, 3.1114165782928467, 3.107253313064575, 3.094820976257324, 3.0644264221191406, 3.0571815967559814, 3.038402557373047, 3.0268280506134033, 3.002829074859619, 2.9963736534118652, 2.9722931385040283, 2.986597776412964, 2.979128122329712, 2.9580135345458984, 2.959918975830078, 2.934828758239746, 2.9389734268188477, 2.9323227405548096, 2.916125774383545, 2.924403429031372, 2.9288299083709717, 2.943044424057007, 2.9379725456237793, 2.9163548946380615, 2.9279630184173584, 2.936140775680542, 2.9406275749206543, 2.954224109649658, 2.937877655029297, inf, inf, inf, inf, inf, inf, inf, inf, inf, inf, inf, inf, inf, inf, inf, 2.7985918521881104, 3.2096071243286133, 3.209469795227051, 3.248227596282959]),0.01749303564429283,906608000000
array('f', [3.304537773132324, 3.3625857830047607, 3.388975143432617, 3.4402592182159424, 3.465409517288208, inf, inf, inf, inf, inf, inf, inf, inf, inf, inf, inf, inf, inf, inf, inf, inf, inf, inf, inf, inf, inf, inf, inf, inf, inf, inf, inf, inf, inf, inf, inf, inf, inf, inf, inf, inf, inf, inf, inf, inf, inf, inf, inf, inf, inf, inf, inf, inf, inf, inf, inf, inf, inf, inf, inf, inf, inf, inf, inf, inf, inf, inf, inf, inf, inf, inf, inf, inf, inf, inf, inf, inf, inf, inf, inf, inf, inf, inf, inf, inf, inf, inf, inf, inf, inf, inf, inf, inf, inf, inf, inf, inf, inf, inf, inf, inf, inf, inf, inf, inf, inf, inf, inf, inf, inf, inf, inf, inf, inf, inf, inf, inf, inf, inf, inf, inf, inf, inf, inf, inf, inf, inf, inf, inf, inf, inf, inf, inf, inf, inf, inf, inf, inf, inf, inf, inf, inf, inf, inf, inf, inf, inf, inf, inf, inf, inf, inf, inf, inf, inf, inf, inf, inf, inf, inf, inf, inf, inf, inf, inf, inf, inf, inf, inf, inf, inf, inf, inf, inf, inf, inf, inf, inf, inf, inf, inf, inf, inf, inf, inf, inf, inf, inf, inf, inf, inf, inf, inf, inf, inf, inf, inf, inf, inf, inf, inf, inf, inf, inf, inf, 3.4758718013763428, 3.4599194526672363, 3.410597562789917, 3.3754379749298096, 3.3698432445526123, 3.3140766620635986, 3.29341721534729, 3.261544704437256, 3.2525479793548584, 3.214603900909424, 3.1930086612701416, 3.17098331451416, 3.1520473957061768, 3.1284191608428955, 3.1043410301208496, 3.108754873275757, 3.0910017490386963, 3.0817887783050537, 3.0719387531280518, 3.045599937438965, 3.046198844909668, 3.0177817344665527, 3.034073829650879, 2.9985594749450684, 3.0136682987213135, 2.9999051094055176, 2.9802067279815674, 3.0022099018096924, 3.001192808151245, 2.9867734909057617, 2.998237133026123, 2.987717390060425, 3.006574869155884, 2.9846067428588867, 2.9816107749938965, 3.003453016281128, 3.0080244541168213, 2.996736526489258, 2.9975240230560303, 3.0204148292541504, 3.0283381938934326, 3.040522336959839, 3.0583903789520264, 3.064946413040161, 3.0786373615264893, 3.106447696685791, 3.1012847423553467, 3.0908124446868896, 3.1146154403686523, 3.141383171081543, 3.1690926551818848, 3.1744463443756104, 3.2153427600860596, 3.2267680168151855, 3.260700225830078, 3.2701656818389893, 3.317439079284668, 3.3310697078704834, 3.36963152885437, 3.417546272277832, 3.431102752685547, 3.460885763168335, 3.5, inf, inf, inf, inf, inf, inf, inf, inf, inf, inf, inf, inf, inf, inf, inf, inf, inf, inf, inf, inf, 3.4804811477661133, 3.4295642375946045, 3.382814884185791, 3.3556747436523438, 3.2913122177124023, 3.2724454402923584, 3.237008810043335, 3.21156644821167, 3.164490222930908, 3.148362398147583, 3.1092071533203125, 3.0776302814483643, 3.0401933193206787, 3.0237412452697754, 2.9950945377349854, 2.9873011112213135, 2.978257656097412, 2.94423246383667, 2.9152369499206543, 2.915787935256958, 2.895552158355713, 2.8500845432281494, 2.8436686992645264, 2.8554675579071045, 2.834372043609619, 2.824103832244873, 2.8012707233428955, 2.8008086681365967, 2.8044631481170654, 2.7889537811279297, 2.791242837905884, 2.7552330493927, 2.7637758255004883, 2.7588236331939697, 2.7513515949249268, 2.7711546421051025, 2.7400476932525635, 2.753061056137085, 2.753678560256958, 2.768101930618286, 2.749622106552124, 2.754770040512085, 2.766352415084839, 2.7605059146881104, inf, inf, inf, inf, inf, inf, inf, inf, inf, inf, inf, inf, inf, inf, inf, 2.6044020652770996, 3.071092367172241, 3.0085320472717285, 3.0210745334625244, 3.0589778423309326, 3.0736427307128906, 3.105693817138672, 3.1285693645477295, 3.1495561599731445, 3.193376064300537, 3.2034404277801514, 3.2698307037353516, 3.294987201690674]),0.01749303564429283,906808000000
array('f', [3.496196746826172, inf, inf, inf, inf, inf, inf, inf, inf, inf, inf, inf, inf, inf, inf, inf, inf, inf, inf, inf, inf, inf, inf, inf, inf, inf, inf, inf, inf, inf, inf, inf, inf, inf, inf, inf, inf, inf, inf, inf, inf, inf, inf, inf, inf, inf, inf, inf, inf, inf, inf, inf, inf, inf, inf, inf, inf, inf, inf, inf, inf, inf, inf, inf, inf, inf, inf, inf, inf, inf, inf, inf, inf, inf, inf, inf, inf, inf, inf, inf, inf, inf, inf, inf, inf, inf, inf, inf, inf, inf, inf, inf, inf, inf, inf, inf, inf, inf, inf, inf, inf, inf, inf, inf, inf, inf, inf, inf, inf, inf, inf, inf, inf, inf, inf, inf, inf, inf, inf, inf, inf, inf, inf, inf, inf, inf, inf, inf, inf, inf, inf, inf, inf, inf, inf, inf, inf, inf, inf, inf, inf, inf, inf, inf, inf, inf, inf, inf, inf, inf, inf, inf, inf, inf, inf, inf, inf, inf, inf, inf, inf, inf, inf, inf, inf, inf, inf, inf, inf, inf, inf, inf, inf, inf, inf, inf, inf, inf, inf, inf, inf, inf, inf, inf, inf, inf, inf, inf, inf, inf, inf, inf, inf, inf, inf, inf, inf, inf, inf, inf, inf, 3.466019630432129, 3.447507858276367, 3.4163172245025635, 3.4050235748291016, 3.3774068355560303, 3.344728946685791, 3.311063528060913, 3.2925868034362793, 3.2711424827575684, 3.263934373855591, 3.235751152038574, 3.2387185096740723, 3.19793438911438, 3.1877670288085938, 3.1884210109710693, 3.1774308681488037, 3.1659774780273438, 3.139714241027832, 3.1528971195220947, 3.132150650024414, 3.1198601722717285, 3.130042314529419, 3.125272512435913, 3.1035807132720947, 3.117652416229248, 3.1077969074249268, 3.1007769107818604, 3.1066651344299316, 3.1058244705200195, 3.105881929397583, 3.1388494968414307, 3.0943915843963623, 3.140080451965332, 3.1383676528930664, 3.12076997756958, 3.1297593116760254, 3.15116286277771, 3.169865369796753, 3.182417631149292, 3.186265230178833, 3.1916732788085938, 3.197343349456787, 3.2296054363250732, 3.238968849182129, 3.2753684520721436, 3.2743828296661377, 3.3025150299072266, 3.309572696685791, 3.3425168991088867, 3.3688697814941406, 3.3790283203125, 3.3976058959960938, 3.446150541305542, 3.477184772491455, inf, inf, inf, inf, inf, inf, inf, inf, inf, inf, inf, inf, inf, inf, inf, inf, inf, inf, inf, inf, inf, 3.429658889770508, 3.40004301071167, 3.357433795928955, 3.3042795658111572, 3.2545313835144043, 3.198516607284546, 3.1771693229675293, 3.1286089420318604, 3.079899549484253, 3.066997766494751, 3.029980421066284, 2.9837865829467773, 2.976365327835083, 2.9340407848358154, 2.913818359375, 2.8895020484924316, 2.8703625202178955, 2.848402738571167, 2.8221118450164795, 2.7916696071624756, 2.778766393661499, 2.763357162475586, 2.760474920272827, 2.732144594192505, 2.7229366302490234, 2.695929527282715, 2.682567596435547, 2.677912473678589, 2.6739156246185303, 2.6478781700134277, 2.643171548843384, 2.609961986541748, 2.6345670223236084, 2.6090452671051025, 2.6219754219055176, 2.6210427284240723, 2.5968754291534424, 2.6022303104400635, 2.598207473754883, 2.6179919242858887, 2.5836308002471924, 2.5806829929351807, 2.5848894119262695, 2.618330478668213, 2.60491943359375, inf, inf, inf, inf, inf, inf, inf, inf, inf, inf, inf, inf, inf, inf, inf, inf, 2.382427930831909, 2.3978939056396484, 2.8279471397399902, 2.7982378005981445, 2.8528645038604736, 2.8553786277770996, 2.8799455165863037, 2.8992269039154053, 2.9274706840515137, 2.9754703044891357, 2.9947257041931152, 3.0051355361938477, 3.0517265796661377, 3.073930501937866, 3.1201462745666504, 3.1729795932769775, 3.1967830657958984, 3.236375331878662, 3.2803194522857666, 3.3138229846954346, 3.3797249794006348, 3.4155635833740234, 3.475745677947998]),0.01749303564429283,907008000000
array('f', [inf, inf, inf, inf, inf, inf, inf, inf, inf, inf, inf, inf, inf, inf, inf, inf, inf, inf, inf, inf, inf, inf, inf, inf, inf, inf, inf, inf, inf, inf, inf, inf, inf, inf, inf, inf, inf, inf, inf, inf, inf, inf, inf, inf, inf, inf, inf, inf, inf, inf, inf, inf, inf, inf, inf, inf, inf, inf, inf, inf, inf, inf, inf, inf, inf, inf, inf, inf, inf, inf, inf, inf, inf, inf, inf, inf, inf, inf, inf, inf, inf, inf, inf, inf, inf, inf, inf, inf, inf, inf, inf, inf, inf, inf, inf, inf, inf, inf, inf, inf, inf, inf, inf, inf, inf, inf, inf, inf, inf, inf, inf, inf, inf, inf, inf, inf, inf, inf, inf, inf, inf, inf, inf, inf, inf, inf, inf, inf, inf, inf, inf, inf, inf, inf, inf, inf, inf, inf, inf, inf, inf, inf, inf, inf, inf, inf, inf, inf, inf, inf, inf, inf, inf, inf, inf, inf, inf, inf, inf, inf, inf, inf, inf, inf, inf, inf, inf, inf, inf, inf, inf, inf, inf, inf, inf, inf, inf, inf, inf, inf, inf, inf, inf, inf, inf, inf, inf, inf, inf, inf, inf, inf, inf, inf, inf, inf, inf, inf, 3.4849982261657715, 3.464453935623169, 3.440831184387207, 3.432250738143921, 3.416095733642578, 3.3738226890563965, 3.3571672439575195, 3.345501661300659, 3.330378532409668, 3.314425230026245, 3.282680034637451, 3.2960498332977295, 3.293116569519043, 3.283341884613037, 3.26942777633667, 3.2563467025756836, 3.2770919799804688, 3.2439687252044678, 3.262500047683716, 3.2635602951049805, 3.257355213165283, 3.2631094455718994, 3.24336838722229, 3.246283769607544, 3.263322591781616, 3.2542741298675537, 3.275193214416504, 3.276095390319824, 3.2850849628448486, 3.29644775390625, 3.2924351692199707, 3.2986507415771484, 3.3130593299865723, 3.3132052421569824, 3.311652421951294, 3.337966203689575, 3.373713493347168, 3.385274887084961, 3.3880600929260254, 3.3992483615875244, 3.4302690029144287, 3.48000168800354, 3.4683427810668945, inf, inf, inf, inf, inf, inf, inf, inf, inf, inf, inf, inf, inf, inf, inf, inf, inf, inf, inf, inf, inf, inf, inf, 3.4352822303771973, 3.398853063583374, 3.3355064392089844, 3.286217451095581, 3.250572443008423, 3.1716108322143555, 3.1415038108825684, 3.1040170192718506, 3.0737946033477783, 3.016672372817993, 2.9714314937591553, 2.951812982559204, 2.907374143600464, 2.8775978088378906, 2.8539633750915527, 2.835768461227417, 2.7862792015075684, 2.7682223320007324, 2.7379374504089355, 2.7273669242858887, 2.707960844039917, 2.6725544929504395, 2.6498069763183594, 2.6500563621520996, 2.6260504722595215, 2.59897780418396, 2.573913335800171, 2.592313528060913, 2.55281925201416, 2.543149471282959, 2.547419309616089, 2.5355799198150635, 2.5116031169891357, 2.4948408603668213, 2.496750831604004, 2.5031216144561768, 2.4831087589263916, 2.4593207836151123, 2.4719600677490234, 2.4673945903778076, 2.4686594009399414, 2.4548771381378174, 2.4483866691589355, 2.436091661453247, 2.4500770568847656, 2.4405083656311035, inf, inf, inf, inf, inf, inf, inf, inf, inf, inf, inf, inf, inf, inf, inf, inf, inf, 2.207186698913574, inf, 2.6482458114624023, 2.636878252029419, 2.6394104957580566, 2.677412986755371, 2.691699266433716, 2.7049152851104736, 2.733825445175171, 2.7738072872161865, 2.7943403720855713, 2.8034048080444336, 2.851487636566162, 2.8771212100982666, 2.8980467319488525, 2.9246370792388916, 2.972459554672241, 2.99194073677063, 3.041264772415161, 3.069026470184326, 3.128065347671509, 3.1668238639831543, 3.224205732345581, 3.2453434467315674, 3.3187527656555176, 3.3547565937042236, 3.4139530658721924, 3.4666450023651123, inf, inf, inf, inf, inf]),0.01749303564429283,907208000000
array('f', [inf, inf, inf, inf, inf, inf, inf, inf, inf, inf, inf, inf, inf, inf, inf, inf, inf, inf, inf, inf, inf, inf, inf, inf, inf, inf, inf, inf, inf, inf, inf, inf, inf, inf, inf, inf, inf, inf, inf, inf, inf, inf, inf, inf, inf, inf, inf, inf, inf, inf, inf, inf, inf, inf, inf, inf, inf, inf, inf, inf, inf, inf, inf, inf, inf, inf, inf, inf, inf, inf, inf, inf, inf, inf, inf, inf, inf, inf, inf, inf, inf, inf, inf, inf, inf, inf, inf, inf, inf, inf, inf, inf, inf, inf, inf, inf, inf, inf, inf, inf, inf, inf, inf, inf, inf, inf, inf, inf, inf, inf, inf, inf, inf, inf, inf, inf, inf, inf, inf, inf, inf, inf, inf, inf, inf, inf, inf, inf, inf, inf, inf, inf, inf, inf, inf, inf, inf, inf, inf, inf, inf, inf, inf, inf, inf, inf, inf, inf, inf, inf, inf, inf, inf, inf, inf, inf, inf, inf, inf, inf, inf, inf, inf, inf, inf, inf, inf, inf, inf, inf, inf, inf, inf, inf, inf, inf, inf, inf, inf, inf, inf, inf, inf, inf, inf, inf, inf, inf, inf, inf, inf, inf, inf, inf, inf, inf, inf, inf, 3.478721857070923, 3.48258638381958, 3.467043399810791, 3.4622232913970947, 3.4552090167999268, 3.441714286804199, 3.4300930500030518, 3.4178168773651123, 3.4177019596099854, 3.406283140182495, 3.4060888290405273, 3.4192488193511963, 3.4009222984313965, 3.405693769454956, 3.420603036880493, 3.4281351566314697, 3.4247419834136963, 3.4181668758392334, 3.417189836502075, 3.411869525909424, 3.443600654602051, 3.440504550933838, 3.463432550430298, 3.474215507507324, 3.4790406227111816, 3.492745876312256, inf, inf, inf, inf, inf, inf, inf, inf, inf, inf, inf, inf, inf, inf, inf, inf, inf, inf, inf, inf, inf, inf, inf, inf, inf, inf, inf, inf, inf, 3.4456562995910645, 3.383326530456543, 3.3048620223999023, 3.2819883823394775, 3.1942026615142822, 3.1625912189483643, 3.0947723388671875, 3.0655672550201416, 3.029886245727539, 2.9626238346099854, 2.9345216751098633, 2.8883888721466064, 2.8555116653442383, 2.8130815029144287, 2.7855677604675293, 2.7589097023010254, 2.7377171516418457, 2.697584867477417, 2.661604642868042, 2.646509885787964, 2.6264047622680664, 2.594586133956909, 2.5699551105499268, 2.560209035873413, 2.5497992038726807, 2.531317949295044, 2.514519691467285, 2.4912798404693604, 2.4701626300811768, 2.4527575969696045, 2.4430744647979736, 2.420184850692749, 2.410229444503784, 2.416165828704834, 2.3840816020965576, 2.3716964721679688, 2.3840858936309814, 2.362626075744629, 2.3582935333251953, 2.3389651775360107, 2.3559834957122803, 2.345167636871338, 2.3510305881500244, 2.3323121070861816, 3.418341875076294, 3.4315268993377686, 3.4373600482940674, 3.4259464740753174, 3.4286093711853027, 3.4325602054595947, 3.418323040008545, 3.4358601570129395, 3.4320812225341797, 3.454474449157715, 3.4615139961242676, 3.4475157260894775, 3.4644882678985596, 3.48167085647583, 3.4993138313293457, inf, inf, inf, 2.0381197929382324, inf, inf, 2.4635355472564697, 2.455714464187622, 2.477910280227661, 2.4806244373321533, 2.4940295219421387, 2.529000997543335, 2.5568511486053467, 2.556122303009033, 2.589890718460083, 2.601222038269043, 2.642446517944336, 2.6536314487457275, 2.683173894882202, 2.7297377586364746, 2.7408719062805176, 2.7777254581451416, 2.7903316020965576, 2.835574150085449, 2.890629768371582, 2.9177334308624268, 2.9575722217559814, 2.9952757358551025, 3.0507311820983887, 3.0687460899353027, 3.1170055866241455, 3.168856382369995, 3.226722240447998, 3.2871768474578857, 3.3398640155792236, 3.414851427078247, 3.4484617710113525, inf, inf, inf, inf, inf, inf, inf, inf, inf, inf, inf]),0.01749303564429283,907408000000
array('f', [inf, inf, inf, inf, inf, inf, inf, inf, inf, inf, inf, inf, inf, inf, inf, inf, inf, inf, inf, inf, inf, inf, inf, inf, inf, inf, inf, inf, inf, inf, inf, inf, inf, inf, inf, inf, inf, inf, inf, inf, inf, inf, inf, inf, inf, inf, inf, inf, inf, inf, inf, inf, inf, inf, inf, inf, inf, inf, inf, inf, inf, inf, inf, inf, inf, inf, inf, inf, inf, inf, inf, inf, inf, inf, inf, inf, inf, inf, inf, inf, inf, inf, inf, inf, inf, inf, inf, inf, inf, inf, inf, inf, inf, inf, inf, inf, inf, inf, inf, inf, inf, inf, inf, inf, inf, inf, inf, inf, inf, inf, inf, inf, inf, inf, inf, inf, inf, inf, inf, inf, inf, inf, inf, inf, inf, inf, inf, inf, inf, inf, inf, inf, inf, inf, inf, inf, inf, inf, inf, inf, inf, inf, inf, inf, inf, inf, inf, inf, inf, inf, inf, inf, inf, inf, inf, inf, inf, inf, inf, inf, inf, inf, inf, inf, inf, inf, inf, inf, inf, inf, inf, inf, inf, inf, inf, inf, inf, inf, inf, inf, inf, inf, inf, inf, inf, inf, inf, inf, inf, inf, inf, inf, inf, inf, inf, inf, inf, inf, inf, inf, inf, inf, inf, inf, inf, inf, inf, inf, inf, inf, inf, inf, inf, inf, inf, inf, inf, inf, inf, inf, inf, inf, inf, inf, inf, inf, inf, inf, inf, inf, inf, inf, inf, inf, inf, inf, inf, inf, inf, inf, inf, inf, 3.4545810222625732, 3.3740835189819336, 3.313041925430298, 3.2494637966156006, 3.199493646621704, 3.1447277069091797, 3.104057788848877, 3.0434908866882324, 2.991448163986206, 2.9589338302612305, 2.8961613178253174, 2.8423848152160645, 2.8293893337249756, 2.7933170795440674, 2.745426893234253, 2.7217094898223877, 2.677785873413086, 2.6458959579467773, 2.6310689449310303, 2.5978312492370605, 2.5679614543914795, 2.547043561935425, 2.5218679904937744, 2.4948697090148926, 2.4937546253204346, 2.4609944820404053, 2.4370508193969727, 2.4196088314056396, 2.4157967567443848, 2.393728494644165, 2.387857675552368, 2.3599674701690674, 2.3541340827941895, 2.3390872478485107, 2.3247315883636475, 2.3022403717041016, 2.3060247898101807, 2.312228202819824, 2.2748019695281982, 2.260967254638672, 2.2726802825927734, 2.252951145172119, 3.3673574924468994, 3.3625049591064453, 3.3444173336029053, 3.356665849685669, 3.346184492111206, 3.3331971168518066, 3.3383631706237793, 3.304374933242798, 3.3450284004211426, 3.339526891708374, 3.335606813430786, 3.332002878189087, 3.336167097091675, 3.3657898902893066, 3.367839813232422, 3.3726837635040283, 3.391482353210449, 3.3833067417144775, 1.8949027061462402, 3.4014370441436768, 3.4233458042144775, 3.4272658824920654, 2.303666353225708, 2.335486650466919, 2.3500874042510986, 2.3553075790405273, 2.355429172515869, 2.3678669929504395, 2.3940975666046143, 2.399341344833374, 2.4194867610931396, 2.4221696853637695, 2.448040723800659, 2.4768807888031006, 2.4942684173583984, 2.5241804122924805, 2.5399272441864014, 2.5770068168640137, 2.576099157333374, 2.6288185119628906, 2.6465775966644287, 2.689849376678467, 2.7146008014678955, 2.7342936992645264, 2.780643939971924, 2.809741973876953, 2.8611741065979004, 2.8906683921813965, 2.9398019313812256, 2.962885618209839, 3.015760660171509, 3.0814168453216553, 3.1289448738098145, 3.185817003250122, 3.237999200820923, 3.3084309101104736, 3.3756611347198486, 3.4347286224365234, inf, inf, inf, inf, inf, inf, inf, inf, inf, inf, inf, inf, inf, inf, inf, inf, inf, inf]),0.01749303564429283,907607000000
array('f', [inf, inf, inf, inf, inf, inf, inf, inf, inf, inf, inf, inf, inf, inf, inf, inf, inf, inf, inf, inf, inf, inf, inf, inf, inf, inf, inf, inf, inf, inf, inf, inf, inf, inf, inf, inf, inf, inf, inf, inf, inf, inf, inf, inf, inf, inf, inf, inf, inf, inf, inf, inf, inf, inf, inf, inf, inf, inf, inf, inf, inf, inf, inf, inf, inf, inf, inf, inf, inf, inf, inf, inf, inf, inf, inf, inf, inf, inf, inf, inf, inf, inf, inf, inf, inf, inf, inf, inf, inf, inf, inf, inf, inf, inf, inf, inf, inf, inf, inf, inf, inf, inf, inf, inf, inf, inf, inf, inf, inf, inf, inf, inf, inf, inf, inf, inf, inf, inf, inf, inf, inf, inf, inf, inf, inf, inf, inf, inf, inf, inf, inf, inf, inf, inf, inf, inf, inf, inf, inf, inf, inf, inf, inf, inf, inf, inf, inf, inf, inf, inf, inf, inf, inf, inf, inf, inf, inf, inf, inf, inf, inf, inf, inf, inf, inf, inf, inf, inf, inf, inf, inf, inf, inf, inf, inf, inf, inf, inf, inf, inf, inf, inf, inf, inf, inf, inf, inf, inf, inf, inf, inf, inf, inf, inf, inf, inf, inf, inf, inf, inf, inf, inf, inf, inf, inf, inf, inf, inf, inf, inf, inf, inf, inf, inf, inf, inf, inf, inf, inf, inf, inf, inf, inf, inf, inf, inf, inf, inf, inf, inf, inf, inf, 3.4476191997528076, 3.3847763538360596, 3.2886247634887695, 3.2376463413238525, 3.180999755859375, 3.1120855808258057, 3.0631465911865234, 3.0268614292144775, 2.952892541885376, 2.922635078430176, 2.8584656715393066, 2.8198118209838867, 2.781968116760254, 2.738924264907837, 2.71299147605896, 2.676223039627075, 2.6412999629974365, 2.6198577880859375, 2.5893232822418213, 2.5547072887420654, 2.5215954780578613, 2.5187392234802246, 2.4625046253204346, 2.4542171955108643, 2.430421829223633, 2.4109928607940674, 2.3971879482269287, 2.362412691116333, 2.371157646179199, 2.333970069885254, 2.321301221847534, 2.2967569828033447, 2.29658842086792, 2.2831811904907227, 2.276937246322632, 2.2664170265197754, 2.2418570518493652, 2.2409448623657227, 2.296269655227661, 3.3363471031188965, 3.333510160446167, 3.3047378063201904, 3.3121497631073, 3.292573928833008, 3.261946201324463, 3.283029079437256, 3.2751235961914062, 3.285454511642456, 3.274847984313965, 3.2773871421813965, 3.283832311630249, 3.271024703979492, 3.25551176071167, 3.2673165798187256, 3.273529291152954, 3.267200231552124, 1.8211385011672974, 3.303884744644165, 3.278130531311035, 3.31801438331604, 3.2963850498199463, 2.2160959243774414, 2.2128379344940186, 2.2308783531188965, 2.2159461975097656, 2.235755681991577, 2.243825912475586, 2.2479286193847656, 2.2726857662200928, 2.276517391204834, 2.304877996444702, 2.318549156188965, 2.321770429611206, 2.347503662109375, 2.3644959926605225, 2.360893964767456, 2.389270305633545, 2.417440891265869, 2.4437575340270996, 2.490669012069702, 2.501411199569702, 2.5052380561828613, 2.5333564281463623, 2.5644264221191406, 2.609405994415283, 2.6090261936187744, 2.6618635654449463, 2.707394599914551, 2.719416379928589, 2.7486376762390137, 2.7871828079223633, 2.8486461639404297, 2.8957595825195312, 2.9374401569366455, 2.980740547180176, 3.0314815044403076, 3.0886356830596924, 3.1424458026885986, 3.211993455886841, 3.2653863430023193, 3.3204963207244873, 3.3846940994262695, 3.468377113342285, inf, inf, inf, inf, inf, inf, inf, inf, inf, inf, inf, inf, inf, inf, inf, inf, inf, inf, inf, inf, inf, inf, inf, inf, inf]),0.01749303564429283,907808000000
array('f', [inf, inf, inf, inf, inf, inf, inf, inf, inf, inf, inf, inf, inf, inf, inf, inf, inf, inf, inf, inf, inf, inf, inf, inf, inf, inf, inf, inf, inf, inf, inf, inf, inf, inf, inf, inf, inf, inf, inf, inf, inf, inf, inf, inf, inf, inf, inf, inf, inf, inf, inf, inf, inf, inf, inf, inf, inf, inf, inf, inf, inf, inf, inf, inf, inf, inf, inf, inf, inf, inf, inf, inf, inf, inf, inf, inf, inf, inf, inf, inf, inf, inf, inf, inf, inf, inf, inf, inf, inf, inf, inf, inf, inf, inf, inf, inf, inf, inf, inf, inf, inf, inf, inf, inf, inf, inf, inf, inf, inf, inf, inf, inf, inf, inf, inf, inf, inf, inf, inf, inf, inf, inf, inf, inf, inf, inf, inf, inf, inf, inf, inf, inf, inf, inf, inf, inf, inf, inf, inf, inf, inf, inf, inf, inf, inf, inf, inf, inf, inf, inf, inf, inf, inf, inf, inf, inf, inf, inf, inf, inf, inf, inf, inf, inf, inf, inf, inf, inf, inf, inf, inf, inf, inf, inf, inf, inf, inf, inf, inf, inf, inf, inf, inf, inf, inf, inf, inf, inf, inf, inf, inf, inf, inf, inf, inf, inf, inf, inf, inf, inf, inf, inf, inf, inf, inf, inf, inf, inf, inf, inf, inf, inf, inf, inf, inf, inf, inf, inf, inf, inf, inf, inf, 3.4561710357666016, 3.4118247032165527, 3.3237571716308594, 3.2415659427642822, 3.1835854053497314, 3.1372673511505127, 3.0829458236694336, 3.0112152099609375, 2.9672703742980957, 2.9269516468048096, 2.861773729324341, 2.8357856273651123, 2.7702248096466064, 2.7425291538238525, 2.687072277069092, 2.671633720397949, 2.6197497844696045, 2.6151363849639893, 2.5748486518859863, 2.5333926677703857, 2.520258903503418, 2.4863991737365723, 2.4635162353515625, 2.437302827835083, 2.4265730381011963, 2.39447283744812, 2.3602826595306396, 2.355199098587036, 2.3542280197143555, 2.3361072540283203, 2.301161527633667, 2.27793025970459, 2.2581613063812256, 2.2491159439086914, 2.3007307052612305, 3.3704757690429688, 3.372622489929199, 3.3500356674194336, 3.3111250400543213, 3.2931578159332275, 3.3114442825317383, 3.298380136489868, 3.262239933013916, 3.260404586791992, 3.2660772800445557, 3.2653274536132812, 3.2570619583129883, 3.2456905841827393, 3.251343011856079, 3.226773738861084, 3.234351634979248, 1.8011088371276855, 3.235187292098999, 3.23127818107605, 3.2305855751037598, 3.2395689487457275, 3.2360987663269043, 2.129333019256592, 2.152278423309326, 2.145766258239746, 2.1553804874420166, 2.1548404693603516, 2.160987615585327, 2.1929502487182617, 2.18839693069458, 2.187059164047241, 2.1703433990478516, 2.2218189239501953, 2.2102646827697754, 2.2288413047790527, 2.2380502223968506, 2.256039619445801, 2.282311201095581, 2.2956430912017822, 2.3014333248138428, 2.3125524520874023, 2.3425471782684326, 2.363693952560425, 2.3769688606262207, 2.382810592651367, 2.450740098953247, 2.4456825256347656, 2.486992835998535, 2.4856367111206055, 2.5227580070495605, 2.537231922149658, 2.5809648036956787, 2.6217994689941406, 2.6555662155151367, 2.6913716793060303, 2.7197048664093018, 2.73874568939209, 2.7784721851348877, 2.845135450363159, 2.889256477355957, 2.9078691005706787, 2.96376633644104, 3.0310068130493164, 3.097790479660034, 3.1584837436676025, 3.193693161010742, 3.272024393081665, 3.3291046619415283, 3.4023749828338623, 3.491210460662842, inf, inf, inf, inf, inf, inf, inf, inf, inf, inf, inf, inf, inf, inf, inf, inf, inf, inf, inf, inf, inf, inf, inf, inf, inf, inf, inf, inf, inf, inf, inf, inf, inf]),0.01749303564429283,908008000000
array('f', [inf, inf, inf, inf, inf, inf, inf, inf, inf, inf, inf, inf, inf, inf, inf, inf, inf, inf, inf, inf, inf, inf, inf, inf, inf, inf, inf, inf, inf, inf, inf, inf, inf, inf, inf, inf, inf, inf, inf, inf, inf, inf, inf, inf, inf, inf, inf, inf, inf, inf, inf, inf, inf, inf, inf, inf, inf, inf, inf, inf, inf, inf, inf, inf, inf, inf, inf, inf, inf, inf, inf, inf, inf, inf, inf, inf, inf, inf, inf, inf, inf, inf, inf, inf, inf, inf, inf, inf, inf, inf, inf, inf, inf, inf, inf, inf, inf, inf, inf, inf, inf, inf, inf, inf, inf, inf, inf, inf, inf, inf, inf, inf, inf, inf, inf, inf, inf, inf, inf, inf, inf, inf, inf, inf, inf, inf, inf, inf, inf, inf, inf, inf, inf, inf, inf, inf, inf, inf, inf, inf, inf, inf, inf, inf, inf, inf, inf, inf, inf, inf, inf, inf, inf, inf, inf, inf, inf, inf, inf, inf, inf, inf, inf, inf, inf, inf, inf, inf, inf, inf, inf, inf, inf, inf, inf, inf, inf, inf, inf, inf, inf, inf, inf, inf, inf, inf, inf, inf, inf, inf, inf, inf, inf, inf, inf, inf, inf, inf, inf, inf, inf, inf, inf, inf, inf, inf, inf, inf, inf, inf, inf, inf, inf, 3.4318878650665283, 3.3648552894592285, 3.2937138080596924, 3.2150075435638428, 3.16526198387146, 3.1038174629211426, 3.028917074203491, 2.992046594619751, 2.921375274658203, 2.9213449954986572, 2.8353612422943115, 2.7903356552124023, 2.759836435317993, 2.72182559967041, 2.68937087059021, 2.6550934314727783, 2.6111109256744385, 2.5867202281951904, 2.5648598670959473, 2.5272183418273926, 2.5106983184814453, 2.451434850692749, 2.432105302810669, 2.439349889755249, 2.406371593475342, 2.3702850341796875, 2.3575894832611084, 2.370151996612549, 2.310408353805542, 2.3501644134521484, 3.461101531982422, 3.436814069747925, 3.4326348304748535, 3.405749559402466, 3.4048280715942383, 3.3579914569854736, 3.365959882736206, 3.331876754760742, 3.3159372806549072, 3.298633337020874, 3.3113653659820557, 3.283684492111206, 3.271472215652466, 3.2532920837402344, 1.794274926185608, 1.8209220170974731, 3.2480413913726807, 3.246798038482666, 3.2303900718688965, 3.23581600189209, 3.225395917892456, 3.228177309036255, 2.1220264434814453, 2.125049114227295, 2.123655080795288, 2.129044771194458, 2.1295111179351807, 2.1435742378234863, 2.151306390762329, 2.147944211959839, 2.148852586746216, 2.1616017818450928, 2.148756265640259, 2.176858901977539, 2.1733293533325195, 2.192894697189331, 2.1814496517181396, 2.218726396560669, 2.2157068252563477, 2.2266528606414795, 2.2519824504852295, 2.261467218399048, 2.2915329933166504, 2.286679267883301, 2.309382677078247, 2.3157646656036377, 2.3468470573425293, 2.3460686206817627, 2.383915424346924, 2.4006237983703613, 2.423173427581787, 2.4549882411956787, 2.48148775100708, 2.512101411819458, 2.521205186843872, 2.5425870418548584, 2.5961532592773438, 2.61562180519104, 2.642761707305908, 2.67484450340271, 2.719498872756958, 2.760972738265991, 2.8090367317199707, 2.8421099185943604, 2.896679162979126, 2.926042079925537, 2.975653648376465, 3.0433595180511475, 3.095228433609009, 3.1518983840942383, 3.2222001552581787, 3.27427077293396, 3.3486814498901367, 3.4328877925872803, inf, inf, inf, inf, inf, inf, inf, inf, inf, inf, inf, inf, inf, inf, inf, inf, inf, inf, inf, inf, inf, inf, inf, inf, inf, inf, inf, inf, inf, inf, inf, inf, inf, inf, inf, inf, inf, inf, inf, inf, inf, inf, inf]),0.01749303564429283,908208000000
array('f', [inf, inf, inf, inf, inf, inf, inf, inf, inf, inf, inf, inf, inf, inf, inf, inf, inf, inf, inf, inf, inf, inf, inf, inf, inf, inf, inf, inf, inf, inf, inf, inf, inf, inf, inf, inf, inf, inf, inf, inf, inf, inf, inf, inf, inf, inf, inf, inf, inf, inf, inf, inf, inf, inf, inf, inf, inf, inf, inf, inf, inf, inf, inf, inf, inf, inf, inf, inf, inf, inf, inf, inf, inf, inf, inf, inf, inf, inf, inf, inf, inf, inf, inf, inf, inf, inf, inf, inf, inf, inf, inf, inf, inf, inf, inf, inf, inf, inf, inf, inf, inf, inf, inf, inf, inf, inf, inf, inf, inf, inf, inf, inf, inf, inf, inf, inf, inf, inf, inf, inf, inf, inf, inf, inf, inf, inf, inf, inf, inf, inf, inf, inf, inf, inf, inf, inf, inf, inf, inf, inf, inf, inf, inf, inf, inf, inf, inf, inf, inf, inf, inf, inf, inf, inf, inf, inf, inf, inf, inf, inf, inf, inf, inf, inf, inf, inf, inf, inf, inf, inf, inf, inf, inf, inf, inf, inf, inf, inf, inf, inf, inf, inf, inf, inf, inf, inf, inf, inf, inf, inf, inf, inf, inf, inf, inf, inf, inf, inf, inf, inf, inf, inf, inf, inf, 3.465641736984253, 3.38020396232605, 3.307964324951172, 3.234426498413086, 3.177794933319092, 3.1380462646484375, 3.0665481090545654, 3.0187976360321045, 2.9686551094055176, 2.9121243953704834, 2.857443332672119, 2.8164114952087402, 2.797823429107666, 2.73427414894104, 2.708677291870117, 2.668220281600952, 2.6483113765716553, 2.611178398132324, 2.5715396404266357, 2.5644688606262207, 2.524069309234619, 2.49018931388855, 2.482457160949707, 2.449157238006592, 2.405811071395874, 2.4920458793640137, inf, inf, inf, inf, 3.4969568252563477, 3.4578676223754883, 3.4473814964294434, 3.425901174545288, 3.408754587173462, 3.4007420539855957, 3.3824880123138428, 3.3691015243530273, 1.8544760942459106, 3.3194804191589355, 3.339808464050293, 3.2964584827423096, 3.3095102310180664, 3.2868478298187256, 3.279357433319092, 3.2575080394744873, 2.1554689407348633, 2.1587421894073486, 2.1641576290130615, 2.1670920848846436, 2.153156042098999, 2.1666176319122314, 2.151724100112915, 2.1483495235443115, 2.174626350402832, 2.176710605621338, 2.1611714363098145, 2.160571336746216, 2.1772449016571045, 2.1584560871124268, 2.1699154376983643, 2.1923980712890625, 2.1998629570007324, 2.1887567043304443, 2.2092063426971436, 2.233787775039673, 2.237804889678955, 2.2660481929779053, 2.2548842430114746, 2.253235340118408, 2.263664484024048, 2.2844982147216797, 2.3081142902374268, 2.320244312286377, 2.3585939407348633, 2.3517751693725586, 2.3835833072662354, 2.398158073425293, 2.408393383026123, 2.4433021545410156, 2.471249580383301, 2.4824814796447754, 2.5205490589141846, 2.534158945083618, 2.5611908435821533, 2.581277847290039, 2.614041566848755, 2.6699399948120117, 2.6943044662475586, 2.737262010574341, 2.75714373588562, 2.831437587738037, 2.8541603088378906, 2.8920936584472656, 2.941345453262329, 2.9838335514068604, 3.0476529598236084, 3.103698492050171, 3.1589126586914062, 3.2019147872924805, 3.283803701400757, 3.370025157928467, 3.4275107383728027, inf, inf, inf, inf, inf, inf, inf, inf, inf, inf, inf, inf, inf, inf, inf, inf, inf, inf, inf, inf, inf, inf, inf, inf, inf, inf, inf, inf, inf, inf, inf, inf, inf, inf, inf, inf, inf, inf, inf, inf, inf, inf, inf, inf, inf, inf, inf, inf, inf, inf, inf, inf, inf]),0.01749303564429283,908408000000
array('f', [inf, inf, inf, inf, inf, inf, inf, inf, inf, inf, inf, inf, inf, inf, inf, inf, inf, inf, inf, inf, inf, inf, inf, inf, inf, inf, inf, inf, inf, inf, inf, inf, inf, inf, inf, inf, inf, inf, inf, inf, inf, inf, inf, inf, inf, inf, inf, inf, inf, inf, inf, inf, inf, inf, inf, inf, inf, inf, inf, inf, inf, inf, inf, inf, inf, inf, inf, inf, inf, inf, inf, inf, inf, inf, inf, inf, inf, inf, inf, inf, inf, inf, inf, inf, inf, inf, inf, inf, inf, inf, inf, inf, inf, inf, inf, inf, inf, inf, inf, inf, inf, inf, inf, inf, inf, inf, inf, inf, inf, inf, inf, inf, inf, inf, inf, inf, inf, inf, inf, inf, inf, inf, inf, inf, inf, inf, inf, inf, inf, inf, inf, inf, inf, inf, inf, inf, inf, inf, inf, inf, inf, inf, inf, inf, inf, inf, inf, inf, inf, inf, inf, inf, inf, inf, inf, inf, inf, inf, inf, inf, inf, inf, inf, inf, inf, inf, inf, inf, inf, inf, inf, inf, inf, inf, inf, inf, inf, inf, inf, inf, inf, inf, inf, inf, inf, inf, inf, inf, inf, inf, inf, inf, inf, inf, inf, 3.49839448928833, 3.438184976577759, 3.342670202255249, 3.282971143722534, 3.225083112716675, 3.1742162704467773, 3.114607095718384, 3.0537991523742676, 3.0176000595092773, 2.9544172286987305, 2.912020206451416, 2.884476661682129, 2.843050003051758, 2.806835889816284, 2.7542874813079834, 2.734778881072998, 2.691868543624878, 2.6595089435577393, 2.644160747528076, 2.5881760120391846, 2.591822624206543, 2.636631965637207, inf, inf, inf, inf, inf, inf, inf, inf, inf, inf, 1.972741723060608, 1.9859031438827515, 3.4672930240631104, 3.419285297393799, 3.4317452907562256, 3.433169364929199, 3.410727024078369, 3.373838186264038, 3.360813856124878, 2.2413442134857178, 2.2386507987976074, 2.24202561378479, 2.2216291427612305, 2.248767852783203, 2.233621120452881, 2.2113261222839355, 2.2183077335357666, 2.224447011947632, 2.213939666748047, 2.2232606410980225, 2.230741262435913, 2.2202980518341064, 2.2325680255889893, 2.2193500995635986, 2.227135419845581, 2.2410194873809814, 2.2431223392486572, 2.240443468093872, 2.238845109939575, 2.2743418216705322, 2.262193202972412, 2.2713801860809326, 2.280075788497925, 2.2935638427734375, 2.293551445007324, 2.3111164569854736, 2.3196473121643066, 2.3514111042022705, 2.357028007507324, 2.35451602935791, 2.385777235031128, 2.4059019088745117, 2.4150872230529785, 2.4449784755706787, 2.4507298469543457, 2.473125457763672, 2.5041847229003906, 2.533935070037842, 2.5570244789123535, 2.5777335166931152, 2.606196165084839, 2.6279594898223877, 2.6687185764312744, 2.688451051712036, 2.7279975414276123, 2.750896453857422, 2.786055088043213, 2.8473191261291504, 2.878572940826416, 2.9259467124938965, 2.9866976737976074, 2.998802900314331, 3.0694854259490967, 3.118638277053833, 3.1797022819519043, 3.2491650581359863, 3.274468421936035, 3.35386061668396, 3.429116725921631, 3.498178482055664, inf, inf, inf, inf, inf, inf, inf, inf, inf, inf, inf, inf, inf, inf, inf, inf, inf, inf, inf, inf, inf, inf, inf, inf, inf, inf, inf, inf, inf, inf, inf, inf, inf, inf, inf, inf, inf, inf, inf, inf, inf, inf, inf, inf, inf, inf, inf, inf, inf, inf, inf, inf, inf, inf, inf, inf, inf, inf, inf, inf, inf, inf, inf]),0.01749303564429283,908608000000
array('f', [inf, inf, inf, inf, inf, inf, inf, inf, inf, inf, inf, inf, inf, inf, inf, inf, inf, inf, inf, inf, inf, inf, inf, inf, inf, inf, inf, inf, inf, inf, inf, inf, inf, inf, inf, inf, inf, inf, inf, inf, inf, inf, inf, inf, inf, inf, inf, inf, inf, inf, inf, inf, inf, inf, inf, inf, inf, inf, inf, inf, inf, inf, inf, inf, inf, inf, inf, inf, inf, inf, inf, inf, inf, inf, inf, inf, inf, inf, inf, inf, inf, inf, inf, inf, inf, inf, inf, inf, inf, inf, inf, inf, inf, inf, inf, inf, inf, inf, inf, inf, inf, inf, inf, inf, inf, inf, inf, inf, inf, inf, inf, inf, inf, inf, inf, inf, inf, inf, inf, inf, inf, inf, inf, inf, inf, inf, inf, inf, inf, inf, inf, inf, inf, inf, inf, inf, inf, inf, inf, inf, inf, inf, inf, inf, inf, inf, inf, inf, inf, inf, inf, inf, inf, inf, inf, inf, inf, inf, inf, inf, inf, inf, inf, inf, inf, inf, inf, inf, inf, inf, inf, inf, inf, inf, inf, inf, inf, inf, inf, inf, inf, inf, inf, inf, inf, inf, inf, inf, 3.4602866172790527, 3.369699239730835, 3.325808525085449, 3.2701449394226074, 3.217550039291382, 3.1429378986358643, 3.108318567276001, 3.057307720184326, 2.9877898693084717, 2.9680895805358887, 2.9253652095794678, 2.8872392177581787, 2.841582775115967, 2.824838876724243, 2.7699291706085205, 2.7635083198547363, 2.800288438796997, inf, inf, inf, inf, inf, inf, inf, inf, inf, 2.0980613231658936, inf, inf, inf, inf, inf, inf, inf, 2.3894600868225098, 2.357212781906128, 2.370443105697632, 2.355192184448242, 2.331198215484619, 2.331461191177368, 2.333271026611328, 2.3168132305145264, 2.313436269760132, 2.313868284225464, 2.315941572189331, 2.312441825866699, 2.31394624710083, 2.3070790767669678, 2.310051441192627, 2.3134777545928955, 2.333204507827759, 2.3149871826171875, 2.309776782989502, 2.32059907913208, 2.3181936740875244, 2.3135716915130615, 2.331451892852783, 2.329986810684204, 2.336575984954834, 2.340372085571289, 2.379693031311035, 2.3638930320739746, 2.364032745361328, 2.394554853439331, 2.404686450958252, 2.425940752029419, 2.4461405277252197, 2.447239875793457, 2.4611737728118896, 2.4703209400177, 2.4890806674957275, 2.496328592300415, 2.525209426879883, 2.5509278774261475, 2.565236806869507, 2.6075990200042725, 2.6348209381103516, 2.6452138423919678, 2.671631097793579, 2.7069175243377686, 2.727451801300049, 2.753269672393799, 2.7986764907836914, 2.816633939743042, 2.870455741882324, 2.8910772800445557, 2.9369518756866455, 2.978269100189209, 3.0218005180358887, 3.0736942291259766, 3.1174449920654297, 3.1645352840423584, 3.23109769821167, 3.2719523906707764, 3.367258310317993, 3.3985092639923096, 3.4753808975219727, inf, inf, inf, inf, inf, inf, inf, inf, inf, inf, inf, inf, inf, inf, inf, inf, inf, inf, inf, inf, inf, inf, inf, inf, inf, inf, inf, inf, inf, inf, inf, inf, inf, inf, inf, inf, inf, inf, inf, inf, inf, inf, inf, inf, inf, inf, inf, inf, inf, inf, inf, inf, inf, inf, inf, inf, inf, inf, inf, inf, inf, inf, inf, inf, inf, inf, inf, inf, inf, inf, inf, inf, inf, inf, inf]),0.01749303564429283,908808000000
array('f', [inf, inf, inf, inf, inf, inf, inf, inf, inf, inf, inf, inf, inf, inf, inf, inf, inf, inf, inf, inf, inf, inf, inf, inf, inf, inf, inf, inf, inf, inf, inf, inf, inf, inf, inf, inf, inf, inf, inf, inf, inf, inf, inf, inf, inf, inf, inf, inf, inf, inf, inf, inf, inf, inf, inf, inf, inf, inf, inf, inf, inf, inf, inf, inf, inf, inf, inf, inf, inf, inf, inf, inf, inf, inf, inf, inf, inf, inf, inf, inf, inf, inf, inf, inf, inf, inf, inf, inf, inf, inf, inf, inf, inf, inf, inf, inf, inf, inf, inf, inf, inf, inf, inf, inf, inf, inf, inf, inf, inf, inf, inf, inf, inf, inf, inf, inf, inf, inf, inf, inf, inf, inf, inf, inf, inf, inf, inf, inf, inf, inf, inf, inf, inf, inf, inf, inf, inf, inf, inf, inf, inf, inf, inf, inf, inf, inf, inf, inf, inf, inf, inf, inf, inf, inf, inf, inf, inf, inf, inf, inf, inf, inf, inf, inf, inf, inf, inf, inf, inf, inf, inf, inf, inf, inf, inf, inf, inf, inf, inf, inf, 3.498849391937256, 3.425164222717285, 3.3702025413513184, 3.3137900829315186, 3.2679717540740967, 3.2090835571289062, 3.1842052936553955, 3.139195203781128, 3.086432695388794, 3.0255863666534424, 3.008460521697998, 2.9846248626708984, 2.9162025451660156, 2.9861996173858643, inf, inf, inf, inf, inf, inf, inf, 2.3067820072174072, 2.306121587753296, inf, inf, inf, inf, inf, inf, inf, 2.518012762069702, 2.5118799209594727, 2.502835512161255, 2.4856810569763184, 2.4879956245422363, 2.4750776290893555, 2.463996410369873, 2.468423843383789, 2.4386556148529053, 2.4518849849700928, 2.4681997299194336, 2.438494920730591, 2.4231770038604736, 2.4282917976379395, 2.4246935844421387, 2.428511619567871, 2.4110777378082275, 2.431856393814087, 2.424921989440918, 2.41555118560791, 2.449317693710327, 2.4360835552215576, 2.433368444442749, 2.44311785697937, 2.4559013843536377, 2.456576108932495, 2.475158452987671, 2.4785945415496826, 2.475349187850952, 2.496110200881958, 2.521137237548828, 2.519995927810669, 2.5403811931610107, 2.5467369556427, 2.5630922317504883, 2.5603749752044678, 2.6075279712677, 2.60420298576355, 2.6325550079345703, 2.6317219734191895, 2.6568617820739746, 2.6876583099365234, 2.70127534866333, 2.74092698097229, 2.7473981380462646, 2.7691457271575928, 2.8053650856018066, 2.823361873626709, 2.8610329627990723, 2.895785331726074, 2.937746524810791, 2.964714288711548, 2.99079966545105, 3.0576939582824707, 3.077684164047241, 3.13105845451355, 3.1709742546081543, 3.2229020595550537, 3.2822365760803223, 3.314629554748535, 3.379066228866577, 3.4537179470062256, inf, inf, inf, inf, inf, inf, inf, inf, inf, inf, inf, inf, inf, inf, inf, inf, inf, inf, inf, inf, inf, inf, inf, inf, inf, inf, inf, inf, inf, inf, inf, inf, inf, inf, inf, inf, inf, inf, inf, inf, inf, inf, inf, inf, inf, inf, inf, inf, inf, inf, inf, inf, inf, inf, inf, inf, inf, inf, inf, inf, inf, inf, inf, inf, inf, inf, inf, inf, inf, inf, inf, inf, inf, inf, inf, inf, inf, inf, inf, inf, inf, inf, inf, inf, inf, inf, inf, inf]),0.01749303564429283,909008000000
array('f', [inf, inf, inf, inf, inf, inf, inf, inf, inf, inf, inf, inf, inf, inf, inf, inf, inf, inf, inf, inf, inf, inf, inf, inf, inf, inf, inf, inf, inf, inf, inf, inf, inf, inf, inf, inf, inf, inf, inf, inf, inf, inf, inf, inf, inf, inf, inf, inf, inf, inf, inf, inf, inf, inf, inf, inf, inf, inf, inf, inf, inf, inf, inf, inf, inf, inf, inf, inf, inf, inf, inf, inf, inf, inf, inf, inf, inf, inf, inf, inf, inf, inf, inf, inf, inf, inf, inf, inf, inf, inf, inf, inf, inf, inf, inf, inf, inf, inf, inf, inf, inf, inf, inf, inf, inf, inf, inf, inf, inf, inf, inf, inf, inf, inf, inf, inf, inf, inf, inf, inf, inf, inf, inf, inf, inf, inf, inf, inf, inf, inf, inf, inf, inf, inf, inf, inf, inf, inf, inf, inf, inf, inf, inf, inf, inf, inf, inf, inf, inf, inf, inf, inf, inf, inf, inf, inf, inf, inf, inf, inf, inf, inf, inf, inf, inf, inf, inf, inf, inf, inf, inf, inf, inf, inf, 3.4705023765563965, 3.397307872772217, 3.3706719875335693, 3.3048975467681885, 3.2477879524230957, 3.2024781703948975, 3.1781389713287354, 3.1307315826416016, 3.165090799331665, inf, inf, inf, inf, inf, inf, inf, 2.461294174194336, inf, inf, inf, inf, inf, inf, inf, 2.6786904335021973, 2.6826343536376953, 2.676064968109131, 2.6700563430786133, 2.653261423110962, 2.661832809448242, 2.6391329765319824, 2.6235625743865967, 2.612532138824463, 2.599609613418579, 2.594783067703247, 2.6080691814422607, 2.5850796699523926, 2.581798553466797, 2.566920757293701, 2.595094680786133, 2.574195384979248, 2.589367389678955, 2.5788285732269287, 2.5694353580474854, 2.5703911781311035, 2.573134422302246, 2.5710513591766357, 2.5882506370544434, 2.5802953243255615, 2.592851400375366, 2.59248685836792, 2.6210601329803467, 2.624300479888916, 2.626796245574951, 2.646064519882202, 2.640578031539917, 2.668853998184204, 2.6702232360839844, 2.6771745681762695, 2.6984801292419434, 2.730800151824951, 2.721956491470337, 2.7738258838653564, 2.764336109161377, 2.7675840854644775, 2.808861255645752, 2.8214399814605713, 2.8711917400360107, 2.871495008468628, 2.899423837661743, 2.9376065731048584, 2.9405524730682373, 2.983302593231201, 3.015207529067993, 3.058136463165283, 3.0846190452575684, 3.116011142730713, 3.1545791625976562, 3.1924777030944824, 3.2359611988067627, 3.2879130840301514, 3.327145576477051, 3.3646183013916016, 3.421069383621216, 3.492770195007324, inf, inf, inf, inf, inf, inf, inf, inf, inf, inf, inf, inf, inf, inf, inf, inf, inf, inf, inf, inf, inf, inf, inf, inf, inf, inf, inf, inf, inf, inf, inf, inf, inf, inf, inf, inf, inf, inf, inf, inf, inf, inf, inf, inf, inf, inf, inf, inf, inf, inf, inf, inf, inf, inf, inf, inf, inf, inf, inf, inf, inf, inf, inf, inf, inf, inf, inf, inf, inf, inf, inf, inf, inf, inf, inf, inf, inf, inf, inf, inf, inf, inf, inf, inf, inf, inf, inf, inf, inf, inf, inf, inf, inf, inf, inf, inf, inf, inf, inf, inf, inf]),0.01749303564429283,909208000000
array('f', [inf, inf, inf, inf, inf, inf, inf, inf, inf, inf, inf, inf, inf, inf, inf, inf, inf, inf, inf, inf, inf, inf, inf, inf, inf, inf, inf, inf, inf, inf, inf, inf, inf, inf, inf, inf, inf, inf, inf, inf, inf, inf, inf, inf, inf, inf, inf, inf, inf, inf, inf, inf, inf, inf, inf, inf, inf, inf, inf, inf, inf, inf, inf, inf, inf, inf, inf, inf, inf, inf, inf, inf, inf, inf, inf, inf, inf, inf, inf, inf, inf, inf, inf, inf, inf, inf, inf, inf, inf, inf, inf, inf, inf, inf, inf, inf, inf, inf, inf, inf, inf, inf, inf, inf, inf, inf, inf, inf, inf, inf, inf, inf, inf, inf, inf, inf, inf, inf, inf, inf, inf, inf, inf, inf, inf, inf, inf, inf, inf, inf, inf, inf, inf, inf, inf, inf, inf, inf, inf, inf, inf, inf, inf, inf, inf, inf, inf, inf, inf, inf, inf, inf, inf, inf, inf, inf, inf, inf, inf, inf, inf, inf, inf, inf, inf, inf, inf, inf, 3.472815752029419, 3.415132761001587, 3.371797800064087, 3.325037956237793, 3.384512424468994, inf, inf, inf, inf, inf, inf, 2.6748645305633545, inf, inf, inf, inf, inf, inf, 2.9027369022369385, 2.89501953125, 2.869393825531006, 2.8727493286132812, 2.853158712387085, 2.836162567138672, 2.814939260482788, 2.812624454498291, 2.799002170562744, 2.81341290473938, 2.8019895553588867, 2.786931037902832, 2.7556381225585938, 2.771338939666748, 2.781625986099243, 2.764657497406006, 2.7591850757598877, 2.74281644821167, 2.7543773651123047, 2.7539374828338623, 2.7373616695404053, 2.7369446754455566, 2.722327947616577, 2.759533166885376, 2.7432429790496826, 2.7639076709747314, 2.7475695610046387, 2.7573373317718506, 2.7813665866851807, 2.7769968509674072, 2.786306142807007, 2.790433168411255, 2.8249080181121826, 2.8085696697235107, 2.8133840560913086, 2.8385844230651855, 2.860424518585205, 2.878962516784668, 2.8851842880249023, 2.9077892303466797, 2.926162004470825, 2.948732852935791, 2.9654688835144043, 2.9789860248565674, 2.9985806941986084, 3.0340025424957275, 3.058957099914551, 3.071930408477783, 3.1290485858917236, 3.180593967437744, 3.190915822982788, 3.200763702392578, 3.251129150390625, 3.3070473670959473, 3.3391542434692383, 3.3697683811187744, 3.4292421340942383, 3.448908805847168, inf, inf, inf, inf, inf, inf, inf, inf, inf, inf, inf, inf, inf, inf, inf, inf, inf, inf, inf, inf, inf, inf, inf, inf, inf, inf, inf, inf, inf, inf, inf, inf, inf, inf, inf, inf, inf, inf, inf, inf, inf, inf, inf, inf, inf, inf, inf, inf, inf, inf, inf, inf, inf, inf, inf, inf, inf, inf, inf, inf, inf, inf, inf, inf, inf, inf, inf, inf, inf, inf, inf, inf, inf, inf, inf, inf, inf, inf, inf, inf, inf, inf, inf, inf, inf, inf, inf, inf, inf, inf, inf, inf, inf, inf, inf, inf, inf, inf, inf, inf, inf, inf, inf, inf, inf, inf, inf, inf, inf, inf, inf, inf, inf, inf, inf, inf]),0.01749303564429283,909408000000
array('f', [inf, inf, inf, inf, inf, inf, inf, inf, inf, inf, inf, inf, inf, inf, inf, inf, inf, inf, inf, inf, inf, inf, inf, inf, inf, inf, inf, inf, inf, inf, inf, inf, inf, inf, inf, inf, inf, inf, inf, inf, inf, inf, inf, inf, inf, inf, inf, inf, inf, inf, inf, inf, inf, inf, inf, inf, inf, inf, inf, inf, inf, inf, inf, inf, inf, inf, inf, inf, inf, inf, inf, inf, inf, inf, inf, inf, inf, inf, inf, inf, inf, inf, inf, inf, inf, inf, inf, inf, inf, inf, inf, inf, inf, inf, inf, inf, inf, inf, inf, inf, inf, inf, inf, inf, inf, inf, inf, inf, inf, inf, inf, inf, inf, inf, inf, inf, inf, inf, inf, inf, inf, inf, inf, inf, inf, inf, inf, inf, inf, inf, inf, inf, inf, inf, inf, inf, inf, inf, inf, inf, inf, inf, inf, inf, inf, inf, inf, inf, inf, inf, inf, inf, inf, inf, inf, inf, inf, inf, inf, inf, inf, inf, inf, inf, inf, inf, inf, inf, inf, 2.877526044845581, inf, inf, inf, inf, inf, inf, 3.0988287925720215, 3.079373359680176, 3.062385320663452, 3.061099052429199, 3.0294275283813477, 3.0079169273376465, 3.013000249862671, 3.005903720855713, 2.995500087738037, 2.9915640354156494, 2.959747552871704, 2.9512593746185303, 2.952507495880127, 2.966792583465576, 2.953152656555176, 2.93917179107666, 2.9490838050842285, 2.9278085231781006, 2.938441753387451, 2.915480852127075, 2.9351541996002197, 2.9244096279144287, 2.939131259918213, 2.9341928958892822, 2.94180965423584, 2.9384920597076416, 2.948319911956787, 2.954275608062744, 2.9603755474090576, 2.9868125915527344, 2.981088399887085, 2.980809450149536, 3.0006885528564453, 3.02514386177063, 3.0353214740753174, 3.038606882095337, 3.073653221130371, 3.0783534049987793, 3.08208966255188, 3.1199734210968018, 3.123676300048828, 3.1554620265960693, 3.1829049587249756, 3.209294319152832, 3.2177746295928955, 3.2441887855529785, 3.2863311767578125, 3.3114562034606934, 3.3554341793060303, 3.3791704177856445, 3.4272992610931396, 3.4642109870910645, 3.493391513824463, inf, inf, inf, inf, inf, inf, inf, inf, inf, inf, inf, inf, inf, inf, inf, inf, inf, inf, inf, inf, inf, inf, inf, inf, inf, inf, inf, inf, inf, inf, inf, inf, inf, inf, inf, inf, inf, inf, inf, inf, inf, inf, inf, inf, inf, inf, inf, inf, inf, inf, inf, inf, inf, inf, inf, inf, inf, inf, inf, inf, inf, inf, inf, inf, inf, inf, inf, inf, inf, inf, inf, inf, inf, inf, inf, inf, inf, inf, inf, inf, inf, inf, inf, inf, inf, inf, inf, inf, inf, inf, inf, inf, inf, inf, inf, inf, inf, inf, inf, inf, inf, inf, inf, inf, inf, inf, inf, inf, inf, inf, inf, inf, inf, inf, inf, inf, inf, inf, inf, inf, inf, inf, inf, inf, inf, inf, inf, inf, inf, inf, inf]),0.01749303564429283,909608000000
array('f', [inf, inf, inf, inf, inf, inf, inf, inf, inf, inf, inf, inf, inf, inf, inf, inf, inf, inf, inf, inf, inf, inf, inf, inf, inf, inf, inf, inf, inf, inf, inf, inf, inf, inf, inf, inf, inf, inf, inf, inf, inf, inf, inf, inf, inf, inf, inf, inf, inf, inf, inf, inf, inf, inf, inf, inf, inf, inf, inf, inf, inf, inf, inf, inf, inf, inf, inf, inf, inf, inf, inf, inf, inf, inf, inf, inf, inf, inf, inf, inf, inf, inf, inf, inf, inf, inf, inf, inf, inf, inf, inf, inf, inf, inf, inf, inf, inf, inf, inf, inf, inf, inf, inf, inf, inf, inf, inf, inf, inf, inf, inf, inf, inf, inf, inf, inf, inf, inf, inf, inf, inf, inf, inf, inf, inf, inf, inf, inf, inf, inf, inf, inf, inf, inf, inf, inf, inf, inf, inf, inf, inf, inf, inf, inf, inf, inf, inf, inf, inf, inf, inf, inf, inf, inf, inf, inf, inf, inf, inf, 3.073023557662964, inf, inf, inf, inf, inf, inf, 3.2828598022460938, 3.2955236434936523, 3.2601559162139893, 3.2441728115081787, 3.220813274383545, 3.212092876434326, 3.196357250213623, 3.184344530105591, 3.1854679584503174, 3.159543991088867, 3.1575396060943604, 3.1739144325256348, 3.1314589977264404, 3.131667137145996, 3.133521795272827, 3.130157470703125, 3.1317126750946045, 3.1450796127319336, 3.133495807647705, 3.138360023498535, 3.119750499725342, 3.1257147789001465, 3.1410131454467773, 3.1362295150756836, 3.1415293216705322, 3.1427388191223145, 3.136561870574951, 3.1728174686431885, 3.1736903190612793, 3.1798620223999023, 3.1752259731292725, 3.2092137336730957, 3.1930618286132812, 3.2340590953826904, 3.2362325191497803, 3.2514312267303467, 3.283449411392212, 3.2983412742614746, 3.298673152923584, 3.3428757190704346, 3.3674933910369873, 3.384019613265991, 3.4098658561706543, 3.416275978088379, 3.464468479156494, 3.5, inf, inf, inf, inf, inf, inf, inf, inf, inf, inf, inf, inf, inf, inf, inf, inf, inf, inf, inf, inf, inf, inf, inf, inf, inf, inf, inf, inf, inf, inf, inf, inf, inf, inf, inf, inf, inf, inf, inf, inf, inf, inf, inf, inf, inf, inf, inf, inf, inf, inf, inf, inf, inf, inf, inf, inf, inf, inf, inf, inf, inf, inf, inf, inf, inf, inf, inf, inf, inf, inf, inf, inf, inf, inf, inf, inf, inf, inf, inf, inf, inf, inf, inf, inf, inf, inf, inf, inf, inf, inf, inf, inf, inf, inf, inf, inf, inf, inf, inf, inf, inf, inf, inf, inf, inf, inf, inf, inf, inf, inf, inf, inf, inf, inf, inf, inf, inf, inf, inf, inf, inf, inf, inf, inf, inf, inf, inf, inf, inf, inf, inf, inf, inf, inf, inf, inf, inf, inf, inf, inf, inf, inf, inf, inf, inf, inf, inf, inf]),0.01749303564429283,909808000000
array('f', [inf, inf, inf, inf, inf, inf, inf, inf, inf, inf, inf, inf, inf, inf, inf, inf, inf, inf, inf, inf, inf, inf, inf, inf, inf, inf, inf, inf, inf, inf, inf, inf, inf, inf, inf, inf, inf, inf, inf, inf, inf, inf, inf, inf, inf, inf, inf, inf, inf, inf, inf, inf, inf, inf, inf, inf, inf, inf, inf, inf, inf, inf, inf, inf, inf, inf, inf, inf, inf, inf, inf, inf, inf, inf, inf, inf, inf, inf, inf, inf, inf, inf, inf, inf, inf, inf, inf, inf, inf, inf, inf, inf, inf, inf, inf, inf, inf, inf, inf, inf, inf, inf, inf, inf, inf, inf, inf, inf, inf, inf, inf, inf, inf, inf, inf, inf, inf, inf, inf, inf, inf, inf, inf, inf, inf, inf, inf, inf, inf, inf, inf, inf, inf, inf, inf, inf, inf, inf, inf, inf, inf, inf, inf, inf, inf, inf, inf, inf, inf, inf, 3.2545807361602783, inf, inf, inf, inf, inf, 3.499742031097412, 3.4764769077301025, 3.457611083984375, 3.4344542026519775, 3.423858880996704, 3.397850751876831, 3.4057271480560303, 3.377081871032715, 3.3656234741210938, 3.337449789047241, 3.3515360355377197, 3.343386173248291, 3.334312915802002, 3.33510422706604, 3.324772357940674, 3.31318736076355, 3.312359094619751, 3.3159396648406982, 3.330994129180908, 3.3200531005859375, 3.333369255065918, 3.3442392349243164, 3.3418946266174316, 3.3484795093536377, 3.3415002822875977, 3.350393056869507, 3.343297004699707, 3.3644304275512695, 3.3835625648498535, 3.3667383193969727, 3.407012462615967, 3.4231107234954834, 3.4423441886901855, 3.4486725330352783, 3.470996141433716, 3.5, inf, inf, inf, inf, inf, inf, inf, inf, inf, inf, inf, inf, inf, inf, inf, inf, inf, inf, inf, inf, inf, inf, inf, inf, inf, inf, inf, inf, inf, inf, inf, inf, inf, inf, inf, inf, inf, inf, inf, inf, inf, inf, inf, inf, inf, inf, inf, inf, inf, inf, inf, inf, inf, inf, inf, inf, inf, inf, inf, inf, inf, inf, inf, inf, inf, inf, inf, inf, inf, inf, inf, inf, inf, inf, inf, inf, inf, inf, inf, inf, inf, inf, inf, inf, inf, inf, inf, inf, inf, inf, inf, inf, inf, inf, inf, inf, inf, inf, inf, inf, inf, inf, inf, inf, inf, inf, inf, inf, inf, inf, inf, inf, inf, inf, inf, inf, inf, inf, inf, inf, inf, inf, inf, inf, inf, inf, inf, inf, inf, inf, inf, inf, inf, inf, inf, inf, inf, inf, inf, inf, inf, inf, inf, inf, inf, inf, inf, inf, inf, inf, inf, inf, inf, inf, inf, inf, inf, inf, inf, inf, inf, inf, inf, inf, inf, inf, inf, inf]),0.01749303564429283,910008000000
array('f', [inf, inf, inf, inf, inf, inf, inf, inf, inf, inf, inf, inf, inf, inf, inf, inf, inf, inf, inf, inf, inf, inf, inf, inf, inf, inf, inf, inf, inf, inf, inf, inf, inf, inf, inf, inf, inf, inf, inf, inf, inf, inf, inf, inf, inf, inf, inf, inf, inf, inf, inf, inf, inf, inf, inf, inf, inf, inf, inf, inf, inf, inf, inf, inf, inf, inf, inf, inf, inf, inf, inf, inf, inf, inf, inf, inf, inf, inf, inf, inf, inf, inf, inf, inf, inf, inf, inf, inf, inf, inf, inf, inf, inf, inf, inf, inf, inf, inf, inf, inf, inf, inf, inf, inf, inf, inf, inf, inf, inf, inf, inf, inf, inf, inf, inf, inf, inf, inf, inf, inf, inf, inf, inf, inf, inf, inf, inf, inf, inf, inf, inf, inf, inf, inf, inf, inf, inf, inf, inf, inf, 3.4336659908294678, inf, inf, inf, inf, inf, inf, inf, inf, inf, inf, inf, inf, inf, inf, inf, inf, inf, inf, inf, inf, inf, inf, inf, inf, inf, inf, inf, inf, inf, inf, inf, inf, inf, inf, inf, inf, inf, inf, inf, inf, inf, inf, inf, inf, inf, inf, inf, inf, inf, inf, inf, inf, inf, inf, inf, inf, inf, inf, inf, inf, inf, inf, inf, inf, inf, inf, inf, inf, inf, inf, inf, inf, inf, inf, inf, inf, inf, inf, inf, inf, inf, inf, inf, inf, inf, inf, inf, inf, inf, inf, inf, inf, inf, inf, inf, inf, inf, inf, inf, inf, inf, inf, inf, inf, inf, inf, inf, inf, inf, inf, inf, inf, inf, inf, inf, inf, inf, inf, inf, inf, inf, inf, inf, inf, inf, inf, inf, inf, inf, inf, inf, inf, inf, inf, inf, inf, inf, inf, inf, inf, inf, inf, inf, inf, inf, inf, inf, inf, inf, inf, inf, inf, inf, inf, inf, inf, inf, inf, inf, inf, inf, inf, inf, inf, inf, inf, inf, inf, inf, inf, inf, inf, inf, inf, inf, inf, inf, inf, inf, inf, inf, inf, inf, inf, inf, inf, inf, inf, inf, inf, inf, inf, inf, inf, inf, inf, inf, inf, inf, inf, inf, inf, inf, inf, inf, inf, inf, inf, inf, inf, inf, inf, inf, inf, inf, inf, inf, inf, inf]),0.01749303564429283,910208000000
array('f', [inf, inf, inf, inf, inf, inf, inf, inf, inf, inf, inf, inf, inf, inf, inf, inf, inf, inf, inf, inf, inf, inf, inf, inf, inf, inf, inf, inf, inf, inf, inf, inf, inf, inf, inf, inf, inf, inf, inf, inf, inf, inf, inf, inf, inf, inf, inf, inf, inf, inf, inf, inf, inf, inf, inf, inf, inf, inf, inf, inf, inf, inf, inf, inf, inf, inf, inf, inf, inf, inf, inf, inf, inf, inf, inf, inf, inf, inf, inf, inf, inf, inf, inf, inf, inf, inf, inf, inf, inf, inf, inf, inf, inf, inf, inf, inf, inf, inf, inf, inf, inf, inf, inf, inf, inf, inf, inf, inf, inf, inf, inf, inf, inf, inf, inf, inf, inf, inf, inf, inf, inf, inf, inf, inf, inf, inf, inf, inf, inf, inf, inf, inf, inf, inf, inf, inf, inf, inf, inf, inf, inf, inf, inf, inf, inf, inf, inf, inf, inf, inf, inf, inf, inf, inf, inf, inf, inf, inf, inf, inf, inf, inf, inf, inf, inf, inf, inf, inf, inf, inf, inf, inf, inf, inf, inf, inf, inf, inf, inf, inf, inf, inf, inf, inf, inf, inf, inf, inf, inf, inf, inf, inf, inf, inf, inf, inf, inf, inf, inf, inf, inf, inf, inf, inf, inf, inf, inf, inf, inf, inf, inf, inf, inf, inf, inf, inf, inf, inf, inf, inf, inf, inf, inf, inf, inf, inf, inf, inf, inf, inf, inf, inf, inf, inf, inf, inf, inf, inf, inf, inf, inf, inf, inf, inf, inf, inf, inf, inf, inf, inf, inf, inf, inf, inf, inf, inf, inf, inf, inf, inf, inf, inf, inf, inf, inf, inf, inf, inf, inf, inf, inf, inf, inf, inf, inf, inf, inf, inf, inf, inf, inf, inf, inf, inf, inf, inf, inf, inf, inf, inf, inf, inf, inf, inf, inf, inf, inf, inf, inf, inf, inf, inf, inf, inf, inf, inf, inf, inf, inf, inf, inf, inf, inf, inf, inf, inf, inf, inf, inf, inf, inf, inf, inf, inf, inf, inf, inf, inf, inf, inf, inf, inf, inf, inf, inf, inf, inf, inf, inf, inf, inf, inf, inf, inf, inf, inf, inf, inf, inf, inf, inf, inf, inf, inf, inf, inf, inf, inf, inf, inf]),0.01749303564429283,910408000000
array('f', [inf, inf, inf, inf, inf, inf, inf, inf, inf, inf, inf, inf, inf, inf, inf, inf, inf, inf, inf, inf, inf, inf, inf, inf, inf, inf, inf, inf, inf, inf, inf, inf, inf, inf, inf, inf, inf, inf, inf, inf, inf, inf, inf, inf, inf, inf, inf, inf, inf, inf, inf, inf, inf, inf, inf, inf, inf, inf, inf, inf, inf, inf, inf, inf, inf, inf, inf, inf, inf, inf, inf, inf, inf, inf, inf, inf, inf, inf, inf, inf, inf, inf, inf, inf, inf, inf, inf, inf, inf, inf, inf, inf, inf, inf, inf, inf, inf, inf, inf, inf, inf, inf, inf, inf, inf, inf, inf, inf, inf, inf, inf, inf, inf, inf, inf, inf, inf, inf, inf, inf, inf, inf, inf, inf, inf, inf, inf, inf, inf, inf, inf, inf, inf, inf, inf, inf, inf, inf, inf, inf, inf, inf, inf, inf, inf, inf, inf, inf, inf, inf, inf, inf, inf, inf, inf, inf, inf, inf, inf, inf, inf, inf, inf, inf, inf, inf, inf, inf, inf, inf, inf, inf, inf, inf, inf, inf, inf, inf, inf, inf, inf, inf, inf, inf, inf, inf, inf, inf, inf, inf, inf, inf, inf, inf, inf, inf, inf, inf, inf, inf, inf, inf, inf, inf, inf, inf, inf, inf, inf, inf, inf, inf, inf, inf, inf, inf, inf, inf, inf, inf, inf, inf, inf, inf, inf, inf, inf, inf, inf, inf, inf, inf, inf, inf, inf, inf, inf, inf, inf, inf, inf, inf, inf, inf, inf, inf, inf, inf, inf, inf, inf, inf, inf, inf, inf, inf, inf, inf, inf, inf, inf, inf, inf, inf, inf, inf, inf, inf, inf, inf, inf, inf, inf, inf, inf, inf, inf, inf, inf, inf, inf, inf, inf, inf, inf, inf, inf, inf, inf, inf, inf, inf, inf, inf, inf, inf, inf, inf, inf, inf, inf, inf, inf, inf, inf, inf, inf, inf, inf, inf, inf, inf, inf, inf, inf, inf, inf, inf, inf, inf, inf, inf, inf, inf, inf, inf, inf, inf, inf, inf, inf, inf, inf, inf, inf, inf, inf, inf, inf, inf, inf, inf, inf, inf, inf, inf, inf, inf, inf, inf, inf, inf, inf, inf, inf, inf, inf, inf, inf, inf]),0.01749303564429283,910608000000
array('f', [inf, inf, inf, inf, inf, inf, inf, inf, inf, inf, inf, inf, inf, inf, inf, inf, inf, inf, inf, inf, inf, inf, inf, inf, inf, inf, inf, inf, inf, inf, inf, inf, inf, inf, inf, inf, inf, inf, inf, inf, inf, inf, inf, inf, inf, inf, inf, inf, inf, inf, inf, inf, inf, inf, inf, inf, inf, inf, inf, inf, inf, inf, inf, inf, inf, inf, inf, inf, inf, inf, inf, inf, inf, inf, inf, inf, inf, inf, inf, inf, inf, inf, inf, inf, inf, inf, inf, inf, inf, inf, inf, inf, inf, inf, inf, inf, inf, inf, inf, inf, inf, inf, inf, inf, inf, inf, inf, inf, inf, inf, inf, inf, inf, inf, inf, inf, inf, inf, inf, inf, inf, inf, inf, inf, inf, inf, inf, inf, inf, inf, inf, inf, inf, inf, inf, inf, inf, inf, inf, inf, inf, inf, inf, inf, inf, inf, inf, inf, inf, inf, inf, inf, inf, inf, inf, inf, inf, inf, inf, inf, inf, inf, inf, inf, inf, inf, inf, inf, inf, inf, inf, inf, inf, inf, inf, inf, inf, inf, inf, inf, inf, inf, inf, inf, inf, inf, inf, inf, inf, inf, inf, inf, inf, inf, inf, inf, inf, inf, inf, inf, inf, inf, inf, inf, inf, inf, inf, inf, inf, inf, inf, inf, inf, inf, inf, inf, inf, inf, inf, inf, inf, inf, inf, inf, inf, inf, inf, inf, inf, inf, inf, inf, inf, inf, inf, inf, inf, inf, inf, inf, inf, inf, inf, inf, inf, inf, inf, inf, inf, inf, inf, inf, inf, inf, inf, inf, inf, inf, inf, inf, inf, inf, inf, inf, inf, inf, inf, inf, inf, inf, inf, inf, inf, inf, inf, inf, inf, inf, inf, inf, inf, inf, inf, inf, inf, inf, inf, inf, inf, inf, inf, inf, inf, inf, inf, inf, inf, inf, inf, inf, inf, inf, inf, inf, inf, inf, inf, inf, inf, inf, inf, inf, inf, inf, inf, inf, inf, inf, inf, inf, inf, inf, inf, inf, inf, inf, inf, inf, inf, inf, inf, inf, inf, inf, inf, inf, inf, inf, inf, inf, inf, inf, inf, inf, inf, inf, inf, inf, inf, inf, inf, inf, inf, inf, inf, inf, inf, inf, inf, inf]),0.01749303564429283,910808000000
array('f', [inf, inf, inf, inf, inf, inf, inf, inf, inf, inf, inf, inf, inf, inf, inf, inf, inf, inf, inf, inf, inf, inf, inf, inf, inf, inf, inf, inf, inf, inf, inf, inf, inf, inf, inf, inf, inf, inf, inf, inf, inf, inf, inf, inf, inf, inf, inf, inf, inf, inf, inf, inf, inf, inf, inf, inf, inf, inf, inf, inf, inf, inf, inf, inf, inf, inf, inf, inf, inf, inf, inf, inf, inf, inf, inf, inf, inf, inf, inf, inf, inf, inf, inf, inf, inf, inf, inf, inf, inf, inf, inf, inf, inf, inf, inf, inf, inf, inf, inf, inf, inf, inf, inf, inf, inf, inf, inf, inf, inf, inf, inf, inf, inf, inf, inf, inf, inf, inf, inf, inf, inf, inf, inf, inf, inf, inf, inf, inf, inf, inf, inf, inf, inf, inf, inf, inf, inf, inf, inf, inf, inf, inf, inf, inf, inf, inf, inf, inf, inf, inf, inf, inf, inf, inf, inf, inf, inf, inf, inf, inf, inf, inf, inf, inf, inf, inf, inf, inf, inf, inf, inf, inf, inf, inf, inf, inf, inf, inf, inf, inf, inf, inf, inf, inf, inf, inf, inf, inf, inf, inf, inf, inf, inf, inf, inf, inf, inf, inf, inf, inf, inf, inf, inf, inf, inf, inf, inf, inf, inf, inf, inf, inf, inf, inf, inf, inf, inf, inf, inf, inf, inf, inf, inf, inf, inf, inf, inf, inf, inf, inf, inf, inf, inf, inf, inf, inf, inf, inf, inf, inf, inf, inf, inf, inf, inf, inf, inf, inf, inf, inf, inf, inf, inf, inf, inf, inf, inf, inf, inf, inf, inf, inf, inf, inf, inf, inf, inf, inf, inf, inf, inf, inf, inf, inf, inf, inf, inf, inf, inf, inf, inf, inf, inf, inf, inf, inf, inf, inf, inf, inf, inf, inf, inf, inf, inf, inf, inf, inf, inf, inf, inf, inf, inf, inf, inf, inf, inf, inf, inf, inf, inf, inf, inf, inf, inf, inf, inf, inf, inf, inf, inf, inf, inf, inf, inf, inf, inf, inf, inf, inf, inf, inf, inf, inf, inf, inf, inf, inf, inf, inf, inf, inf, inf, inf, inf, inf, inf, inf, inf, inf, inf, inf, inf, inf, inf, inf, inf, inf, inf, inf]),0.01749303564429283,911008000000
array('f', [inf, inf, inf, inf, inf, inf, inf, inf, inf, inf, inf, inf, inf, inf, inf, inf, inf, inf, inf, inf, inf, inf, inf, inf, inf, inf, inf, inf, inf, inf, inf, inf, inf, inf, inf, inf, inf, inf, inf, inf, inf, inf, inf, inf, inf, inf, inf, inf, inf, inf, inf, inf, inf, inf, inf, inf, inf, inf, inf, inf, inf, inf, inf, inf, inf, inf, inf, inf, inf, inf, inf, inf, inf, inf, inf, inf, inf, inf, inf, inf, inf, inf, inf, inf, inf, inf, inf, inf, inf, inf, inf, inf, inf, inf, inf, inf, inf, inf, inf, inf, inf, inf, inf, inf, inf, inf, inf, inf, inf, inf, inf, inf, inf, inf, inf, inf, inf, inf, inf, inf, inf, inf, inf, inf, inf, inf, inf, inf, inf, inf, inf, inf, inf, inf, inf, inf, inf, inf, inf, inf, inf, inf, inf, inf, inf, inf, inf, inf, inf, inf, inf, inf, inf, inf, inf, inf, inf, inf, inf, inf, inf, inf, inf, inf, inf, inf, inf, inf, inf, inf, inf, inf, inf, inf, inf, inf, inf, inf, inf, inf, inf, inf, inf, inf, inf, inf, inf, inf, inf, inf, inf, inf, inf, inf, inf, inf, inf, inf, inf, inf, inf, inf, inf, inf, inf, inf, inf, inf, inf, inf, inf, inf, inf, inf, inf, inf, inf, inf, inf, inf, inf, inf, inf, inf, inf, inf, inf, inf, inf, inf, inf, inf, inf, inf, inf, inf, inf, inf, inf, inf, inf, inf, inf, inf, inf, inf, inf, inf, inf, inf, inf, inf, inf, inf, inf, inf, inf, inf, inf, inf, inf, inf, inf, inf, inf, inf, inf, inf, inf, inf, inf, inf, inf, inf, inf, inf, inf, inf, inf, inf, inf, inf, inf, inf, inf, inf, inf, inf, inf, inf, inf, inf, inf, inf, inf, inf, inf, inf, inf, inf, inf, inf, inf, inf, inf, inf, inf, inf, inf, inf, inf, inf, inf, inf, inf, inf, inf, inf, inf, inf, inf, inf, inf, inf, inf, inf, inf, inf, inf, inf, inf, inf, inf, inf, inf, inf, inf, inf, inf, inf, inf, inf, inf, inf, inf, inf, inf, inf, inf, inf, inf, inf, inf, inf, inf, inf, inf, inf, inf, inf]),0.01749303564429283,911208000000
array('f', [inf, inf, inf, inf, inf, inf, inf, inf, inf, inf, inf, inf, inf, inf, inf, inf, inf, inf, inf, inf, inf, inf, inf, inf, inf, inf, inf, inf, inf, inf, inf, inf, inf, inf, inf, inf, inf, inf, inf, inf, inf, inf, inf, inf, inf, inf, inf, inf, inf, inf, inf, inf, inf, inf, inf, inf, inf, inf, inf, inf, inf, inf, inf, inf, inf, inf, inf, inf, inf, inf, inf, inf, inf, inf, inf, inf, inf, inf, inf, inf, inf, inf, inf, inf, inf, inf, inf, inf, inf, inf, inf, inf, inf, inf, inf, inf, inf, inf, inf, inf, inf, inf, inf, inf, inf, inf, inf, inf, inf, inf, inf, inf, inf, inf, inf, inf, inf, inf, inf, inf, inf, inf, inf, inf, inf, inf, inf, inf, inf, inf, inf, inf, inf, inf, inf, inf, inf, inf, inf, inf, inf, inf, inf, inf, inf, inf, inf, inf, inf, inf, inf, inf, inf, inf, inf, inf, inf, inf, inf, inf, inf, inf, inf, inf, inf, inf, inf, inf, inf, inf, inf, inf, inf, inf, inf, inf, inf, inf, inf, inf, inf, inf, inf, inf, inf, inf, inf, inf, inf, inf, inf, inf, inf, inf, inf, inf, inf, inf, inf, inf, inf, inf, inf, inf, inf, inf, inf, inf, inf, inf, inf, inf, inf, inf, inf, inf, inf, inf, inf, inf, inf, inf, inf, inf, inf, inf, inf, inf, inf, inf, inf, inf, inf, inf, inf, inf, inf, inf, inf, inf, inf, inf, inf, inf, inf, inf, inf, inf, inf, inf, inf, inf, inf, inf, inf, inf, inf, inf, inf, inf, inf, inf, inf, inf, inf, inf, inf, inf, inf, inf, inf, inf, inf, inf, inf, inf, inf, inf, inf, inf, inf, inf, inf, inf, inf, inf, inf, inf, inf, inf, inf, inf, inf, inf, inf, inf, inf, inf, inf, inf, inf, inf, inf, inf, inf, inf, inf, inf, inf, inf, inf, inf, inf, inf, inf, inf, inf, inf, inf, inf, inf, inf, inf, inf, inf, inf, inf, inf, inf, inf, inf, inf, inf, inf, inf, inf, inf, inf, inf, inf, inf, inf, inf, inf, inf, inf, inf, inf, inf, inf, inf, inf, inf, inf, inf, inf, inf, inf, inf, inf]),0.01749303564429283,911408000000
array('f', [inf, inf, inf, inf, inf, inf, inf, inf, inf, inf, inf, inf, inf, inf, inf, inf, inf, inf, inf, inf, inf, inf, inf, inf, inf, inf, inf, inf, inf, inf, inf, inf, inf, inf, inf, inf, inf, inf, inf, inf, inf, inf, inf, inf, inf, inf, inf, inf, inf, inf, inf, inf, inf, inf, inf, inf, inf, inf, inf, inf, inf, inf, inf, inf, inf, inf, inf, inf, inf, inf, inf, inf, inf, inf, inf, inf, inf, inf, inf, inf, inf, inf, inf, inf, inf, inf, inf, inf, inf, inf, inf, inf, inf, inf, inf, inf, inf, inf, inf, inf, inf, inf, inf, inf, inf, inf, inf, inf, inf, inf, inf, inf, inf, inf, inf, inf, inf, inf, inf, inf, inf, inf, inf, inf, inf, inf, inf, inf, inf, inf, inf, inf, inf, inf, inf, inf, inf, inf, inf, inf, inf, inf, inf, inf, inf, inf, inf, inf, inf, inf, inf, inf, inf, inf, inf, inf, inf, inf, inf, inf, inf, inf, inf, inf, inf, inf, inf, inf, inf, inf, inf, inf, inf, inf, inf, inf, inf, inf, inf, inf, inf, inf, inf, inf, inf, inf, inf, inf, inf, inf, inf, inf, inf, inf, inf, inf, inf, inf, inf, inf, inf, inf, inf, inf, inf, inf, inf, inf, inf, inf, inf, inf, inf, inf, inf, inf, inf, inf, inf, inf, inf, inf, inf, inf, inf, inf, inf, inf, inf, inf, inf, inf, inf, inf, inf, inf, inf, inf, inf, inf, inf, inf, inf, inf, inf, inf, inf, inf, inf, inf, inf, inf, inf, inf, inf, inf, inf, inf, inf, inf, inf, inf, inf, inf, inf, inf, inf, inf, inf, inf, inf, inf, inf, inf, inf, inf, inf, inf, inf, inf, inf, inf, inf, inf, inf, inf, inf, inf, inf, inf, inf, inf, inf, inf, inf, inf, inf, inf, inf, inf, inf, inf, inf, inf, inf, inf, inf, inf, inf, inf, inf, inf, inf, inf, inf, inf, inf, inf, inf, inf, inf, inf, inf, inf, inf, inf, inf, inf, inf, inf, inf, inf, inf, inf, inf, inf, inf, inf, inf, inf, inf, inf, inf, inf, inf, inf, inf, inf, inf, inf, inf, inf, inf, inf, inf, inf, inf, inf, inf, inf]),0.01749303564429283,911608000000
array('f', [inf, inf, inf, inf, inf, inf, inf, inf, inf, inf, inf, inf, inf, inf, inf, inf, inf, inf, inf, inf, inf, inf, inf, inf, inf, inf, inf, inf, inf, inf, inf, inf, inf, inf, inf, inf, inf, inf, inf, inf, inf, inf, inf, inf, inf, inf, inf, inf, inf, inf, inf, inf, inf, inf, inf, inf, inf, inf, inf, inf, inf, inf, inf, inf, inf, inf, inf, inf, inf, inf, inf, inf, inf, inf, inf, inf, inf, inf, inf, inf, inf, inf, inf, inf, inf, inf, inf, inf, inf, inf, inf, inf, inf, inf, inf, inf, inf, inf, inf, inf, inf, inf, inf, inf, inf, inf, inf, inf, inf, inf, inf, inf, inf, inf, inf, inf, inf, inf, inf, inf, inf, inf, inf, inf, inf, inf, inf, inf, inf, inf, inf, inf, inf, inf, inf, inf, inf, inf, inf, inf, inf, inf, inf, inf, inf, inf, inf, inf, inf, inf, inf, inf, inf, inf, inf, inf, inf, inf, inf, inf, inf, inf, inf, inf, inf, inf, inf, inf, inf, inf, inf, inf, inf, inf, inf, inf, inf, inf, inf, inf, inf, inf, inf, inf, inf, inf, inf, inf, inf, inf, inf, inf, inf, inf, inf, inf, inf, inf, inf, inf, inf, inf, inf, inf, inf, inf, inf, inf, inf, inf, inf, inf, inf, inf, inf, inf, inf, inf, inf, inf, inf, inf, inf, inf, inf, inf, inf, inf, inf, inf, inf, inf, inf, inf, inf, inf, inf, inf, inf, inf, inf, inf, inf, inf, inf, inf, inf, inf, inf, inf, inf, inf, inf, inf, inf, inf, inf, inf, inf, inf, inf, inf, inf, inf, inf, inf, inf, inf, inf, inf, inf, inf, inf, inf, inf, inf, inf, inf, inf, inf, inf, inf, inf, inf, inf, inf, inf, inf, inf, inf, inf, inf, inf, inf, inf, inf, inf, inf, inf, inf, inf, inf, inf, inf, inf, inf, inf, inf, inf, inf, inf, inf, inf, inf, inf, inf, inf, inf, inf, inf, inf, inf, inf, inf, inf, inf, inf, inf, inf, inf, inf, inf, inf, inf, inf, inf, inf, inf, inf, inf, inf, inf, inf, inf, inf, inf, inf, inf, inf, inf, inf, inf, inf, inf, inf, inf, inf, inf, inf, inf]),0.01749303564429283,911808000000
array('f', [inf, inf, inf, inf, inf, inf, inf, inf, inf, inf, inf, inf, inf, inf, inf, inf, inf, inf, inf, inf, inf, inf, inf, inf, inf, inf, inf, inf, inf, inf, inf, inf, inf, inf, inf, inf, inf, inf, inf, inf, inf, inf, inf, inf, inf, inf, inf, inf, inf, inf, inf, inf, inf, inf, inf, inf, inf, inf, inf, inf, inf, inf, inf, inf, inf, inf, inf, inf, inf, inf, inf, inf, inf, inf, inf, inf, inf, inf, inf, inf, inf, inf, inf, inf, inf, inf, inf, inf, inf, inf, inf, inf, inf, inf, inf, inf, inf, inf, inf, inf, inf, inf, inf, inf, inf, inf, inf, inf, inf, inf, inf, inf, inf, inf, inf, inf, inf, inf, inf, inf, inf, inf, inf, inf, inf, inf, inf, inf, inf, inf, inf, inf, inf, inf, inf, inf, inf, inf, inf, inf, inf, inf, inf, inf, inf, inf, inf, inf, inf, inf, inf, inf, inf, inf, inf, inf, inf, inf, inf, inf, inf, inf, inf, inf, inf, inf, inf, inf, inf, inf, inf, inf, inf, inf, inf, inf, inf, inf, inf, inf, inf, inf, inf, inf, inf, inf, inf, inf, inf, inf, inf, inf, inf, inf, inf, inf, inf, inf, inf, inf, inf, inf, inf, inf, inf, inf, inf, inf, inf, inf, inf, inf, inf, inf, inf, inf, inf, inf, inf, inf, inf, inf, inf, inf, inf, inf, inf, inf, inf, inf, inf, inf, inf, inf, inf, inf, inf, inf, inf, inf, inf, inf, inf, inf, inf, inf, inf, inf, inf, inf, inf, inf, inf, inf, inf, inf, inf, inf, inf, inf, inf, inf, inf, inf, inf, inf, inf, inf, inf, inf, inf, inf, inf, inf, inf, inf, inf, inf, inf, inf, inf, inf, inf, inf, inf, inf, inf, inf, inf, inf, inf, inf, inf, inf, inf, inf, inf, inf, inf, inf, inf, inf, inf, inf, inf, inf, inf, inf, inf, inf, inf, inf, inf, inf, inf, inf, inf, inf, inf, inf, inf, inf, inf, inf, inf, inf, inf, inf, inf, inf, inf, inf, inf, inf, inf, inf, inf, inf, inf, inf, inf, inf, inf, inf, inf, inf, inf, inf, inf, inf, inf, inf, inf, inf, inf, inf, inf, inf, inf, inf]),0.01749303564429283,912008000000
array('f', [inf, inf, inf, inf, inf, inf, inf, inf, inf, inf, inf, inf, inf, inf, inf, inf, inf, inf, inf, inf, inf, inf, inf, inf, inf, inf, inf, inf, inf, inf, inf, inf, inf, inf, inf, inf, inf, inf, inf, inf, inf, inf, inf, inf, inf, inf, inf, inf, inf, inf, inf, inf, inf, inf, inf, inf, inf, inf, inf, inf, inf, inf, inf, inf, inf, inf, inf, inf, inf, inf, inf, inf, inf, inf, inf, inf, inf, inf, inf, inf, inf, inf, inf, inf, inf, inf, inf, inf, inf, inf, inf, inf, inf, inf, inf, inf, inf, inf, inf, inf, inf, inf, inf, inf, inf, inf, inf, inf, inf, inf, inf, inf, inf, inf, inf, inf, inf, inf, inf, inf, inf, inf, inf, inf, inf, inf, inf, inf, inf, inf, inf, inf, inf, inf, inf, inf, inf, inf, inf, inf, inf, inf, inf, inf, inf, inf, inf, inf, inf, inf, inf, inf, inf, inf, inf, inf, inf, inf, inf, inf, inf, inf, inf, inf, inf, inf, inf, inf, inf, inf, inf, inf, inf, inf, inf, inf, inf, inf, inf, inf, inf, inf, inf, inf, inf, inf, inf, inf, inf, inf, inf, inf, inf, inf, inf, inf, inf, inf, inf, inf, inf, inf, inf, inf, inf, inf, inf, inf, inf, inf, inf, inf, inf, inf, inf, inf, inf, inf, inf, inf, inf, inf, inf, inf, inf, inf, inf, inf, inf, inf, inf, inf, inf, inf, inf, inf, inf, inf, inf, inf, inf, inf, inf, inf, inf, inf, inf, inf, inf, inf, inf, inf, inf, inf, inf, inf, inf, inf, inf, inf, inf, inf, inf, inf, inf, inf, inf, inf, inf, inf, inf, inf, inf, inf, inf, inf, inf, inf, inf, inf, inf, inf, inf, inf, inf, inf, inf, inf, inf, inf, inf, inf, inf, inf, inf, inf, inf, inf, inf, inf, inf, inf, inf, inf, inf, inf, inf, inf, inf, inf, inf, inf, inf, inf, inf, inf, inf, inf, inf, inf, inf, inf, inf, inf, inf, inf, inf, inf, inf, inf, inf, inf, inf, inf, inf, inf, inf, inf, inf, inf, inf, inf, inf, inf, inf, inf, inf, inf, inf, inf, inf, inf, inf, inf, inf, inf, inf, inf, inf, inf]),0.01749303564429283,912208000000
array('f', [inf, inf, inf, inf, inf, inf, inf, inf, inf, inf, inf, inf, inf, inf, inf, inf, inf, inf, inf, inf, inf, inf, inf, inf, inf, inf, inf, inf, inf, inf, inf, inf, inf, inf, inf, inf, inf, inf, inf, inf, inf, inf, inf, inf, inf, inf, inf, inf, inf, inf, inf, inf, inf, inf, inf, inf, inf, inf, inf, inf, inf, inf, inf, inf, inf, inf, inf, inf, inf, inf, inf, inf, inf, inf, inf, inf, inf, inf, inf, inf, inf, inf, inf, inf, inf, inf, inf, inf, inf, inf, inf, inf, inf, inf, inf, inf, inf, inf, inf, inf, inf, inf, inf, inf, inf, inf, inf, inf, inf, inf, inf, inf, inf, inf, inf, inf, inf, inf, inf, inf, inf, inf, inf, inf, inf, inf, inf, inf, inf, inf, inf, inf, inf, inf, inf, inf, inf, inf, inf, inf, inf, inf, inf, inf, inf, inf, inf, inf, inf, inf, inf, inf, inf, inf, inf, inf, inf, inf, inf, inf, inf, inf, inf, inf, inf, inf, inf, inf, inf, inf, inf, inf, inf, inf, inf, inf, inf, inf, inf, inf, inf, inf, inf, inf, inf, inf, inf, inf, inf, inf, inf, inf, inf, inf, inf, inf, inf, inf, inf, inf, inf, inf, inf, inf, inf, inf, inf, inf, inf, inf, inf, inf, inf, inf, inf, inf, inf, inf, inf, inf, inf, inf, inf, inf, inf, inf, inf, inf, inf, inf, inf, inf, inf, inf, inf, inf, inf, inf, inf, inf, inf, inf, inf, inf, inf, inf, inf, inf, inf, inf, inf, inf, inf, inf, inf, inf, inf, inf, inf, inf, inf, inf, inf, inf, inf, inf, inf, inf, inf, inf, inf, inf, inf, inf, inf, inf, inf, inf, inf, inf, inf, inf, inf, inf, inf, inf, inf, inf, inf, inf, inf, inf, inf, inf, inf, inf, inf, inf, inf, inf, inf, inf, inf, inf, inf, inf, inf, inf, inf, inf, inf, inf, inf, inf, inf, inf, inf, inf, inf, inf, inf, inf, inf, inf, inf, inf, inf, inf, inf, inf, inf, inf, inf, inf, inf, inf, inf, inf, inf, inf, inf, inf, inf, inf, inf, inf, inf, inf, inf, inf, inf, inf, inf, inf, inf, inf, inf, inf, inf, inf]),0.01749303564429283,912408000000
array('f', [inf, inf, inf, inf, inf, inf, inf, inf, inf, inf, inf, inf, inf, inf, 3.242732286453247, inf, inf, inf, inf, inf, inf, inf, inf, inf, inf, inf, inf, inf, inf, inf, inf, inf, inf, inf, inf, inf, inf, inf, inf, inf, inf, inf, inf, inf, inf, inf, inf, inf, inf, inf, inf, inf, inf, inf, inf, inf, inf, inf, inf, inf, inf, inf, inf, inf, inf, inf, inf, inf, inf, inf, inf, inf, inf, inf, inf, inf, inf, inf, inf, inf, inf, inf, inf, inf, inf, inf, inf, inf, inf, inf, inf, inf, inf, inf, inf, inf, inf, inf, inf, inf, inf, inf, inf, inf, inf, inf, inf, inf, inf, inf, inf, inf, inf, inf, inf, inf, inf, inf, inf, inf, inf, inf, inf, inf, inf, inf, inf, inf, inf, inf, inf, inf, inf, inf, inf, inf, inf, inf, inf, inf, inf, inf, inf, inf, inf, inf, inf, inf, inf, inf, inf, inf, inf, inf, inf, inf, inf, inf, inf, inf, inf, inf, inf, inf, inf, inf, inf, inf, inf, inf, inf, inf, inf, inf, inf, inf, inf, inf, inf, inf, inf, inf, inf, inf, inf, inf, inf, inf, inf, inf, inf, inf, inf, inf, inf, inf, inf, inf, inf, inf, inf, inf, inf, inf, inf, inf, inf, inf, inf, inf, inf, inf, inf, inf, inf, inf, inf, inf, inf, inf, inf, inf, inf, inf, inf, inf, inf, inf, inf, inf, inf, inf, inf, inf, inf, inf, inf, inf, inf, inf, inf, inf, inf, inf, inf, inf, inf, inf, inf, inf, inf, inf, inf, inf, inf, inf, inf, inf, inf, inf, inf, inf, inf, inf, inf, inf, inf, inf, inf, inf, inf, inf, inf, inf, inf, 3.485260009765625, 3.5, 3.5, inf, inf, inf, inf, inf, inf, inf, inf, inf, inf, inf, inf, inf, inf, inf, inf, inf, inf, inf, inf, inf, inf, inf, inf, inf, inf, inf, inf, inf, inf, inf, inf, inf, inf, inf, inf, inf, inf, inf, inf, inf, inf, inf, inf, inf, inf, inf, inf, inf, inf, inf, inf, inf, inf, inf, inf, inf, inf, inf, inf, inf, inf, inf, inf, inf, inf, inf, inf, inf, inf, inf, inf, inf, inf, inf, inf, inf, inf, inf, inf, inf, inf]),0.01749303564429283,912608000000
array('f', [inf, inf, inf, 3.4189627170562744, 3.4448773860931396, 3.4525792598724365, 3.474290132522583, 3.492980718612671, inf, inf, inf, inf, inf, inf, inf, inf, inf, inf, inf, inf, inf, inf, inf, inf, inf, inf, inf, inf, inf, inf, inf, inf, inf, inf, inf, inf, inf, inf, inf, inf, inf, inf, inf, inf, inf, inf, inf, inf, inf, inf, inf, inf, inf, inf, inf, inf, inf, inf, inf, inf, inf, inf, inf, inf, inf, inf, inf, inf, inf, inf, inf, inf, inf, inf, inf, inf, inf, inf, inf, inf, inf, inf, inf, inf, inf, inf, inf, inf, inf, inf, inf, inf, inf, inf, inf, inf, inf, inf, inf, inf, inf, inf, inf, inf, inf, inf, inf, inf, inf, inf, inf, inf, inf, inf, inf, inf, inf, inf, inf, inf, inf, inf, inf, inf, inf, inf, inf, inf, inf, inf, inf, inf, inf, inf, inf, inf, inf, inf, inf, inf, inf, inf, inf, inf, inf, inf, inf, inf, inf, inf, inf, inf, inf, inf, inf, inf, inf, inf, inf, inf, inf, inf, inf, inf, inf, inf, inf, inf, inf, inf, inf, inf, inf, inf, inf, inf, inf, inf, inf, inf, inf, inf, inf, inf, inf, inf, inf, inf, inf, inf, inf, inf, inf, inf, inf, inf, inf, inf, inf, inf, inf, inf, inf, inf, inf, inf, inf, inf, inf, inf, inf, inf, inf, inf, inf, inf, inf, inf, inf, inf, inf, inf, inf, inf, inf, inf, inf, inf, inf, inf, inf, inf, inf, inf, inf, inf, inf, inf, inf, inf, inf, inf, inf, inf, inf, inf, inf, inf, inf, inf, inf, inf, inf, inf, inf, inf, inf, inf, 3.495635986328125, 3.478128671646118, 3.4924874305725098, 3.4746389389038086, 3.4958033561706543, 3.4824624061584473, inf, inf, inf, inf, inf, inf, inf, inf, inf, inf, inf, inf, inf, inf, inf, inf, inf, inf, inf, inf, inf, inf, inf, inf, inf, inf, inf, inf, inf, inf, inf, inf, inf, inf, inf, inf, inf, inf, inf, inf, inf, inf, inf, inf, inf, inf, inf, inf, inf, inf, inf, inf, inf, inf, inf, inf, inf, inf, inf, inf, inf, inf, inf, inf, inf, inf, inf, inf, inf, inf, 3.4824228286743164, 3.4769628047943115, 3.450045347213745, 3.4251511096954346, 3.4270358085632324, 3.415048122406006, 3.401179790496826, 3.3865878582000732, 3.3723371028900146, 3.381316661834717, 3.368243932723999, 3.359509229660034, 3.352123260498047, inf, inf, inf, inf, inf, inf, inf, inf, inf, inf, inf, inf, 3.041821002960205]),0.01749303564429283,912808000000
array('f', [3.4785895347595215, inf, inf, inf, inf, inf, inf, inf, inf, inf, inf, inf, inf, inf, inf, inf, inf, inf, inf, inf, inf, inf, inf, inf, inf, inf, inf, inf, inf, inf, inf, inf, inf, inf, inf, inf, inf, inf, inf, inf, inf, inf, inf, inf, inf, inf, inf, inf, inf, inf, inf, inf, inf, inf, inf, inf, inf, inf, inf, inf, inf, inf, inf, inf, inf, inf, inf, inf, inf, inf, inf, inf, inf, inf, inf, inf, inf, inf, inf, inf, inf, inf, inf, inf, inf, inf, inf, inf, inf, inf, inf, inf, inf, inf, inf, inf, inf, inf, inf, inf, inf, inf, inf, inf, inf, inf, inf, inf, inf, inf, inf, inf, inf, inf, inf, inf, inf, inf, inf, inf, inf, inf, inf, inf, inf, inf, inf, inf, inf, inf, inf, inf, inf, inf, inf, inf, inf, inf, inf, inf, inf, inf, inf, inf, inf, inf, inf, inf, inf, inf, inf, inf, inf, inf, inf, inf, inf, inf, inf, inf, inf, inf, inf, inf, inf, inf, inf, inf, inf, inf, inf, inf, inf, inf, inf, inf, inf, inf, inf, inf, inf, inf, inf, inf, inf, inf, inf, inf, inf, inf, inf, inf, inf, inf, inf, inf, inf, inf, inf, inf, inf, inf, inf, inf, inf, inf, inf, inf, inf, inf, inf, inf, inf, inf, inf, inf, inf, inf, inf, inf, inf, inf, inf, inf, inf, inf, inf, inf, inf, inf, inf, inf, inf, inf, inf, inf, inf, inf, inf, inf, inf, inf, inf, inf, inf, inf, inf, inf, inf, inf, inf, inf, inf, inf, inf, inf, inf, inf, inf, inf, inf, inf, inf, inf, inf, inf, inf, inf, inf, inf, inf, inf, inf, inf, inf, inf, inf, inf, inf, inf, inf, inf, inf, inf, inf, inf, inf, inf, inf, inf, inf, inf, inf, inf, inf, inf, inf, inf, inf, inf, inf, inf, inf, inf, inf, inf, inf, inf, inf, 3.465367555618286, 3.468886137008667, 3.432579278945923, 3.402390956878662, 3.3907854557037354, 3.37325119972229, 3.345773220062256, 3.3252551555633545, 3.2957241535186768, 3.270488739013672, 3.279085397720337, 3.2623159885406494, 3.267613172531128, 3.2135133743286133, 3.21097731590271, 3.2209439277648926, 3.191494941711426, 3.1784865856170654, 3.183424234390259, 3.177734851837158, 3.1764113903045654, inf, inf, inf, inf, inf, inf, inf, inf, inf, inf, inf, inf, 2.8250153064727783, inf, inf, 3.3195879459381104, 3.2393977642059326, 3.238837718963623, 3.235740900039673, 3.239978551864624, 3.294567584991455, 3.2819180488586426, 3.3241190910339355, 3.337136745452881, 3.3612241744995117, 3.367488145828247, 3.3934061527252197, 3.4209249019622803, 3.465672492980957, 3.488725423812866]),0.01749303564429283,913008000000
array('f', [inf, inf, inf, inf, inf, inf, inf, inf, inf, inf, inf, inf, inf, inf, inf, inf, inf, inf, inf, inf, inf, inf, inf, inf, inf, inf, inf, inf, inf, inf, inf, inf, inf, inf, inf, inf, inf, inf, inf, inf, inf, inf, inf, inf, inf, inf, inf, inf, inf, inf, inf, inf, inf, inf, inf, inf, inf, inf, inf, inf, inf, inf, inf, inf, inf, inf, inf, inf, inf, inf, inf, inf, inf, inf, inf, inf, inf, inf, inf, inf, inf, inf, inf, inf, inf, inf, inf, inf, inf, inf, inf, inf, inf, inf, inf, inf, inf, inf, inf, inf, inf, inf, inf, inf, inf, inf, inf, inf, inf, inf, inf, inf, inf, inf, inf, inf, inf, inf, inf, inf, inf, inf, inf, inf, inf, inf, inf, inf, inf, inf, inf, inf, inf, inf, inf, inf, inf, inf, inf, inf, inf, inf, inf, inf, inf, inf, inf, inf, inf, inf, inf, inf, inf, inf, inf, inf, inf, inf, inf, inf, inf, inf, inf, inf, inf, inf, inf, inf, inf, inf, inf, inf, inf, inf, inf, inf, inf, inf, inf, inf, inf, inf, inf, inf, inf, inf, inf, inf, inf, inf, inf, inf, inf, inf, inf, inf, inf, inf, inf, inf, inf, inf, inf, inf, inf, inf, inf, inf, inf, inf, inf, inf, inf, inf, inf, inf, inf, inf, inf, inf, inf, inf, inf, inf, inf, inf, inf, inf, inf, inf, inf, inf, inf, inf, inf, inf, inf, inf, inf, inf, inf, inf, inf, inf, inf, inf, inf, inf, inf, inf, inf, inf, inf, inf, inf, inf, inf, inf, inf, inf, inf, inf, inf, inf, inf, inf, inf, inf, inf, inf, inf, inf, inf, inf, inf, inf, inf, inf, inf, inf, inf, inf, inf, inf, inf, inf, inf, 3.4958245754241943, 3.444913387298584, 3.4073212146759033, 3.3706862926483154, 3.3461523056030273, 3.3278841972351074, 3.302661418914795, 3.27410626411438, 3.249124526977539, 3.2136709690093994, 3.2047598361968994, 3.1639161109924316, 3.17141056060791, 3.137971878051758, 3.1221981048583984, 3.099499225616455, 3.0615549087524414, 3.07004451751709, 3.073986291885376, 3.0403428077697754, 3.042130947113037, 3.030531644821167, 3.0377001762390137, 3.019254446029663, 3.1526596546173096, inf, inf, inf, inf, inf, inf, inf, inf, inf, inf, inf, inf, 2.647280693054199, inf, inf, inf, 3.031312942504883, 3.0263113975524902, 3.0545010566711426, 3.0750627517700195, 3.0955779552459717, 3.0888254642486572, 3.1154837608337402, 3.125302314758301, 3.1455087661743164, 3.1621532440185547, 3.1857359409332275, 3.1865947246551514, 3.2199456691741943, 3.2497825622558594, 3.2575247287750244, 3.2817394733428955, 3.3195929527282715, 3.3517937660217285, 3.3886144161224365, 3.4120962619781494, 3.4335134029388428, 3.474315643310547, inf, inf, inf, inf, inf, inf, inf, inf, inf, inf]),0.01749303564429283,913208000000
array('f', [inf, inf, inf, inf, inf, inf, inf, inf, inf, inf, inf, inf, inf, inf, inf, inf, inf, inf, inf, inf, inf, inf, inf, inf, inf, inf, inf, inf, inf, inf, inf, inf, inf, inf, inf, inf, inf, inf, inf, inf, inf, inf, inf, inf, inf, inf, inf, inf, inf, inf, inf, inf, inf, inf, inf, inf, inf, inf, inf, inf, inf, inf, inf, inf, inf, inf, inf, inf, inf, inf, inf, inf, inf, inf, inf, inf, inf, inf, inf, inf, inf, inf, inf, inf, inf, inf, inf, inf, inf, inf, inf, inf, inf, inf, inf, inf, inf, inf, inf, inf, inf, inf, inf, inf, inf, inf, inf, inf, inf, inf, inf, inf, inf, inf, inf, inf, inf, inf, inf, inf, inf, inf, inf, inf, inf, inf, inf, inf, inf, inf, inf, inf, inf, inf, inf, inf, inf, inf, inf, inf, inf, inf, inf, inf, inf, inf, inf, inf, inf, inf, inf, inf, inf, inf, inf, inf, inf, inf, inf, inf, inf, inf, inf, inf, inf, inf, inf, inf, inf, inf, inf, inf, inf, inf, inf, inf, inf, inf, inf, inf, inf, inf, inf, inf, inf, inf, inf, inf, inf, inf, inf, inf, inf, inf, inf, inf, inf, inf, inf, inf, inf, inf, inf, inf, inf, inf, inf, inf, inf, inf, inf, inf, inf, inf, inf, inf, inf, inf, inf, inf, inf, inf, inf, inf, inf, inf, inf, inf, inf, inf, inf, inf, inf, inf, inf, inf, inf, inf, inf, inf, inf, inf, inf, inf, inf, inf, inf, inf, inf, inf, inf, inf, inf, inf, inf, inf, inf, inf, inf, inf, inf, inf, inf, inf, inf, inf, 3.4928503036499023, 3.4621567726135254, 3.423426389694214, 3.374967336654663, 3.3274893760681152, 3.294034481048584, 3.2759079933166504, 3.2410056591033936, 3.2019290924072266, 3.1693928241729736, 3.1481170654296875, 3.1278107166290283, 3.0902581214904785, 3.0713863372802734, 3.0588150024414062, 3.0304694175720215, 3.01094913482666, 3.0093843936920166, 2.9843406677246094, 2.948934316635132, 2.975149154663086, 2.9413461685180664, 2.9331932067871094, 2.914297342300415, 2.9126574993133545, 2.9680304527282715, inf, inf, inf, inf, inf, inf, inf, inf, inf, inf, inf, inf, inf, 2.5136826038360596, inf, inf, inf, 2.8952784538269043, 2.882349729537964, 2.893897533416748, 2.907365322113037, 2.9051687717437744, 2.915104627609253, 2.9236528873443604, 2.949648141860962, 2.9460887908935547, 2.963484525680542, 2.9952263832092285, 3.001124620437622, 3.0488123893737793, 3.048726797103882, 3.072385549545288, 3.082956314086914, 3.104658365249634, 3.140416383743286, 3.1621525287628174, 3.197385787963867, 3.2187116146087646, 3.252009391784668, 3.2802960872650146, 3.3189220428466797, 3.347424030303955, 3.3902506828308105, 3.4122369289398193, 3.4693737030029297, inf, inf, inf, inf, inf, inf, inf, inf, inf, inf, inf, inf, inf, inf, inf, inf, inf, inf, inf, inf, inf, inf, inf]),0.01749303564429283,913408000000
array('f', [inf, inf, inf, inf, inf, inf, inf, inf, inf, inf, inf, inf, inf, inf, inf, inf, inf, inf, inf, inf, inf, inf, inf, inf, inf, inf, inf, inf, inf, inf, inf, inf, inf, inf, inf, inf, inf, inf, inf, inf, inf, inf, inf, inf, inf, inf, inf, inf, inf, inf, inf, inf, inf, inf, inf, inf, inf, inf, inf, inf, inf, inf, inf, inf, inf, inf, inf, inf, inf, inf, inf, inf, inf, inf, inf, inf, inf, inf, inf, inf, inf, inf, inf, inf, inf, inf, inf, inf, inf, inf, inf, inf, inf, inf, inf, inf, inf, inf, inf, inf, inf, inf, inf, inf, inf, inf, inf, inf, inf, inf, inf, inf, inf, inf, inf, inf, inf, inf, inf, inf, inf, inf, inf, inf, inf, inf, inf, inf, inf, inf, inf, inf, inf, inf, inf, inf, inf, inf, inf, inf, inf, inf, inf, inf, inf, inf, inf, inf, inf, inf, inf, inf, inf, inf, inf, inf, inf, inf, inf, inf, inf, inf, inf, inf, inf, inf, inf, inf, inf, inf, inf, inf, inf, inf, inf, inf, inf, inf, inf, inf, inf, inf, inf, inf, inf, inf, inf, inf, inf, inf, inf, inf, inf, inf, inf, inf, inf, inf, inf, inf, inf, inf, inf, inf, inf, inf, inf, inf, inf, inf, inf, inf, inf, inf, inf, inf, inf, inf, inf, inf, inf, inf, inf, inf, inf, inf, inf, inf, inf, inf, inf, inf, inf, inf, inf, inf, inf, inf, inf, inf, inf, inf, inf, inf, inf, inf, inf, 3.478174924850464, 3.426179885864258, 3.3688719272613525, 3.3055336475372314, 3.292832374572754, 3.238219976425171, 3.2295336723327637, 3.193671464920044, 3.1380512714385986, 3.13029146194458, 3.085554838180542, 3.083951234817505, 3.0428879261016846, 3.029444456100464, 3.0004799365997314, 2.9634103775024414, 2.957818031311035, 2.9338974952697754, 2.9298043251037598, 2.90710186958313, 2.905494213104248, 2.8991775512695312, 2.870980739593506, 2.9130733013153076, inf, inf, inf, inf, inf, inf, inf, inf, inf, inf, inf, inf, 2.3964970111846924, inf, inf, inf, inf, 2.7606263160705566, 2.7796969413757324, 2.777456521987915, 2.7796735763549805, 2.785778760910034, 2.787424087524414, 2.802394390106201, 2.815145254135132, 2.820727586746216, 2.8330211639404297, 2.840914487838745, 2.8623266220092773, 2.8769402503967285, 2.8917176723480225, 2.8732173442840576, 2.9177980422973633, 2.9270877838134766, 2.968299627304077, 2.983114004135132, 3.0040671825408936, 3.0346944332122803, 3.026106357574463, 3.076887607574463, 3.1120145320892334, 3.141587495803833, 3.170768976211548, 3.1736528873443604, 3.2202916145324707, 3.2412986755371094, 3.2935285568237305, 3.342806339263916, 3.377720355987549, 3.417383909225464, 3.4650919437408447, inf, inf, inf, inf, inf, inf, inf, inf, inf, inf, inf, inf, inf, inf, inf, inf, inf, inf, inf, inf, inf, inf, inf, inf, inf, inf, inf, inf, inf, inf, inf, inf, inf, inf, inf, inf, inf, inf]),0.01749303564429283,913608000000
array('f', [inf, inf, inf, inf, inf, inf, inf, inf, inf, inf, inf, inf, inf, inf, inf, inf, inf, inf, inf, inf, inf, inf, inf, inf, inf, inf, inf, inf, inf, inf, inf, inf, inf, inf, inf, inf, inf, inf, inf, inf, inf, inf, inf, inf, inf, inf, inf, inf, inf, inf, inf, inf, inf, inf, inf, inf, inf, inf, inf, inf, inf, inf, inf, inf, inf, inf, inf, inf, inf, inf, inf, inf, inf, inf, inf, inf, inf, inf, inf, inf, inf, inf, inf, inf, inf, inf, inf, inf, inf, inf, inf, inf, inf, inf, inf, inf, inf, inf, inf, inf, inf, inf, inf, inf, inf, inf, inf, inf, inf, inf, inf, inf, inf, inf, inf, inf, inf, inf, inf, inf, inf, inf, inf, inf, inf, inf, inf, inf, inf, inf, inf, inf, inf, inf, inf, inf, inf, inf, inf, inf, inf, inf, inf, inf, inf, inf, inf, inf, inf, inf, inf, inf, inf, inf, inf, inf, inf, inf, inf, inf, inf, inf, inf, inf, inf, inf, inf, inf, inf, inf, inf, inf, inf, inf, inf, inf, inf, inf, inf, inf, inf, inf, inf, inf, inf, inf, inf, inf, inf, inf, inf, inf, inf, inf, inf, inf, inf, inf, inf, inf, inf, inf, inf, inf, inf, inf, inf, inf, inf, inf, inf, inf, inf, inf, inf, inf, inf, inf, inf, inf, inf, inf, inf, inf, inf, inf, inf, inf, 3.4785702228546143, 3.438403606414795, 3.381488800048828, 3.3580830097198486, 3.3002984523773193, 3.2733376026153564, 3.243154525756836, 3.191054344177246, 3.174572229385376, 3.1264407634735107, 3.0957937240600586, 3.084766387939453, 3.0394551753997803, 3.027329444885254, 2.994704246520996, 2.9713685512542725, 2.9510984420776367, 2.9391493797302246, 2.9203908443450928, 2.9082448482513428, 2.904099464416504, inf, inf, inf, inf, inf, inf, inf, inf, inf, inf, inf, inf, 2.402029037475586, inf, inf, inf, inf, inf, 2.718329906463623, 2.738767147064209, 2.738222599029541, 2.7225100994110107, 2.7473204135894775, 2.740314245223999, 2.7668211460113525, 2.7601544857025146, 2.778980016708374, 2.764934539794922, 2.795478105545044, 2.7829949855804443, 2.8055825233459473, 2.8010051250457764, 2.8122456073760986, 2.840156316757202, 2.84787917137146, 2.893483877182007, 2.871124744415283, 2.9103243350982666, 2.9221456050872803, 2.9370031356811523, 2.9578325748443604, 2.9838361740112305, 3.028658866882324, 3.0312845706939697, 3.061203956604004, 3.104046106338501, 3.115865707397461, 3.1651253700256348, 3.197524309158325, 3.22019362449646, 3.260437250137329, 3.289698362350464, 3.3076183795928955, 3.3593087196350098, 3.4136414527893066, 3.4717764854431152, inf, inf, inf, inf, inf, inf, inf, inf, inf, inf, inf, inf, inf, inf, inf, inf, inf, inf, inf, inf, inf, inf, inf, inf, inf, inf, inf, inf, inf, inf, inf, inf, inf, inf, inf, inf, inf, inf, inf, inf, inf, inf, inf, inf, inf, inf, inf, inf, inf, inf, inf, inf, inf, inf, inf]),0.01749303564429283,913808000000
array('f', [inf, inf, inf, inf, inf, inf, inf, inf, inf, inf, inf, inf, inf, inf, inf, inf, inf, inf, inf, inf, inf, inf, inf, inf, inf, inf, inf, inf, inf, inf, inf, inf, inf, inf, inf, inf, inf, inf, inf, inf, inf, inf, inf, inf, inf, inf, inf, inf, inf, inf, inf, inf, inf, inf, inf, inf, inf, inf, inf, inf, inf, inf, inf, inf, inf, inf, inf, inf, inf, inf, inf, inf, inf, inf, inf, inf, inf, inf, inf, inf, inf, inf, inf, inf, inf, inf, inf, inf, inf, inf, inf, inf, inf, inf, inf, inf, inf, inf, inf, inf, inf, inf, inf, inf, inf, inf, inf, inf, inf, inf, inf, inf, inf, inf, inf, inf, inf, inf, inf, inf, inf, inf, inf, inf, inf, inf, inf, inf, inf, inf, inf, inf, inf, inf, inf, inf, inf, inf, inf, inf, inf, inf, inf, inf, inf, inf, inf, inf, inf, inf, inf, inf, inf, inf, inf, inf, inf, inf, inf, inf, inf, inf, inf, inf, inf, inf, inf, inf, inf, inf, inf, inf, inf, inf, inf, inf, inf, inf, inf, inf, inf, inf, inf, inf, inf, inf, inf, inf, inf, inf, inf, inf, inf, inf, inf, inf, inf, inf, inf, inf, inf, inf, inf, inf, inf, inf, inf, inf, inf, inf, 3.5, 3.4676425457000732, 3.390540838241577, 3.3792219161987305, 3.3261656761169434, 3.2911648750305176, 3.253211498260498, 3.2048802375793457, 3.195761203765869, 3.148097276687622, 3.1111466884613037, 3.1309170722961426, 3.085090160369873, 3.033186435699463, 3.0083658695220947, 2.999438524246216, 2.992825508117676, 3.113494873046875, inf, inf, inf, inf, inf, inf, inf, inf, inf, inf, 2.450690984725952, inf, inf, inf, inf, inf, 2.7843501567840576, 2.776272773742676, 2.7728652954101562, 2.78039288520813, 2.7619028091430664, 2.74760103225708, 2.772252082824707, 2.756746530532837, 2.753135919570923, 2.7683043479919434, 2.7774245738983154, 2.7890381813049316, 2.7937235832214355, 2.8118128776550293, 2.8073384761810303, 2.813328742980957, 2.8239738941192627, 2.842125415802002, 2.857142210006714, 2.8593478202819824, 2.887453317642212, 2.8920207023620605, 2.909963846206665, 2.9416966438293457, 2.9408509731292725, 2.966157913208008, 2.9947762489318848, 3.023801326751709, 3.0260956287384033, 3.055964469909668, 3.0871996879577637, 3.131258010864258, 3.1417438983917236, 3.1639022827148438, 3.2079179286956787, 3.225437879562378, 3.2866904735565186, 3.29565691947937, 3.3407740592956543, 3.404442548751831, 3.441408634185791, 3.459660053253174, inf, inf, inf, inf, inf, inf, inf, inf, inf, inf, inf, inf, inf, inf, inf, inf, inf, inf, inf, inf, inf, inf, inf, inf, inf, inf, inf, inf, inf, inf, inf, inf, inf, inf, inf, inf, inf, inf, inf, inf, inf, inf, inf, inf, inf, inf, inf, inf, inf, inf, inf, inf, inf, inf, inf, inf, inf, inf, inf, inf, inf, inf, inf, inf, inf, inf, inf, inf, inf, inf, inf, inf, inf, inf]),0.01749303564429283,914008000000
array('f', [inf, inf, inf, inf, inf, inf, inf, inf, inf, inf, inf, inf, inf, inf, inf, inf, inf, inf, inf, inf, inf, inf, inf, inf, inf, inf, inf, inf, inf, inf, inf, inf, inf, inf, inf, inf, inf, inf, inf, inf, inf, inf, inf, inf, inf, inf, inf, inf, inf, inf, inf, inf, inf, inf, inf, inf, inf, inf, inf, inf, inf, inf, inf, inf, inf, inf, inf, inf, inf, inf, inf, inf, inf, inf, inf, inf, inf, inf, inf, inf, inf, inf, inf, inf, inf, inf, inf, inf, inf, inf, inf, inf, inf, inf, inf, inf, inf, inf, inf, inf, inf, inf, inf, inf, inf, inf, inf, inf, inf, inf, inf, inf, inf, inf, inf, inf, inf, inf, inf, inf, inf, inf, inf, inf, inf, inf, inf, inf, inf, inf, inf, inf, inf, inf, inf, inf, inf, inf, inf, inf, inf, inf, inf, inf, inf, inf, inf, inf, inf, inf, inf, inf, inf, inf, inf, inf, inf, inf, inf, inf, inf, inf, inf, inf, inf, inf, inf, inf, inf, inf, inf, inf, inf, inf, inf, inf, inf, inf, inf, inf, inf, inf, inf, inf, inf, inf, inf, inf, inf, inf, inf, inf, inf, inf, 3.479138135910034, 3.4347081184387207, 3.3829832077026367, 3.3540308475494385, 3.3197906017303467, 3.278468132019043, 3.2487876415252686, 3.2351181507110596, 3.2156941890716553, 3.1618683338165283, 3.151959180831909, 3.1983137130737305, inf, inf, inf, inf, inf, inf, inf, inf, inf, 2.589221239089966, inf, inf, inf, inf, inf, inf, 2.8808016777038574, 2.8640284538269043, 2.8790054321289062, 2.8528013229370117, 2.8566222190856934, 2.8774664402008057, 2.862485885620117, 2.852738618850708, 2.8432388305664062, 2.850360631942749, 2.8613038063049316, 2.868612051010132, 2.8739078044891357, 2.8773975372314453, 2.8854620456695557, 2.884307384490967, 2.9016380310058594, 2.9058611392974854, 2.9124624729156494, 2.9116334915161133, 2.9241042137145996, 2.9630415439605713, 2.9774796962738037, 2.9819090366363525, 2.989537477493286, 3.0146913528442383, 3.034029245376587, 3.046722650527954, 3.0758216381073, 3.087515115737915, 3.1107306480407715, 3.1474733352661133, 3.1658921241760254, 3.181581974029541, 3.2092363834381104, 3.2529489994049072, 3.2993669509887695, 3.309258222579956, 3.3466434478759766, 3.3979761600494385, 3.432210922241211, 3.4654269218444824, inf, inf, inf, inf, inf, inf, inf, inf, inf, inf, inf, inf, inf, inf, inf, inf, inf, inf, inf, inf, inf, inf, inf, inf, inf, inf, inf, inf, inf, inf, inf, inf, inf, inf, inf, inf, inf, inf, inf, inf, inf, inf, inf, inf, inf, inf, inf, inf, inf, inf, inf, inf, inf, inf, inf, inf, inf, inf, inf, inf, inf, inf, inf, inf, inf, inf, inf, inf, inf, inf, inf, inf, inf, inf, inf, inf, inf, inf, inf, inf, inf, inf, inf, inf, inf, inf, inf, inf, inf, inf, inf, inf, inf, inf, inf, inf]),0.01749303564429283,914208000000
array('f', [inf, inf, inf, inf, inf, inf, inf, inf, inf, inf, inf, inf, inf, inf, inf, inf, inf, inf, inf, inf, inf, inf, inf, inf, inf, inf, inf, inf, inf, inf, inf, inf, inf, inf, inf, inf, inf, inf, inf, inf, inf, inf, inf, inf, inf, inf, inf, inf, inf, inf, inf, inf, inf, inf, inf, inf, inf, inf, inf, inf, inf, inf, inf, inf, inf, inf, inf, inf, inf, inf, inf, inf, inf, inf, inf, inf, inf, inf, inf, inf, inf, inf, inf, inf, inf, inf, inf, inf, inf, inf, inf, inf, inf, inf, inf, inf, inf, inf, inf, inf, inf, inf, inf, inf, inf, inf, inf, inf, inf, inf, inf, inf, inf, inf, inf, inf, inf, inf, inf, inf, inf, inf, inf, inf, inf, inf, inf, inf, inf, inf, inf, inf, inf, inf, inf, inf, inf, inf, inf, inf, inf, inf, inf, inf, inf, inf, inf, inf, inf, inf, inf, inf, inf, inf, inf, inf, inf, inf, inf, inf, inf, inf, inf, inf, inf, inf, inf, inf, inf, inf, inf, inf, inf, inf, inf, inf, inf, inf, 3.4670753479003906, 3.46354603767395, 3.4270310401916504, 3.4047956466674805, 3.374028205871582, 3.333348035812378, 3.385164260864258, inf, inf, inf, inf, inf, inf, inf, inf, 2.7703404426574707, inf, inf, inf, inf, inf, 3.0469791889190674, 3.042705774307251, 3.0304479598999023, 3.019130229949951, 3.0185437202453613, 3.0160071849823, 3.00211501121521, 3.0276317596435547, 2.999159574508667, 3.010593891143799, 2.988264560699463, 3.0011794567108154, 3.012787103652954, 3.016234874725342, 3.0049164295196533, 3.019426107406616, 3.0180325508117676, 3.0346999168395996, 3.0504918098449707, 3.030146837234497, 3.0367398262023926, 3.0725297927856445, 3.070723056793213, 3.1050381660461426, 3.0852479934692383, 3.1338086128234863, 3.1294970512390137, 3.158987522125244, 3.164716958999634, 3.200822114944458, 3.1965975761413574, 3.218564033508301, 3.240234375, 3.272724151611328, 3.3152472972869873, 3.3233091831207275, 3.3449227809906006, 3.3962433338165283, 3.4093027114868164, 3.449805498123169, 3.478343963623047, inf, inf, inf, inf, inf, inf, inf, inf, inf, inf, inf, inf, inf, inf, inf, inf, inf, inf, inf, inf, inf, inf, inf, inf, inf, inf, inf, inf, inf, inf, inf, inf, inf, inf, inf, inf, inf, inf, inf, inf, inf, inf, inf, inf, inf, inf, inf, inf, inf, inf, inf, inf, inf, inf, inf, inf, inf, inf, inf, inf, inf, inf, inf, inf, inf, inf, inf, inf, inf, inf, inf, inf, inf, inf, inf, inf, inf, inf, inf, inf, inf, inf, inf, inf, inf, inf, inf, inf, inf, inf, inf, inf, inf, inf, inf, inf, inf, inf, inf, inf, inf, inf, inf, inf, inf, inf, inf, inf, inf, inf, inf, inf, inf, inf, inf, inf, inf, inf, inf, inf]),0.01749303564429283,914408000000
array('f', [inf, inf, inf, inf, inf, inf, inf, inf, inf, inf, inf, inf, inf, inf, inf, inf, inf, inf, inf, inf, inf, inf, inf, inf, inf, inf, inf, inf, inf, inf, inf, inf, inf, inf, inf, inf, inf, inf, inf, inf, inf, inf, inf, inf, inf, inf, inf, inf, inf, inf, inf, inf, inf, inf, inf, inf, inf, inf, inf, inf, inf, inf, inf, inf, inf, inf, inf, inf, inf, inf, inf, inf, inf, inf, inf, inf, inf, inf, inf, inf, inf, inf, inf, inf, inf, inf, inf, inf, inf, inf, inf, inf, inf, inf, inf, inf, inf, inf, inf, inf, inf, inf, inf, inf, inf, inf, inf, inf, inf, inf, inf, inf, inf, inf, inf, inf, inf, inf, inf, inf, inf, inf, inf, inf, inf, inf, inf, inf, inf, inf, inf, inf, inf, inf, inf, inf, inf, inf, inf, inf, inf, inf, inf, inf, inf, inf, inf, inf, inf, inf, inf, inf, inf, inf, inf, inf, inf, inf, inf, inf, inf, inf, inf, inf, inf, inf, inf, inf, inf, inf, inf, inf, 2.9476242065429688, inf, inf, inf, inf, inf, 3.2343335151672363, 3.216449737548828, 3.223214626312256, 3.1938529014587402, 3.2005369663238525, 3.193716049194336, 3.208268404006958, 3.193444013595581, 3.183162212371826, 3.1886799335479736, 3.1804440021514893, 3.1947200298309326, 3.1765363216400146, 3.1721882820129395, 3.197471857070923, 3.195739507675171, 3.1976444721221924, 3.2120306491851807, 3.213749647140503, 3.2341601848602295, 3.249096632003784, 3.2515413761138916, 3.260021209716797, 3.2785754203796387, 3.286762237548828, 3.3063743114471436, 3.3062310218811035, 3.3555073738098145, 3.3513970375061035, 3.3700735569000244, 3.396739959716797, 3.425863027572632, 3.450247287750244, 3.4579882621765137, 3.4889132976531982, inf, inf, inf, inf, inf, inf, inf, inf, inf, inf, inf, inf, inf, inf, inf, inf, inf, inf, inf, inf, inf, inf, inf, inf, inf, inf, inf, inf, inf, inf, inf, inf, inf, inf, inf, inf, inf, inf, inf, inf, inf, inf, inf, inf, inf, inf, inf, inf, inf, inf, inf, inf, inf, inf, inf, inf, inf, inf, inf, inf, inf, inf, inf, inf, inf, inf, inf, inf, inf, inf, inf, inf, inf, inf, inf, inf, inf, inf, inf, inf, inf, inf, inf, inf, inf, inf, inf, inf, inf, inf, inf, inf, inf, inf, inf, inf, inf, inf, inf, inf, inf, inf, inf, inf, inf, inf, inf, inf, inf, inf, inf, inf, inf, inf, inf, inf, inf, inf, inf, inf, inf, inf, inf, inf, inf, inf, inf, inf, inf, inf, inf, inf, inf, inf, inf, inf, inf, inf, inf, inf, inf, inf, inf, inf, inf, inf, inf]),0.01749303564429283,914608000000
array('f', [inf, inf, inf, inf, inf, inf, inf, inf, inf, inf, inf, inf, inf, inf, inf, inf, inf, inf, inf, inf, inf, inf, inf, inf, inf, inf, inf, inf, inf, inf, inf, inf, inf, inf, inf, inf, inf, inf, inf, inf, inf, inf, inf, inf, inf, inf, inf, inf, inf, inf, inf, inf, inf, inf, inf, inf, inf, inf, inf, inf, inf, inf, inf, inf, inf, inf, inf, inf, inf, inf, inf, inf, inf, inf, inf, inf, inf, inf, inf, inf, inf, inf, inf, inf, inf, inf, inf, inf, inf, inf, inf, inf, inf, inf, inf, inf, inf, inf, inf, inf, inf, inf, inf, inf, inf, inf, inf, inf, inf, inf, inf, inf, inf, inf, inf, inf, inf, inf, inf, inf, inf, inf, inf, inf, inf, inf, inf, inf, inf, inf, inf, inf, inf, inf, inf, inf, inf, inf, inf, inf, inf, inf, inf, inf, inf, inf, inf, inf, inf, inf, inf, inf, 3.145106792449951, inf, inf, inf, inf, 3.447098970413208, 3.4318509101867676, 3.4228355884552, 3.3996224403381348, 3.4220306873321533, 3.3984344005584717, 3.378080368041992, 3.377244234085083, 3.3946523666381836, 3.3856303691864014, 3.39067006111145, 3.391857862472534, 3.3892643451690674, 3.4099738597869873, 3.400909185409546, 3.3910646438598633, 3.3888444900512695, 3.4002931118011475, 3.4290823936462402, 3.4321329593658447, 3.453256130218506, 3.4545230865478516, 3.4617984294891357, 3.4975802898406982, 3.5, inf, inf, inf, inf, inf, inf, inf, inf, inf, inf, inf, inf, inf, inf, inf, inf, inf, inf, inf, inf, inf, inf, inf, inf, inf, inf, inf, inf, inf, inf, inf, inf, inf, inf, inf, inf, inf, inf, inf, inf, inf, inf, inf, inf, inf, inf, inf, inf, inf, inf, inf, inf, inf, inf, inf, inf, inf, inf, inf, inf, inf, inf, inf, inf, inf, inf, inf, inf, inf, inf, inf, inf, inf, inf, inf, inf, inf, inf, inf, inf, inf, inf, inf, inf, inf, inf, inf, inf, inf, inf, inf, inf, inf, inf, inf, inf, inf, inf, inf, inf, inf, inf, inf, inf, inf, inf, inf, inf, inf, inf, inf, inf, inf, inf, inf, inf, inf, inf, inf, inf, inf, inf, inf, inf, inf, inf, inf, inf, inf, inf, inf, inf, inf, inf, inf, inf, inf, inf, inf, inf, inf, inf, inf, inf, inf, inf, inf, inf, inf, inf, inf, inf, inf, inf, inf, inf, inf, inf, inf, inf, inf, inf, inf, inf, inf, inf, inf, inf, inf, inf, inf, inf, inf, inf, inf, inf, inf, inf]),0.01749303564429283,914808000000
array('f', [inf, inf, inf, inf, inf, inf, inf, inf, inf, inf, inf, inf, inf, inf, inf, inf, inf, inf, inf, inf, inf, inf, inf, inf, inf, inf, inf, inf, inf, inf, inf, inf, inf, inf, inf, inf, inf, inf, inf, inf, inf, inf, inf, inf, inf, inf, inf, inf, inf, inf, inf, inf, inf, inf, inf, inf, inf, inf, inf, inf, inf, inf, inf, inf, inf, inf, inf, inf, inf, inf, inf, inf, inf, inf, inf, inf, inf, inf, inf, inf, inf, inf, inf, inf, inf, inf, inf, inf, inf, inf, inf, inf, inf, inf, inf, inf, inf, inf, inf, inf, inf, inf, inf, inf, inf, inf, inf, inf, inf, inf, inf, inf, inf, inf, inf, inf, inf, inf, inf, inf, inf, inf, inf, inf, inf, inf, inf, inf, inf, inf, inf, 3.3254330158233643, inf, inf, inf, inf, inf, inf, inf, inf, inf, inf, inf, inf, inf, inf, inf, inf, inf, inf, inf, inf, inf, inf, inf, inf, inf, inf, inf, inf, inf, inf, inf, inf, inf, inf, inf, inf, inf, inf, inf, inf, inf, inf, inf, inf, inf, inf, inf, inf, inf, inf, inf, inf, inf, inf, inf, inf, inf, inf, inf, inf, inf, inf, inf, inf, inf, inf, inf, inf, inf, inf, inf, inf, inf, inf, inf, inf, inf, inf, inf, inf, inf, inf, inf, inf, inf, inf, inf, inf, inf, inf, inf, inf, inf, inf, inf, inf, inf, inf, inf, inf, inf, inf, inf, inf, inf, inf, inf, inf, inf, inf, inf, inf, inf, inf, inf, inf, inf, inf, inf, inf, inf, inf, inf, inf, inf, inf, inf, inf, inf, inf, inf, inf, inf, inf, inf, inf, inf, inf, inf, inf, inf, inf, inf, inf, inf, inf, inf, inf, inf, inf, inf, inf, inf, inf, inf, inf, inf, inf, inf, inf, inf, inf, inf, inf, inf, inf, inf, inf, inf, inf, inf, inf, inf, inf, inf, inf, inf, inf, inf, inf, inf, inf, inf, inf, inf, inf, inf, inf, inf, inf, inf, inf, inf, inf, inf, inf, inf, inf, inf, inf, inf, inf, inf, inf, inf, inf, inf, inf, inf, inf, inf, inf, inf, inf, inf, inf, inf, inf, inf, inf, inf, inf, inf, inf, inf, inf, inf, inf]),0.01749303564429283,915008000000
array('f', [inf, inf, inf, inf, inf, inf, inf, inf, inf, inf, inf, inf, inf, inf, inf, inf, inf, inf, inf, inf, inf, inf, inf, inf, inf, inf, inf, inf, inf, inf, inf, inf, inf, inf, inf, inf, inf, inf, inf, inf, inf, inf, inf, inf, inf, inf, inf, inf, inf, inf, inf, inf, inf, inf, inf, inf, inf, inf, inf, inf, inf, inf, inf, inf, inf, inf, inf, inf, inf, inf, inf, inf, inf, inf, inf, inf, inf, inf, inf, inf, inf, inf, inf, inf, inf, inf, inf, inf, inf, inf, inf, inf, inf, inf, inf, inf, inf, inf, inf, inf, inf, inf, inf, inf, inf, inf, inf, inf, inf, inf, inf, 3.424636125564575, inf, inf, inf, inf, inf, inf, inf, inf, inf, inf, inf, inf, inf, inf, inf, inf, inf, inf, inf, inf, inf, inf, inf, inf, inf, inf, inf, inf, inf, inf, inf, inf, inf, inf, inf, inf, inf, inf, inf, inf, inf, inf, inf, inf, inf, inf, inf, inf, inf, inf, inf, inf, inf, inf, inf, inf, inf, inf, inf, inf, inf, inf, inf, inf, inf, inf, inf, inf, inf, inf, inf, inf, inf, inf, inf, inf, inf, inf, inf, inf, inf, inf, inf, inf, inf, inf, inf, inf, inf, inf, inf, inf, inf, inf, inf, inf, inf, inf, inf, inf, inf, inf, inf, inf, inf, inf, inf, inf, inf, inf, inf, inf, inf, inf, inf, inf, inf, inf, inf, inf, inf, inf, inf, inf, inf, inf, inf, inf, inf, inf, inf, inf, inf, inf, inf, inf, inf, inf, inf, inf, inf, inf, inf, inf, inf, inf, inf, inf, inf, inf, inf, inf, inf, inf, inf, inf, inf, inf, inf, inf, inf, inf, inf, inf, inf, inf, inf, inf, inf, inf, inf, inf, inf, inf, inf, inf, inf, inf, inf, inf, inf, inf, inf, inf, inf, inf, inf, inf, inf, inf, inf, inf, inf, inf, inf, inf, inf, inf, inf, inf, inf, inf, inf, inf, inf, inf, inf, inf, inf, inf, inf, inf, inf, inf, inf, inf, inf, inf, inf, inf, inf, inf, inf, inf, inf, inf, inf, inf, inf, inf, inf, inf, inf, inf, inf, inf, inf, inf, inf, inf, inf, inf, inf, inf, inf, inf, inf, inf]),0.01749303564429283,915208000000
array('f', [inf, inf, inf, inf, inf, inf, inf, inf, inf, inf, inf, inf, inf, inf, inf, inf, inf, inf, inf, inf, inf, inf, inf, inf, inf, inf, inf, inf, inf, inf, inf, inf, inf, inf, inf, inf, inf, inf, inf, inf, inf, inf, inf, inf, inf, inf, inf, inf, inf, inf, inf, inf, inf, inf, inf, inf, inf, inf, inf, inf, inf, inf, inf, inf, inf, inf, inf, inf, inf, inf, inf, inf, inf, inf, inf, inf, inf, inf, inf, inf, inf, inf, inf, inf, inf, inf, inf, inf, inf, inf, inf, inf, inf, inf, inf, inf, inf, inf, inf, inf, inf, inf, inf, inf, inf, inf, inf, inf, inf, inf, inf, inf, inf, inf, inf, inf, inf, inf, inf, inf, inf, inf, inf, inf, inf, inf, inf, inf, inf, inf, inf, inf, inf, inf, inf, inf, inf, inf, inf, inf, inf, inf, inf, inf, inf, inf, inf, inf, inf, inf, inf, inf, inf, inf, inf, inf, inf, inf, inf, inf, inf, inf, inf, inf, inf, inf, inf, inf, inf, inf, inf, inf, inf, inf, inf, inf, inf, inf, inf, inf, inf, inf, inf, inf, inf, inf, inf, inf, inf, inf, inf, inf, inf, inf, inf, inf, inf, inf, inf, inf, inf, inf, inf, inf, inf, inf, inf, inf, inf, inf, inf, inf, inf, inf, inf, inf, inf, inf, inf, inf, inf, inf, inf, inf, inf, inf, inf, inf, inf, inf, inf, inf, inf, inf, inf, inf, inf, inf, inf, inf, inf, inf, inf, inf, inf, inf, inf, inf, inf, inf, inf, inf, inf, inf, inf, inf, inf, inf, inf, inf, inf, inf, inf, inf, inf, inf, inf, inf, inf, inf, inf, inf, inf, inf, inf, inf, inf, inf, inf, inf, inf, inf, inf, inf, inf, inf, inf, inf, inf, inf, inf, inf, inf, inf, inf, inf, inf, inf, inf, inf, inf, inf, inf, inf, inf, inf, inf, inf, inf, inf, inf, inf, inf, inf, inf, inf, inf, inf, inf, inf, inf, inf, inf, inf, inf, inf, inf, inf, inf, inf, inf, inf, inf, inf, inf, inf, inf, inf, inf, inf, inf, inf, inf, inf, inf, inf, inf, inf, inf, inf, inf, inf, inf, inf, inf, inf, inf, inf, inf, inf]),0.01749303564429283,915408000000
array('f', [inf, inf, inf, inf, inf, inf, inf, inf, inf, inf, inf, inf, inf, inf, inf, inf, inf, inf, inf, inf, inf, inf, inf, inf, inf, inf, inf, inf, inf, inf, inf, inf, inf, inf, inf, inf, inf, inf, inf, inf, inf, inf, inf, inf, inf, inf, inf, inf, inf, inf, inf, inf, inf, inf, inf, inf, inf, inf, inf, inf, inf, inf, inf, inf, inf, inf, inf, inf, inf, inf, inf, inf, inf, inf, inf, inf, inf, inf, inf, inf, inf, inf, inf, inf, inf, inf, inf, inf, inf, inf, inf, inf, inf, inf, inf, inf, inf, inf, inf, inf, inf, inf, inf, inf, inf, inf, inf, inf, inf, inf, inf, inf, inf, inf, inf, inf, inf, inf, inf, inf, inf, inf, inf, inf, inf, inf, inf, inf, inf, inf, inf, inf, inf, inf, inf, inf, inf, inf, inf, inf, inf, inf, inf, inf, inf, inf, inf, inf, inf, inf, inf, inf, inf, inf, inf, inf, inf, inf, inf, inf, inf, inf, inf, inf, inf, inf, inf, inf, inf, inf, inf, inf, inf, inf, inf, inf, inf, inf, inf, inf, inf, inf, inf, inf, inf, inf, inf, inf, inf, inf, inf, inf, inf, inf, inf, inf, inf, inf, inf, inf, inf, inf, inf, inf, inf, inf, inf, inf, inf, inf, inf, inf, inf, inf, inf, inf, inf, inf, inf, inf, inf, inf, inf, inf, inf, inf, inf, inf, inf, inf, inf, inf, inf, inf, inf, inf, inf, inf, inf, inf, inf, inf, inf, inf, inf, inf, inf, inf, inf, inf, inf, inf, inf, inf, inf, inf, inf, inf, inf, inf, inf, inf, inf, inf, inf, inf, inf, inf, inf, inf, inf, inf, inf, inf, inf, inf, inf, inf, inf, inf, inf, inf, inf, inf, inf, inf, inf, inf, inf, inf, inf, inf, inf, inf, inf, inf, inf, inf, inf, inf, inf, inf, inf, inf, inf, inf, inf, inf, inf, inf, inf, inf, inf, inf, inf, inf, inf, inf, inf, inf, inf, inf, inf, inf, inf, inf, inf, inf, inf, inf, inf, inf, inf, inf, inf, inf, inf, inf, inf, inf, inf, inf, inf, inf, inf, inf, inf, inf, inf, inf, inf, inf, inf, inf, inf, inf, inf, inf, inf, inf]),0.01749303564429283,915608000000
array('f', [inf, inf, inf, inf, inf, inf, inf, inf, inf, inf, inf, inf, inf, inf, inf, inf, inf, inf, inf, inf, inf, inf, inf, inf, inf, inf, inf, inf, inf, inf, inf, inf, inf, inf, inf, inf, inf, inf, inf, inf, inf, inf, inf, inf, inf, inf, inf, inf, inf, inf, inf, inf, inf, inf, inf, inf, inf, inf, inf, inf, inf, inf, inf, inf, inf, inf, inf, inf, inf, inf, inf, inf, inf, inf, inf, inf, inf, inf, inf, inf, inf, inf, inf, inf, inf, inf, inf, inf, inf, inf, inf, inf, inf, inf, inf, inf, inf, inf, inf, inf, inf, inf, inf, inf, inf, inf, inf, inf, inf, inf, inf, inf, inf, inf, inf, inf, inf, inf, inf, inf, inf, inf, inf, inf, inf, inf, inf, inf, inf, inf, inf, inf, inf, inf, inf, inf, inf, inf, inf, inf, inf, inf, inf, inf, inf, inf, inf, inf, inf, inf, inf, inf, inf, inf, inf, inf, inf, inf, inf, inf, inf, inf, inf, inf, inf, inf, inf, inf, inf, inf, inf, inf, inf, inf, inf, inf, inf, inf, inf, inf, inf, inf, inf, inf, inf, inf, inf, inf, inf, inf, inf, inf, inf, inf, inf, inf, inf, inf, inf, inf, inf, inf, inf, inf, inf, inf, inf, inf, inf, inf, inf, inf, inf, inf, inf, inf, inf, inf, inf, inf, inf, inf, inf, inf, inf, inf, inf, inf, inf, inf, inf, inf, inf, inf, inf, inf, inf, inf, inf, inf, inf, inf, inf, inf, inf, inf, inf, inf, inf, inf, inf, inf, inf, inf, inf, inf, inf, inf, inf, inf, inf, inf, inf, inf, inf, inf, inf, inf, inf, inf, inf, inf, inf, inf, inf, inf, inf, inf, inf, inf, inf, inf, inf, inf, inf, inf, inf, inf, inf, inf, inf, inf, inf, inf, inf, inf, inf, inf, inf, inf, inf, inf, inf, inf, inf, inf, inf, inf, inf, inf, inf, inf, inf, inf, inf, inf, inf, inf, inf, inf, inf, inf, inf, inf, inf, inf, inf, inf, inf, inf, inf, inf, inf, inf, inf, inf, inf, inf, inf, inf, inf, inf, inf, inf, inf, inf, inf, inf, inf, inf, inf, inf, inf, inf, inf, inf, inf, inf, inf, inf]),0.01749303564429283,915808000000
array('f', [inf, inf, inf, inf, inf, inf, inf, inf, inf, inf, inf, inf, inf, inf, inf, inf, inf, 3.177273750305176, inf, inf, inf, inf, inf, inf, inf, inf, inf, inf, inf, inf, inf, inf, inf, inf, inf, inf, inf, inf, inf, inf, inf, inf, inf, inf, inf, inf, inf, inf, inf, inf, inf, inf, inf, inf, inf, inf, inf, inf, inf, inf, inf, inf, inf, inf, inf, inf, inf, inf, inf, inf, inf, inf, inf, inf, inf, inf, inf, inf, inf, inf, inf, inf, inf, inf, inf, inf, inf, inf, inf, inf, inf, inf, inf, inf, inf, inf, inf, inf, inf, inf, inf, inf, inf, inf, inf, inf, inf, inf, inf, inf, inf, inf, inf, inf, inf, inf, inf, inf, inf, inf, inf, inf, inf, inf, inf, inf, inf, inf, inf, inf, inf, inf, inf, inf, inf, inf, inf, inf, inf, inf, inf, inf, inf, inf, inf, inf, inf, inf, inf, inf, inf, inf, inf, inf, inf, inf, inf, inf, inf, inf, inf, inf, inf, inf, inf, inf, inf, inf, inf, inf, inf, inf, inf, inf, inf, inf, inf, inf, inf, inf, inf, inf, inf, inf, inf, inf, inf, inf, inf, inf, inf, inf, inf, inf, inf, inf, inf, inf, inf, inf, inf, inf, inf, inf, inf, inf, inf, inf, inf, inf, inf, inf, inf, inf, inf, inf, inf, inf, inf, inf, inf, inf, inf, inf, inf, inf, inf, inf, inf, inf, inf, inf, inf, inf, inf, inf, inf, inf, inf, inf, inf, inf, inf, inf, inf, inf, inf, inf, inf, inf, inf, inf, inf, inf, inf, inf, inf, inf, inf, inf, inf, inf, inf, inf, inf, inf, inf, inf, inf, inf, inf, inf, inf, inf, inf, inf, inf, inf, inf, inf, inf, inf, inf, inf, inf, inf, inf, inf, inf, inf, inf, inf, inf, inf, inf, inf, inf, inf, inf, inf, inf, inf, inf, inf, inf, inf, inf, inf, inf, inf, inf, inf, inf, inf, inf, inf, inf, inf, inf, inf, inf, inf, inf, inf, inf, inf, inf, inf, inf, inf, inf, inf, inf, inf, inf, inf, inf, inf, inf, inf, inf, inf, inf, inf, inf, inf, inf, inf, inf, inf, inf, inf, inf, inf, inf, inf, inf, inf, inf, inf]),0.01749303564429283,916008000000
array('f', [3.4404869079589844, 3.4458627700805664, 3.464534044265747, 3.485186815261841, inf, inf, inf, inf, inf, inf, inf, inf, inf, inf, inf, inf, inf, inf, inf, inf, inf, inf, inf, inf, inf, inf, inf, inf, inf, inf, inf, inf, inf, inf, inf, inf, inf, inf, inf, inf, inf, inf, inf, inf, inf, inf, inf, inf, inf, inf, inf, inf, inf, inf, inf, inf, inf, inf, inf, inf, inf, inf, inf, inf, inf, inf, inf, inf, inf, inf, inf, inf, inf, inf, inf, inf, inf, inf, inf, inf, inf, inf, inf, inf, inf, inf, inf, inf, inf, inf, inf, inf, inf, inf, inf, inf, inf, inf, inf, inf, inf, inf, inf, inf, inf, inf, inf, inf, inf, inf, inf, inf, inf, inf, inf, inf, inf, inf, inf, inf, inf, inf, inf, inf, inf, inf, inf, inf, inf, inf, inf, inf, inf, inf, inf, inf, inf, inf, inf, inf, inf, inf, inf, inf, inf, inf, inf, inf, inf, inf, inf, inf, inf, inf, inf, inf, inf, inf, inf, inf, inf, inf, inf, inf, inf, inf, inf, inf, inf, inf, inf, inf, inf, inf, inf, inf, inf, inf, inf, inf, inf, inf, inf, inf, inf, inf, inf, inf, inf, inf, inf, inf, inf, inf, inf, inf, inf, inf, inf, inf, inf, inf, inf, inf, inf, inf, inf, inf, inf, inf, inf, inf, inf, inf, inf, inf, inf, inf, inf, inf, inf, inf, inf, inf, inf, inf, inf, inf, inf, inf, inf, inf, inf, inf, inf, inf, inf, inf, inf, inf, inf, inf, inf, inf, inf, inf, inf, inf, inf, inf, inf, inf, inf, inf, inf, inf, inf, inf, inf, inf, inf, inf, inf, inf, inf, inf, inf, inf, inf, inf, inf, inf, inf, inf, inf, inf, inf, inf, inf, inf, inf, inf, inf, inf, inf, inf, inf, inf, inf, inf, inf, inf, inf, inf, inf, inf, inf, inf, inf, inf, inf, inf, inf, inf, inf, inf, inf, inf, inf, inf, inf, inf, inf, inf, inf, inf, inf, inf, inf, inf, inf, inf, inf, inf, inf, inf, inf, inf, 3.5, 3.4690093994140625, 3.439502000808716, 3.4531431198120117, 3.4475677013397217, 3.414426803588867, 3.404174327850342, 3.3931775093078613, inf, inf, inf, inf, inf, inf, inf, inf, inf, inf, inf, 2.9981675148010254, inf, inf, inf, 3.3684043884277344, 3.3583149909973145, 3.3785436153411865, 3.3903698921203613, 3.3910608291625977, 3.406930923461914, 3.437500238418579, 3.432583808898926, 3.431490898132324]),0.01749303564429283,916208000000
array('f', [inf, inf, inf, inf, inf, inf, inf, inf, inf, inf, inf, inf, inf, inf, inf, inf, inf, inf, inf, inf, inf, inf, inf, inf, inf, inf, inf, inf, inf, inf, inf, inf, inf, inf, inf, inf, inf, inf, inf, inf, inf, inf, inf, inf, inf, inf, inf, inf, inf, inf, inf, inf, inf, inf, inf, inf, inf, inf, inf, inf, inf, inf, inf, inf, inf, inf, inf, inf, inf, inf, inf, inf, inf, inf, inf, inf, inf, inf, inf, inf, inf, inf, inf, inf, inf, inf, inf, inf, inf, inf, inf, inf, inf, inf, inf, inf, inf, inf, inf, inf, inf, inf, inf, inf, inf, inf, inf, inf, inf, inf, inf, inf, inf, inf, inf, inf, inf, inf, inf, inf, inf, inf, inf, inf, inf, inf, inf, inf, inf, inf, inf, inf, inf, inf, inf, inf, inf, inf, inf, inf, inf, inf, inf, inf, inf, inf, inf, inf, inf, inf, inf, inf, inf, inf, inf, inf, inf, inf, inf, inf, inf, inf, inf, inf, inf, inf, inf, inf, inf, inf, inf, inf, inf, inf, inf, inf, inf, inf, inf, inf, inf, inf, inf, inf, inf, inf, inf, inf, inf, inf, inf, inf, inf, inf, inf, inf, inf, inf, inf, inf, inf, inf, inf, inf, inf, inf, inf, inf, inf, inf, inf, inf, inf, inf, inf, inf, inf, inf, inf, inf, inf, inf, inf, inf, inf, inf, inf, inf, inf, inf, inf, inf, inf, inf, inf, inf, inf, inf, inf, inf, inf, inf, inf, inf, inf, inf, inf, inf, inf, inf, inf, inf, inf, inf, inf, inf, inf, inf, inf, inf, inf, inf, inf, inf, inf, inf, inf, inf, inf, inf, inf, inf, inf, inf, inf, inf, inf, inf, inf, inf, inf, inf, inf, inf, inf, inf, inf, inf, inf, 3.480340003967285, 3.449564218521118, 3.426884889602661, 3.4102437496185303, 3.3815226554870605, 3.3467955589294434, 3.343356132507324, 3.3266425132751465, 3.289855718612671, 3.2970967292785645, 3.2723286151885986, 3.27085018157959, 3.247889518737793, 3.3310208320617676, inf, inf, inf, inf, inf, inf, inf, inf, inf, inf, inf, 2.8087005615234375, inf, inf, inf, 3.1547045707702637, 3.174964666366577, 3.169966220855713, 3.1872172355651855, 3.1803946495056152, 3.1968677043914795, 3.2093513011932373, 3.2268266677856445, 3.2336063385009766, 3.2509589195251465, 3.255662202835083, 3.268498420715332, 3.2819840908050537, 3.2956223487854004, 3.326427459716797, 3.3525092601776123, 3.3763585090637207, 3.3987655639648438, 3.3988490104675293, 3.4432663917541504, 3.4645779132843018, 3.498161792755127, inf, inf, inf, inf, inf, inf, inf, inf, inf, inf, inf, inf, inf, inf, inf, inf, inf, inf, inf, inf]),0.01749303564429283,916408000000
array('f', [inf, inf, inf, inf, inf, inf, inf, inf, inf, inf, inf, inf, inf, inf, inf, inf, inf, inf, inf, inf, inf, inf, inf, inf, inf, inf, inf, inf, inf, inf, inf, inf, inf, inf, inf, inf, inf, inf, inf, inf, inf, inf, inf, inf, inf, inf, inf, inf, inf, inf, inf, inf, inf, inf, inf, inf, inf, inf, inf, inf, inf, inf, inf, inf, inf, inf, inf, inf, inf, inf, inf, inf, inf, inf, inf, inf, inf, inf, inf, inf, inf, inf, inf, inf, inf, inf, inf, inf, inf, inf, inf, inf, inf, inf, inf, inf, inf, inf, inf, inf, inf, inf, inf, inf, inf, inf, inf, inf, inf, inf, inf, inf, inf, inf, inf, inf, inf, inf, inf, inf, inf, inf, inf, inf, inf, inf, inf, inf, inf, inf, inf, inf, inf, inf, inf, inf, inf, inf, inf, inf, inf, inf, inf, inf, inf, inf, inf, inf, inf, inf, inf, inf, inf, inf, inf, inf, inf, inf, inf, inf, inf, inf, inf, inf, inf, inf, inf, inf, inf, inf, inf, inf, inf, inf, inf, inf, inf, inf, inf, inf, inf, inf, inf, inf, inf, inf, inf, inf, inf, inf, inf, inf, inf, inf, inf, inf, inf, inf, inf, inf, inf, inf, inf, inf, inf, inf, inf, inf, inf, inf, inf, inf, inf, inf, inf, inf, inf, inf, inf, inf, inf, inf, inf, inf, inf, inf, inf, inf, inf, inf, inf, inf, inf, inf, inf, inf, inf, inf, inf, inf, inf, inf, inf, inf, inf, inf, inf, inf, inf, inf, inf, 3.5, 3.45293927192688, 3.4516372680664062, 3.3932554721832275, 3.351832151412964, 3.3260512351989746, 3.314356803894043, 3.3118093013763428, 3.2680225372314453, 3.25154447555542, 3.2306313514709473, 3.2150800228118896, 3.2072460651397705, 3.1715128421783447, 3.2487974166870117, inf, inf, inf, inf, inf, inf, inf, inf, inf, inf, inf, inf, inf, inf, inf, 3.038116693496704, 3.064643621444702, 3.0594801902770996, 3.0671541690826416, 3.0714423656463623, 3.0609395503997803, 3.0767393112182617, 3.080869436264038, 3.090292453765869, 3.1030945777893066, 3.121988296508789, 3.111556053161621, 3.117199420928955, 3.163473606109619, 3.1505846977233887, 3.190312623977661, 3.1934993267059326, 3.20967173576355, 3.222830295562744, 3.2451252937316895, 3.2900726795196533, 3.295801877975464, 3.330510139465332, 3.341238498687744, 3.379676103591919, 3.395421266555786, 3.4461755752563477, 3.4550015926361084, 3.498899221420288, inf, inf, inf, inf, inf, inf, inf, inf, inf, inf, inf, inf, inf, inf, inf, inf, inf, inf, inf, inf, inf, inf, inf, inf, inf, inf, inf, inf, inf, inf, inf, inf, inf, inf, inf, inf, inf, inf, inf, inf, inf, inf, inf, inf, inf, inf, inf, inf, inf, inf]),0.01749303564429283,916608000000
array('f', [inf, inf, inf, inf, inf, inf, inf, inf, inf, inf, inf, inf, inf, inf, inf, inf, inf, inf, inf, inf, inf, inf, inf, inf, inf, inf, inf, inf, inf, inf, inf, inf, inf, inf, inf, inf, inf, inf, inf, inf, inf, inf, inf, inf, inf, inf, inf, inf, inf, inf, inf, inf, inf, inf, inf, inf, inf, inf, inf, inf, inf, inf, inf, inf, inf, inf, inf, inf, inf, inf, inf, inf, inf, inf, inf, inf, inf, inf, inf, inf, inf, inf, inf, inf, inf, inf, inf, inf, inf, inf, inf, inf, inf, inf, inf, inf, inf, inf, inf, inf, inf, inf, inf, inf, inf, inf, inf, inf, inf, inf, inf, inf, inf, inf, inf, inf, inf, inf, inf, inf, inf, inf, inf, inf, inf, inf, inf, inf, inf, inf, inf, inf, inf, inf, inf, inf, inf, inf, inf, inf, inf, inf, inf, inf, inf, inf, inf, inf, inf, inf, inf, inf, inf, inf, inf, inf, inf, inf, inf, inf, inf, inf, inf, inf, inf, inf, inf, inf, inf, inf, inf, inf, inf, inf, inf, inf, inf, inf, inf, inf, inf, inf, inf, inf, inf, inf, inf, inf, inf, inf, inf, inf, inf, inf, inf, inf, inf, inf, inf, inf, inf, inf, inf, inf, inf, inf, inf, inf, inf, inf, inf, inf, inf, inf, inf, inf, 3.4694254398345947, 3.4449896812438965, 3.409597635269165, 3.3878519535064697, 3.359276294708252, 3.3283627033233643, 3.308868885040283, 3.293187141418457, 3.2679572105407715, 3.2529008388519287, 3.317941904067993, inf, inf, inf, inf, inf, inf, inf, inf, inf, inf, 2.7194981575012207, inf, inf, inf, inf, 3.067030668258667, 3.051304817199707, 3.0417380332946777, 3.0540099143981934, 3.05035138130188, 3.058767080307007, 3.059800386428833, 3.0857300758361816, 3.0564091205596924, 3.0673165321350098, 3.0885562896728516, 3.079606056213379, 3.0850729942321777, 3.1028635501861572, 3.123844861984253, 3.132181167602539, 3.1459767818450928, 3.143263578414917, 3.187622308731079, 3.2046518325805664, 3.211170196533203, 3.2330470085144043, 3.2558324337005615, 3.2752652168273926, 3.294569730758667, 3.3040781021118164, 3.321884870529175, 3.3629066944122314, 3.3852531909942627, 3.435062885284424, 3.4520232677459717, 3.4783012866973877, inf, inf, inf, inf, inf, inf, inf, inf, inf, inf, inf, inf, inf, inf, inf, inf, inf, inf, inf, inf, inf, inf, inf, inf, inf, inf, inf, inf, inf, inf, inf, inf, inf, inf, inf, inf, inf, inf, inf, inf, inf, inf, inf, inf, inf, inf, inf, inf, inf, inf, inf, inf, inf, inf, inf, inf, inf, inf, inf, inf, inf, inf, inf, inf, inf, inf, inf, inf, inf, inf, inf, inf, inf, inf, inf, inf, inf, inf, inf, inf, inf, inf, inf, inf, inf, inf]),0.01749303564429283,916808000000
array('f', [inf, inf, inf, inf, inf, inf, inf, inf, inf, inf, inf, inf, inf, inf, inf, inf, inf, inf, inf, inf, inf, inf, inf, inf, inf, inf, inf, inf, inf, inf, inf, inf, inf, inf, inf, inf, inf, inf, inf, inf, inf, inf, inf, inf, inf, inf, inf, inf, inf, inf, inf, inf, inf, inf, inf, inf, inf, inf, inf, inf, inf, inf, inf, inf, inf, inf, inf, inf, inf, inf, inf, inf, inf, inf, inf, inf, inf, inf, inf, inf, inf, inf, inf, inf, inf, inf, inf, inf, inf, inf, inf, inf, inf, inf, inf, inf, inf, inf, inf, inf, inf, inf, inf, inf, inf, inf, inf, inf, inf, inf, inf, inf, inf, inf, inf, inf, inf, inf, inf, inf, inf, inf, inf, inf, inf, inf, inf, inf, inf, inf, inf, inf, inf, inf, inf, inf, inf, inf, inf, inf, inf, inf, inf, inf, inf, inf, inf, inf, inf, inf, inf, inf, inf, inf, inf, inf, inf, inf, inf, inf, inf, inf, inf, inf, inf, inf, inf, inf, inf, inf, inf, inf, inf, inf, inf, inf, inf, inf, inf, inf, inf, inf, 3.492563009262085, 3.4372541904449463, 3.418537139892578, 3.3824410438537598, inf, inf, inf, inf, inf, inf, inf, inf, inf, inf, 2.88470721244812, inf, inf, inf, inf, 3.1880414485931396, 3.178966522216797, 3.175447463989258, 3.1800484657287598, 3.176372528076172, 3.173506021499634, 3.1756174564361572, 3.168879508972168, 3.158524751663208, 3.188400983810425, 3.165457010269165, 3.1926944255828857, 3.194129705429077, 3.225956678390503, 3.222857713699341, 3.2370429039001465, 3.2359461784362793, 3.242335319519043, 3.2663707733154297, 3.269737720489502, 3.306175708770752, 3.314499616622925, 3.3388912677764893, 3.3372063636779785, 3.363307476043701, 3.3875033855438232, 3.401949644088745, 3.4299070835113525, 3.458757162094116, 3.4760777950286865, inf, inf, inf, inf, inf, inf, inf, inf, inf, inf, inf, inf, inf, inf, inf, inf, inf, inf, inf, inf, inf, inf, inf, inf, inf, inf, inf, inf, inf, inf, inf, inf, inf, inf, inf, inf, inf, inf, inf, inf, inf, inf, inf, inf, inf, inf, inf, inf, inf, inf, inf, inf, inf, inf, inf, inf, inf, inf, inf, inf, inf, inf, inf, inf, inf, inf, inf, inf, inf, inf, inf, inf, inf, inf, inf, inf, inf, inf, inf, inf, inf, inf, inf, inf, inf, inf, inf, inf, inf, inf, inf, inf, inf, inf, inf, inf, inf, inf, inf, inf, inf, inf, inf, inf, inf, inf, inf, inf, inf, inf, inf, inf, inf, inf, inf, inf, inf, inf, inf, inf, inf, inf, inf, inf, inf, inf, inf, inf, inf]),0.01749303564429283,917008000000
array('f', [inf, inf, inf, inf, inf, inf, inf, inf, inf, inf, inf, inf, inf, inf, inf, inf, inf, inf, inf, inf, inf, inf, inf, inf, inf, inf, inf, inf, inf, inf, inf, inf, inf, inf, inf, inf, inf, inf, inf, inf, inf, inf, inf, inf, inf, inf, inf, inf, inf, inf, inf, inf, inf, inf, inf, inf, inf, inf, inf, inf, inf, inf, inf, inf, inf, inf, inf, inf, inf, inf, inf, inf, inf, inf, inf, inf, inf, inf, inf, inf, inf, inf, inf, inf, inf, inf, inf, inf, inf, inf, inf, inf, inf, inf, inf, inf, inf, inf, inf, inf, inf, inf, inf, inf, inf, inf, inf, inf, inf, inf, inf, inf, inf, inf, inf, inf, inf, inf, inf, inf, inf, inf, inf, inf, inf, inf, inf, inf, inf, inf, inf, inf, inf, inf, inf, inf, inf, inf, inf, inf, inf, inf, inf, inf, inf, inf, inf, inf, inf, inf, inf, inf, inf, inf, inf, inf, inf, inf, inf, inf, inf, inf, inf, 3.0560426712036133, inf, inf, inf, inf, 3.3848214149475098, 3.3850667476654053, 3.359992027282715, 3.360051393508911, 3.3560616970062256, 3.347379207611084, 3.3689215183258057, 3.3486578464508057, 3.359312057495117, 3.3580729961395264, 3.364551067352295, 3.3550078868865967, 3.3697128295898438, 3.3682236671447754, 3.3860747814178467, 3.3948769569396973, 3.430208683013916, 3.427300214767456, 3.4316022396087646, 3.447787046432495, 3.4807467460632324, 3.4805262088775635, 3.5, inf, inf, inf, inf, inf, inf, inf, inf, inf, inf, inf, inf, inf, inf, inf, inf, inf, inf, inf, inf, inf, inf, inf, inf, inf, inf, inf, inf, inf, inf, inf, inf, inf, inf, inf, inf, inf, inf, inf, inf, inf, inf, inf, inf, inf, inf, inf, inf, inf, inf, inf, inf, inf, inf, inf, inf, inf, inf, inf, inf, inf, inf, inf, inf, inf, inf, inf, inf, inf, inf, inf, inf, inf, inf, inf, inf, inf, inf, inf, inf, inf, inf, inf, inf, inf, inf, inf, inf, inf, inf, inf, inf, inf, inf, inf, inf, inf, inf, inf, inf, inf, inf, inf, inf, inf, inf, inf, inf, inf, inf, inf, inf, inf, inf, inf, inf, inf, inf, inf, inf, inf, inf, inf, inf, inf, inf, inf, inf, inf, inf, inf, inf, inf, inf, inf, inf, inf, inf, inf, inf, inf, inf, inf, inf, inf, inf, inf, inf, inf, inf, inf, inf, inf, inf, inf, inf, inf, inf, inf, inf, inf, inf, inf, inf, inf, inf, inf, inf, inf]),0.01749303564429283,917208000000
array('f', [inf, inf, inf, inf, inf, inf, inf, inf, inf, inf, inf, inf, inf, inf, inf, inf, inf, inf, inf, inf, inf, inf, inf, inf, inf, inf, inf, inf, inf, inf, inf, inf, inf, inf, inf, inf, inf, inf, inf, inf, inf, inf, inf, inf, inf, inf, inf, inf, inf, inf, inf, inf, inf, inf, inf, inf, inf, inf, inf, inf, inf, inf, inf, inf, inf, inf, inf, inf, inf, inf, inf, inf, inf, inf, inf, inf, inf, inf, inf, inf, inf, inf, inf, inf, inf, inf, inf, inf, inf, inf, inf, inf, inf, inf, inf, inf, inf, inf, inf, inf, inf, inf, inf, inf, inf, inf, inf, inf, inf, inf, inf, inf, inf, inf, inf, inf, inf, inf, inf, inf, inf, inf, inf, inf, inf, inf, inf, inf, inf, inf, inf, 3.244046926498413, inf, inf, inf, inf, inf, inf, inf, inf, inf, inf, inf, inf, inf, inf, inf, inf, inf, inf, inf, inf, inf, inf, inf, inf, inf, inf, inf, inf, inf, inf, inf, inf, inf, inf, inf, inf, inf, inf, inf, inf, inf, inf, inf, inf, inf, inf, inf, inf, inf, inf, inf, inf, inf, inf, inf, inf, inf, inf, inf, inf, inf, inf, inf, inf, inf, inf, inf, inf, inf, inf, inf, inf, inf, inf, inf, inf, inf, inf, inf, inf, inf, inf, inf, inf, inf, inf, inf, inf, inf, inf, inf, inf, inf, inf, inf, inf, inf, inf, inf, inf, inf, inf, inf, inf, inf, inf, inf, inf, inf, inf, inf, inf, inf, inf, inf, inf, inf, inf, inf, inf, inf, inf, inf, inf, inf, inf, inf, inf, inf, inf, inf, inf, inf, inf, inf, inf, inf, inf, inf, inf, inf, inf, inf, inf, inf, inf, inf, inf, inf, inf, inf, inf, inf, inf, inf, inf, inf, inf, inf, inf, inf, inf, inf, inf, inf, inf, inf, inf, inf, inf, inf, inf, inf, inf, inf, inf, inf, inf, inf, inf, inf, inf, inf, inf, inf, inf, inf, inf, inf, inf, inf, inf, inf, inf, inf, inf, inf, inf, inf, inf, inf, inf, inf, inf, inf, inf, inf, inf, inf, inf, inf, inf, inf, inf, inf, inf, inf, inf, inf, inf, inf, inf, inf, inf, inf, inf, inf, inf]),0.01749303564429283,917408000000
array('f', [inf, inf, inf, inf, inf, inf, inf, inf, inf, inf, inf, inf, inf, inf, inf, inf, inf, inf, inf, inf, inf, inf, inf, inf, inf, inf, inf, inf, inf, inf, inf, inf, inf, inf, inf, inf, inf, inf, inf, inf, inf, inf, inf, inf, inf, inf, inf, inf, inf, inf, inf, inf, inf, inf, inf, inf, inf, inf, inf, inf, inf, inf, inf, inf, inf, inf, inf, inf, inf, inf, inf, inf, inf, inf, inf, inf, inf, inf, inf, inf, inf, inf, inf, inf, inf, inf, inf, inf, inf, inf, inf, inf, inf, inf, inf, inf, inf, inf, inf, inf, inf, inf, inf, inf, inf, inf, inf, inf, inf, inf, inf, inf, inf, inf, inf, inf, inf, inf, inf, inf, inf, inf, inf, inf, inf, inf, inf, inf, inf, inf, inf, inf, inf, inf, inf, inf, inf, inf, inf, inf, inf, inf, inf, inf, inf, inf, inf, inf, inf, inf, inf, inf, inf, inf, inf, inf, inf, inf, inf, inf, inf, inf, inf, inf, inf, inf, inf, inf, inf, inf, inf, inf, inf, inf, inf, inf, inf, inf, inf, inf, inf, inf, inf, inf, inf, inf, inf, inf, inf, inf, inf, inf, inf, inf, inf, inf, inf, inf, inf, inf, inf, inf, inf, inf, inf, inf, inf, inf, inf, inf, inf, inf, inf, inf, inf, inf, inf, inf, inf, inf, inf, inf, inf, inf, inf, inf, inf, inf, inf, inf, inf, inf, inf, inf, inf, inf, inf, inf, inf, inf, inf, inf, inf, inf, inf, inf, inf, inf, inf, inf, inf, inf, inf, inf, inf, inf, inf, inf, inf, inf, inf, inf, inf, inf, inf, inf, inf, inf, inf, inf, inf, inf, inf, inf, inf, inf, inf, inf, inf, inf, inf, inf, inf, inf, inf, inf, inf, inf, inf, inf, inf, inf, inf, inf, inf, inf, inf, inf, inf, inf, inf, inf, inf, inf, inf, inf, inf, inf, inf, inf, inf, inf, inf, inf, inf, inf, inf, inf, inf, inf, inf, inf, inf, inf, inf, inf, inf, inf, inf, inf, inf, inf, inf, inf, inf, inf, inf, inf, inf, inf, inf, inf, inf, inf, inf, inf, inf, inf, inf, inf, inf, inf, inf, inf, inf, inf, inf, inf, inf, inf]),0.01749303564429283,917608000000
array('f', [inf, inf, inf, inf, inf, inf, inf, inf, inf, inf, inf, inf, inf, inf, inf, inf, inf, inf, inf, inf, inf, inf, inf, inf, inf, inf, inf, inf, inf, inf, inf, inf, inf, inf, inf, inf, inf, inf, inf, inf, inf, inf, inf, inf, inf, inf, inf, inf, inf, inf, inf, inf, inf, inf, inf, inf, inf, inf, inf, inf, inf, inf, inf, inf, inf, inf, inf, inf, inf, inf, inf, inf, inf, inf, inf, inf, inf, inf, inf, inf, inf, inf, inf, inf, inf, inf, inf, inf, inf, inf, inf, inf, inf, inf, inf, inf, inf, inf, inf, inf, inf, inf, inf, inf, inf, inf, inf, inf, inf, inf, inf, inf, inf, inf, inf, inf, inf, inf, inf, inf, inf, inf, inf, inf, inf, inf, inf, inf, inf, inf, inf, inf, inf, inf, inf, inf, inf, inf, inf, inf, inf, inf, inf, inf, inf, inf, inf, inf, inf, inf, inf, inf, inf, inf, inf, inf, inf, inf, inf, inf, inf, inf, inf, inf, inf, inf, inf, inf, inf, inf, inf, inf, inf, inf, inf, inf, inf, inf, inf, inf, inf, inf, inf, inf, inf, inf, inf, inf, inf, inf, inf, inf, inf, inf, inf, inf, inf, inf, inf, inf, inf, inf, inf, inf, inf, inf, inf, inf, inf, inf, inf, inf, inf, inf, inf, inf, inf, inf, inf, inf, inf, inf, inf, inf, inf, inf, inf, inf, inf, inf, inf, inf, inf, inf, inf, inf, inf, inf, inf, inf, inf, inf, inf, inf, inf, inf, inf, inf, inf, inf, inf, inf, inf, inf, inf, inf, inf, inf, inf, inf, inf, inf, inf, inf, inf, inf, inf, inf, inf, inf, inf, inf, inf, inf, inf, inf, inf, inf, inf, inf, inf, inf, inf, inf, inf, inf, inf, inf, inf, inf, inf, inf, inf, inf, inf, inf, inf, inf, inf, inf, inf, inf, inf, inf, inf, inf, inf, inf, inf, inf, inf, inf, inf, inf, inf, inf, inf, inf, inf, inf, inf, inf, inf, inf, inf, inf, inf, inf, inf, inf, inf, inf, inf, inf, inf, inf, inf, inf, inf, inf, inf, inf, inf, inf, inf, inf, inf, inf, inf, inf, inf, inf, inf, inf, inf, inf, inf, inf, inf, inf]),0.01749303564429283,917808000000
array('f', [inf, inf, inf, inf, inf, inf, inf, inf, inf, inf, inf, inf, inf, inf, inf, inf, inf, inf, inf, inf, inf, inf, inf, inf, inf, inf, inf, inf, inf, inf, inf, inf, inf, inf, inf, inf, inf, inf, inf, inf, inf, inf, inf, inf, inf, inf, inf, inf, inf, inf, inf, inf, inf, inf, inf, inf, inf, inf, inf, inf, inf, inf, inf, inf, inf, inf, inf, inf, inf, inf, inf, inf, inf, inf, inf, inf, inf, inf, inf, inf, inf, inf, inf, inf, inf, inf, inf, inf, inf, inf, inf, inf, inf, inf, inf, inf, inf, inf, inf, inf, inf, inf, inf, inf, inf, inf, inf, inf, inf, inf, inf, inf, inf, inf, inf, inf, inf, inf, inf, inf, inf, inf, inf, inf, inf, inf, inf, inf, inf, inf, inf, inf, inf, inf, inf, inf, inf, inf, inf, inf, inf, inf, inf, inf, inf, inf, inf, inf, inf, inf, inf, inf, inf, inf, inf, inf, inf, inf, inf, inf, inf, inf, inf, inf, inf, inf, inf, inf, inf, inf, inf, inf, inf, inf, inf, inf, inf, inf, inf, inf, inf, inf, inf, inf, inf, inf, inf, inf, inf, inf, inf, inf, inf, inf, inf, inf, inf, inf, inf, inf, inf, inf, inf, inf, inf, inf, inf, inf, inf, inf, inf, inf, inf, inf, inf, inf, inf, inf, inf, inf, inf, inf, inf, inf, inf, inf, inf, inf, inf, inf, inf, inf, inf, inf, inf, inf, inf, inf, inf, inf, inf, inf, inf, inf, inf, inf, inf, inf, inf, inf, inf, inf, inf, inf, inf, inf, inf, inf, inf, inf, inf, inf, inf, inf, inf, inf, inf, inf, inf, inf, inf, inf, inf, inf, inf, inf, inf, inf, inf, inf, inf, inf, inf, inf, inf, inf, inf, inf, inf, inf, inf, inf, inf, inf, inf, inf, inf, inf, inf, inf, inf, inf, inf, inf, inf, inf, inf, inf, inf, inf, inf, inf, inf, inf, inf, inf, inf, inf, inf, inf, inf, inf, inf, inf, inf, inf, inf, inf, inf, inf, inf, inf, inf, inf, inf, inf, inf, inf, inf, inf, inf, inf, inf, 3.099614143371582, inf, inf, inf, 3.4398105144500732, 3.446997880935669, 3.4555821418762207, 3.4443979263305664, 3.4636499881744385, 3.47817063331604, 3.4887027740478516, 3.486382007598877, 3.5, inf, inf, inf, inf]),0.01749303564429283,918008000000
array('f', [inf, inf, inf, inf, inf, inf, inf, inf, inf, inf, inf, inf, inf, inf, inf, inf, inf, inf, inf, inf, inf, inf, inf, inf, inf, inf, inf, inf, inf, inf, inf, inf, inf, inf, inf, inf, inf, inf, inf, inf, inf, inf, inf, inf, inf, inf, inf, inf, inf, inf, inf, inf, inf, inf, inf, inf, inf, inf, inf, inf, inf, inf, inf, inf, inf, inf, inf, inf, inf, inf, inf, inf, inf, inf, inf, inf, inf, inf, inf, inf, inf, inf, inf, inf, inf, inf, inf, inf, inf, inf, inf, inf, inf, inf, inf, inf, inf, inf, inf, inf, inf, inf, inf, inf, inf, inf, inf, inf, inf, inf, inf, inf, inf, inf, inf, inf, inf, inf, inf, inf, inf, inf, inf, inf, inf, inf, inf, inf, inf, inf, inf, inf, inf, inf, inf, inf, inf, inf, inf, inf, inf, inf, inf, inf, inf, inf, inf, inf, inf, inf, inf, inf, inf, inf, inf, inf, inf, inf, inf, inf, inf, inf, inf, inf, inf, inf, inf, inf, inf, inf, inf, inf, inf, inf, inf, inf, inf, inf, inf, inf, inf, inf, inf, inf, inf, inf, inf, inf, inf, inf, inf, inf, inf, inf, inf, inf, inf, inf, inf, inf, inf, inf, inf, inf, inf, inf, inf, inf, inf, inf, inf, inf, inf, inf, inf, inf, inf, inf, inf, inf, inf, inf, inf, inf, inf, inf, inf, inf, inf, inf, inf, inf, inf, inf, inf, inf, inf, inf, inf, inf, inf, inf, inf, inf, inf, inf, inf, inf, inf, inf, inf, inf, inf, inf, inf, inf, inf, inf, inf, inf, inf, inf, inf, inf, inf, 3.4907665252685547, 3.46376895904541, 3.4378678798675537, 3.431114435195923, 3.3999173641204834, 3.3922197818756104, inf, inf, inf, inf, inf, inf, inf, inf, inf, inf, 2.9360501766204834, inf, inf, inf, inf, 3.2741024494171143, 3.2739181518554688, 3.286151647567749, 3.278212308883667, 3.29018497467041, 3.2684073448181152, 3.304483413696289, 3.314392566680908, 3.312286853790283, 3.3330960273742676, 3.328725576400757, 3.3314030170440674, 3.3383820056915283, 3.365381956100464, 3.3936378955841064, 3.397141218185425, 3.420727491378784, 3.446174144744873, 3.4463000297546387, 3.476640224456787, inf, inf, inf, inf, inf, inf, inf, inf, inf, inf, inf, inf, inf, inf, inf, inf, inf, inf, inf, inf, inf, inf, inf, inf, inf, inf, inf, inf, inf, inf, inf, inf, inf, inf, inf, inf, inf, inf, inf, inf, inf, inf, inf, inf, inf, inf, inf, inf, inf, inf, inf, inf, inf, inf]),0.01749303564429283,918208000000
array('f', [inf, inf, inf, inf, inf, inf, inf, inf, inf, inf, inf, inf, inf, inf, inf, inf, inf, inf, inf, inf, inf, inf, inf, inf, inf, inf, inf, inf, inf, inf, inf, inf, inf, inf, inf, inf, inf, inf, inf, inf, inf, inf, inf, inf, inf, inf, inf, inf, inf, inf, inf, inf, inf, inf, inf, inf, inf, inf, inf, inf, inf, inf, inf, inf, inf, inf, inf, inf, inf, inf, inf, inf, inf, inf, inf, inf, inf, inf, inf, inf, inf, inf, inf, inf, inf, inf, inf, inf, inf, inf, inf, inf, inf, inf, inf, inf, inf, inf, inf, inf, inf, inf, inf, inf, inf, inf, inf, inf, inf, inf, inf, inf, inf, inf, inf, inf, inf, inf, inf, inf, inf, inf, inf, inf, inf, inf, inf, inf, inf, inf, inf, inf, inf, inf, inf, inf, inf, inf, inf, inf, inf, inf, inf, inf, inf, inf, inf, inf, inf, inf, inf, inf, inf, inf, inf, inf, inf, inf, inf, inf, inf, inf, inf, inf, inf, inf, inf, inf, inf, inf, inf, inf, inf, inf, inf, inf, inf, inf, inf, inf, inf, inf, inf, inf, inf, inf, inf, inf, inf, inf, inf, inf, inf, inf, inf, inf, inf, inf, inf, inf, 3.5, 3.4716134071350098, inf, inf, inf, inf, inf, inf, inf, inf, inf, inf, 2.979008913040161, inf, inf, inf, inf, 3.312843084335327, 3.2764084339141846, 3.2953572273254395, 3.309312105178833, 3.291354179382324, 3.3113222122192383, 3.2929179668426514, 3.297083854675293, 3.31937313079834, 3.3240466117858887, 3.3152151107788086, 3.3462703227996826, 3.3496360778808594, 3.3665976524353027, 3.369936227798462, 3.3769307136535645, 3.393691062927246, 3.415693998336792, 3.438938856124878, 3.4495818614959717, 3.4429354667663574, 3.485682964324951, inf, inf, inf, inf, inf, inf, inf, inf, inf, inf, inf, inf, inf, inf, inf, inf, inf, inf, inf, inf, inf, inf, inf, inf, inf, inf, inf, inf, inf, inf, inf, inf, inf, inf, inf, inf, inf, inf, inf, inf, inf, inf, inf, inf, inf, inf, inf, inf, inf, inf, inf, inf, inf, inf, inf, inf, inf, inf, inf, inf, inf, inf, inf, inf, inf, inf, inf, inf, inf, inf, inf, inf, inf, inf, inf, inf, inf, inf, inf, inf, inf, inf, inf, inf, inf, inf, inf, inf, inf, inf, inf, inf, inf, inf, inf, inf, inf, inf, inf, inf, inf, inf, inf, inf, inf, inf, inf, inf, inf, inf, inf, inf, inf, inf, inf, inf, inf, inf, inf, inf, inf]),0.01749303564429283,918408000000
array('f', [inf, inf, inf, inf, inf, inf, inf, inf, inf, inf, inf, inf, inf, inf, inf, inf, inf, inf, inf, inf, inf, inf, inf, inf, inf, inf, inf, inf, inf, inf, inf, inf, inf, inf, inf, inf, inf, inf, inf, inf, inf, inf, inf, inf, inf, inf, inf, inf, inf, inf, inf, inf, inf, inf, inf, inf, inf, inf, inf, inf, inf, inf, inf, inf, inf, inf, inf, inf, inf, inf, inf, inf, inf, inf, inf, inf, inf, inf, inf, inf, inf, inf, inf, inf, inf, inf, inf, inf, inf, inf, inf, inf, inf, inf, inf, inf, inf, inf, inf, inf, inf, inf, inf, inf, inf, inf, inf, inf, inf, inf, inf, inf, inf, inf, inf, inf, inf, inf, inf, inf, inf, inf, inf, inf, inf, inf, inf, inf, inf, inf, inf, inf, inf, inf, inf, inf, inf, inf, inf, inf, inf, inf, inf, inf, inf, inf, 3.169102430343628, inf, inf, inf, inf, 3.497044563293457, 3.496997117996216, 3.486316442489624, 3.5, 3.475972890853882, 3.494575023651123, 3.484421491622925, 3.4816181659698486, inf, inf, inf, inf, inf, inf, inf, inf, inf, inf, inf, inf, inf, inf, inf, inf, inf, inf, inf, inf, inf, inf, inf, inf, inf, inf, inf, inf, inf, inf, inf, inf, inf, inf, inf, inf, inf, inf, inf, inf, inf, inf, inf, inf, inf, inf, inf, inf, inf, inf, inf, inf, inf, inf, inf, inf, inf, inf, inf, inf, inf, inf, inf, inf, inf, inf, inf, inf, inf, inf, inf, inf, inf, inf, inf, inf, inf, inf, inf, inf, inf, inf, inf, inf, inf, inf, inf, inf, inf, inf, inf, inf, inf, inf, inf, inf, inf, inf, inf, inf, inf, inf, inf, inf, inf, inf, inf, inf, inf, inf, inf, inf, inf, inf, inf, inf, inf, inf, inf, inf, inf, inf, inf, inf, inf, inf, inf, inf, inf, inf, inf, inf, inf, inf, inf, inf, inf, inf, inf, inf, inf, inf, inf, inf, inf, inf, inf, inf, inf, inf, inf, inf, inf, inf, inf, inf, inf, inf, inf, inf, inf, inf, inf, inf, inf, inf, inf, inf, inf, inf, inf, inf, inf, inf, inf, inf, inf, inf, inf, inf, inf, inf, inf, inf, inf, inf, inf, inf, inf, inf, inf, inf, inf, inf, inf, inf, inf, inf, inf, inf, inf]),0.01749303564429283,918608000000
array('f', [inf, inf, inf, inf, inf, inf, inf, inf, inf, inf, inf, inf, inf, inf, inf, inf, inf, inf, inf, inf, inf, inf, inf, inf, inf, inf, inf, inf, inf, inf, inf, inf, inf, inf, inf, inf, inf, inf, inf, inf, inf, inf, inf, inf, inf, inf, inf, inf, inf, inf, inf, inf, inf, inf, inf, inf, inf, inf, inf, inf, inf, inf, inf, inf, inf, inf, inf, inf, inf, inf, inf, inf, inf, inf, inf, inf, inf, inf, inf, inf, inf, inf, inf, inf, 3.285168170928955, inf, inf, inf, inf, inf, inf, inf, inf, inf, inf, inf, inf, inf, inf, inf, inf, inf, inf, inf, inf, inf, inf, inf, inf, inf, inf, inf, inf, inf, inf, inf, inf, inf, inf, inf, inf, inf, inf, inf, inf, inf, inf, inf, inf, inf, inf, inf, inf, inf, inf, inf, inf, inf, inf, inf, inf, inf, inf, inf, inf, inf, inf, inf, inf, inf, inf, inf, inf, inf, inf, inf, inf, inf, inf, inf, inf, inf, inf, inf, inf, inf, inf, inf, inf, inf, inf, inf, inf, inf, inf, inf, inf, inf, inf, inf, inf, inf, inf, inf, inf, inf, inf, inf, inf, inf, inf, inf, inf, inf, inf, inf, inf, inf, inf, inf, inf, inf, inf, inf, inf, inf, inf, inf, inf, inf, inf, inf, inf, inf, inf, inf, inf, inf, inf, inf, inf, inf, inf, inf, inf, inf, inf, inf, inf, inf, inf, inf, inf, inf, inf, inf, inf, inf, inf, inf, inf, inf, inf, inf, inf, inf, inf, inf, inf, inf, inf, inf, inf, inf, inf, inf, inf, inf, inf, inf, inf, inf, inf, inf, inf, inf, inf, inf, inf, inf, inf, inf, inf, inf, inf, inf, inf, inf, inf, inf, inf, inf, inf, inf, inf, inf, inf, inf, inf, inf, inf, inf, inf, inf, inf, inf, inf, inf, inf, inf, inf, inf, inf, inf, inf, inf, inf, inf, inf, inf, inf, inf, inf, inf, inf, inf, inf, inf, inf, inf, inf, inf, inf, inf, inf, inf, inf, inf, inf, inf, inf, inf, inf, inf, inf, inf, inf, inf, inf, inf, inf, inf, inf, inf, inf, inf, inf, inf, inf, inf, inf, inf, inf, inf, inf, inf, inf, inf, inf, inf]),0.01749303564429283,918808000000
array('f', [inf, inf, inf, inf, inf, inf, inf, inf, inf, inf, inf, inf, inf, inf, inf, inf, inf, inf, inf, inf, inf, inf, inf, 3.1981663703918457, inf, inf, inf, inf, inf, inf, inf, inf, inf, inf, inf, inf, inf, inf, inf, inf, inf, inf, inf, inf, inf, inf, inf, inf, inf, inf, inf, inf, inf, inf, inf, inf, inf, inf, inf, inf, inf, inf, inf, inf, inf, inf, inf, inf, inf, inf, inf, inf, inf, inf, inf, inf, inf, inf, inf, inf, inf, inf, inf, inf, inf, inf, inf, inf, inf, inf, inf, inf, inf, inf, inf, inf, inf, inf, inf, inf, inf, inf, inf, inf, inf, inf, inf, inf, inf, inf, inf, inf, inf, inf, inf, inf, inf, inf, inf, inf, inf, inf, inf, inf, inf, inf, inf, inf, inf, inf, inf, inf, inf, inf, inf, inf, inf, inf, inf, inf, inf, inf, inf, inf, inf, inf, inf, inf, inf, inf, inf, inf, inf, inf, inf, inf, inf, inf, inf, inf, inf, inf, inf, inf, inf, inf, inf, inf, inf, inf, inf, inf, inf, inf, inf, inf, inf, inf, inf, inf, inf, inf, inf, inf, inf, inf, inf, inf, inf, inf, inf, inf, inf, inf, inf, inf, inf, inf, inf, inf, inf, inf, inf, inf, inf, inf, inf, inf, inf, inf, inf, inf, inf, inf, inf, inf, inf, inf, inf, inf, inf, inf, inf, inf, inf, inf, inf, inf, inf, inf, inf, inf, inf, inf, inf, inf, inf, inf, inf, inf, inf, inf, inf, inf, inf, inf, inf, inf, inf, inf, inf, inf, inf, inf, inf, inf, inf, inf, inf, inf, inf, inf, inf, inf, inf, inf, inf, inf, inf, inf, inf, inf, inf, inf, inf, inf, inf, inf, inf, inf, inf, inf, inf, inf, inf, inf, inf, inf, inf, inf, inf, inf, inf, inf, inf, inf, inf, inf, inf, inf, inf, inf, inf, inf, inf, inf, inf, inf, inf, inf, inf, inf, inf, inf, inf, inf, inf, inf, inf, inf, inf, inf, inf, inf, inf, inf, inf, inf, inf, inf, inf, inf, inf, inf, inf, inf, inf, inf, inf, inf, inf, inf, inf, inf, inf, inf, inf, inf, inf, inf, inf, inf, inf, inf, inf, inf, inf, inf, inf, inf]),0.01749303564429283,919008000000
array('f', [inf, inf, inf, inf, inf, inf, inf, inf, inf, inf, inf, inf, inf, inf, inf, inf, inf, inf, inf, inf, inf, inf, inf, inf, inf, inf, inf, inf, inf, inf, inf, inf, inf, inf, inf, inf, inf, inf, inf, inf, inf, inf, inf, inf, inf, inf, inf, inf, inf, inf, inf, inf, inf, inf, inf, inf, inf, inf, inf, inf, inf, inf, inf, inf, inf, inf, inf, inf, inf, inf, inf, inf, inf, inf, inf, inf, inf, inf, inf, inf, inf, inf, inf, inf, inf, inf, inf, inf, inf, inf, inf, inf, inf, inf, inf, inf, inf, inf, inf, inf, inf, inf, inf, inf, inf, inf, inf, inf, inf, inf, inf, inf, inf, inf, inf, inf, inf, inf, inf, inf, inf, inf, inf, inf, inf, inf, inf, inf, inf, inf, inf, inf, inf, inf, inf, inf, inf, inf, inf, inf, inf, inf, inf, inf, inf, inf, inf, inf, inf, inf, inf, inf, inf, inf, inf, inf, inf, inf, inf, inf, inf, inf, inf, inf, inf, inf, inf, inf, inf, inf, inf, inf, inf, inf, inf, inf, inf, inf, inf, inf, inf, inf, inf, inf, inf, inf, inf, inf, inf, inf, inf, inf, inf, inf, inf, inf, inf, inf, inf, inf, inf, inf, inf, inf, inf, inf, inf, inf, inf, inf, inf, inf, inf, inf, inf, inf, inf, inf, inf, inf, inf, inf, inf, inf, inf, inf, inf, inf, inf, inf, inf, inf, inf, inf, inf, inf, inf, inf, inf, inf, inf, inf, inf, inf, inf, inf, inf, inf, inf, inf, inf, inf, inf, inf, inf, inf, inf, inf, inf, inf, inf, inf, inf, inf, inf, inf, inf, inf, inf, inf, inf, inf, inf, inf, inf, inf, inf, inf, inf, inf, inf, inf, inf, inf, inf, inf, inf, inf, inf, inf, inf, inf, inf, inf, inf, inf, inf, inf, inf, inf, inf, inf, inf, inf, inf, inf, inf, 3.483841896057129, 3.4898390769958496, 3.4675912857055664, inf, inf, inf, inf, inf, inf, inf, inf, inf, inf, 3.0237948894500732, inf, inf, inf, 3.3761205673217773, 3.3777713775634766, 3.3736422061920166, 3.392423629760742, 3.391239643096924, 3.402256727218628, 3.400416851043701, 3.4259910583496094, 3.4308080673217773, 3.436431646347046, 3.453648567199707, 3.456583023071289, 3.481498956680298, 3.4733331203460693, inf, inf, inf, inf, inf, inf, inf, inf, inf, inf, inf, inf, inf, inf, inf, inf, inf, inf, inf, inf, inf, inf]),0.01749303564429283,919208000000
array('f', [inf, inf, inf, inf, inf, inf, inf, inf, inf, inf, inf, inf, inf, inf, inf, inf, inf, inf, inf, inf, inf, inf, inf, inf, inf, inf, inf, inf, inf, inf, inf, inf, inf, inf, inf, inf, inf, inf, inf, inf, inf, inf, inf, inf, inf, inf, inf, inf, inf, inf, inf, inf, inf, inf, inf, inf, inf, inf, inf, inf, inf, inf, inf, inf, inf, inf, inf, inf, inf, inf, inf, inf, inf, inf, inf, inf, inf, inf, inf, inf, inf, inf, inf, inf, inf, inf, inf, inf, inf, inf, inf, inf, inf, inf, inf, inf, inf, inf, inf, inf, inf, inf, inf, inf, inf, inf, inf, inf, inf, inf, inf, inf, inf, inf, inf, inf, inf, inf, inf, inf, inf, inf, inf, inf, inf, inf, inf, inf, inf, inf, inf, inf, inf, inf, inf, inf, inf, inf, inf, inf, inf, inf, inf, inf, inf, inf, inf, inf, inf, inf, inf, inf, inf, inf, inf, inf, inf, inf, inf, inf, inf, inf, inf, inf, inf, inf, inf, inf, inf, inf, inf, inf, inf, inf, inf, inf, inf, inf, inf, inf, inf, inf, inf, inf, inf, inf, inf, inf, inf, inf, inf, inf, inf, inf, inf, inf, inf, inf, inf, inf, inf, inf, inf, inf, inf, inf, inf, inf, inf, inf, inf, inf, inf, inf, inf, inf, inf, inf, inf, inf, inf, inf, inf, inf, inf, inf, inf, inf, inf, inf, inf, inf, inf, inf, inf, inf, inf, inf, inf, inf, 3.5, 3.4633781909942627, 3.4690134525299072, 3.4400711059570312, 3.423194169998169, inf, inf, inf, inf, inf, inf, inf, inf, inf, inf, 2.9403316974639893, inf, inf, inf, inf, 3.2814748287200928, 3.276183843612671, 3.265310764312744, 3.27473521232605, 3.2869458198547363, 3.2944700717926025, 3.28227162361145, 3.298595428466797, 3.296428918838501, 3.3246548175811768, 3.326343059539795, 3.3378570079803467, 3.346097469329834, 3.3611536026000977, 3.3834662437438965, 3.3849411010742188, 3.3958730697631836, 3.4195199012756348, 3.458667039871216, 3.456312417984009, 3.489999294281006, inf, inf, inf, inf, inf, inf, inf, inf, inf, inf, inf, inf, inf, inf, inf, inf, inf, inf, inf, inf, inf, inf, inf, inf, inf, inf, inf, inf, inf, inf, inf, inf, inf, inf, inf, inf, inf, inf, inf, inf, inf, inf, inf, inf, inf, inf, inf, inf, inf, inf, inf, inf, inf, inf, inf, inf, inf, inf, inf, inf, inf, inf, inf, inf, inf, inf, inf, inf, inf, inf, inf, inf, inf, inf, inf, inf, inf, inf, inf]),0.01749303564429283,919408000000
array('f', [inf, inf, inf, inf, inf, inf, inf, inf, inf, inf, inf, inf, inf, inf, inf, inf, inf, inf, inf, inf, inf, inf, inf, inf, inf, inf, inf, inf, inf, inf, inf, inf, inf, inf, inf, inf, inf, inf, inf, inf, inf, inf, inf, inf, inf, inf, inf, inf, inf, inf, inf, inf, inf, inf, inf, inf, inf, inf, inf, inf, inf, inf, inf, inf, inf, inf, inf, inf, inf, inf, inf, inf, inf, inf, inf, inf, inf, inf, inf, inf, inf, inf, inf, inf, inf, inf, inf, inf, inf, inf, inf, inf, inf, inf, inf, inf, inf, inf, inf, inf, inf, inf, inf, inf, inf, inf, inf, inf, inf, inf, inf, inf, inf, inf, inf, inf, inf, inf, inf, inf, inf, inf, inf, inf, inf, inf, inf, inf, inf, inf, inf, inf, inf, inf, inf, inf, inf, inf, inf, inf, inf, inf, inf, inf, inf, inf, inf, inf, inf, inf, inf, inf, inf, inf, inf, inf, inf, inf, inf, inf, inf, inf, inf, inf, inf, inf, inf, inf, inf, inf, inf, inf, inf, inf, inf, inf, inf, inf, inf, inf, inf, inf, inf, inf, inf, inf, inf, inf, inf, inf, inf, inf, inf, inf, inf, inf, inf, 3.364198923110962, 3.3619089126586914, 3.356499433517456, 3.3602373600006104, 3.3372457027435303, 3.361952304840088, 3.367642402648926, 3.3666653633117676, 3.3827409744262695, 3.388674736022949, 3.4084110260009766, 3.38786244392395, 3.4279775619506836, 3.4038515090942383, 3.427053213119507, 3.437791347503662, 3.458254814147949, 3.4684128761291504, 3.4912893772125244, inf, inf, inf, inf, inf, inf, inf, inf, inf, inf, inf, inf, inf, inf, inf, inf, inf, inf, inf, inf, inf, inf, inf, inf, inf, inf, inf, inf, inf, inf, inf, inf, inf, inf, inf, inf, inf, inf, inf, inf, inf, inf, inf, inf, inf, inf, inf, inf, inf, inf, inf, inf, inf, inf, inf, inf, inf, inf, inf, inf, inf, inf, inf, inf, inf, inf, inf, inf, inf, inf, inf, inf, inf, inf, inf, inf, inf, inf, inf, inf, inf, inf, inf, inf, inf, inf, inf, inf, inf, inf, inf, inf, inf, inf, inf, inf, inf, inf, inf, inf, inf, inf, inf, inf, inf, inf, inf, inf, inf, inf, inf, inf, inf, inf, inf, inf, inf, inf, inf, inf, inf, inf, inf, inf, inf, inf, inf, inf, inf, inf, inf, inf, inf, inf, inf, inf, inf, inf, inf, inf, inf, inf, inf, inf]),0.01749303564429283,919608000000
array('f', [inf, inf, inf, inf, inf, inf, inf, inf, inf, inf, inf, inf, inf, inf, inf, inf, inf, inf, inf, inf, inf, inf, inf, inf, inf, inf, inf, inf, inf, inf, inf, inf, inf, inf, inf, inf, inf, inf, inf, inf, inf, inf, inf, inf, inf, inf, inf, inf, inf, inf, inf, inf, inf, inf, inf, inf, inf, inf, inf, inf, inf, inf, inf, inf, inf, inf, inf, inf, inf, inf, inf, inf, inf, inf, inf, inf, inf, inf, inf, inf, inf, inf, inf, inf, inf, inf, inf, inf, inf, inf, inf, inf, inf, inf, inf, inf, inf, inf, inf, inf, inf, inf, inf, inf, inf, inf, inf, inf, inf, inf, inf, inf, inf, inf, inf, inf, inf, inf, inf, inf, inf, inf, inf, inf, inf, inf, inf, inf, inf, inf, inf, inf, 3.205775499343872, inf, inf, inf, inf, inf, inf, inf, inf, inf, inf, inf, inf, inf, inf, inf, inf, inf, inf, inf, inf, inf, inf, inf, inf, inf, inf, inf, inf, inf, inf, inf, inf, inf, inf, inf, inf, inf, inf, inf, inf, inf, inf, inf, inf, inf, inf, inf, inf, inf, inf, inf, inf, inf, inf, inf, inf, inf, inf, inf, inf, inf, inf, inf, inf, inf, inf, inf, inf, inf, inf, inf, inf, inf, inf, inf, inf, inf, inf, inf, inf, inf, inf, inf, inf, inf, inf, inf, inf, inf, inf, inf, inf, inf, inf, inf, inf, inf, inf, inf, inf, inf, inf, inf, inf, inf, inf, inf, inf, inf, inf, inf, inf, inf, inf, inf, inf, inf, inf, inf, inf, inf, inf, inf, inf, inf, inf, inf, inf, inf, inf, inf, inf, inf, inf, inf, inf, inf, inf, inf, inf, inf, inf, inf, inf, inf, inf, inf, inf, inf, inf, inf, inf, inf, inf, inf, inf, inf, inf, inf, inf, inf, inf, inf, inf, inf, inf, inf, inf, inf, inf, inf, inf, inf, inf, inf, inf, inf, inf, inf, inf, inf, inf, inf, inf, inf, inf, inf, inf, inf, inf, inf, inf, inf, inf, inf, inf, inf, inf, inf, inf, inf, inf, inf, inf, inf, inf, inf, inf, inf, inf, inf, inf, inf, inf, inf, inf, inf, inf, inf, inf, inf, inf, inf, inf, inf, inf, inf]),0.01749303564429283,919808000000
array('f', [inf, inf, inf, inf, inf, inf, inf, inf, inf, inf, inf, inf, inf, inf, inf, inf, inf, inf, inf, inf, inf, inf, inf, inf, inf, inf, inf, inf, inf, inf, inf, inf, inf, inf, inf, inf, inf, inf, inf, inf, inf, inf, inf, inf, inf, inf, inf, inf, inf, inf, inf, inf, inf, inf, inf, inf, inf, inf, inf, inf, inf, inf, inf, inf, inf, inf, inf, inf, inf, inf, inf, inf, inf, inf, inf, 3.276747941970825, inf, inf, inf, inf, inf, inf, inf, inf, inf, inf, inf, inf, inf, inf, inf, inf, inf, inf, inf, inf, inf, inf, inf, inf, inf, inf, inf, inf, inf, inf, inf, inf, inf, inf, inf, inf, inf, inf, inf, inf, inf, inf, inf, inf, inf, inf, inf, inf, inf, inf, inf, inf, inf, inf, inf, inf, inf, inf, inf, inf, inf, inf, inf, inf, inf, inf, inf, inf, inf, inf, inf, inf, inf, inf, inf, inf, inf, inf, inf, inf, inf, inf, inf, inf, inf, inf, inf, inf, inf, inf, inf, inf, inf, inf, inf, inf, inf, inf, inf, inf, inf, inf, inf, inf, inf, inf, inf, inf, inf, inf, inf, inf, inf, inf, inf, inf, inf, inf, inf, inf, inf, inf, inf, inf, inf, inf, inf, inf, inf, inf, inf, inf, inf, inf, inf, inf, inf, inf, inf, inf, inf, inf, inf, inf, inf, inf, inf, inf, inf, inf, inf, inf, inf, inf, inf, inf, inf, inf, inf, inf, inf, inf, inf, inf, inf, inf, inf, inf, inf, inf, inf, inf, inf, inf, inf, inf, inf, inf, inf, inf, inf, inf, inf, inf, inf, inf, inf, inf, inf, inf, inf, inf, inf, inf, inf, inf, inf, inf, inf, inf, inf, inf, inf, inf, inf, inf, inf, inf, inf, inf, inf, inf, inf, inf, inf, inf, inf, inf, inf, inf, inf, inf, inf, inf, inf, inf, inf, inf, inf, inf, inf, inf, inf, inf, inf, inf, inf, inf, inf, inf, inf, inf, inf, inf, inf, inf, inf, inf, inf, inf, inf, inf, inf, inf, inf, inf, inf, inf, inf, inf, inf, inf, inf, inf, inf, inf, inf, inf, inf, inf, inf, inf, inf, inf, inf, inf, inf, inf, inf, inf, inf, inf, inf, inf]),0.01749303564429283,920008000000
array('f', [inf, inf, inf, inf, inf, inf, inf, inf, inf, inf, inf, inf, inf, inf, inf, inf, inf, inf, inf, 3.202082395553589, inf, inf, inf, inf, inf, inf, inf, inf, inf, inf, inf, inf, inf, inf, inf, inf, inf, inf, inf, inf, inf, inf, inf, inf, inf, inf, inf, inf, inf, inf, inf, inf, inf, inf, inf, inf, inf, inf, inf, inf, inf, inf, inf, inf, inf, inf, inf, inf, inf, inf, inf, inf, inf, inf, inf, inf, inf, inf, inf, inf, inf, inf, inf, inf, inf, inf, inf, inf, inf, inf, inf, inf, inf, inf, inf, inf, inf, inf, inf, inf, inf, inf, inf, inf, inf, inf, inf, inf, inf, inf, inf, inf, inf, inf, inf, inf, inf, inf, inf, inf, inf, inf, inf, inf, inf, inf, inf, inf, inf, inf, inf, inf, inf, inf, inf, inf, inf, inf, inf, inf, inf, inf, inf, inf, inf, inf, inf, inf, inf, inf, inf, inf, inf, inf, inf, inf, inf, inf, inf, inf, inf, inf, inf, inf, inf, inf, inf, inf, inf, inf, inf, inf, inf, inf, inf, inf, inf, inf, inf, inf, inf, inf, inf, inf, inf, inf, inf, inf, inf, inf, inf, inf, inf, inf, inf, inf, inf, inf, inf, inf, inf, inf, inf, inf, inf, inf, inf, inf, inf, inf, inf, inf, inf, inf, inf, inf, inf, inf, inf, inf, inf, inf, inf, inf, inf, inf, inf, inf, inf, inf, inf, inf, inf, inf, inf, inf, inf, inf, inf, inf, inf, inf, inf, inf, inf, inf, inf, inf, inf, inf, inf, inf, inf, inf, inf, inf, inf, inf, inf, inf, inf, inf, inf, inf, inf, inf, inf, inf, inf, inf, inf, inf, inf, inf, inf, inf, inf, inf, inf, inf, inf, inf, inf, inf, inf, inf, inf, inf, inf, inf, inf, inf, inf, inf, inf, inf, inf, inf, inf, inf, inf, inf, inf, inf, inf, inf, inf, inf, inf, inf, inf, inf, inf, inf, inf, inf, inf, inf, inf, inf, inf, inf, inf, inf, inf, inf, inf, inf, inf, inf, inf, inf, inf, inf, inf, inf, inf, inf, inf, inf, inf, inf, inf, inf, inf, inf, inf, inf, inf, inf, inf, inf, inf, inf, inf, inf, inf, inf, inf, inf]),0.01749303564429283,920208000000
array('f', [inf, inf, inf, inf, inf, inf, inf, inf, inf, inf, inf, inf, inf, inf, inf, inf, inf, inf, inf, inf, inf, inf, inf, inf, inf, inf, inf, inf, inf, inf, inf, inf, inf, inf, inf, inf, inf, inf, inf, inf, inf, inf, inf, inf, inf, inf, inf, inf, inf, inf, inf, inf, inf, inf, inf, inf, inf, inf, inf, inf, inf, inf, inf, inf, inf, inf, inf, inf, inf, inf, inf, inf, inf, inf, inf, inf, inf, inf, inf, inf, inf, inf, inf, inf, inf, inf, inf, inf, inf, inf, inf, inf, inf, inf, inf, inf, inf, inf, inf, inf, inf, inf, inf, inf, inf, inf, inf, inf, inf, inf, inf, inf, inf, inf, inf, inf, inf, inf, inf, inf, inf, inf, inf, inf, inf, inf, inf, inf, inf, inf, inf, inf, inf, inf, inf, inf, inf, inf, inf, inf, inf, inf, inf, inf, inf, inf, inf, inf, inf, inf, inf, inf, inf, inf, inf, inf, inf, inf, inf, inf, inf, inf, inf, inf, inf, inf, inf, inf, inf, inf, inf, inf, inf, inf, inf, inf, inf, inf, inf, inf, inf, inf, inf, inf, inf, inf, inf, inf, inf, inf, inf, inf, inf, inf, inf, inf, inf, inf, inf, inf, inf, inf, inf, inf, inf, inf, inf, inf, inf, inf, inf, inf, inf, inf, inf, inf, inf, inf, inf, inf, inf, inf, inf, inf, inf, inf, inf, inf, inf, inf, inf, inf, inf, inf, inf, inf, inf, inf, inf, inf, inf, inf, inf, inf, inf, inf, inf, inf, inf, inf, inf, inf, inf, inf, inf, inf, inf, inf, inf, inf, inf, inf, inf, inf, inf, inf, inf, inf, inf, inf, inf, inf, inf, inf, inf, inf, inf, inf, inf, inf, inf, inf, inf, inf, inf, inf, inf, inf, inf, inf, inf, inf, inf, inf, inf, inf, inf, inf, inf, inf, inf, inf, inf, inf, inf, inf, inf, inf, 3.5, 3.4789607524871826, 3.4623560905456543, inf, inf, inf, inf, inf, inf, inf, inf, inf, inf, 3.017855644226074, inf, inf, inf, inf, 3.3837218284606934, 3.37870717048645, 3.3872203826904297, 3.4016714096069336, 3.3824357986450195, 3.380035161972046, 3.4223439693450928, 3.4114012718200684, 3.4305708408355713, 3.452058792114258, 3.447535276412964, 3.463268995285034, 3.5, inf, inf, inf, inf, inf, inf, inf, inf, inf, inf, inf, inf, inf, inf, inf, inf, inf, inf, inf, inf, inf]),0.01749303564429283,920408000000
array('f', [inf, inf, inf, inf, inf, inf, inf, inf, inf, inf, inf, inf, inf, inf, inf, inf, inf, inf, inf, inf, inf, inf, inf, inf, inf, inf, inf, inf, inf, inf, inf, inf, inf, inf, inf, inf, inf, inf, inf, inf, inf, inf, inf, inf, inf, inf, inf, inf, inf, inf, inf, inf, inf, inf, inf, inf, inf, inf, inf, inf, inf, inf, inf, inf, inf, inf, inf, inf, inf, inf, inf, inf, inf, inf, inf, inf, inf, inf, inf, inf, inf, inf, inf, inf, inf, inf, inf, inf, inf, inf, inf, inf, inf, inf, inf, inf, inf, inf, inf, inf, inf, inf, inf, inf, inf, inf, inf, inf, inf, inf, inf, inf, inf, inf, inf, inf, inf, inf, inf, inf, inf, inf, inf, inf, inf, inf, inf, inf, inf, inf, inf, inf, inf, inf, inf, inf, inf, inf, inf, inf, inf, inf, inf, inf, inf, inf, inf, inf, inf, inf, inf, inf, inf, inf, inf, inf, inf, inf, inf, inf, inf, inf, inf, inf, inf, inf, inf, inf, inf, inf, inf, inf, inf, inf, inf, inf, inf, inf, inf, inf, inf, inf, inf, inf, inf, inf, inf, inf, inf, inf, inf, inf, inf, inf, inf, inf, inf, inf, inf, inf, inf, inf, inf, inf, inf, inf, inf, inf, inf, inf, inf, inf, inf, inf, inf, inf, inf, inf, inf, inf, inf, inf, inf, inf, inf, inf, inf, inf, inf, inf, inf, inf, inf, inf, inf, inf, inf, inf, inf, inf, inf, inf, inf, inf, inf, inf, inf, 3.4748053550720215, 3.4597537517547607, 3.429823398590088, 3.4164741039276123, 3.390242338180542, inf, inf, inf, inf, inf, inf, inf, inf, inf, inf, 2.9509994983673096, inf, inf, inf, inf, 3.2917306423187256, 3.2640678882598877, 3.2734546661376953, 3.2855441570281982, 3.2844767570495605, 3.279653787612915, 3.2921648025512695, 3.2982118129730225, 3.2944867610931396, 3.330955982208252, 3.3213846683502197, 3.355783224105835, 3.3448853492736816, 3.364302635192871, 3.383892297744751, 3.399583578109741, 3.408715009689331, 3.4178626537323, 3.443511962890625, 3.45884370803833, 3.479541540145874, inf, inf, inf, inf, inf, inf, inf, inf, inf, inf, inf, inf, inf, inf, inf, inf, inf, inf, inf, inf, inf, inf, inf, inf, inf, inf, inf, inf, inf, inf, inf, inf, inf, inf, inf, inf, inf, inf, inf, inf, inf, inf, inf, inf, inf, inf, inf, inf, inf, inf, inf, inf, inf, inf, inf, inf, inf, inf, inf, inf, inf, inf, inf, inf, inf, inf, inf, inf, inf, inf, inf, inf]),0.01749303564429283,920608000000
array('f', [inf, inf, inf, inf, inf, inf, inf, inf, inf, inf, inf, inf, inf, inf, inf, inf, inf, inf, inf, inf, inf, inf, inf, inf, inf, inf, inf, inf, inf, inf, inf, inf, inf, inf, inf, inf, inf, inf, inf, inf, inf, inf, inf, inf, inf, inf, inf, inf, inf, inf, inf, inf, inf, inf, inf, inf, inf, inf, inf, inf, inf, inf, inf, inf, inf, inf, inf, inf, inf, inf, inf, inf, inf, inf, inf, inf, inf, inf, inf, inf, inf, inf, inf, inf, inf, inf, inf, inf, inf, inf, inf, inf, inf, inf, inf, inf, inf, inf, inf, inf, inf, inf, inf, inf, inf, inf, inf, inf, inf, inf, inf, inf, inf, inf, inf, inf, inf, inf, inf, inf, inf, inf, inf, inf, inf, inf, inf, inf, inf, inf, inf, inf, inf, inf, inf, inf, inf, inf, inf, inf, inf, inf, inf, inf, inf, inf, inf, inf, inf, inf, inf, inf, inf, inf, inf, inf, inf, inf, inf, inf, inf, inf, inf, inf, inf, inf, inf, inf, inf, inf, inf, inf, inf, inf, inf, inf, inf, inf, inf, inf, inf, inf, inf, inf, inf, inf, inf, inf, inf, inf, inf, inf, inf, inf, inf, inf, inf, inf, inf, inf, inf, inf, inf, inf, inf, inf, inf, inf, inf, inf, inf, inf, inf, inf, 3.0068671703338623, inf, inf, inf, inf, 3.3301477432250977, 3.3364150524139404, 3.3520631790161133, 3.340618133544922, 3.3448686599731445, 3.333618640899658, 3.3532888889312744, 3.3386025428771973, 3.341606616973877, 3.358531951904297, 3.3786404132843018, 3.3694982528686523, 3.383439540863037, 3.3925352096557617, 3.3860278129577637, 3.4299674034118652, 3.425586462020874, 3.4343364238739014, 3.4492719173431396, 3.467306613922119, 3.488283395767212, inf, inf, inf, inf, inf, inf, inf, inf, inf, inf, inf, inf, inf, inf, inf, inf, inf, inf, inf, inf, inf, inf, inf, inf, inf, inf, inf, inf, inf, inf, inf, inf, inf, inf, inf, inf, inf, inf, inf, inf, inf, inf, inf, inf, inf, inf, inf, inf, inf, inf, inf, inf, inf, inf, inf, inf, inf, inf, inf, inf, inf, inf, inf, inf, inf, inf, inf, inf, inf, inf, inf, inf, inf, inf, inf, inf, inf, inf, inf, inf, inf, inf, inf, inf, inf, inf, inf, inf, inf, inf, inf, inf, inf, inf, inf, inf, inf, inf, inf, inf, inf, inf, inf, inf, inf, inf, inf, inf, inf, inf, inf, inf, inf, inf, inf, inf, inf, inf, inf, inf]),0.01749303564429283,920808000000
array('f', [inf, inf, inf, inf, inf, inf, inf, inf, inf, inf, inf, inf, inf, inf, inf, inf, inf, inf, inf, inf, inf, inf, inf, inf, inf, inf, inf, inf, inf, inf, inf, inf, inf, inf, inf, inf, inf, inf, inf, inf, inf, inf, inf, inf, inf, inf, inf, inf, inf, inf, inf, inf, inf, inf, inf, inf, inf, inf, inf, inf, inf, inf, inf, inf, inf, inf, inf, inf, inf, inf, inf, inf, inf, inf, inf, inf, inf, inf, inf, inf, inf, inf, inf, inf, inf, inf, inf, inf, inf, inf, inf, inf, inf, inf, inf, inf, inf, inf, inf, inf, inf, inf, inf, inf, inf, inf, inf, inf, inf, inf, inf, inf, inf, inf, inf, inf, inf, inf, inf, inf, inf, inf, inf, inf, inf, inf, inf, inf, inf, inf, inf, inf, inf, inf, inf, inf, inf, inf, inf, inf, inf, inf, inf, inf, inf, inf, inf, inf, inf, inf, inf, inf, inf, inf, inf, inf, inf, inf, inf, inf, inf, inf, inf, inf, inf, inf, inf, inf, inf, inf, inf, inf, inf, inf, inf, inf, inf, inf, inf, 3.1755895614624023, inf, inf, inf, inf, inf, inf, inf, inf, inf, inf, inf, inf, inf, inf, inf, inf, inf, inf, inf, inf, inf, inf, inf, inf, inf, inf, inf, inf, inf, inf, inf, inf, inf, inf, inf, inf, inf, inf, inf, inf, inf, inf, inf, inf, inf, inf, inf, inf, inf, inf, inf, inf, inf, inf, inf, inf, inf, inf, inf, inf, inf, inf, inf, inf, inf, inf, inf, inf, inf, inf, inf, inf, inf, inf, inf, inf, inf, inf, inf, inf, inf, inf, inf, inf, inf, inf, inf, inf, inf, inf, inf, inf, inf, inf, inf, inf, inf, inf, inf, inf, inf, inf, inf, inf, inf, inf, inf, inf, inf, inf, inf, inf, inf, inf, inf, inf, inf, inf, inf, inf, inf, inf, inf, inf, inf, inf, inf, inf, inf, inf, inf, inf, inf, inf, inf, inf, inf, inf, inf, inf, inf, inf, inf, inf, inf, inf, inf, inf, inf, inf, inf, inf, inf, inf, inf, inf, inf, inf, inf, inf, inf, inf, inf, inf, inf, inf, inf, inf, inf, inf, inf, inf, inf, inf, inf, inf, inf, inf, inf, inf]),0.01749303564429283,921008000000
array('f', [inf, inf, inf, inf, inf, inf, inf, inf, inf, inf, inf, inf, inf, inf, inf, inf, inf, inf, inf, inf, inf, inf, inf, inf, inf, inf, inf, inf, inf, inf, inf, inf, inf, inf, inf, inf, inf, inf, inf, inf, inf, inf, inf, inf, inf, inf, inf, inf, inf, inf, inf, inf, inf, inf, inf, inf, inf, inf, inf, inf, inf, inf, inf, inf, inf, inf, inf, inf, inf, inf, inf, inf, inf, inf, inf, inf, inf, inf, inf, inf, inf, inf, inf, inf, inf, inf, inf, inf, inf, inf, inf, inf, inf, inf, inf, inf, inf, inf, inf, inf, inf, inf, inf, inf, inf, inf, inf, inf, inf, inf, inf, inf, inf, inf, inf, inf, inf, inf, inf, inf, inf, inf, inf, inf, inf, inf, inf, inf, inf, inf, inf, inf, inf, inf, inf, inf, inf, inf, inf, inf, inf, inf, inf, inf, inf, inf, inf, inf, inf, inf, inf, 3.400179386138916, inf, inf, inf, inf, inf, inf, inf, inf, inf, inf, inf, inf, inf, inf, inf, inf, inf, inf, inf, inf, inf, inf, inf, inf, inf, inf, inf, inf, inf, inf, inf, inf, inf, inf, inf, inf, inf, inf, inf, inf, inf, inf, inf, inf, inf, inf, inf, inf, inf, inf, inf, inf, inf, inf, inf, inf, inf, inf, inf, inf, inf, inf, inf, inf, inf, inf, inf, inf, inf, inf, inf, inf, inf, inf, inf, inf, inf, inf, inf, inf, inf, inf, inf, inf, inf, inf, inf, inf, inf, inf, inf, inf, inf, inf, inf, inf, inf, inf, inf, inf, inf, inf, inf, inf, inf, inf, inf, inf, inf, inf, inf, inf, inf, inf, inf, inf, inf, inf, inf, inf, inf, inf, inf, inf, inf, inf, inf, inf, inf, inf, inf, inf, inf, inf, inf, inf, inf, inf, inf, inf, inf, inf, inf, inf, inf, inf, inf, inf, inf, inf, inf, inf, inf, inf, inf, inf, inf, inf, inf, inf, inf, inf, inf, inf, inf, inf, inf, inf, inf, inf, inf, inf, inf, inf, inf, inf, inf, inf, inf, inf, inf, inf, inf, inf, inf, inf, inf, inf, inf, inf, inf, inf, inf, inf, inf, inf, inf, inf, inf, inf, inf, inf, inf, inf, inf, inf, inf, inf]),0.01749303564429283,921208000000
array('f', [inf, inf, inf, inf, inf, inf, inf, inf, inf, inf, inf, inf, inf, inf, inf, inf, inf, inf, inf, inf, inf, inf, inf, inf, inf, inf, inf, inf, inf, inf, inf, inf, inf, inf, inf, inf, inf, inf, inf, inf, inf, inf, inf, inf, inf, inf, inf, inf, inf, inf, inf, inf, inf, inf, inf, inf, inf, inf, inf, inf, inf, inf, inf, inf, inf, inf, inf, inf, inf, inf, inf, inf, inf, inf, inf, inf, inf, inf, inf, inf, inf, inf, inf, inf, inf, inf, inf, inf, inf, inf, inf, inf, inf, inf, inf, inf, inf, inf, inf, inf, inf, inf, inf, inf, inf, inf, inf, inf, inf, inf, inf, inf, inf, inf, inf, inf, inf, inf, inf, inf, inf, inf, inf, inf, inf, inf, inf, inf, inf, inf, inf, inf, inf, inf, inf, inf, inf, inf, inf, inf, inf, inf, inf, inf, inf, inf, inf, inf, inf, inf, inf, inf, inf, inf, inf, inf, inf, inf, inf, inf, inf, inf, inf, inf, inf, inf, inf, inf, inf, inf, inf, inf, inf, inf, inf, inf, inf, inf, inf, inf, inf, inf, inf, inf, inf, inf, inf, inf, inf, inf, inf, inf, inf, inf, inf, inf, inf, inf, inf, inf, inf, inf, inf, inf, inf, inf, inf, inf, inf, inf, inf, inf, inf, inf, inf, inf, inf, inf, inf, inf, inf, inf, inf, inf, inf, inf, inf, inf, inf, inf, inf, inf, inf, inf, inf, inf, inf, inf, inf, inf, inf, inf, inf, inf, inf, inf, inf, inf, inf, inf, inf, inf, inf, inf, inf, inf, inf, inf, inf, inf, inf, inf, inf, inf, inf, inf, inf, inf, inf, inf, inf, inf, inf, inf, inf, inf, inf, inf, inf, inf, inf, inf, inf, inf, inf, inf, inf, inf, inf, inf, inf, inf, inf, inf, inf, inf, inf, inf, inf, inf, inf, inf, inf, inf, inf, inf, inf, inf, inf, inf, inf, inf, inf, inf, inf, inf, inf, inf, inf, inf, inf, inf, inf, inf, inf, inf, inf, inf, inf, inf, inf, inf, inf, inf, inf, inf, inf, inf, inf, inf, inf, inf, inf, inf, inf, inf, inf, inf, inf, inf, inf, inf, inf, inf, inf, inf, inf, inf, inf, inf]),0.01749303564429283,921408000000
array('f', [inf, inf, inf, inf, inf, inf, inf, inf, inf, inf, inf, inf, inf, inf, inf, inf, inf, inf, inf, inf, inf, inf, inf, inf, inf, inf, inf, inf, inf, inf, inf, inf, inf, inf, inf, inf, inf, inf, inf, inf, inf, inf, inf, inf, inf, inf, inf, inf, inf, inf, inf, inf, inf, inf, inf, inf, inf, inf, inf, inf, inf, inf, inf, inf, inf, inf, inf, inf, inf, inf, inf, inf, inf, inf, inf, inf, inf, inf, inf, inf, inf, inf, inf, inf, inf, inf, inf, inf, inf, inf, inf, inf, inf, inf, inf, inf, inf, inf, inf, inf, inf, inf, inf, inf, inf, inf, inf, inf, inf, inf, inf, inf, inf, inf, inf, inf, inf, inf, inf, inf, inf, inf, inf, inf, inf, inf, inf, inf, inf, inf, inf, inf, inf, inf, inf, inf, inf, inf, inf, inf, inf, inf, inf, inf, inf, inf, inf, inf, inf, inf, inf, inf, inf, inf, inf, inf, inf, inf, inf, inf, inf, inf, inf, inf, inf, inf, inf, inf, inf, inf, inf, inf, inf, inf, inf, inf, inf, inf, inf, inf, inf, inf, inf, inf, inf, inf, inf, inf, inf, inf, inf, inf, inf, inf, inf, inf, inf, inf, inf, inf, inf, inf, inf, inf, inf, inf, inf, inf, inf, inf, inf, inf, inf, inf, inf, inf, inf, inf, inf, inf, inf, inf, inf, inf, inf, inf, inf, inf, inf, inf, inf, inf, inf, inf, inf, inf, inf, inf, inf, inf, inf, inf, inf, inf, inf, inf, inf, inf, inf, inf, inf, inf, inf, inf, inf, inf, inf, inf, inf, inf, inf, inf, inf, inf, inf, inf, inf, inf, inf, inf, inf, inf, inf, inf, inf, inf, inf, inf, inf, inf, inf, inf, inf, inf, inf, inf, inf, inf, inf, inf, inf, inf, inf, inf, inf, inf, inf, inf, inf, inf, inf, inf, inf, inf, inf, inf, inf, inf, inf, inf, inf, inf, inf, inf, inf, inf, inf, inf, inf, inf, inf, inf, inf, inf, inf, inf, inf, inf, inf, inf, inf, inf, inf, inf, inf, inf, inf, inf, inf, inf, inf, inf, inf, inf, inf, inf, inf, inf, inf, inf, inf, inf, inf, inf, inf, inf, inf, inf, inf, inf]),0.01749303564429283,921608000000
array('f', [inf, inf, inf, inf, inf, inf, inf, inf, inf, inf, inf, inf, inf, inf, inf, inf, inf, inf, inf, inf, inf, inf, inf, inf, inf, inf, inf, inf, inf, inf, inf, inf, inf, inf, inf, inf, inf, inf, inf, inf, inf, inf, inf, inf, inf, inf, inf, inf, inf, inf, inf, inf, inf, inf, inf, inf, inf, inf, inf, inf, inf, inf, inf, inf, inf, inf, inf, inf, inf, inf, inf, inf, inf, inf, inf, inf, inf, inf, inf, inf, inf, inf, inf, inf, inf, inf, inf, inf, inf, inf, inf, inf, inf, inf, inf, inf, inf, inf, inf, inf, inf, inf, inf, inf, inf, inf, inf, inf, inf, inf, inf, inf, inf, inf, inf, inf, inf, inf, inf, inf, inf, inf, inf, inf, inf, inf, inf, inf, inf, inf, inf, inf, inf, inf, inf, inf, inf, inf, inf, inf, inf, inf, inf, inf, inf, inf, inf, inf, inf, inf, inf, inf, inf, inf, inf, inf, inf, inf, inf, inf, inf, inf, inf, inf, inf, inf, inf, inf, inf, inf, inf, inf, inf, inf, inf, inf, inf, inf, inf, inf, inf, inf, inf, inf, inf, inf, inf, inf, inf, inf, inf, inf, inf, inf, inf, inf, inf, inf, inf, inf, inf, inf, inf, inf, inf, inf, inf, inf, inf, inf, inf, inf, inf, inf, inf, inf, inf, inf, inf, inf, inf, inf, inf, inf, inf, inf, inf, inf, inf, inf, inf, inf, inf, inf, inf, inf, inf, inf, inf, inf, inf, inf, inf, inf, inf, inf, inf, inf, inf, inf, inf, inf, inf, inf, inf, inf, inf, inf, inf, inf, inf, inf, inf, inf, inf, inf, inf, inf, inf, inf, inf, inf, inf, inf, inf, inf, inf, inf, inf, inf, inf, inf, inf, inf, inf, inf, inf, inf, inf, inf, inf, inf, inf, inf, inf, inf, inf, inf, inf, inf, inf, inf, inf, inf, inf, inf, inf, inf, inf, inf, inf, inf, inf, inf, inf, inf, inf, inf, inf, inf, inf, inf, inf, inf, inf, inf, inf, inf, inf, inf, inf, inf, inf, inf, inf, inf, inf, inf, inf, inf, inf, inf, inf, inf, inf, inf, inf, inf, inf, inf, inf, inf, inf, inf, inf, inf, inf, inf, inf, inf]),0.01749303564429283,921808000000
array('f', [inf, inf, inf, inf, inf, inf, inf, inf, inf, inf, inf, inf, inf, inf, inf, inf, inf, inf, inf, inf, inf, inf, inf, inf, inf, inf, inf, inf, inf, inf, inf, inf, inf, inf, inf, inf, inf, inf, inf, inf, inf, inf, inf, inf, inf, inf, inf, inf, inf, inf, inf, inf, inf, inf, inf, inf, inf, inf, inf, inf, inf, inf, inf, inf, inf, inf, inf, inf, inf, inf, inf, inf, inf, inf, inf, inf, inf, inf, inf, inf, inf, inf, inf, inf, inf, inf, inf, inf, inf, inf, inf, inf, inf, inf, inf, inf, inf, inf, inf, inf, inf, inf, inf, inf, inf, inf, inf, inf, inf, inf, inf, inf, inf, inf, inf, inf, inf, inf, inf, inf, inf, inf, inf, inf, inf, inf, inf, inf, inf, inf, inf, inf, inf, inf, inf, inf, inf, inf, inf, inf, inf, inf, inf, inf, inf, inf, inf, inf, inf, inf, inf, inf, inf, inf, inf, inf, inf, inf, inf, inf, inf, inf, inf, inf, inf, inf, inf, inf, inf, inf, inf, inf, inf, inf, inf, inf, inf, inf, inf, inf, inf, inf, inf, inf, inf, inf, inf, inf, inf, inf, inf, inf, inf, inf, inf, inf, inf, inf, inf, inf, inf, inf, inf, inf, inf, inf, inf, inf, inf, inf, inf, inf, inf, inf, inf, inf, inf, inf, inf, inf, inf, inf, inf, inf, inf, inf, inf, inf, inf, inf, inf, inf, inf, inf, inf, inf, inf, inf, inf, inf, inf, inf, inf, inf, inf, inf, inf, inf, inf, inf, inf, inf, inf, inf, inf, inf, inf, inf, inf, inf, inf, inf, inf, inf, inf, inf, inf, inf, inf, inf, inf, inf, inf, inf, inf, inf, inf, inf, inf, inf, inf, inf, inf, inf, inf, inf, inf, inf, inf, inf, inf, inf, inf, inf, inf, inf, inf, inf, inf, inf, inf, inf, inf, inf, inf, inf, inf, inf, inf, inf, inf, inf, inf, inf, inf, inf, inf, inf, inf, inf, inf, inf, inf, inf, inf, inf, inf, inf, inf, inf, inf, inf, inf, inf, inf, inf, inf, inf, inf, inf, inf, inf, inf, inf, inf, inf, inf, inf, inf, inf, inf, inf, inf, inf, inf, inf, inf, inf, inf, inf]),0.01749303564429283,922008000000
array('f', [inf, inf, inf, inf, inf, inf, inf, inf, inf, inf, inf, inf, inf, inf, inf, inf, inf, inf, inf, inf, inf, inf, inf, inf, inf, inf, inf, inf, inf, inf, inf, inf, inf, inf, inf, inf, inf, inf, inf, inf, inf, inf, inf, inf, inf, inf, inf, inf, inf, inf, inf, inf, inf, inf, inf, inf, inf, inf, inf, inf, inf, inf, inf, inf, inf, inf, inf, inf, inf, inf, inf, inf, inf, inf, inf, inf, inf, inf, inf, inf, inf, inf, inf, inf, inf, inf, inf, inf, inf, inf, inf, inf, inf, inf, inf, inf, inf, inf, inf, inf, inf, inf, inf, inf, inf, inf, inf, inf, inf, inf, inf, inf, inf, inf, inf, inf, inf, inf, inf, inf, inf, inf, inf, inf, inf, inf, inf, inf, inf, inf, inf, inf, inf, inf, inf, inf, inf, inf, inf, inf, inf, inf, inf, inf, inf, inf, inf, inf, inf, inf, inf, inf, inf, inf, inf, inf, inf, inf, inf, inf, inf, inf, inf, inf, inf, inf, inf, inf, inf, inf, inf, inf, inf, inf, inf, inf, inf, inf, inf, inf, inf, inf, inf, inf, inf, inf, inf, inf, inf, inf, inf, inf, inf, inf, inf, inf, inf, inf, inf, inf, inf, inf, inf, inf, inf, inf, inf, inf, inf, inf, inf, inf, inf, inf, inf, inf, inf, inf, inf, inf, inf, inf, inf, inf, inf, inf, inf, inf, inf, inf, inf, inf, inf, inf, inf, inf, inf, inf, inf, inf, inf, inf, inf, inf, inf, inf, inf, inf, inf, inf, inf, inf, inf, inf, inf, inf, inf, inf, inf, inf, inf, inf, inf, inf, inf, inf, inf, inf, inf, inf, inf, inf, inf, inf, inf, inf, inf, inf, inf, inf, inf, inf, inf, inf, inf, inf, inf, inf, inf, inf, inf, inf, inf, inf, inf, inf, inf, inf, inf, inf, inf, inf, inf, inf, inf, inf, inf, inf, inf, inf, inf, inf, inf, inf, inf, inf, inf, inf, inf, inf, inf, inf, inf, inf, inf, inf, inf, inf, inf, inf, inf, inf, inf, inf, inf, inf, inf, inf, inf, inf, inf, inf, inf, inf, inf, inf, inf, inf, inf, inf, inf, inf, inf, inf, inf, inf, inf, inf, inf, inf]),0.01749303564429283,922208000000
array('f', [inf, inf, inf, inf, inf, inf, inf, inf, inf, inf, inf, inf, inf, inf, inf, inf, inf, inf, inf, inf, inf, inf, inf, inf, inf, inf, inf, inf, 3.395083427429199, inf, inf, inf, inf, inf, inf, inf, inf, inf, inf, inf, inf, inf, inf, inf, inf, inf, inf, inf, inf, inf, inf, inf, inf, inf, inf, inf, inf, inf, inf, inf, inf, inf, inf, inf, inf, inf, inf, inf, inf, inf, inf, inf, inf, inf, inf, inf, inf, inf, inf, inf, inf, inf, inf, inf, inf, inf, inf, inf, inf, inf, inf, inf, inf, inf, inf, inf, inf, inf, inf, inf, inf, inf, inf, inf, inf, inf, inf, inf, inf, inf, inf, inf, inf, inf, inf, inf, inf, inf, inf, inf, inf, inf, inf, inf, inf, inf, inf, inf, inf, inf, inf, inf, inf, inf, inf, inf, inf, inf, inf, inf, inf, inf, inf, inf, inf, inf, inf, inf, inf, inf, inf, inf, inf, inf, inf, inf, inf, inf, inf, inf, inf, inf, inf, inf, inf, inf, inf, inf, inf, inf, inf, inf, inf, inf, inf, inf, inf, inf, inf, inf, inf, inf, inf, inf, inf, inf, inf, inf, inf, inf, inf, inf, inf, inf, inf, inf, inf, inf, inf, inf, inf, inf, inf, inf, inf, inf, inf, inf, inf, inf, inf, inf, inf, inf, inf, inf, inf, inf, inf, inf, inf, inf, inf, inf, inf, inf, inf, inf, inf, inf, inf, inf, inf, inf, inf, inf, inf, inf, inf, inf, inf, inf, inf, inf, inf, inf, inf, inf, inf, inf, inf, inf, inf, inf, inf, inf, inf, inf, inf, inf, inf, inf, inf, inf, inf, inf, inf, inf, inf, inf, inf, inf, inf, inf, inf, inf, inf, inf, inf, inf, inf, inf, inf, inf, inf, inf, inf, inf, inf, inf, inf, inf, inf, inf, inf, inf, inf, inf, inf, inf, inf, inf, inf, inf, inf, inf, inf, inf, inf, inf, inf, inf, inf, inf, inf, inf, inf, inf, inf, inf, inf, inf, inf, inf, inf, inf, inf, inf, inf, inf, inf, inf, inf, inf, inf, inf, inf, inf, inf, inf, inf, inf, inf, inf, inf, inf, inf, inf, inf, inf, inf, inf, inf, inf, inf, inf, inf, inf, inf, inf]),0.01749303564429283,922408000000
array('f', [inf, inf, inf, inf, inf, inf, inf, inf, inf, 3.200129747390747, inf, inf, inf, inf, inf, inf, inf, inf, inf, inf, inf, inf, inf, inf, inf, inf, inf, inf, inf, inf, inf, inf, inf, inf, inf, inf, inf, inf, inf, inf, inf, inf, inf, inf, inf, inf, inf, inf, inf, inf, inf, inf, inf, inf, inf, inf, inf, inf, inf, inf, inf, inf, inf, inf, inf, inf, inf, inf, inf, inf, inf, inf, inf, inf, inf, inf, inf, inf, inf, inf, inf, inf, inf, inf, inf, inf, inf, inf, inf, inf, inf, inf, inf, inf, inf, inf, inf, inf, inf, inf, inf, inf, inf, inf, inf, inf, inf, inf, inf, inf, inf, inf, inf, inf, inf, inf, inf, inf, inf, inf, inf, inf, inf, inf, inf, inf, inf, inf, inf, inf, inf, inf, inf, inf, inf, inf, inf, inf, inf, inf, inf, inf, inf, inf, inf, inf, inf, inf, inf, inf, inf, inf, inf, inf, inf, inf, inf, inf, inf, inf, inf, inf, inf, inf, inf, inf, inf, inf, inf, inf, inf, inf, inf, inf, inf, inf, inf, inf, inf, inf, inf, inf, inf, inf, inf, inf, inf, inf, inf, inf, inf, inf, inf, inf, inf, inf, inf, inf, inf, inf, inf, inf, inf, inf, inf, inf, inf, inf, inf, inf, inf, inf, inf, inf, inf, inf, inf, inf, inf, inf, inf, inf, inf, inf, inf, inf, inf, inf, inf, inf, inf, inf, inf, inf, inf, inf, inf, inf, inf, inf, inf, inf, inf, inf, inf, inf, inf, inf, inf, inf, inf, inf, inf, inf, inf, inf, inf, inf, inf, inf, inf, inf, inf, inf, inf, inf, 3.4987454414367676, 3.4825215339660645, 3.481748342514038, 3.472198247909546, 3.4859678745269775, 3.4924144744873047, 3.477308511734009, 3.482576370239258, 3.5, 3.5, 3.489229202270508, inf, inf, inf, inf, inf, inf, inf, inf, inf, inf, inf, inf, inf, inf, inf, inf, inf, inf, inf, inf, inf, inf, inf, inf, inf, inf, inf, inf, inf, inf, inf, inf, inf, inf, inf, inf, inf, inf, inf, inf, inf, inf, inf, inf, inf, inf, inf, inf, inf, inf, inf, inf, inf, inf, inf, inf, inf, inf, inf, inf, inf, inf, inf, inf, inf, inf, inf, inf, inf, inf, inf, inf, inf, inf, inf, inf, inf, inf, inf, inf, inf, inf, inf]),0.01749303564429283,922608000000
array('f', [inf, inf, inf, inf, inf, inf, inf, inf, inf, inf, inf, inf, inf, inf, inf, inf, inf, inf, inf, inf, inf, inf, inf, inf, inf, inf, inf, inf, inf, inf, inf, inf, inf, inf, inf, inf, inf, inf, inf, inf, inf, inf, inf, inf, inf, inf, inf, inf, inf, inf, inf, inf, inf, inf, inf, inf, inf, inf, inf, inf, inf, inf, inf, inf, inf, inf, inf, inf, inf, inf, inf, inf, inf, inf, inf, inf, inf, inf, inf, inf, inf, inf, inf, inf, inf, inf, inf, inf, inf, inf, inf, inf, inf, inf, inf, inf, inf, inf, inf, inf, inf, inf, inf, inf, inf, inf, inf, inf, inf, inf, inf, inf, inf, inf, inf, inf, inf, inf, inf, inf, inf, inf, inf, inf, inf, inf, inf, inf, inf, inf, inf, inf, inf, inf, inf, inf, inf, inf, inf, inf, inf, inf, inf, inf, inf, inf, inf, inf, inf, inf, inf, inf, inf, inf, inf, inf, inf, inf, inf, inf, inf, inf, inf, inf, inf, inf, inf, inf, inf, inf, inf, inf, inf, inf, inf, inf, inf, inf, inf, inf, inf, inf, inf, inf, inf, inf, inf, inf, inf, inf, inf, inf, inf, inf, inf, inf, inf, inf, inf, inf, inf, inf, inf, inf, inf, inf, inf, inf, inf, inf, inf, inf, inf, inf, inf, inf, inf, inf, inf, inf, inf, inf, inf, inf, inf, inf, inf, inf, inf, inf, inf, inf, inf, inf, inf, inf, inf, inf, inf, inf, inf, inf, inf, inf, inf, inf, inf, inf, inf, inf, inf, inf, inf, inf, inf, inf, inf, inf, inf, inf, inf, inf, inf, inf, inf, inf, inf, inf, inf, inf, inf, inf, inf, inf, inf, inf, inf, inf, inf, inf, inf, inf, inf, inf, inf, inf, inf, inf, inf, inf, inf, inf, inf, inf, inf, inf, inf, inf, inf, inf, inf, inf, inf, inf, inf, inf, inf, inf, inf, inf, inf, inf, inf, inf, inf, inf, inf, inf, inf, inf, inf, inf, 3.477003574371338, 3.474031448364258, 3.460768938064575, 3.439187526702881, 3.422342300415039, 3.4151759147644043, 3.3987529277801514, 3.3915176391601562, 3.384971857070923, 3.370598554611206, 3.3605237007141113, 3.3569366931915283, 3.334134578704834, 3.3421733379364014, 3.33272123336792, inf, inf, inf, inf, inf, inf, inf, inf, inf, inf, inf, inf, 2.9960250854492188, inf, inf, 3.3813724517822266, 3.408625364303589, 3.419602870941162, 3.4295454025268555, 3.4395902156829834, 3.4425408840179443, 3.479356050491333, inf]),0.01749303564429283,922808000000
array('f', [inf, inf, inf, inf, inf, inf, inf, inf, inf, inf, inf, inf, inf, inf, inf, inf, inf, inf, inf, inf, inf, inf, inf, inf, inf, inf, inf, inf, inf, inf, inf, inf, inf, inf, inf, inf, inf, inf, inf, inf, inf, inf, inf, inf, inf, inf, inf, inf, inf, inf, inf, inf, inf, inf, inf, inf, inf, inf, inf, inf, inf, inf, inf, inf, inf, inf, inf, inf, inf, inf, inf, inf, inf, inf, inf, inf, inf, inf, inf, inf, inf, inf, inf, inf, inf, inf, inf, inf, inf, inf, inf, inf, inf, inf, inf, inf, inf, inf, inf, inf, inf, inf, inf, inf, inf, inf, inf, inf, inf, inf, inf, inf, inf, inf, inf, inf, inf, inf, inf, inf, inf, inf, inf, inf, inf, inf, inf, inf, inf, inf, inf, inf, inf, inf, inf, inf, inf, inf, inf, inf, inf, inf, inf, inf, inf, inf, inf, inf, inf, inf, inf, inf, inf, inf, inf, inf, inf, inf, inf, inf, inf, inf, inf, inf, inf, inf, inf, inf, inf, inf, inf, inf, inf, inf, inf, inf, inf, inf, inf, inf, inf, inf, inf, inf, inf, inf, inf, inf, inf, inf, inf, inf, inf, inf, inf, inf, inf, inf, inf, inf, inf, inf, inf, inf, inf, inf, inf, inf, inf, inf, inf, inf, inf, inf, inf, inf, inf, inf, inf, inf, inf, inf, inf, inf, inf, inf, inf, inf, inf, inf, inf, inf, inf, inf, inf, inf, inf, inf, inf, inf, inf, inf, inf, inf, inf, inf, inf, inf, inf, inf, inf, inf, inf, inf, inf, inf, inf, inf, inf, inf, inf, inf, inf, inf, inf, inf, inf, inf, inf, inf, inf, inf, inf, inf, inf, inf, inf, inf, inf, inf, inf, inf, inf, inf, inf, inf, inf, inf, inf, inf, inf, inf, inf, inf, 3.46993088722229, 3.454216718673706, 3.4324114322662354, 3.414062023162842, 3.371920108795166, 3.345301389694214, 3.328066825866699, 3.3221123218536377, 3.302372455596924, 3.2921509742736816, 3.2509512901306152, 3.2576663494110107, 3.22113037109375, 3.208993911743164, 3.2068405151367188, 3.1932458877563477, 3.194251298904419, 3.171755313873291, 3.1771950721740723, 3.170917272567749, 3.25886607170105, inf, inf, inf, inf, inf, inf, inf, inf, inf, inf, inf, inf, 2.8028762340545654, inf, inf, 3.2329721450805664, 3.213764190673828, 3.2123122215270996, 3.230160713195801, 3.2332515716552734, 3.247450590133667, 3.2884669303894043, 3.272373914718628, 3.303623676300049, 3.3203647136688232, 3.3570330142974854, 3.3836169242858887, 3.3984158039093018, 3.4565749168395996, 3.4506337642669678, 3.4750723838806152, inf, inf, inf, inf, inf, inf, inf, inf, inf, inf, inf, inf, inf, inf]),0.01749303564429283,923008000000
array('f', [inf, inf, inf, inf, inf, inf, inf, inf, inf, inf, inf, inf, inf, inf, inf, inf, inf, inf, inf, inf, inf, inf, inf, inf, inf, inf, inf, inf, inf, inf, inf, inf, inf, inf, inf, inf, inf, inf, inf, inf, inf, inf, inf, inf, inf, inf, inf, inf, inf, inf, inf, inf, inf, inf, inf, inf, inf, inf, inf, inf, inf, inf, inf, inf, inf, inf, inf, inf, inf, inf, inf, inf, inf, inf, inf, inf, inf, inf, inf, inf, inf, inf, inf, inf, inf, inf, inf, inf, inf, inf, inf, inf, inf, inf, inf, inf, inf, inf, inf, inf, inf, inf, inf, inf, inf, inf, inf, inf, inf, inf, inf, inf, inf, inf, inf, inf, inf, inf, inf, inf, inf, inf, inf, inf, inf, inf, inf, inf, inf, inf, inf, inf, inf, inf, inf, inf, inf, inf, inf, inf, inf, inf, inf, inf, inf, inf, inf, inf, inf, inf, inf, inf, inf, inf, inf, inf, inf, inf, inf, inf, inf, inf, inf, inf, inf, inf, inf, inf, inf, inf, inf, inf, inf, inf, inf, inf, inf, inf, inf, inf, inf, inf, inf, inf, inf, inf, inf, inf, inf, inf, inf, inf, inf, inf, inf, inf, inf, inf, inf, inf, inf, inf, inf, inf, inf, inf, inf, inf, inf, inf, inf, inf, inf, inf, inf, inf, inf, inf, inf, inf, inf, inf, inf, inf, inf, inf, inf, inf, inf, inf, inf, inf, inf, inf, inf, inf, inf, inf, inf, inf, inf, inf, inf, inf, inf, inf, inf, inf, inf, inf, inf, inf, inf, inf, inf, inf, inf, inf, inf, inf, inf, inf, inf, inf, inf, inf, inf, inf, 3.4811460971832275, 3.421475648880005, 3.4043679237365723, 3.3776965141296387, 3.34647798538208, 3.313002347946167, 3.296083450317383, 3.267245054244995, 3.245124578475952, 3.2211527824401855, 3.201425313949585, 3.1638569831848145, 3.1646218299865723, 3.1415951251983643, 3.1238629817962646, 3.1298327445983887, 3.1018197536468506, 3.0588977336883545, 3.098318338394165, 3.0519933700561523, 3.052968740463257, 3.026599407196045, inf, inf, inf, inf, inf, inf, inf, inf, inf, inf, inf, inf, 2.6842384338378906, inf, inf, inf, 3.0792601108551025, 3.058783531188965, 3.053072690963745, 3.0651755332946777, 3.0803918838500977, 3.1043906211853027, 3.106156349182129, 3.106325149536133, 3.1445538997650146, 3.1442959308624268, 3.150947332382202, 3.1698665618896484, 3.2052392959594727, 3.2188496589660645, 3.249157428741455, 3.2728941440582275, 3.299520254135132, 3.3389530181884766, 3.3509137630462646, 3.4008519649505615, 3.42336368560791, 3.4538846015930176, 3.4715685844421387, inf, inf, inf, inf, inf, inf, inf, inf, inf, inf, inf, inf, inf, inf, inf, inf, inf, inf, inf, inf, inf, inf, inf, inf, inf, inf, inf, inf, inf, inf, inf]),0.01749303564429283,923208000000
array('f', [inf, inf, inf, inf, inf, inf, inf, inf, inf, inf, inf, inf, inf, inf, inf, inf, inf, inf, inf, inf, inf, inf, inf, inf, inf, inf, inf, inf, inf, inf, inf, inf, inf, inf, inf, inf, inf, inf, inf, inf, inf, inf, inf, inf, inf, inf, inf, inf, inf, inf, inf, inf, inf, inf, inf, inf, inf, inf, inf, inf, inf, inf, inf, inf, inf, inf, inf, inf, inf, inf, inf, inf, inf, inf, inf, inf, inf, inf, inf, inf, inf, inf, inf, inf, inf, inf, inf, inf, inf, inf, inf, inf, inf, inf, inf, inf, inf, inf, inf, inf, inf, inf, inf, inf, inf, inf, inf, inf, inf, inf, inf, inf, inf, inf, inf, inf, inf, inf, inf, inf, inf, inf, inf, inf, inf, inf, inf, inf, inf, inf, inf, inf, inf, inf, inf, inf, inf, inf, inf, inf, inf, inf, inf, inf, inf, inf, inf, inf, inf, inf, inf, inf, inf, inf, inf, inf, inf, inf, inf, inf, inf, inf, inf, inf, inf, inf, inf, inf, inf, inf, inf, inf, inf, inf, inf, inf, inf, inf, inf, inf, inf, inf, inf, inf, inf, inf, inf, inf, inf, inf, inf, inf, inf, inf, inf, inf, inf, inf, inf, inf, inf, inf, inf, inf, inf, inf, inf, inf, inf, inf, inf, inf, inf, inf, inf, inf, inf, inf, inf, inf, inf, inf, inf, inf, inf, inf, inf, inf, inf, inf, inf, inf, inf, inf, inf, inf, inf, inf, inf, inf, inf, inf, inf, inf, inf, 3.4548280239105225, 3.444992780685425, 3.3898608684539795, 3.3638980388641357, 3.342494487762451, 3.309298038482666, 3.285856246948242, 3.2426867485046387, 3.219730854034424, 3.2260022163391113, 3.196870803833008, 3.135502576828003, 3.142592668533325, 3.1068921089172363, 3.0859386920928955, 3.084594488143921, 3.0496015548706055, 3.056105375289917, 3.0233399868011475, 3.027068614959717, 3.0211527347564697, inf, inf, inf, inf, inf, inf, inf, inf, inf, inf, inf, inf, 2.5934019088745117, inf, inf, inf, 3.0928006172180176, 2.94584584236145, 2.94408917427063, 2.952988386154175, 2.960452079772949, 2.9977970123291016, 2.9794528484344482, 3.0028796195983887, 3.0141961574554443, 3.012188196182251, 3.0170817375183105, 3.053252696990967, 3.0572385787963867, 3.0875935554504395, 3.116201400756836, 3.1323800086975098, 3.133777379989624, 3.1462903022766113, 3.1759424209594727, 3.22182559967041, 3.2203946113586426, 3.257801055908203, 3.2940783500671387, 3.3285140991210938, 3.3625218868255615, 3.3859119415283203, 3.4124248027801514, 3.455907106399536, 3.498049020767212, inf, inf, inf, inf, inf, inf, inf, inf, inf, inf, inf, inf, inf, inf, inf, inf, inf, inf, inf, inf, inf, inf, inf, inf, inf, inf, inf, inf, inf, inf, inf, inf, inf, inf, inf, inf, inf, inf, inf, inf, inf, inf, inf, inf, inf, inf, inf, inf, inf]),0.01749303564429283,923408000000
array('f', [inf, inf, inf, inf, inf, inf, inf, inf, inf, inf, inf, inf, inf, inf, inf, inf, inf, inf, inf, inf, inf, inf, inf, inf, inf, inf, inf, inf, inf, inf, inf, inf, inf, inf, inf, inf, inf, inf, inf, inf, inf, inf, inf, inf, inf, inf, inf, inf, inf, inf, inf, inf, inf, inf, inf, inf, inf, inf, inf, inf, inf, inf, inf, inf, inf, inf, inf, inf, inf, inf, inf, inf, inf, inf, inf, inf, inf, inf, inf, inf, inf, inf, inf, inf, inf, inf, inf, inf, inf, inf, inf, inf, inf, inf, inf, inf, inf, inf, inf, inf, inf, inf, inf, inf, inf, inf, inf, inf, inf, inf, inf, inf, inf, inf, inf, inf, inf, inf, inf, inf, inf, inf, inf, inf, inf, inf, inf, inf, inf, inf, inf, inf, inf, inf, inf, inf, inf, inf, inf, inf, inf, inf, inf, inf, inf, inf, inf, inf, inf, inf, inf, inf, inf, inf, inf, inf, inf, inf, inf, inf, inf, inf, inf, inf, inf, inf, inf, inf, inf, inf, inf, inf, inf, inf, inf, inf, inf, inf, inf, inf, inf, inf, inf, inf, inf, inf, inf, inf, inf, inf, inf, inf, inf, inf, inf, inf, inf, inf, inf, inf, inf, inf, inf, inf, inf, inf, inf, inf, inf, inf, inf, inf, inf, inf, inf, inf, inf, inf, inf, inf, inf, inf, inf, inf, inf, 3.4627089500427246, 3.419623374938965, 3.3981239795684814, 3.3576765060424805, 3.3256287574768066, 3.312270402908325, 3.279611349105835, 3.2372729778289795, 3.216031074523926, 3.184677839279175, 3.1657564640045166, 3.1338682174682617, 3.13309907913208, 3.109098196029663, 3.1033639907836914, 3.0685579776763916, 3.0487194061279297, 3.1217408180236816, inf, inf, inf, inf, inf, inf, inf, inf, inf, inf, inf, 2.5707247257232666, inf, inf, inf, inf, 2.932967185974121, 2.9210045337677, 2.934772253036499, 2.9325571060180664, 2.9609127044677734, 2.940423011779785, 2.9553768634796143, 2.954645872116089, 2.9639105796813965, 2.9758670330047607, 2.9746155738830566, 3.0059821605682373, 3.0086894035339355, 3.020169734954834, 3.0514004230499268, 3.0516347885131836, 3.071727991104126, 3.101372241973877, 3.0936439037323, 3.1284420490264893, 3.1504898071289062, 3.182577133178711, 3.199439287185669, 3.221141815185547, 3.25480580329895, 3.282313346862793, 3.3005318641662598, 3.3403866291046143, 3.3567824363708496, 3.4048967361450195, 3.4413795471191406, 3.462691068649292, inf, inf, inf, inf, inf, inf, inf, inf, inf, inf, inf, inf, inf, inf, inf, inf, inf, inf, inf, inf, inf, inf, inf, inf, inf, inf, inf, inf, inf, inf, inf, inf, inf, inf, inf, inf, inf, inf, inf, inf, inf, inf, inf, inf, inf, inf, inf, inf, inf, inf, inf, inf, inf, inf, inf, inf, inf, inf, inf, inf, inf, inf, inf, inf, inf, inf, inf, inf, inf]),0.01749303564429283,923608000000
array('f', [inf, inf, inf, inf, inf, inf, inf, inf, inf, inf, inf, inf, inf, inf, inf, inf, inf, inf, inf, inf, inf, inf, inf, inf, inf, inf, inf, inf, inf, inf, inf, inf, inf, inf, inf, inf, inf, inf, inf, inf, inf, inf, inf, inf, inf, inf, inf, inf, inf, inf, inf, inf, inf, inf, inf, inf, inf, inf, inf, inf, inf, inf, inf, inf, inf, inf, inf, inf, inf, inf, inf, inf, inf, inf, inf, inf, inf, inf, inf, inf, inf, inf, inf, inf, inf, inf, inf, inf, inf, inf, inf, inf, inf, inf, inf, inf, inf, inf, inf, inf, inf, inf, inf, inf, inf, inf, inf, inf, inf, inf, inf, inf, inf, inf, inf, inf, inf, inf, inf, inf, inf, inf, inf, inf, inf, inf, inf, inf, inf, inf, inf, inf, inf, inf, inf, inf, inf, inf, inf, inf, inf, inf, inf, inf, inf, inf, inf, inf, inf, inf, inf, inf, inf, inf, inf, inf, inf, inf, inf, inf, inf, inf, inf, inf, inf, inf, inf, inf, inf, inf, inf, inf, inf, inf, inf, inf, inf, inf, inf, inf, inf, inf, inf, inf, inf, inf, inf, inf, inf, inf, inf, inf, inf, inf, inf, inf, inf, inf, inf, inf, inf, inf, inf, inf, inf, inf, inf, inf, 3.4579079151153564, 3.4453723430633545, 3.382425546646118, 3.3667471408843994, 3.3312265872955322, 3.31807017326355, 3.2816171646118164, 3.2578465938568115, 3.236279249191284, 3.2388792037963867, 3.189301013946533, 3.1660008430480957, 3.218522310256958, inf, inf, inf, inf, inf, inf, inf, inf, inf, inf, 2.68347430229187, inf, inf, inf, inf, inf, 2.9980432987213135, 2.983548879623413, 2.9926681518554688, 2.9828073978424072, 2.9723856449127197, 2.991046667098999, 2.99418568611145, 2.993321657180786, 3.019174575805664, 3.0040695667266846, 3.029667615890503, 3.024667739868164, 3.0443274974823, 3.056131601333618, 3.0713512897491455, 3.0837149620056152, 3.0749266147613525, 3.096662759780884, 3.1164321899414062, 3.127234935760498, 3.149801015853882, 3.172811508178711, 3.19350266456604, 3.2070107460021973, 3.2368502616882324, 3.2608401775360107, 3.294731855392456, 3.3124306201934814, 3.36114764213562, 3.3868985176086426, 3.4086251258850098, 3.444063425064087, 3.472696304321289, inf, inf, inf, inf, inf, inf, inf, inf, inf, inf, inf, inf, inf, inf, inf, inf, inf, inf, inf, inf, inf, inf, inf, inf, inf, inf, inf, inf, inf, inf, inf, inf, inf, inf, inf, inf, inf, inf, inf, inf, inf, inf, inf, inf, inf, inf, inf, inf, inf, inf, inf, inf, inf, inf, inf, inf, inf, inf, inf, inf, inf, inf, inf, inf, inf, inf, inf, inf, inf, inf, inf, inf, inf, inf, inf, inf, inf, inf, inf, inf, inf, inf, inf, inf, inf, inf, inf, inf, inf, inf]),0.01749303564429283,923808000000
array('f', [inf, inf, inf, inf, inf, inf, inf, inf, inf, inf, inf, inf, inf, inf, inf, inf, inf, inf, inf, inf, inf, inf, inf, inf, inf, inf, inf, inf, inf, inf, inf, inf, inf, inf, inf, inf, inf, inf, inf, inf, inf, inf, inf, inf, inf, inf, inf, inf, inf, inf, inf, inf, inf, inf, inf, inf, inf, inf, inf, inf, inf, inf, inf, inf, inf, inf, inf, inf, inf, inf, inf, inf, inf, inf, inf, inf, inf, inf, inf, inf, inf, inf, inf, inf, inf, inf, inf, inf, inf, inf, inf, inf, inf, inf, inf, inf, inf, inf, inf, inf, inf, inf, inf, inf, inf, inf, inf, inf, inf, inf, inf, inf, inf, inf, inf, inf, inf, inf, inf, inf, inf, inf, inf, inf, inf, inf, inf, inf, inf, inf, inf, inf, inf, inf, inf, inf, inf, inf, inf, inf, inf, inf, inf, inf, inf, inf, inf, inf, inf, inf, inf, inf, inf, inf, inf, inf, inf, inf, inf, inf, inf, inf, inf, inf, inf, inf, inf, inf, inf, inf, inf, inf, inf, inf, inf, inf, inf, inf, inf, inf, inf, inf, inf, inf, inf, inf, inf, inf, inf, inf, inf, inf, inf, inf, 3.4624319076538086, 3.447315216064453, 3.417775869369507, 3.396413564682007, 3.3753609657287598, 3.3567399978637695, 3.3494346141815186, inf, inf, inf, inf, inf, inf, inf, inf, inf, 2.784411907196045, inf, inf, inf, inf, inf, 3.12782621383667, 3.109100818634033, 3.121861696243286, 3.096529960632324, 3.081859588623047, 3.1046969890594482, 3.1159932613372803, 3.113877058029175, 3.1075267791748047, 3.1214327812194824, 3.1207592487335205, 3.11714243888855, 3.120551824569702, 3.124398946762085, 3.136345624923706, 3.148983955383301, 3.185999631881714, 3.1859889030456543, 3.1905746459960938, 3.2051825523376465, 3.220823287963867, 3.2462410926818848, 3.2553551197052, 3.2965478897094727, 3.295375108718872, 3.3175039291381836, 3.336728096008301, 3.355618715286255, 3.3759028911590576, 3.444553852081299, 3.4448816776275635, 3.476271867752075, inf, inf, inf, inf, inf, inf, inf, inf, inf, inf, inf, inf, inf, inf, inf, inf, inf, inf, inf, inf, inf, inf, inf, inf, inf, inf, inf, inf, inf, inf, inf, inf, inf, inf, inf, inf, inf, inf, inf, inf, inf, inf, inf, inf, inf, inf, inf, inf, inf, inf, inf, inf, inf, inf, inf, inf, inf, inf, inf, inf, inf, inf, inf, inf, inf, inf, inf, inf, inf, inf, inf, inf, inf, inf, inf, inf, inf, inf, inf, inf, inf, inf, inf, inf, inf, inf, inf, inf, inf, inf, inf, inf, inf, inf, inf, inf, inf, inf, inf, inf, inf, inf, inf, inf, inf, inf, inf, inf, inf, inf, inf, inf]),0.01749303564429283,924008000000
array('f', [inf, inf, inf, inf, inf, inf, inf, inf, inf, inf, inf, inf, inf, inf, inf, inf, inf, inf, inf, inf, inf, inf, inf, inf, inf, inf, inf, inf, inf, inf, inf, inf, inf, inf, inf, inf, inf, inf, inf, inf, inf, inf, inf, inf, inf, inf, inf, inf, inf, inf, inf, inf, inf, inf, inf, inf, inf, inf, inf, inf, inf, inf, inf, inf, inf, inf, inf, inf, inf, inf, inf, inf, inf, inf, inf, inf, inf, inf, inf, inf, inf, inf, inf, inf, inf, inf, inf, inf, inf, inf, inf, inf, inf, inf, inf, inf, inf, inf, inf, inf, inf, inf, inf, inf, inf, inf, inf, inf, inf, inf, inf, inf, inf, inf, inf, inf, inf, inf, inf, inf, inf, inf, inf, inf, inf, inf, inf, inf, inf, inf, inf, inf, inf, inf, inf, inf, inf, inf, inf, inf, inf, inf, inf, inf, inf, inf, inf, inf, inf, inf, inf, inf, inf, inf, inf, inf, inf, inf, inf, inf, inf, inf, inf, inf, inf, inf, inf, inf, inf, inf, inf, inf, inf, inf, inf, inf, inf, inf, inf, inf, inf, inf, inf, inf, inf, inf, inf, inf, inf, inf, inf, inf, inf, 2.999288558959961, inf, inf, inf, inf, 3.2932748794555664, 3.3025805950164795, 3.2828242778778076, 3.2803544998168945, 3.267496109008789, 3.2674400806427, 3.2811789512634277, 3.2552525997161865, 3.272634983062744, 3.2763118743896484, 3.269516706466675, 3.2662365436553955, 3.294039487838745, 3.2950096130371094, 3.2944047451019287, 3.322624921798706, 3.298144578933716, 3.3216705322265625, 3.3262109756469727, 3.3759841918945312, 3.3648786544799805, 3.370922803878784, 3.387836217880249, 3.420753002166748, 3.4339821338653564, 3.4444596767425537, 3.473004102706909, 3.4896535873413086, inf, inf, inf, inf, inf, inf, inf, inf, inf, inf, inf, inf, inf, inf, inf, inf, inf, inf, inf, inf, inf, inf, inf, inf, inf, inf, inf, inf, inf, inf, inf, inf, inf, inf, inf, inf, inf, inf, inf, inf, inf, inf, inf, inf, inf, inf, inf, inf, inf, inf, inf, inf, inf, inf, inf, inf, inf, inf, inf, inf, inf, inf, inf, inf, inf, inf, inf, inf, inf, inf, inf, inf, inf, inf, inf, inf, inf, inf, inf, inf, inf, inf, inf, inf, inf, inf, inf, inf, inf, inf, inf, inf, inf, inf, inf, inf, inf, inf, inf, inf, inf, inf, inf, inf, inf, inf, inf, inf, inf, inf, inf, inf, inf, inf, inf, inf, inf, inf, inf, inf, inf, inf, inf, inf, inf, inf, inf, inf, inf, inf, inf, inf, inf, inf]),0.01749303564429283,924208000000
array('f', [inf, inf, inf, inf, inf, inf, inf, inf, inf, inf, inf, inf, inf, inf, inf, inf, inf, inf, inf, inf, inf, inf, inf, inf, inf, inf, inf, inf, inf, inf, inf, inf, inf, inf, inf, inf, inf, inf, inf, inf, inf, inf, inf, inf, inf, inf, inf, inf, inf, inf, inf, inf, inf, inf, inf, inf, inf, inf, inf, inf, inf, inf, inf, inf, inf, inf, inf, inf, inf, inf, inf, inf, inf, inf, inf, inf, inf, inf, inf, inf, inf, inf, inf, inf, inf, inf, inf, inf, inf, inf, inf, inf, inf, inf, inf, inf, inf, inf, inf, inf, inf, inf, inf, inf, inf, inf, inf, inf, inf, inf, inf, inf, inf, inf, inf, inf, inf, inf, inf, inf, inf, inf, inf, inf, inf, inf, inf, inf, inf, inf, inf, inf, inf, inf, inf, inf, inf, inf, inf, inf, inf, inf, inf, inf, inf, inf, inf, inf, inf, inf, inf, inf, inf, inf, inf, inf, inf, inf, inf, inf, inf, inf, inf, inf, inf, inf, inf, inf, inf, inf, inf, inf, inf, inf, inf, inf, inf, inf, inf, inf, inf, inf, 3.482112407684326, 3.4764468669891357, 3.4897384643554688, 3.482771396636963, 3.465897560119629, 3.4710075855255127, 3.452617645263672, 3.47812557220459, 3.45959734916687, 3.4724740982055664, 3.4556026458740234, 3.477911949157715, 3.4646236896514893, 3.4652063846588135, 3.4900381565093994, 3.4903788566589355, inf, inf, inf, inf, inf, inf, inf, inf, inf, inf, inf, inf, inf, inf, inf, inf, inf, inf, inf, inf, inf, inf, inf, inf, inf, inf, inf, inf, inf, inf, inf, inf, inf, inf, inf, inf, inf, inf, inf, inf, inf, inf, inf, inf, inf, inf, inf, inf, inf, inf, inf, inf, inf, inf, inf, inf, inf, inf, inf, inf, inf, inf, inf, inf, inf, inf, inf, inf, inf, inf, inf, inf, inf, inf, inf, inf, inf, inf, inf, inf, inf, inf, inf, inf, inf, inf, inf, inf, inf, inf, inf, inf, inf, inf, inf, inf, inf, inf, inf, inf, inf, inf, inf, inf, inf, inf, inf, inf, inf, inf, inf, inf, inf, inf, inf, inf, inf, inf, inf, inf, inf, inf, inf, inf, inf, inf, inf, inf, inf, inf, inf, inf, inf, inf, inf, inf, inf, inf, inf, inf, inf, inf, inf, inf, inf, inf, inf, inf, inf, inf, inf, inf, inf, inf, inf, inf, inf, inf, inf, inf, inf, inf]),0.01749303564429283,924408000000
array('f', [inf, inf, inf, inf, inf, inf, inf, inf, inf, inf, inf, inf, inf, inf, inf, inf, inf, inf, inf, inf, inf, inf, inf, inf, inf, inf, inf, inf, inf, inf, inf, inf, inf, inf, inf, inf, inf, inf, inf, inf, inf, inf, inf, inf, inf, inf, inf, inf, inf, inf, inf, inf, inf, inf, inf, inf, inf, inf, inf, inf, inf, inf, inf, inf, inf, inf, inf, inf, inf, inf, inf, inf, inf, inf, inf, inf, inf, inf, inf, inf, inf, inf, inf, inf, inf, inf, inf, inf, inf, inf, inf, inf, inf, inf, inf, inf, inf, inf, inf, inf, inf, inf, inf, inf, inf, inf, inf, inf, inf, inf, inf, inf, inf, inf, inf, inf, inf, inf, inf, inf, inf, inf, inf, inf, inf, inf, inf, inf, inf, inf, inf, inf, inf, inf, inf, inf, inf, inf, inf, inf, inf, inf, inf, inf, inf, inf, inf, inf, inf, inf, inf, inf, inf, inf, inf, inf, inf, inf, inf, inf, inf, inf, 3.4152276515960693, inf, inf, inf, inf, inf, inf, inf, inf, inf, inf, inf, inf, inf, inf, inf, inf, inf, inf, inf, inf, inf, inf, inf, inf, inf, inf, inf, inf, inf, inf, inf, inf, inf, inf, inf, inf, inf, inf, inf, inf, inf, inf, inf, inf, inf, inf, inf, inf, inf, inf, inf, inf, inf, inf, inf, inf, inf, inf, inf, inf, inf, inf, inf, inf, inf, inf, inf, inf, inf, inf, inf, inf, inf, inf, inf, inf, inf, inf, inf, inf, inf, inf, inf, inf, inf, inf, inf, inf, inf, inf, inf, inf, inf, inf, inf, inf, inf, inf, inf, inf, inf, inf, inf, inf, inf, inf, inf, inf, inf, inf, inf, inf, inf, inf, inf, inf, inf, inf, inf, inf, inf, inf, inf, inf, inf, inf, inf, inf, inf, inf, inf, inf, inf, inf, inf, inf, inf, inf, inf, inf, inf, inf, inf, inf, inf, inf, inf, inf, inf, inf, inf, inf, inf, inf, inf, inf, inf, inf, inf, inf, inf, inf, inf, inf, inf, inf, inf, inf, inf, inf, inf, inf, inf, inf, inf, inf, inf, inf, inf, inf, inf, inf, inf, inf, inf, inf, inf, inf, inf, inf, inf, inf, inf, inf, inf, inf, inf]),0.01749303564429283,924608000000
array('f', [inf, inf, inf, inf, inf, inf, inf, inf, inf, inf, inf, inf, inf, inf, inf, inf, inf, inf, inf, inf, inf, inf, inf, inf, inf, inf, inf, inf, inf, inf, inf, inf, inf, inf, inf, inf, inf, inf, inf, inf, inf, inf, inf, inf, inf, inf, inf, inf, inf, inf, inf, inf, inf, inf, inf, inf, inf, inf, inf, inf, inf, inf, inf, inf, inf, inf, inf, inf, inf, inf, inf, inf, inf, inf, inf, inf, inf, inf, inf, inf, inf, inf, inf, inf, inf, inf, inf, inf, inf, inf, inf, inf, inf, inf, inf, inf, inf, inf, inf, inf, inf, inf, inf, inf, inf, inf, inf, inf, inf, inf, inf, inf, inf, inf, inf, inf, inf, inf, inf, inf, inf, inf, inf, inf, inf, inf, inf, inf, inf, inf, inf, inf, inf, inf, inf, inf, inf, inf, inf, inf, inf, inf, inf, inf, inf, inf, inf, inf, inf, inf, inf, inf, inf, inf, inf, inf, inf, inf, inf, inf, inf, inf, inf, inf, inf, inf, inf, inf, inf, inf, inf, inf, inf, inf, inf, inf, inf, inf, inf, inf, inf, inf, inf, inf, inf, inf, inf, inf, inf, inf, inf, inf, inf, inf, inf, inf, inf, inf, inf, inf, inf, inf, inf, inf, inf, inf, inf, inf, inf, inf, inf, inf, inf, inf, inf, inf, inf, inf, inf, inf, inf, inf, inf, inf, inf, inf, inf, inf, inf, inf, inf, inf, inf, inf, inf, inf, inf, inf, inf, inf, inf, inf, inf, inf, inf, inf, inf, inf, inf, inf, inf, inf, inf, inf, inf, inf, inf, inf, inf, inf, inf, inf, inf, inf, inf, inf, inf, inf, inf, inf, inf, inf, inf, inf, inf, inf, inf, inf, inf, inf, inf, inf, inf, inf, inf, inf, inf, inf, inf, inf, inf, inf, inf, inf, inf, inf, inf, inf, inf, inf, inf, inf, inf, inf, inf, inf, inf, inf, inf, inf, inf, inf, inf, inf, inf, inf, inf, inf, inf, inf, inf, inf, inf, inf, inf, inf, inf, inf, inf, inf, inf, inf, inf, inf, inf, inf, inf, inf, inf, inf, inf, inf, inf, inf, inf, inf, inf, inf, inf, inf, inf, inf, inf, inf, inf, inf, inf, inf, inf, inf]),0.01749303564429283,924808000000
array('f', [inf, inf, inf, inf, inf, inf, inf, inf, inf, inf, inf, inf, inf, inf, inf, inf, inf, inf, inf, inf, inf, inf, inf, inf, inf, inf, inf, inf, inf, inf, inf, inf, inf, inf, inf, inf, inf, inf, inf, inf, inf, inf, inf, inf, inf, inf, inf, inf, inf, inf, inf, inf, inf, inf, inf, inf, inf, inf, inf, inf, inf, inf, inf, inf, inf, inf, inf, inf, inf, inf, inf, inf, inf, inf, inf, inf, inf, inf, inf, inf, inf, inf, inf, inf, inf, inf, inf, inf, inf, inf, inf, inf, inf, inf, inf, inf, inf, inf, inf, inf, inf, inf, inf, inf, inf, inf, inf, inf, inf, inf, inf, inf, inf, inf, inf, inf, inf, inf, inf, inf, inf, inf, inf, inf, inf, inf, inf, inf, inf, inf, inf, inf, inf, inf, inf, inf, inf, inf, inf, inf, inf, inf, inf, inf, inf, inf, inf, inf, inf, inf, inf, inf, inf, inf, inf, inf, inf, inf, inf, inf, inf, inf, inf, inf, inf, inf, inf, inf, inf, inf, inf, inf, inf, inf, inf, inf, inf, inf, inf, inf, inf, inf, inf, inf, inf, inf, inf, inf, inf, inf, inf, inf, inf, inf, inf, inf, inf, inf, inf, inf, inf, inf, inf, inf, inf, inf, inf, inf, inf, inf, inf, inf, inf, inf, inf, inf, inf, inf, inf, inf, inf, inf, inf, inf, inf, inf, inf, inf, inf, inf, inf, inf, inf, inf, inf, inf, inf, inf, inf, inf, inf, inf, inf, inf, inf, inf, inf, inf, inf, inf, inf, inf, inf, inf, inf, inf, inf, inf, inf, inf, inf, inf, inf, inf, inf, inf, inf, inf, inf, inf, inf, inf, inf, inf, inf, inf, inf, inf, inf, inf, inf, inf, inf, inf, inf, inf, inf, inf, inf, inf, inf, inf, inf, inf, inf, inf, inf, inf, inf, inf, inf, inf, inf, inf, inf, inf, inf, inf, inf, inf, inf, inf, inf, inf, inf, inf, inf, inf, inf, inf, inf, inf, inf, inf, inf, inf, inf, inf, inf, inf, inf, inf, inf, inf, inf, inf, inf, inf, inf, inf, inf, inf, inf, inf, inf, inf, inf, inf, inf, inf, inf, inf, inf, inf, inf, inf, inf, inf, inf, inf]),0.01749303564429283,925008000000
array('f', [inf, inf, inf, inf, inf, inf, inf, inf, inf, inf, inf, inf, inf, inf, inf, inf, inf, inf, inf, inf, inf, inf, inf, inf, inf, inf, inf, inf, inf, inf, inf, inf, inf, inf, inf, inf, inf, inf, inf, inf, inf, inf, inf, inf, inf, inf, inf, inf, inf, inf, inf, inf, inf, inf, inf, inf, inf, inf, inf, inf, inf, inf, inf, inf, inf, inf, inf, inf, inf, inf, inf, inf, inf, inf, inf, inf, inf, inf, inf, inf, inf, inf, inf, inf, inf, inf, inf, inf, inf, inf, inf, inf, inf, inf, inf, inf, inf, inf, inf, inf, inf, inf, inf, inf, inf, inf, inf, inf, inf, inf, inf, inf, inf, inf, inf, inf, inf, inf, inf, inf, inf, inf, inf, inf, inf, inf, inf, inf, inf, inf, inf, inf, inf, inf, inf, inf, inf, inf, inf, inf, inf, inf, inf, inf, inf, inf, inf, inf, inf, inf, inf, inf, inf, inf, inf, inf, inf, inf, inf, inf, inf, inf, inf, inf, inf, inf, inf, inf, inf, inf, inf, inf, inf, inf, inf, inf, inf, inf, inf, inf, inf, inf, inf, inf, inf, inf, inf, inf, inf, inf, inf, inf, inf, inf, inf, inf, inf, inf, inf, inf, inf, inf, inf, inf, inf, inf, inf, inf, inf, inf, inf, inf, inf, inf, inf, inf, inf, inf, inf, inf, inf, inf, inf, inf, inf, inf, inf, inf, inf, inf, inf, inf, inf, inf, inf, inf, inf, inf, inf, inf, inf, inf, inf, inf, inf, inf, inf, inf, inf, inf, inf, inf, inf, inf, inf, inf, inf, inf, inf, inf, inf, inf, inf, inf, inf, inf, inf, inf, inf, inf, inf, inf, inf, inf, inf, inf, inf, inf, inf, inf, inf, inf, inf, inf, inf, inf, inf, inf, inf, inf, inf, inf, inf, inf, inf, inf, inf, inf, inf, inf, inf, inf, inf, inf, inf, inf, inf, inf, inf, inf, inf, inf, inf, inf, inf, inf, inf, inf, inf, inf, inf, inf, inf, inf, inf, inf, inf, inf, inf, inf, inf, inf, inf, inf, inf, inf, inf, inf, inf, inf, inf, inf, inf, inf, inf, inf, inf, inf, inf, inf, inf, inf, inf, inf, inf, inf, inf, inf, inf, inf]),0.01749303564429283,925208000000
array('f', [inf, inf, inf, inf, inf, inf, inf, inf, inf, inf, inf, inf, inf, inf, inf, inf, inf, inf, inf, inf, inf, inf, inf, inf, inf, inf, inf, inf, inf, inf, inf, inf, inf, inf, inf, inf, inf, inf, inf, inf, inf, inf, inf, inf, inf, inf, inf, inf, inf, inf, inf, inf, inf, inf, inf, inf, inf, inf, inf, inf, inf, inf, inf, inf, inf, inf, inf, inf, inf, inf, inf, inf, inf, inf, inf, inf, inf, inf, inf, inf, inf, inf, inf, inf, inf, inf, inf, inf, inf, inf, inf, inf, inf, inf, inf, inf, inf, inf, inf, inf, inf, inf, inf, inf, inf, inf, inf, inf, inf, inf, inf, inf, inf, inf, inf, inf, inf, inf, inf, inf, inf, inf, inf, inf, inf, inf, inf, inf, inf, inf, inf, inf, inf, inf, inf, inf, inf, inf, inf, inf, inf, inf, inf, inf, inf, inf, inf, inf, inf, inf, inf, inf, inf, inf, inf, inf, inf, inf, inf, inf, inf, inf, inf, inf, inf, inf, inf, inf, inf, inf, inf, inf, inf, inf, inf, inf, inf, inf, inf, inf, inf, inf, inf, inf, inf, inf, inf, inf, inf, inf, inf, inf, inf, inf, inf, inf, inf, inf, inf, inf, inf, inf, inf, inf, inf, inf, inf, inf, inf, inf, inf, inf, inf, inf, inf, inf, inf, inf, inf, inf, inf, inf, inf, inf, inf, inf, inf, inf, inf, inf, inf, inf, inf, inf, inf, inf, inf, inf, inf, inf, inf, inf, inf, inf, inf, inf, inf, inf, inf, inf, inf, inf, inf, inf, inf, inf, inf, inf, inf, inf, inf, inf, inf, inf, inf, inf, inf, inf, inf, inf, inf, inf, inf, inf, inf, inf, inf, inf, inf, inf, inf, inf, inf, inf, inf, inf, inf, inf, inf, inf, inf, inf, inf, inf, inf, inf, inf, inf, inf, inf, inf, inf, inf, inf, inf, inf, inf, inf, inf, inf, inf, inf, inf, inf, inf, inf, inf, inf, inf, inf, inf, inf, inf, inf, inf, inf, inf, inf, inf, inf, inf, inf, inf, inf, inf, inf, inf, inf, inf, inf, inf, inf, inf, inf, inf, inf, inf, inf, inf, inf, inf, inf, inf, inf, inf, inf, inf, inf, inf, inf]),0.01749303564429283,925408000000
array('f', [inf, inf, inf, inf, inf, inf, inf, inf, inf, inf, inf, inf, inf, inf, inf, inf, inf, inf, inf, inf, inf, inf, inf, inf, inf, inf, inf, inf, inf, inf, inf, inf, inf, inf, inf, inf, inf, inf, inf, inf, inf, inf, inf, inf, inf, inf, inf, inf, inf, inf, inf, inf, inf, inf, inf, inf, inf, inf, inf, inf, inf, inf, inf, inf, inf, inf, inf, inf, inf, inf, inf, inf, inf, inf, inf, inf, inf, inf, inf, inf, inf, inf, inf, inf, inf, inf, inf, inf, inf, inf, inf, inf, inf, inf, inf, inf, inf, inf, inf, inf, inf, inf, inf, inf, inf, inf, inf, inf, inf, inf, inf, inf, inf, inf, inf, inf, inf, inf, inf, inf, inf, inf, inf, inf, inf, inf, inf, inf, inf, inf, inf, inf, inf, inf, inf, inf, inf, inf, inf, inf, inf, inf, inf, inf, inf, inf, inf, inf, inf, inf, inf, inf, inf, inf, inf, inf, inf, inf, inf, inf, inf, inf, inf, inf, inf, inf, inf, inf, inf, inf, inf, inf, inf, inf, inf, inf, inf, inf, inf, inf, inf, inf, inf, inf, inf, inf, inf, inf, inf, inf, inf, inf, inf, inf, inf, inf, inf, inf, inf, inf, inf, inf, inf, inf, inf, inf, inf, inf, inf, inf, inf, inf, inf, inf, inf, inf, inf, inf, inf, inf, inf, inf, inf, inf, inf, inf, inf, inf, inf, inf, inf, inf, inf, inf, inf, inf, inf, inf, inf, inf, inf, inf, inf, inf, inf, inf, inf, inf, inf, inf, inf, inf, inf, inf, inf, inf, inf, inf, inf, inf, inf, inf, inf, inf, inf, inf, inf, inf, inf, inf, inf, inf, inf, inf, inf, inf, inf, inf, inf, inf, inf, inf, inf, inf, inf, inf, inf, inf, inf, inf, inf, inf, inf, inf, inf, inf, inf, inf, inf, inf, inf, inf, inf, inf, inf, inf, inf, inf, inf, inf, inf, inf, inf, inf, inf, inf, inf, inf, inf, inf, inf, inf, inf, inf, inf, inf, inf, inf, inf, inf, inf, inf, inf, inf, inf, inf, inf, inf, inf, inf, inf, inf, inf, inf, inf, inf, inf, inf, inf, inf, inf, inf, inf, inf, inf, inf, inf, inf, inf, inf]),0.01749303564429283,925608000000
array('f', [inf, inf, inf, inf, inf, inf, inf, inf, inf, inf, inf, inf, inf, inf, inf, inf, inf, inf, inf, inf, inf, inf, inf, inf, inf, inf, inf, inf, inf, inf, inf, inf, inf, inf, inf, inf, inf, inf, inf, inf, inf, inf, inf, inf, inf, inf, inf, inf, inf, inf, inf, inf, inf, inf, inf, inf, inf, inf, inf, inf, inf, inf, inf, inf, inf, inf, inf, inf, inf, inf, inf, inf, inf, inf, inf, inf, inf, inf, inf, inf, inf, inf, inf, inf, inf, inf, inf, inf, inf, inf, inf, inf, inf, inf, inf, inf, inf, inf, inf, inf, inf, inf, inf, inf, inf, inf, inf, inf, inf, inf, inf, inf, inf, inf, inf, inf, inf, inf, inf, inf, inf, inf, inf, inf, inf, inf, inf, inf, inf, inf, inf, inf, inf, inf, inf, inf, inf, inf, inf, inf, inf, inf, inf, inf, inf, inf, inf, inf, inf, inf, inf, inf, inf, inf, inf, inf, inf, inf, inf, inf, inf, inf, inf, inf, inf, inf, inf, inf, inf, inf, inf, inf, inf, inf, inf, inf, inf, inf, inf, inf, inf, inf, inf, inf, inf, inf, inf, inf, inf, inf, inf, inf, inf, inf, inf, inf, inf, inf, inf, inf, inf, inf, inf, inf, inf, inf, inf, inf, inf, inf, inf, inf, inf, inf, inf, inf, inf, inf, inf, inf, inf, inf, inf, inf, inf, inf, inf, inf, inf, inf, inf, inf, inf, inf, inf, inf, inf, inf, inf, inf, inf, inf, inf, inf, inf, inf, inf, inf, inf, inf, inf, inf, inf, inf, inf, inf, inf, inf, inf, inf, inf, inf, inf, inf, inf, inf, inf, inf, inf, inf, inf, inf, inf, inf, inf, inf, inf, inf, inf, inf, inf, inf, inf, inf, inf, inf, inf, inf, inf, inf, inf, inf, inf, inf, inf, inf, inf, inf, inf, inf, inf, inf, inf, inf, inf, inf, inf, inf, inf, inf, inf, inf, inf, inf, inf, inf, inf, inf, inf, inf, inf, inf, inf, inf, inf, inf, inf, inf, inf, inf, inf, inf, inf, inf, inf, inf, inf, inf, inf, inf, inf, inf, inf, inf, inf, inf, inf, inf, inf, inf, inf, inf, inf, inf, inf, inf, inf, inf, inf, inf]),0.01749303564429283,925808000000
array('f', [inf, inf, inf, inf, inf, inf, inf, inf, inf, inf, inf, inf, inf, inf, inf, inf, inf, inf, inf, inf, inf, inf, inf, inf, inf, inf, inf, inf, inf, inf, inf, inf, inf, inf, inf, inf, inf, inf, inf, inf, inf, inf, inf, inf, inf, inf, inf, inf, inf, inf, inf, inf, inf, inf, inf, inf, inf, inf, inf, inf, inf, inf, inf, inf, inf, inf, inf, inf, inf, inf, inf, inf, inf, inf, inf, inf, inf, inf, inf, inf, inf, inf, inf, inf, inf, inf, inf, inf, inf, inf, inf, inf, inf, inf, inf, inf, inf, inf, inf, inf, inf, inf, inf, inf, inf, inf, inf, inf, inf, inf, inf, inf, inf, inf, inf, inf, inf, inf, inf, inf, inf, inf, inf, inf, inf, inf, inf, inf, inf, inf, inf, inf, inf, inf, inf, inf, inf, inf, inf, inf, inf, inf, inf, inf, inf, inf, inf, inf, inf, inf, inf, inf, inf, inf, inf, inf, inf, inf, inf, inf, inf, inf, inf, inf, inf, inf, inf, inf, inf, inf, inf, inf, inf, inf, inf, inf, inf, inf, inf, inf, inf, inf, inf, inf, inf, inf, inf, inf, inf, inf, inf, inf, inf, inf, inf, inf, inf, inf, inf, inf, inf, inf, inf, inf, inf, inf, inf, inf, inf, inf, inf, inf, inf, inf, inf, inf, inf, inf, inf, inf, inf, inf, inf, inf, inf, inf, inf, inf, inf, inf, inf, inf, inf, inf, inf, inf, inf, inf, inf, inf, inf, inf, inf, inf, inf, inf, inf, inf, inf, inf, inf, inf, inf, inf, inf, inf, inf, inf, inf, inf, inf, inf, inf, inf, inf, inf, inf, inf, inf, inf, inf, inf, inf, inf, inf, inf, inf, inf, inf, inf, inf, inf, inf, inf, inf, inf, inf, inf, inf, inf, inf, inf, inf, inf, inf, inf, inf, inf, inf, inf, inf, inf, inf, inf, inf, inf, inf, inf, inf, inf, inf, inf, inf, inf, inf, inf, inf, inf, inf, inf, inf, inf, inf, inf, inf, inf, inf, inf, inf, inf, inf, inf, inf, inf, inf, inf, inf, inf, inf, inf, inf, inf, inf, inf, inf, inf, inf, inf, inf, inf, inf, inf, inf, inf, inf, inf, inf, inf, inf, inf]),0.01749303564429283,926008000000
array('f', [inf, inf, inf, inf, inf, inf, inf, inf, inf, inf, inf, inf, inf, inf, inf, inf, inf, inf, inf, inf, inf, inf, inf, inf, inf, inf, inf, inf, inf, inf, inf, inf, inf, inf, inf, inf, inf, inf, inf, inf, inf, inf, inf, inf, inf, inf, inf, inf, inf, inf, inf, inf, inf, inf, inf, inf, inf, inf, inf, inf, inf, inf, inf, inf, inf, inf, inf, inf, inf, inf, inf, inf, inf, inf, inf, inf, inf, inf, inf, inf, inf, inf, inf, inf, inf, inf, inf, inf, inf, inf, inf, inf, inf, inf, inf, inf, inf, inf, inf, inf, inf, inf, inf, inf, inf, inf, inf, inf, inf, inf, inf, inf, inf, inf, inf, inf, inf, inf, inf, inf, inf, inf, inf, inf, inf, inf, inf, inf, inf, inf, inf, inf, inf, inf, inf, inf, inf, inf, inf, inf, inf, inf, inf, inf, inf, inf, inf, inf, inf, inf, inf, inf, inf, inf, inf, inf, inf, inf, inf, inf, inf, inf, inf, inf, inf, inf, inf, inf, inf, inf, inf, inf, inf, inf, inf, inf, inf, inf, inf, inf, inf, inf, inf, inf, inf, inf, inf, inf, inf, inf, inf, inf, inf, inf, inf, inf, inf, inf, inf, inf, inf, inf, inf, inf, inf, inf, inf, inf, inf, inf, inf, inf, inf, inf, inf, inf, inf, inf, inf, inf, inf, inf, inf, inf, inf, inf, inf, inf, inf, inf, inf, inf, inf, inf, inf, inf, inf, inf, inf, inf, inf, inf, inf, inf, inf, inf, inf, inf, inf, inf, inf, inf, inf, inf, inf, inf, inf, inf, inf, inf, inf, inf, inf, inf, inf, inf, inf, inf, inf, inf, inf, inf, inf, inf, inf, inf, inf, inf, inf, inf, inf, inf, inf, inf, inf, inf, inf, inf, inf, inf, inf, inf, inf, inf, inf, inf, inf, inf, inf, inf, inf, inf, inf, inf, inf, inf, inf, inf, inf, inf, inf, inf, inf, inf, inf, inf, inf, inf, inf, inf, inf, inf, inf, inf, inf, inf, inf, inf, inf, inf, inf, inf, 3.5, 3.497380256652832, 3.491170644760132, 3.4852216243743896, 3.47399640083313, 3.470897912979126, 3.4634668827056885, 3.4735288619995117, 3.4747745990753174, 3.4825496673583984, 3.4668169021606445, 3.483283042907715, 3.477181911468506, 3.493617057800293, inf, inf, inf, inf, inf, inf, inf, inf, inf, inf, inf, inf, inf, inf]),0.01749303564429283,926208000000
array('f', [inf, inf, inf, inf, inf, inf, inf, inf, inf, inf, inf, inf, inf, inf, inf, inf, inf, inf, inf, inf, inf, inf, inf, inf, inf, inf, inf, inf, inf, inf, inf, inf, inf, inf, inf, inf, inf, inf, inf, inf, inf, inf, inf, inf, inf, inf, inf, inf, inf, inf, inf, inf, inf, inf, inf, inf, inf, inf, inf, inf, inf, inf, inf, inf, inf, inf, inf, inf, inf, inf, inf, inf, inf, inf, inf, inf, inf, inf, inf, inf, inf, inf, inf, inf, inf, inf, inf, inf, inf, inf, inf, inf, inf, inf, inf, inf, inf, inf, inf, inf, inf, inf, inf, inf, inf, inf, inf, inf, inf, inf, inf, inf, inf, inf, inf, inf, inf, inf, inf, inf, inf, inf, inf, inf, inf, inf, inf, inf, inf, inf, inf, inf, inf, inf, inf, inf, inf, inf, inf, inf, inf, inf, inf, inf, inf, inf, inf, inf, inf, inf, inf, inf, inf, inf, inf, inf, inf, inf, inf, inf, inf, inf, inf, inf, inf, inf, inf, inf, inf, inf, inf, inf, inf, inf, inf, inf, inf, inf, inf, inf, inf, inf, inf, inf, inf, inf, inf, inf, inf, inf, inf, inf, inf, inf, inf, inf, inf, inf, inf, inf, inf, inf, inf, inf, inf, inf, inf, inf, inf, inf, inf, inf, inf, inf, inf, inf, inf, inf, inf, inf, inf, inf, inf, inf, inf, inf, inf, inf, inf, inf, inf, inf, inf, inf, inf, inf, inf, inf, inf, inf, inf, inf, inf, inf, inf, inf, inf, inf, inf, inf, inf, inf, inf, inf, inf, inf, inf, inf, inf, inf, inf, inf, inf, inf, inf, inf, inf, inf, inf, inf, inf, inf, inf, inf, inf, inf, inf, inf, inf, inf, inf, inf, inf, inf, inf, inf, inf, inf, inf, inf, inf, inf, inf, inf, inf, inf, inf, inf, inf, inf, inf, inf, inf, inf, inf, inf, inf, inf, inf, inf, inf, inf, 3.3871655464172363, 3.3485002517700195, 3.3603599071502686, 3.354243040084839, 3.3241488933563232, 3.3272433280944824, 3.3139212131500244, 3.316051721572876, 3.3043534755706787, 3.296513319015503, 3.283383369445801, 3.282750129699707, 3.3001644611358643, 3.306788444519043, 3.300100803375244, 3.2886524200439453, 3.293663501739502, 3.2978429794311523, 3.3154144287109375, 3.318829298019409, 3.3022713661193848, 3.333662509918213, 3.3298847675323486, 3.340388774871826, 3.3586957454681396, 3.367917776107788, 3.38132643699646, 3.390956401824951, 3.394901990890503, 3.4037575721740723, 3.4583771228790283, 3.453268051147461, 3.4579720497131348, inf, inf, inf, inf, inf, inf, inf, inf, inf, inf, inf, inf, inf, inf, inf]),0.01749303564429283,926408000000
array('f', [inf, inf, inf, inf, inf, inf, inf, inf, inf, inf, inf, inf, inf, inf, inf, inf, inf, inf, inf, inf, inf, inf, inf, inf, inf, inf, inf, inf, inf, inf, inf, inf, inf, inf, inf, inf, inf, inf, inf, inf, inf, inf, inf, inf, inf, inf, inf, inf, inf, inf, inf, inf, inf, inf, inf, inf, inf, inf, inf, inf, inf, inf, inf, inf, inf, inf, inf, inf, inf, inf, inf, inf, inf, inf, inf, inf, inf, inf, inf, inf, inf, inf, inf, inf, inf, inf, inf, inf, inf, inf, inf, inf, inf, inf, inf, inf, inf, inf, inf, inf, inf, inf, inf, inf, inf, inf, inf, inf, inf, inf, inf, inf, inf, inf, inf, inf, inf, inf, inf, inf, inf, inf, inf, inf, inf, inf, inf, inf, inf, inf, inf, inf, inf, inf, inf, inf, inf, inf, inf, inf, inf, inf, inf, inf, inf, inf, inf, inf, inf, inf, inf, inf, inf, inf, inf, inf, inf, inf, inf, inf, inf, inf, inf, inf, inf, inf, inf, inf, inf, inf, inf, inf, inf, inf, inf, inf, inf, inf, inf, inf, inf, inf, inf, inf, inf, inf, inf, inf, inf, inf, inf, inf, inf, inf, inf, inf, inf, inf, inf, inf, inf, inf, inf, inf, inf, inf, inf, inf, inf, inf, inf, inf, inf, inf, inf, inf, inf, inf, inf, inf, inf, inf, inf, inf, inf, inf, inf, inf, inf, inf, inf, inf, inf, inf, inf, inf, inf, inf, inf, inf, inf, inf, inf, inf, inf, inf, inf, inf, inf, inf, inf, inf, inf, inf, inf, inf, inf, inf, inf, inf, inf, inf, inf, inf, inf, inf, inf, inf, inf, inf, inf, inf, inf, inf, inf, inf, inf, inf, inf, inf, inf, inf, inf, inf, inf, inf, inf, inf, inf, inf, inf, inf, inf, inf, inf, inf, 3.2519099712371826, 3.2539477348327637, 3.2340869903564453, 3.210548162460327, 3.197567939758301, 3.1903188228607178, 3.173872470855713, 3.173179864883423, 3.16507625579834, 3.148479700088501, 3.142707347869873, 3.152895927429199, 3.1421031951904297, 3.1547389030456543, 3.1357674598693848, 3.1261050701141357, 3.144379138946533, 3.1496846675872803, 3.1451196670532227, 3.152376890182495, 3.1413352489471436, 3.1476259231567383, 3.1592459678649902, 3.1632773876190186, 3.1639304161071777, 3.178849458694458, 3.2002346515655518, 3.1908187866210938, 3.2141265869140625, 3.247790813446045, 3.2336411476135254, 3.252161979675293, 3.271069049835205, 3.310842275619507, 3.317418336868286, 3.3270061016082764, 3.344651460647583, 3.3849477767944336, 3.3826041221618652, 3.431954860687256, 3.4389822483062744, 3.469862222671509, inf, inf, inf, inf, inf, inf, inf, inf, inf, inf, inf, inf, inf, inf, inf, inf, inf, inf, inf, inf, inf, inf]),0.01749303564429283,926608000000
array('f', [inf, inf, inf, inf, inf, inf, inf, inf, inf, inf, inf, inf, inf, inf, inf, inf, inf, inf, inf, inf, inf, inf, inf, inf, inf, inf, inf, inf, inf, inf, inf, inf, inf, inf, inf, inf, inf, inf, inf, inf, inf, inf, inf, inf, inf, inf, inf, inf, inf, inf, inf, inf, inf, inf, inf, inf, inf, inf, inf, inf, inf, inf, inf, inf, inf, inf, inf, inf, inf, inf, inf, inf, inf, inf, inf, inf, inf, inf, inf, inf, inf, inf, inf, inf, inf, inf, inf, inf, inf, inf, inf, inf, inf, inf, inf, inf, inf, inf, inf, inf, inf, inf, inf, inf, inf, inf, inf, inf, inf, inf, inf, inf, inf, inf, inf, inf, inf, inf, inf, inf, inf, inf, inf, inf, inf, inf, inf, inf, inf, inf, inf, inf, inf, inf, inf, inf, inf, inf, inf, inf, inf, inf, inf, inf, inf, inf, inf, inf, inf, inf, inf, inf, inf, inf, inf, inf, inf, inf, inf, inf, inf, inf, inf, inf, inf, inf, inf, inf, inf, inf, inf, inf, inf, inf, inf, inf, inf, inf, inf, inf, inf, inf, inf, inf, inf, inf, inf, inf, inf, inf, inf, inf, inf, inf, inf, inf, inf, inf, inf, inf, inf, inf, inf, inf, inf, inf, inf, inf, inf, inf, inf, inf, inf, inf, inf, inf, inf, inf, inf, inf, inf, inf, inf, inf, inf, inf, inf, inf, inf, inf, inf, inf, inf, inf, inf, inf, inf, inf, inf, inf, inf, inf, inf, inf, inf, inf, inf, inf, inf, inf, inf, inf, inf, inf, inf, inf, inf, inf, inf, inf, inf, inf, inf, inf, inf, inf, inf, inf, inf, inf, inf, inf, inf, inf, inf, inf, inf, inf, inf, inf, 3.176114320755005, 3.1567540168762207, 3.1553804874420166, 3.1331849098205566, 3.1139981746673584, 3.1158928871154785, 3.0945398807525635, 3.058084011077881, 3.049473762512207, 3.0570740699768066, 3.039428472518921, 3.0544824600219727, 3.032783269882202, 3.023218870162964, 3.0247623920440674, 3.042232036590576, 3.005770444869995, 3.024427890777588, 3.0067970752716064, 3.00894832611084, 3.0245766639709473, 3.009936809539795, 3.031815767288208, 3.0306081771850586, 3.0241074562072754, 3.0343732833862305, 3.045311689376831, 3.042792320251465, 3.035242795944214, 3.047609567642212, 3.0713136196136475, 3.086622476577759, 3.09234619140625, 3.1230523586273193, 3.1318514347076416, 3.1229984760284424, 3.161180257797241, 3.1783182621002197, 3.193042755126953, 3.225686550140381, 3.241868019104004, 3.2599644660949707, 3.2743632793426514, 3.3031303882598877, 3.3279542922973633, 3.370042324066162, 3.387287139892578, 3.4359376430511475, 3.4596829414367676, 3.495734214782715, inf, inf, inf, inf, inf, inf, inf, inf, inf, inf, inf, inf, inf, inf, inf, inf, inf, inf, inf, inf, inf, inf, inf, inf, inf, inf, inf, inf, inf, inf]),0.01749303564429283,926808000000
array('f', [inf, inf, inf, inf, inf, inf, inf, inf, inf, inf, inf, inf, inf, inf, inf, inf, inf, inf, inf, inf, inf, inf, inf, inf, inf, inf, inf, inf, inf, inf, inf, inf, inf, inf, inf, inf, inf, inf, inf, inf, inf, inf, inf, inf, inf, inf, inf, inf, inf, inf, inf, inf, inf, inf, inf, inf, inf, inf, inf, inf, inf, inf, inf, inf, inf, inf, inf, inf, inf, inf, inf, inf, inf, inf, inf, inf, inf, inf, inf, inf, inf, inf, inf, inf, inf, inf, inf, inf, inf, inf, inf, inf, inf, inf, inf, inf, inf, inf, inf, inf, inf, inf, inf, inf, inf, inf, inf, inf, inf, inf, inf, inf, inf, inf, inf, inf, inf, inf, inf, inf, inf, inf, inf, inf, inf, inf, inf, inf, inf, inf, inf, inf, inf, inf, inf, inf, inf, inf, inf, inf, inf, inf, inf, inf, inf, inf, inf, inf, inf, inf, inf, inf, inf, inf, inf, inf, inf, inf, inf, inf, inf, inf, inf, inf, inf, inf, inf, inf, inf, inf, inf, inf, inf, inf, inf, inf, inf, inf, inf, inf, inf, inf, inf, inf, inf, inf, inf, inf, inf, inf, inf, inf, inf, inf, inf, inf, inf, inf, inf, inf, inf, inf, inf, inf, inf, inf, inf, inf, inf, inf, inf, inf, inf, inf, inf, inf, inf, inf, inf, inf, inf, inf, inf, inf, inf, inf, inf, inf, inf, inf, inf, inf, inf, inf, inf, inf, inf, inf, inf, inf, inf, inf, inf, inf, inf, inf, inf, inf, inf, inf, inf, inf, inf, inf, inf, inf, inf, inf, inf, inf, inf, inf, inf, inf, 3.173746347427368, 3.1600289344787598, 3.1373276710510254, 3.102323532104492, 3.0963003635406494, 3.066617012023926, 3.0456299781799316, 3.051590919494629, 3.0339419841766357, 3.0106348991394043, 3.0074634552001953, 2.991896867752075, 2.9802520275115967, 3.00754714012146, 2.979408025741577, 2.9460813999176025, 2.937299966812134, 2.95816969871521, 2.9499781131744385, 2.920238494873047, 2.93162202835083, 2.928631544113159, 2.917693853378296, 2.9258604049682617, 2.9308457374572754, 2.9335262775421143, 2.93955135345459, 2.9401557445526123, 2.950512409210205, 2.956035852432251, 2.968214750289917, 2.962721824645996, 2.969536542892456, 2.9679627418518066, 2.9977991580963135, 3.00282883644104, 3.005981683731079, 3.0313119888305664, 3.025646448135376, 3.032757520675659, 3.054536819458008, 3.1008365154266357, 3.100553274154663, 3.124154567718506, 3.157504081726074, 3.1709394454956055, 3.192542791366577, 3.2214150428771973, 3.256617546081543, 3.273683786392212, 3.2964985370635986, 3.3246817588806152, 3.3664467334747314, 3.392843008041382, 3.438262701034546, 3.4803826808929443, inf, inf, inf, inf, inf, inf, inf, inf, inf, inf, inf, inf, inf, inf, inf, inf, inf, inf, inf, inf, inf, inf, inf, inf, inf, inf, inf, inf, inf, inf, inf, inf, inf, inf, inf, inf, inf, inf, inf, inf]),0.01749303564429283,927008000000
array('f', [inf, inf, inf, inf, inf, inf, inf, inf, inf, inf, inf, inf, inf, inf, inf, inf, inf, inf, inf, inf, inf, inf, inf, inf, 3.4787685871124268, inf, inf, inf, inf, inf, inf, inf, inf, inf, inf, inf, inf, inf, inf, inf, inf, inf, inf, inf, inf, inf, inf, inf, inf, inf, inf, inf, inf, inf, inf, inf, inf, inf, inf, inf, inf, inf, inf, inf, inf, inf, inf, inf, inf, inf, inf, inf, inf, inf, inf, inf, inf, inf, inf, inf, inf, inf, inf, inf, inf, inf, inf, inf, inf, inf, inf, inf, inf, inf, inf, inf, inf, inf, inf, inf, inf, inf, inf, inf, inf, inf, inf, inf, inf, inf, inf, inf, inf, inf, inf, inf, inf, inf, inf, inf, inf, inf, inf, inf, inf, inf, inf, inf, inf, inf, inf, inf, inf, inf, inf, inf, inf, inf, inf, inf, inf, inf, inf, inf, inf, inf, inf, inf, inf, inf, inf, inf, inf, inf, inf, inf, inf, inf, inf, inf, inf, inf, inf, inf, inf, inf, inf, inf, inf, inf, inf, inf, inf, inf, inf, inf, inf, inf, inf, inf, inf, inf, inf, inf, inf, inf, inf, inf, inf, inf, inf, inf, inf, inf, inf, inf, inf, inf, inf, inf, inf, inf, inf, inf, inf, inf, inf, inf, inf, inf, inf, inf, inf, inf, inf, inf, inf, inf, inf, inf, inf, inf, inf, inf, inf, inf, inf, inf, inf, inf, inf, inf, inf, inf, inf, inf, inf, inf, inf, inf, inf, inf, inf, inf, inf, inf, inf, inf, inf, inf, 3.2043826580047607, 3.18574857711792, 3.145604372024536, 3.124323844909668, 3.10414719581604, 3.090406894683838, 3.0618700981140137, 3.0225865840911865, 3.031773567199707, 3.0354974269866943, 3.0191245079040527, 2.987083673477173, 2.951495409011841, 2.9590792655944824, 2.937786340713501, 2.938995361328125, 2.9184696674346924, 2.91975474357605, 2.934265375137329, 2.908890962600708, 2.8995349407196045, 2.8943917751312256, 2.8660223484039307, 2.8950297832489014, 2.897453546524048, 2.8796234130859375, 2.8741042613983154, 2.889939785003662, 2.887622594833374, 2.887338638305664, 2.903940439224243, 2.8950350284576416, 2.905904531478882, 2.92763352394104, 2.90305757522583, 2.9011659622192383, 2.9240221977233887, 2.9466867446899414, 2.944462537765503, 2.948305368423462, 2.9641497135162354, 2.9857470989227295, 3.010099172592163, 3.014880657196045, 3.050518751144409, 3.04581880569458, 3.0857596397399902, 3.0856311321258545, 3.119701385498047, 3.141017436981201, 3.161869764328003, 3.197449207305908, 3.231882333755493, 3.2590057849884033, 3.2790985107421875, 3.3139843940734863, 3.345259428024292, 3.3671326637268066, 3.403036594390869, 3.469151496887207, 3.4982750415802, inf, inf, inf, inf, inf, inf, inf, inf, inf, inf, inf, inf, inf, inf, inf, inf, inf, inf, inf, inf, inf, inf, inf, inf, inf, inf, inf, inf, inf, inf, inf, inf, inf, inf, inf, inf, inf, inf, inf, inf, inf, inf, inf, inf, inf, inf, inf, inf, inf]),0.01749303564429283,927208000000
array('f', [3.4826512336730957, 3.4919281005859375, inf, inf, inf, inf, inf, inf, inf, inf, inf, inf, inf, inf, 3.3030786514282227, inf, inf, inf, inf, inf, inf, inf, inf, inf, inf, inf, inf, inf, inf, inf, inf, inf, inf, inf, inf, inf, inf, inf, inf, inf, inf, inf, inf, inf, inf, inf, inf, inf, inf, inf, inf, inf, inf, inf, inf, inf, inf, inf, inf, inf, inf, inf, inf, inf, inf, inf, inf, inf, inf, inf, inf, inf, inf, inf, inf, inf, inf, inf, inf, inf, inf, inf, inf, inf, inf, inf, inf, inf, inf, inf, inf, inf, inf, inf, inf, inf, inf, inf, inf, inf, inf, inf, inf, inf, inf, inf, inf, inf, inf, inf, inf, inf, inf, inf, inf, inf, inf, inf, inf, inf, inf, inf, inf, inf, inf, inf, inf, inf, inf, inf, inf, inf, inf, inf, inf, inf, inf, inf, inf, inf, inf, inf, inf, inf, inf, inf, inf, inf, inf, inf, inf, inf, inf, inf, inf, inf, inf, inf, inf, inf, inf, inf, inf, inf, inf, inf, inf, inf, inf, inf, inf, inf, inf, inf, inf, inf, inf, inf, inf, inf, inf, inf, inf, inf, inf, inf, inf, inf, inf, inf, inf, inf, inf, inf, inf, inf, inf, inf, inf, inf, inf, inf, inf, inf, inf, inf, inf, inf, inf, inf, inf, inf, inf, inf, inf, inf, inf, inf, inf, inf, inf, inf, inf, inf, inf, inf, inf, inf, inf, inf, inf, inf, inf, inf, inf, inf, 3.2851009368896484, 3.2687134742736816, 3.2435355186462402, 3.193079948425293, 3.1720943450927734, 3.133493185043335, 3.129573106765747, 3.1224663257598877, 3.080514907836914, 3.05057692527771, 3.0271542072296143, 3.0188727378845215, 3.014317035675049, 3.0093212127685547, 2.9745352268218994, 2.963353395462036, 2.9475317001342773, 2.9408411979675293, 2.9139151573181152, 2.9065141677856445, 2.9108152389526367, 2.9060683250427246, 2.8879337310791016, 2.889496326446533, 2.8859167098999023, 2.875379800796509, 2.8931078910827637, 2.8800783157348633, 2.8560919761657715, 2.8585686683654785, 2.873249053955078, 2.8659770488739014, 2.8919289112091064, 2.875929594039917, 2.8843491077423096, 2.895735025405884, 2.898198127746582, 2.904491662979126, 2.906472682952881, 2.916842460632324, 2.921215534210205, 2.938373327255249, 2.9729881286621094, 2.9619834423065186, 2.9745662212371826, 3.0108554363250732, 3.000322103500366, 3.013906240463257, 3.0307819843292236, 3.0579640865325928, 3.0843093395233154, 3.0931453704833984, 3.1251537799835205, 3.1364145278930664, 3.1511292457580566, 3.197955369949341, 3.231942653656006, 3.254948616027832, 3.273491382598877, 3.324190139770508, 3.3513431549072266, 3.4068760871887207, 3.428840160369873, 3.4589977264404297, inf, inf, inf, inf, inf, inf, inf, inf, inf, inf, inf, inf, inf, inf, inf, inf, inf, inf, inf, inf, inf, inf, inf, inf, inf, inf, inf, inf, inf, inf, inf, inf, inf, inf, inf, inf, inf, inf, inf, inf, inf, inf, inf, inf, inf, inf, inf, 3.492611885070801, 3.4864625930786133, 3.4923079013824463, 3.487618923187256, 3.479437828063965, 3.455108165740967, 3.457383394241333, 3.465210199356079, 3.462609052658081, 3.4681434631347656, 3.4598395824432373, 3.4782752990722656, 3.4690303802490234]),0.01749303564429283,927407000000
array('f', [inf, inf, inf, inf, 3.1193766593933105, inf, inf, inf, inf, inf, inf, inf, inf, inf, inf, inf, inf, inf, inf, inf, inf, inf, inf, inf, inf, inf, inf, inf, inf, inf, inf, inf, inf, inf, inf, inf, inf, inf, inf, inf, inf, inf, inf, inf, inf, inf, inf, inf, inf, inf, inf, inf, inf, inf, inf, inf, inf, inf, inf, inf, inf, inf, inf, inf, inf, inf, inf, inf, inf, inf, inf, inf, inf, inf, inf, inf, inf, inf, inf, inf, inf, inf, inf, inf, inf, inf, inf, inf, inf, inf, inf, inf, inf, inf, inf, inf, inf, inf, inf, inf, inf, inf, inf, inf, inf, inf, inf, inf, inf, inf, inf, inf, inf, inf, inf, inf, inf, inf, inf, inf, inf, inf, inf, inf, inf, inf, inf, inf, inf, inf, inf, inf, inf, inf, inf, inf, inf, inf, inf, inf, inf, inf, inf, inf, inf, inf, inf, inf, inf, inf, inf, inf, inf, inf, inf, inf, inf, inf, inf, inf, inf, inf, inf, inf, inf, inf, inf, inf, inf, inf, inf, inf, inf, inf, inf, inf, inf, inf, inf, inf, inf, inf, inf, inf, inf, inf, inf, inf, inf, inf, inf, inf, inf, inf, inf, inf, inf, inf, inf, inf, inf, inf, inf, inf, inf, inf, inf, inf, inf, inf, inf, inf, inf, inf, inf, inf, inf, inf, inf, inf, inf, inf, inf, 3.4004108905792236, 3.3623523712158203, 3.3342349529266357, 3.305135488510132, 3.2708582878112793, 3.2463512420654297, 3.2273831367492676, 3.1872739791870117, 3.1627345085144043, 3.131948947906494, 3.12044620513916, 3.1169052124023438, 3.082174062728882, 3.0675742626190186, 3.0313148498535156, 3.021078109741211, 3.000182867050171, 2.9920427799224854, 2.9884607791900635, 2.9795048236846924, 2.965517044067383, 2.9418065547943115, 2.9499194622039795, 2.9291043281555176, 2.9121930599212646, 2.9201548099517822, 2.9277756214141846, 2.9105958938598633, 2.8949267864227295, 2.8974664211273193, 2.911181688308716, 2.9170291423797607, 2.89660906791687, 2.905555486679077, 2.914095401763916, 2.906048059463501, 2.9169516563415527, 2.922745943069458, 2.9165258407592773, 2.9176738262176514, 2.927637815475464, 2.94093918800354, 2.9519331455230713, 2.971328020095825, 2.9720587730407715, 2.9918346405029297, 3.003613233566284, 3.029608964920044, 3.0314719676971436, 3.0497515201568604, 3.0622642040252686, 3.078397512435913, 3.099666118621826, 3.1147475242614746, 3.143266439437866, 3.185666799545288, 3.1984753608703613, 3.2277326583862305, 3.246185541152954, 3.2817115783691406, 3.2985692024230957, 3.345305919647217, 3.3758175373077393, 3.399320363998413, 3.472066879272461, 3.467532157897949, inf, inf, inf, inf, inf, inf, inf, inf, inf, inf, inf, inf, inf, inf, inf, inf, inf, inf, inf, inf, inf, inf, inf, inf, inf, inf, inf, inf, inf, inf, inf, inf, inf, inf, inf, 3.490838050842285, 3.4615466594696045, 3.439995050430298, 3.410612106323242, 3.4114668369293213, 3.3939287662506104, 3.3441238403320312, 3.346423864364624, 3.3470306396484375, 3.316288709640503, 3.3194730281829834, 3.312403678894043, 3.306734800338745, 3.2792441844940186, 3.2988767623901367, 3.2791707515716553, 3.264378547668457, 3.270070791244507, 3.2744803428649902, 3.2708113193511963, 3.2597475051879883, 3.283693790435791, 3.2633838653564453, 3.2605996131896973, 3.2786765098571777, 3.280566930770874, 3.2829136848449707, inf, inf, inf, inf, inf, inf, inf, inf, inf]),0.01749303564429283,927608000000
array('f', [3.4098925590515137, 3.4206955432891846, 3.456632137298584, 3.484893560409546, inf, inf, inf, inf, inf, inf, inf, inf, inf, inf, inf, inf, inf, inf, inf, inf, inf, inf, inf, inf, inf, inf, inf, inf, inf, inf, inf, inf, inf, inf, inf, inf, inf, inf, inf, inf, inf, inf, inf, inf, inf, inf, inf, inf, inf, inf, inf, inf, inf, inf, inf, inf, inf, inf, inf, inf, inf, inf, inf, inf, inf, inf, inf, inf, inf, inf, inf, inf, inf, inf, inf, inf, inf, inf, inf, inf, inf, inf, inf, inf, inf, inf, inf, inf, inf, inf, inf, inf, inf, inf, inf, inf, inf, inf, inf, inf, inf, inf, inf, inf, inf, inf, inf, inf, inf, inf, inf, inf, inf, inf, inf, inf, inf, inf, inf, inf, inf, inf, inf, inf, inf, inf, inf, inf, inf, inf, inf, inf, inf, inf, inf, inf, inf, inf, inf, inf, inf, inf, inf, inf, inf, inf, inf, inf, inf, inf, inf, inf, inf, inf, inf, inf, inf, inf, inf, inf, inf, inf, inf, inf, inf, inf, inf, inf, inf, inf, inf, inf, inf, inf, inf, inf, inf, inf, inf, inf, inf, inf, inf, inf, inf, inf, inf, inf, inf, inf, inf, inf, inf, inf, inf, inf, inf, inf, inf, inf, inf, inf, inf, inf, inf, inf, inf, inf, inf, inf, inf, inf, inf, 3.483311891555786, 3.4317879676818848, 3.39170241355896, 3.385169506072998, 3.3403892517089844, 3.316457748413086, 3.288766384124756, 3.2537317276000977, 3.244840383529663, 3.2176852226257324, 3.176790237426758, 3.1657803058624268, 3.137486219406128, 3.1271982192993164, 3.1150269508361816, 3.0931639671325684, 3.0650219917297363, 3.067641019821167, 3.0426390171051025, 3.0329649448394775, 3.029294967651367, 3.004620313644409, 3.030029535293579, 2.985734224319458, 3.007326364517212, 2.995147466659546, 2.974834680557251, 2.9669787883758545, 2.972654104232788, 2.9560492038726807, 2.9738781452178955, 2.9499895572662354, 2.95172119140625, 2.9589126110076904, 2.973615884780884, 2.9596683979034424, 2.9702208042144775, 2.985440731048584, 2.9905238151550293, 2.9996490478515625, 3.003256320953369, 3.0004019737243652, 3.0122785568237305, 3.0404365062713623, 3.0460777282714844, 3.0614380836486816, 3.0640172958374023, 3.0817673206329346, 3.093226909637451, 3.1079587936401367, 3.11135196685791, 3.1536269187927246, 3.164851188659668, 3.180922269821167, 3.2099621295928955, 3.236614942550659, 3.260075330734253, 3.3104422092437744, 3.3320717811584473, 3.343414306640625, 3.3944830894470215, 3.4161195755004883, 3.452578067779541, 3.4989805221557617, inf, inf, inf, inf, inf, inf, inf, inf, inf, inf, inf, inf, inf, inf, inf, inf, inf, inf, inf, inf, inf, inf, inf, inf, inf, inf, inf, inf, inf, 3.482232093811035, 3.4636940956115723, 3.4256973266601562, 3.3894314765930176, 3.3683359622955322, 3.3376636505126953, 3.332594871520996, 3.302205801010132, 3.271942138671875, 3.276150941848755, 3.220386028289795, 3.2156054973602295, 3.2040131092071533, 3.1805267333984375, 3.1793596744537354, 3.1632349491119385, 3.1568775177001953, 3.128814220428467, 3.129714012145996, 3.1183364391326904, 3.091167449951172, 3.1134462356567383, 3.0968143939971924, 3.0923733711242676, 3.08581280708313, 3.085120677947998, 3.0742340087890625, 3.0774037837982178, 3.0729565620422363, 3.0848019123077393, 3.0761401653289795, 3.056464672088623, 3.0902857780456543, 3.0609114170074463, inf, inf, inf, inf, inf, inf, inf, inf, inf, inf, inf, inf, inf, 2.9290006160736084, 2.897515296936035, 3.3322174549102783, 3.3180205821990967, 3.33929443359375, 3.3639774322509766, 3.40461802482605]),0.01749303564429283,927808000000
array('f', [inf, inf, inf, inf, inf, inf, inf, inf, inf, inf, inf, inf, inf, inf, inf, inf, inf, inf, inf, inf, inf, inf, inf, inf, inf, inf, inf, inf, inf, inf, inf, inf, inf, inf, inf, inf, inf, inf, inf, inf, inf, inf, inf, inf, inf, inf, inf, inf, inf, inf, inf, inf, inf, inf, inf, inf, inf, inf, inf, inf, inf, inf, inf, inf, inf, inf, inf, inf, inf, inf, inf, inf, inf, inf, inf, inf, inf, inf, inf, inf, inf, inf, inf, inf, inf, inf, inf, inf, inf, inf, inf, inf, inf, inf, inf, inf, inf, inf, inf, inf, inf, inf, inf, inf, inf, inf, inf, inf, inf, inf, inf, inf, inf, inf, inf, inf, inf, inf, inf, inf, inf, inf, inf, inf, inf, inf, inf, inf, inf, inf, inf, inf, inf, inf, inf, inf, inf, inf, inf, inf, inf, inf, inf, inf, inf, inf, inf, inf, inf, inf, inf, inf, inf, inf, inf, inf, inf, inf, inf, inf, inf, inf, inf, inf, inf, inf, inf, inf, inf, inf, inf, inf, inf, inf, inf, inf, inf, inf, inf, inf, inf, inf, inf, inf, inf, inf, inf, inf, inf, inf, inf, inf, inf, inf, inf, inf, inf, inf, inf, inf, inf, inf, inf, inf, inf, inf, 3.4738588333129883, 3.453738212585449, 3.429990530014038, 3.3817849159240723, 3.3522145748138428, 3.335434675216675, 3.302915334701538, 3.28536319732666, 3.2575876712799072, 3.239391565322876, 3.2264888286590576, 3.2005577087402344, 3.1892552375793457, 3.1762187480926514, 3.14756441116333, 3.1453001499176025, 3.146124839782715, 3.1320860385894775, 3.118055820465088, 3.0977838039398193, 3.1008200645446777, 3.1041464805603027, 3.095515251159668, 3.07361102104187, 3.073274850845337, 3.0585968494415283, 3.056335926055908, 3.0718510150909424, 3.069016456604004, 3.075148105621338, 3.0582573413848877, 3.0561234951019287, 3.0635037422180176, 3.0821120738983154, 3.076667070388794, 3.1017699241638184, 3.0853254795074463, 3.0988502502441406, 3.122404098510742, 3.1241116523742676, 3.136638641357422, 3.127162456512451, 3.1560733318328857, 3.1492557525634766, 3.1814565658569336, 3.19714093208313, 3.210881233215332, 3.2498281002044678, 3.2626147270202637, 3.266953229904175, 3.302042007446289, 3.322183847427368, 3.3539044857025146, 3.378770351409912, 3.401615858078003, 3.4383559226989746, 3.4511971473693848, 3.5, inf, inf, inf, inf, inf, inf, inf, inf, inf, inf, inf, inf, inf, inf, inf, inf, inf, inf, inf, inf, inf, inf, inf, inf, inf, inf, inf, 3.467794895172119, 3.424708604812622, 3.3961238861083984, 3.3504838943481445, 3.3094723224639893, 3.282060146331787, 3.246232032775879, 3.2213308811187744, 3.1937546730041504, 3.177492380142212, 3.156365156173706, 3.1113951206207275, 3.108123779296875, 3.097853899002075, 3.0683388710021973, 3.0588972568511963, 3.0302484035491943, 3.0367355346679688, 3.012815237045288, 2.9939544200897217, 2.9822542667388916, 2.958085536956787, 2.9467122554779053, 2.9322762489318848, 2.9393627643585205, 2.930433988571167, 2.912397861480713, 2.9287095069885254, 2.896951675415039, 2.892094850540161, 2.9134199619293213, 2.9072070121765137, 2.875131845474243, 2.901543140411377, 2.912693977355957, 2.8971431255340576, 2.9178223609924316, inf, inf, inf, inf, inf, inf, inf, inf, inf, inf, inf, inf, inf, inf, inf, 2.6930723190307617, 3.2181661128997803, 3.115314483642578, 3.131014347076416, 3.1735634803771973, 3.1942074298858643, 3.2138843536376953, 3.217437505722046, 3.2626874446868896, 3.2794125080108643, 3.2979767322540283, 3.351254463195801, 3.380484104156494, 3.4092016220092773, 3.456779718399048, inf, inf]),0.01749303564429283,928008000000
array('f', [inf, inf, inf, inf, inf, inf, inf, inf, inf, inf, inf, inf, inf, inf, inf, inf, inf, inf, inf, inf, inf, inf, inf, inf, inf, inf, inf, inf, inf, inf, inf, inf, inf, inf, inf, inf, inf, inf, inf, inf, inf, inf, inf, inf, inf, inf, inf, inf, inf, inf, inf, inf, inf, inf, inf, inf, inf, inf, inf, inf, inf, inf, inf, inf, inf, inf, inf, inf, inf, inf, inf, inf, inf, inf, inf, inf, inf, inf, inf, inf, inf, inf, inf, inf, inf, inf, inf, inf, inf, inf, inf, inf, inf, inf, inf, inf, inf, inf, inf, inf, inf, inf, inf, inf, inf, inf, inf, inf, inf, inf, inf, inf, inf, inf, inf, inf, inf, inf, inf, inf, inf, inf, inf, inf, inf, inf, inf, inf, inf, inf, inf, inf, inf, inf, inf, inf, inf, inf, inf, inf, inf, inf, inf, inf, inf, inf, inf, inf, inf, inf, inf, inf, inf, inf, inf, inf, inf, inf, inf, inf, inf, inf, inf, inf, inf, inf, inf, inf, inf, inf, inf, inf, inf, inf, inf, inf, inf, inf, inf, inf, inf, inf, inf, inf, inf, inf, inf, inf, inf, inf, inf, inf, inf, inf, inf, inf, inf, inf, inf, inf, inf, 3.4710607528686523, 3.4580271244049072, 3.4188294410705566, 3.3982176780700684, 3.3968636989593506, 3.344341278076172, 3.347808361053467, 3.3247365951538086, 3.3050079345703125, 3.294187545776367, 3.2768044471740723, 3.2874362468719482, 3.2629919052124023, 3.236820697784424, 3.2377288341522217, 3.217414140701294, 3.215324878692627, 3.198115587234497, 3.208463430404663, 3.215498924255371, 3.186837673187256, 3.2011427879333496, 3.1962239742279053, 3.182572603225708, 3.186757802963257, 3.174575090408325, 3.197721004486084, 3.1980032920837402, 3.194998025894165, 3.183199167251587, 3.2290124893188477, 3.211564302444458, 3.2142422199249268, 3.2313454151153564, 3.245374917984009, 3.269587278366089, 3.2527782917022705, 3.270569086074829, 3.2920308113098145, 3.313260316848755, 3.3275370597839355, 3.365323543548584, 3.3712985515594482, 3.38043475151062, 3.4091830253601074, 3.413817882537842, 3.4447224140167236, 3.476364850997925, inf, inf, inf, inf, inf, inf, inf, inf, inf, inf, inf, inf, inf, inf, inf, inf, inf, inf, inf, inf, inf, inf, inf, inf, inf, inf, inf, inf, 3.4463953971862793, 3.38055419921875, 3.388773202896118, 3.3214800357818604, 3.2925331592559814, 3.2625441551208496, 3.194395065307617, 3.1695573329925537, 3.154866933822632, 3.1278645992279053, 3.0601303577423096, 3.056668519973755, 3.0383968353271484, 3.021677255630493, 2.982769250869751, 2.971334457397461, 2.9476189613342285, 2.9199016094207764, 2.9298267364501953, 2.883059501647949, 2.892155408859253, 2.8558738231658936, 2.839174509048462, 2.840888500213623, 2.8310179710388184, 2.816274881362915, 2.7963180541992188, 2.7850866317749023, 2.772736072540283, 2.7833569049835205, 2.779892683029175, 2.7473032474517822, 2.7564876079559326, 2.75488543510437, 2.754905939102173, 2.7388129234313965, 2.741344690322876, 2.742793321609497, 2.7620177268981934, inf, inf, inf, inf, inf, inf, inf, inf, inf, inf, inf, inf, inf, inf, inf, 2.53933048248291, 2.5118155479431152, 3.028754234313965, 2.893131732940674, 2.937183380126953, 2.9510514736175537, 2.992302894592285, 2.994298219680786, 3.0278830528259277, 3.043198823928833, 3.0775842666625977, 3.0788679122924805, 3.1121461391448975, 3.172764778137207, 3.191967725753784, 3.231613874435425, 3.253710985183716, 3.3071794509887695, 3.349987745285034, 3.3907289505004883, 3.4225971698760986, 3.4864532947540283, inf, inf, inf, inf, inf, inf, inf]),0.01749303564429283,928208000000
array('f', [inf, inf, inf, inf, inf, inf, inf, inf, inf, inf, inf, inf, inf, inf, inf, inf, inf, inf, inf, inf, inf, inf, inf, inf, inf, inf, inf, inf, inf, inf, inf, inf, inf, inf, inf, inf, inf, inf, inf, inf, inf, inf, inf, inf, inf, inf, inf, inf, inf, inf, inf, inf, inf, inf, inf, inf, inf, inf, inf, inf, inf, inf, inf, inf, inf, inf, inf, inf, inf, inf, inf, inf, inf, inf, inf, inf, inf, inf, inf, inf, inf, inf, inf, inf, inf, inf, inf, inf, inf, inf, inf, inf, inf, inf, inf, inf, inf, inf, inf, inf, inf, inf, inf, inf, inf, inf, inf, inf, inf, inf, inf, inf, inf, inf, inf, inf, inf, inf, inf, inf, inf, inf, inf, inf, inf, inf, inf, inf, inf, inf, inf, inf, inf, inf, inf, inf, inf, inf, inf, inf, inf, inf, inf, inf, inf, inf, inf, inf, inf, inf, inf, inf, inf, inf, inf, inf, inf, inf, inf, inf, inf, inf, inf, inf, inf, inf, inf, inf, inf, inf, inf, inf, inf, inf, inf, inf, inf, inf, inf, inf, inf, inf, inf, inf, inf, inf, inf, inf, inf, inf, inf, inf, inf, inf, inf, inf, inf, inf, 3.493020534515381, 3.4734201431274414, 3.4763739109039307, 3.4393084049224854, 3.4149746894836426, 3.39591121673584, 3.3880810737609863, 3.3898568153381348, 3.3711438179016113, 3.3787381649017334, 3.350152015686035, 3.3586184978485107, 3.3458142280578613, 3.355377674102783, 3.353842258453369, 3.3490207195281982, 3.3475654125213623, 3.3288440704345703, 3.337928533554077, 3.340998888015747, 3.3329620361328125, 3.363734483718872, 3.375277519226074, 3.3695871829986572, 3.3730428218841553, 3.35196590423584, 3.3633275032043457, 3.3847944736480713, 3.4014995098114014, 3.4079439640045166, 3.4211230278015137, 3.432033061981201, 3.453817129135132, 3.472832202911377, 3.483283758163452, inf, inf, inf, inf, inf, inf, inf, inf, inf, inf, inf, inf, inf, inf, inf, inf, inf, inf, inf, inf, inf, inf, inf, inf, inf, inf, inf, inf, inf, inf, inf, 3.4496796131134033, 3.403721809387207, 3.3660926818847656, 3.2836906909942627, 3.2606523036956787, 3.22774076461792, 3.1862881183624268, 3.142242431640625, 3.130854606628418, 3.06282114982605, 3.045771598815918, 3.0103275775909424, 2.9958534240722656, 2.9520461559295654, 2.9238204956054688, 2.900834083557129, 2.87719464302063, 2.8603858947753906, 2.8158085346221924, 2.8085458278656006, 2.8025949001312256, 2.766277313232422, 2.756493330001831, 2.7600550651550293, 2.7400166988372803, 2.7087061405181885, 2.715684652328491, 2.685086488723755, 2.6931660175323486, 2.692969560623169, 2.663135051727295, 2.6495614051818848, 2.6364622116088867, 2.6253671646118164, 2.628060817718506, 2.6091692447662354, 2.612405776977539, 2.625916004180908, 2.602179765701294, 2.6224496364593506, inf, inf, inf, inf, inf, inf, inf, inf, inf, inf, inf, inf, inf, inf, inf, inf, 2.3569812774658203, inf, 2.819767713546753, 2.7479569911956787, 2.7807843685150146, 2.7873406410217285, 2.800736665725708, 2.818974256515503, 2.8245084285736084, 2.873394727706909, 2.8854124546051025, 2.8933098316192627, 2.928684949874878, 2.967494487762451, 2.9918580055236816, 3.0177865028381348, 3.0758585929870605, 3.0888354778289795, 3.121223211288452, 3.165691375732422, 3.1917343139648438, 3.2349746227264404, 3.2879152297973633, 3.31398606300354, 3.3633697032928467, 3.4214749336242676, 3.4672343730926514, inf, inf, inf, inf, inf, inf, inf, inf, inf, inf, inf, inf, inf]),0.01749303564429283,928408000000
array('f', [inf, inf, inf, inf, inf, inf, inf, inf, inf, inf, inf, inf, inf, inf, inf, inf, inf, inf, inf, inf, inf, inf, inf, inf, inf, inf, inf, inf, inf, inf, inf, inf, inf, inf, inf, inf, inf, inf, inf, inf, inf, inf, inf, inf, inf, inf, inf, inf, inf, inf, inf, inf, inf, inf, inf, inf, inf, inf, inf, inf, inf, inf, inf, inf, inf, inf, inf, inf, inf, inf, inf, inf, inf, inf, inf, inf, inf, inf, inf, inf, inf, inf, inf, inf, inf, inf, inf, inf, inf, inf, inf, inf, inf, inf, inf, inf, inf, inf, inf, inf, inf, inf, inf, inf, inf, inf, inf, inf, inf, inf, inf, inf, inf, inf, inf, inf, inf, inf, inf, inf, inf, inf, inf, inf, inf, inf, inf, inf, inf, inf, inf, inf, inf, inf, inf, inf, inf, inf, inf, inf, inf, inf, inf, inf, inf, inf, inf, inf, inf, inf, inf, inf, inf, inf, inf, inf, inf, inf, inf, inf, inf, inf, inf, inf, inf, inf, inf, inf, inf, inf, inf, inf, inf, inf, inf, inf, inf, inf, inf, inf, inf, inf, inf, inf, inf, inf, inf, inf, inf, inf, inf, inf, inf, inf, inf, inf, inf, inf, inf, inf, inf, inf, inf, inf, inf, inf, inf, inf, inf, inf, inf, inf, inf, inf, inf, inf, inf, inf, inf, inf, inf, inf, inf, inf, inf, inf, inf, inf, inf, inf, inf, inf, inf, inf, inf, inf, inf, inf, inf, inf, inf, inf, inf, inf, inf, inf, inf, inf, inf, inf, inf, inf, 3.4631588459014893, 3.424769878387451, 3.3751258850097656, 3.3085601329803467, 3.250278949737549, 3.2064056396484375, 3.174255847930908, 3.1403462886810303, 3.073450803756714, 3.0353798866271973, 3.010284662246704, 2.9983105659484863, 2.9442429542541504, 2.914584159851074, 2.879140853881836, 2.857926368713379, 2.850436210632324, 2.8216936588287354, 2.778611660003662, 2.759777069091797, 2.7558834552764893, 2.7168610095977783, 2.6923863887786865, 2.679823875427246, 2.6563072204589844, 2.645192861557007, 2.6327693462371826, 2.626675844192505, 2.6017892360687256, 2.586406707763672, 2.5934841632843018, 2.5731544494628906, 2.563267946243286, 2.5465199947357178, 2.550218343734741, 2.5448453426361084, 2.5391945838928223, 2.519767999649048, 2.5336647033691406, inf, inf, inf, inf, inf, inf, inf, inf, inf, inf, inf, inf, inf, inf, inf, inf, 2.2009124755859375, inf, inf, 2.6278014183044434, 2.6002068519592285, 2.626476526260376, 2.6263229846954346, 2.6602249145507812, 2.6511409282684326, 2.669414520263672, 2.674314022064209, 2.7013320922851562, 2.709611654281616, 2.750777244567871, 2.7763257026672363, 2.7948029041290283, 2.8344056606292725, 2.8453826904296875, 2.883704662322998, 2.8969204425811768, 2.947080612182617, 2.9872090816497803, 2.9964599609375, 3.0479624271392822, 3.0868728160858154, 3.1099038124084473, 3.1505329608917236, 3.2239179611206055, 3.244797945022583, 3.305994749069214, 3.3448824882507324, 3.4114513397216797, 3.4691262245178223, inf, inf, inf, inf, inf, inf, inf, inf, inf, inf, inf, inf, inf, inf, inf, inf, inf, inf, inf, inf]),0.01749303564429283,928608000000
array('f', [inf, inf, inf, inf, inf, inf, inf, inf, inf, inf, inf, inf, inf, inf, inf, inf, inf, inf, inf, inf, inf, inf, inf, inf, inf, inf, inf, inf, inf, inf, inf, inf, inf, inf, inf, inf, inf, inf, inf, inf, inf, inf, inf, inf, inf, inf, inf, inf, inf, inf, inf, inf, inf, inf, inf, inf, inf, inf, inf, inf, inf, inf, inf, inf, inf, inf, inf, inf, inf, inf, inf, inf, inf, inf, inf, inf, inf, inf, inf, inf, inf, inf, inf, inf, inf, inf, inf, inf, inf, inf, inf, inf, inf, inf, inf, inf, inf, inf, inf, inf, inf, inf, inf, inf, inf, inf, inf, inf, inf, inf, inf, inf, inf, inf, inf, inf, inf, inf, inf, inf, inf, inf, inf, inf, inf, inf, inf, inf, inf, inf, inf, inf, inf, inf, inf, inf, inf, inf, inf, inf, inf, inf, inf, inf, inf, inf, inf, inf, inf, inf, inf, inf, inf, inf, inf, inf, inf, inf, inf, inf, inf, inf, inf, inf, inf, inf, inf, inf, inf, inf, inf, inf, inf, inf, inf, inf, inf, inf, inf, inf, inf, inf, inf, inf, inf, inf, inf, inf, inf, inf, inf, inf, inf, inf, inf, inf, inf, inf, inf, inf, inf, inf, inf, inf, inf, inf, inf, inf, inf, inf, inf, inf, inf, inf, inf, inf, inf, inf, inf, inf, inf, inf, inf, inf, inf, inf, inf, inf, inf, inf, inf, inf, inf, inf, inf, inf, inf, inf, inf, inf, inf, 3.4746224880218506, 3.398165702819824, 3.334200859069824, 3.3008949756622314, 3.2626588344573975, 3.1831657886505127, 3.1273934841156006, 3.0913138389587402, 3.0401298999786377, 3.023909091949463, 2.9725213050842285, 2.9521141052246094, 2.906395196914673, 2.866687297821045, 2.8424410820007324, 2.8324801921844482, 2.783019781112671, 2.7668776512145996, 2.7428700923919678, 2.711467981338501, 2.6775143146514893, 2.6609890460968018, 2.641575574874878, 2.61295747756958, 2.622713088989258, 2.601569414138794, 2.5737009048461914, 2.5697906017303467, 2.5652215480804443, 2.537482976913452, 2.5109968185424805, 2.488150119781494, 2.481472969055176, 2.491122007369995, 2.467827796936035, 2.4688594341278076, 2.613339900970459, inf, inf, inf, inf, inf, inf, inf, inf, inf, inf, inf, inf, inf, inf, inf, 2.095313310623169, inf, inf, inf, 2.557485580444336, 2.48793888092041, 2.5022740364074707, 2.492184638977051, 2.5053067207336426, 2.5273568630218506, 2.5288069248199463, 2.5516915321350098, 2.5711288452148438, 2.5856597423553467, 2.5976150035858154, 2.5924806594848633, 2.619664430618286, 2.6610100269317627, 2.679450273513794, 2.710437297821045, 2.725736618041992, 2.7407960891723633, 2.7834227085113525, 2.796945333480835, 2.846215009689331, 2.8652939796447754, 2.87679123878479, 2.916971206665039, 2.9388022422790527, 2.9851176738739014, 3.0376474857330322, 3.085543632507324, 3.1049911975860596, 3.162213087081909, 3.1934149265289307, 3.2568893432617188, 3.2948765754699707, 3.3652195930480957, 3.4229283332824707, 3.4663994312286377, inf, inf, inf, inf, inf, inf, inf, inf, inf, inf, inf, inf, inf, inf, inf, inf, inf, inf, inf, inf, inf, inf, inf, inf, inf, inf, inf]),0.01749303564429283,928808000000
array('f', [inf, inf, inf, inf, inf, inf, inf, inf, inf, inf, inf, inf, inf, inf, inf, inf, inf, inf, inf, inf, inf, inf, inf, inf, inf, inf, inf, inf, inf, inf, inf, inf, inf, inf, inf, inf, inf, inf, inf, inf, inf, inf, inf, inf, inf, inf, inf, inf, inf, inf, inf, inf, inf, inf, inf, inf, inf, inf, inf, inf, inf, inf, inf, inf, inf, inf, inf, inf, inf, inf, inf, inf, inf, inf, inf, inf, inf, inf, inf, inf, inf, inf, inf, inf, inf, inf, inf, inf, inf, inf, inf, inf, inf, inf, inf, inf, inf, inf, inf, inf, inf, inf, inf, inf, inf, inf, inf, inf, inf, inf, inf, inf, inf, inf, inf, inf, inf, inf, inf, inf, inf, inf, inf, inf, inf, inf, inf, inf, inf, inf, inf, inf, inf, inf, inf, inf, inf, inf, inf, inf, inf, inf, inf, inf, inf, inf, inf, inf, inf, inf, inf, inf, inf, inf, inf, inf, inf, inf, inf, inf, inf, inf, inf, inf, inf, inf, inf, inf, inf, inf, inf, inf, inf, inf, inf, inf, inf, inf, inf, inf, inf, inf, inf, inf, inf, inf, inf, inf, inf, inf, inf, inf, inf, inf, inf, inf, inf, inf, inf, inf, inf, inf, inf, inf, inf, inf, inf, inf, inf, inf, inf, inf, inf, inf, inf, inf, inf, inf, inf, inf, inf, inf, inf, inf, inf, inf, inf, inf, inf, inf, 3.5, 3.42991304397583, 3.3927319049835205, 3.3227877616882324, 3.260711431503296, 3.1973791122436523, 3.155167818069458, 3.1113667488098145, 3.075747489929199, 3.0417051315307617, 2.996466875076294, 2.9434914588928223, 2.908376455307007, 2.8834729194641113, 2.84775710105896, 2.819162607192993, 2.771310567855835, 2.7273693084716797, 2.700348138809204, 2.703253746032715, 2.685868263244629, 2.656028985977173, 2.623922824859619, 2.6090595722198486, 2.589916467666626, 2.57609486579895, 2.5378270149230957, 2.5137252807617188, 2.5218160152435303, 2.516477108001709, 2.4950997829437256, 2.487128496170044, 2.4634780883789062, 2.5404090881347656, inf, inf, inf, inf, inf, inf, inf, inf, 3.4980626106262207, 3.4809534549713135, 3.473660707473755, 3.4825751781463623, 3.4937729835510254, 3.4905529022216797, 3.49263596534729, 2.0217125415802, 3.4935197830200195, 3.491365432739258, 3.5, inf, 2.3852486610412598, 2.411874294281006, 2.410001516342163, 2.4029459953308105, 2.420064926147461, 2.431098699569702, 2.4336884021759033, 2.431448221206665, 2.449350595474243, 2.471841812133789, 2.494579553604126, 2.5039145946502686, 2.5081098079681396, 2.5339365005493164, 2.5602598190307617, 2.5646684169769287, 2.5892746448516846, 2.6136012077331543, 2.6523678302764893, 2.6566781997680664, 2.6651792526245117, 2.688593864440918, 2.7129552364349365, 2.7550759315490723, 2.767700672149658, 2.796858310699463, 2.8440845012664795, 2.8521647453308105, 2.89744234085083, 2.9593122005462646, 2.9981536865234375, 3.0300657749176025, 3.082387924194336, 3.124715566635132, 3.157306432723999, 3.2011945247650146, 3.2494399547576904, 3.3119492530822754, 3.383758306503296, 3.453528642654419, 3.4799954891204834, inf, inf, inf, inf, inf, inf, inf, inf, inf, inf, inf, inf, inf, inf, inf, inf, inf, inf, inf, inf, inf, inf, inf, inf, inf, inf, inf, inf, inf, inf, inf, inf, inf, inf, inf]),0.01749303564429283,929008000000
array('f', [inf, inf, inf, inf, inf, inf, inf, inf, inf, inf, inf, inf, inf, inf, inf, inf, inf, inf, inf, inf, inf, inf, inf, inf, inf, inf, inf, inf, inf, inf, inf, inf, inf, inf, inf, inf, inf, inf, inf, inf, inf, inf, inf, inf, inf, inf, inf, inf, inf, inf, inf, inf, inf, inf, inf, inf, inf, inf, inf, inf, inf, inf, inf, inf, inf, inf, inf, inf, inf, inf, inf, inf, inf, inf, inf, inf, inf, inf, inf, inf, inf, inf, inf, inf, inf, inf, inf, inf, inf, inf, inf, inf, inf, inf, inf, inf, inf, inf, inf, inf, inf, inf, inf, inf, inf, inf, inf, inf, inf, inf, inf, inf, inf, inf, inf, inf, inf, inf, inf, inf, inf, inf, inf, inf, inf, inf, inf, inf, inf, inf, inf, inf, inf, inf, inf, inf, inf, inf, inf, inf, inf, inf, inf, inf, inf, inf, inf, inf, inf, inf, inf, inf, inf, inf, inf, inf, inf, inf, inf, inf, inf, inf, inf, inf, inf, inf, inf, inf, inf, inf, inf, inf, inf, inf, inf, inf, inf, inf, inf, inf, inf, inf, inf, inf, inf, inf, inf, inf, inf, inf, inf, inf, inf, inf, inf, inf, inf, inf, inf, inf, inf, inf, inf, inf, inf, inf, inf, inf, inf, inf, inf, inf, inf, inf, inf, inf, inf, inf, inf, inf, inf, 3.4443845748901367, 3.3790977001190186, 3.3226821422576904, 3.2807655334472656, 3.2305736541748047, 3.1586172580718994, 3.1227493286132812, 3.0909571647644043, 3.0400052070617676, 2.971123218536377, 2.9340522289276123, 2.915433645248413, 2.8692917823791504, 2.849163055419922, 2.7957167625427246, 2.7996551990509033, 2.7526609897613525, 2.6898512840270996, 2.696554183959961, 2.6546263694763184, 2.643906354904175, 2.630847454071045, 2.6107892990112305, 2.573341131210327, 2.549940347671509, 2.5408878326416016, 2.5178897380828857, 2.5121452808380127, 2.5482335090637207, inf, inf, inf, inf, inf, inf, inf, inf, inf, inf, 3.5, 3.480644464492798, 3.484546661376953, 3.4641246795654297, 2.0018696784973145, 3.452176332473755, 3.471884250640869, 3.470059871673584, 3.472365617752075, 3.4708127975463867, 2.377156972885132, 2.3825504779815674, 2.3632097244262695, 2.3719394207000732, 2.3784372806549072, 2.3838343620300293, 2.3669302463531494, 2.3922183513641357, 2.378676176071167, 2.4017975330352783, 2.4249091148376465, 2.4327406883239746, 2.428213596343994, 2.449317216873169, 2.4725747108459473, 2.4831104278564453, 2.4985787868499756, 2.5018856525421143, 2.5221476554870605, 2.5257508754730225, 2.5486338138580322, 2.5829946994781494, 2.593538522720337, 2.6038458347320557, 2.6603267192840576, 2.6763641834259033, 2.701796054840088, 2.7147512435913086, 2.74704909324646, 2.7808094024658203, 2.8098230361938477, 2.8499419689178467, 2.853778839111328, 2.892131805419922, 2.947120189666748, 2.965057373046875, 3.0304226875305176, 3.0767948627471924, 3.106881856918335, 3.1568050384521484, 3.2054755687713623, 3.255927801132202, 3.307553291320801, 3.3763015270233154, 3.4172568321228027, 3.5, inf, inf, inf, inf, inf, inf, inf, inf, inf, inf, inf, inf, inf, inf, inf, inf, inf, inf, inf, inf, inf, inf, inf, inf, inf, inf, inf, inf, inf, inf, inf, inf, inf, inf, inf, inf, inf, inf, inf, inf, inf, inf, inf, inf]),0.01749303564429283,929208000000
array('f', [inf, inf, inf, inf, inf, inf, inf, inf, inf, inf, inf, inf, inf, inf, inf, inf, inf, inf, inf, inf, inf, inf, inf, inf, inf, inf, inf, inf, inf, inf, inf, inf, inf, inf, inf, inf, inf, inf, inf, inf, inf, inf, inf, inf, inf, inf, inf, inf, inf, inf, inf, inf, inf, inf, inf, inf, inf, inf, inf, inf, inf, inf, inf, inf, inf, inf, inf, inf, inf, inf, inf, inf, inf, inf, inf, inf, inf, inf, inf, inf, inf, inf, inf, inf, inf, inf, inf, inf, inf, inf, inf, inf, inf, inf, inf, inf, inf, inf, inf, inf, inf, inf, inf, inf, inf, inf, inf, inf, inf, inf, inf, inf, inf, inf, inf, inf, inf, inf, inf, inf, inf, inf, inf, inf, inf, inf, inf, inf, inf, inf, inf, inf, inf, inf, inf, inf, inf, inf, inf, inf, inf, inf, inf, inf, inf, inf, inf, inf, inf, inf, inf, inf, inf, inf, inf, inf, inf, inf, inf, inf, inf, inf, inf, inf, inf, inf, inf, inf, inf, inf, inf, inf, inf, inf, inf, inf, inf, inf, inf, inf, inf, inf, inf, inf, inf, inf, inf, inf, inf, inf, inf, inf, inf, inf, inf, inf, inf, inf, inf, inf, inf, inf, inf, inf, inf, inf, inf, inf, inf, inf, inf, inf, 3.462766408920288, 3.3826305866241455, 3.332841157913208, 3.266864538192749, 3.2327158451080322, 3.1800014972686768, 3.143510341644287, 3.0932486057281494, 3.032870054244995, 3.004601001739502, 2.9543449878692627, 2.927213191986084, 2.8849313259124756, 2.8711252212524414, 2.838933229446411, 2.8054182529449463, 2.7596328258514404, 2.7349114418029785, 2.7004973888397217, 2.6755404472351074, 2.655546188354492, 2.6240644454956055, 2.62558913230896, 2.569619655609131, 2.6595232486724854, inf, inf, inf, inf, inf, inf, inf, inf, inf, inf, inf, inf, 2.0606462955474854, inf, inf, inf, 3.4975972175598145, 3.4754645824432373, 3.4987635612487793, 2.3758580684661865, 2.3848981857299805, 2.3654284477233887, 2.3779144287109375, 2.3739688396453857, 2.3888497352600098, 2.396278142929077, 2.383776903152466, 2.398732900619507, 2.3825314044952393, 2.3994522094726562, 2.4282305240631104, 2.419276475906372, 2.4132399559020996, 2.4236161708831787, 2.423766613006592, 2.445246696472168, 2.4756736755371094, 2.4571497440338135, 2.473203659057617, 2.4951887130737305, 2.511545181274414, 2.5339999198913574, 2.5315823554992676, 2.5630669593811035, 2.591264486312866, 2.5982236862182617, 2.6079907417297363, 2.657287359237671, 2.678429126739502, 2.6932215690612793, 2.6962716579437256, 2.7346136569976807, 2.7791342735290527, 2.792465925216675, 2.8197073936462402, 2.8548972606658936, 2.902730703353882, 2.9390602111816406, 2.971074342727661, 3.025125026702881, 3.0814054012298584, 3.0958454608917236, 3.156693696975708, 3.191159725189209, 3.232299327850342, 3.2941982746124268, 3.373424530029297, 3.4117891788482666, 3.481048583984375, inf, inf, inf, inf, inf, inf, inf, inf, inf, inf, inf, inf, inf, inf, inf, inf, inf, inf, inf, inf, inf, inf, inf, inf, inf, inf, inf, inf, inf, inf, inf, inf, inf, inf, inf, inf, inf, inf, inf, inf, inf, inf, inf, inf, inf, inf, inf, inf, inf, inf, inf, inf, inf, inf]),0.01749303564429283,929408000000
array('f', [inf, inf, inf, inf, inf, inf, inf, inf, inf, inf, inf, inf, inf, inf, inf, inf, inf, inf, inf, inf, inf, inf, inf, inf, inf, inf, inf, inf, inf, inf, inf, inf, inf, inf, inf, inf, inf, inf, inf, inf, inf, inf, inf, inf, inf, inf, inf, inf, inf, inf, inf, inf, inf, inf, inf, inf, inf, inf, inf, inf, inf, inf, inf, inf, inf, inf, inf, inf, inf, inf, inf, inf, inf, inf, inf, inf, inf, inf, inf, inf, inf, inf, inf, inf, inf, inf, inf, inf, inf, inf, inf, inf, inf, inf, inf, inf, inf, inf, inf, inf, inf, inf, inf, inf, inf, inf, inf, inf, inf, inf, inf, inf, inf, inf, inf, inf, inf, inf, inf, inf, inf, inf, inf, inf, inf, inf, inf, inf, inf, inf, inf, inf, inf, inf, inf, inf, inf, inf, inf, inf, inf, inf, inf, inf, inf, inf, inf, inf, inf, inf, inf, inf, inf, inf, inf, inf, inf, inf, inf, inf, inf, inf, inf, inf, inf, inf, inf, inf, inf, inf, inf, inf, inf, inf, inf, inf, inf, inf, inf, inf, inf, inf, inf, inf, inf, inf, inf, inf, inf, inf, inf, inf, inf, inf, inf, inf, inf, inf, inf, inf, inf, inf, inf, inf, 3.4607250690460205, 3.403493642807007, 3.33304500579834, 3.2889974117279053, 3.2358756065368652, 3.203526735305786, 3.1281659603118896, 3.100386619567871, 3.036344289779663, 3.014395236968994, 2.9773879051208496, 2.93540358543396, 2.920166492462158, 2.8729214668273926, 2.851439952850342, 2.8020174503326416, 2.7830991744995117, 2.7622556686401367, 2.7371227741241455, 2.7328879833221436, 2.8390955924987793, inf, inf, inf, inf, inf, inf, inf, inf, inf, inf, 2.145049571990967, inf, inf, inf, inf, inf, inf, inf, 2.4511146545410156, 2.4391703605651855, 2.443765878677368, 2.441484212875366, 2.4339091777801514, 2.4315683841705322, 2.4295403957366943, 2.4243907928466797, 2.4484071731567383, 2.449136972427368, 2.439744710922241, 2.445544719696045, 2.4459075927734375, 2.4513347148895264, 2.4534270763397217, 2.4740219116210938, 2.4664011001586914, 2.456592321395874, 2.4860332012176514, 2.487097978591919, 2.5063953399658203, 2.519449234008789, 2.5305261611938477, 2.5243780612945557, 2.549154758453369, 2.566348075866699, 2.5833938121795654, 2.57708477973938, 2.6043930053710938, 2.6488711833953857, 2.6554691791534424, 2.6759562492370605, 2.7003891468048096, 2.719085216522217, 2.737382650375366, 2.772459030151367, 2.805584192276001, 2.8174309730529785, 2.869762420654297, 2.8817648887634277, 2.919243097305298, 2.9677534103393555, 2.995145559310913, 3.041818618774414, 3.0759570598602295, 3.115664482116699, 3.1721549034118652, 3.2010107040405273, 3.2540619373321533, 3.334127902984619, 3.3804945945739746, 3.4482741355895996, 3.482969284057617, inf, inf, inf, inf, inf, inf, inf, inf, inf, inf, inf, inf, inf, inf, inf, inf, inf, inf, inf, inf, inf, inf, inf, inf, inf, inf, inf, inf, inf, inf, inf, inf, inf, inf, inf, inf, inf, inf, inf, inf, inf, inf, inf, inf, inf, inf, inf, inf, inf, inf, inf, inf, inf, inf, inf, inf, inf, inf, inf, inf, inf, inf, inf, inf]),0.01749303564429283,929608000000
array('f', [inf, inf, inf, inf, inf, inf, inf, inf, inf, inf, inf, inf, inf, inf, inf, inf, inf, inf, inf, inf, inf, inf, inf, inf, inf, inf, inf, inf, inf, inf, inf, inf, inf, inf, inf, inf, inf, inf, inf, inf, inf, inf, inf, inf, inf, inf, inf, inf, inf, inf, inf, inf, inf, inf, inf, inf, inf, inf, inf, inf, inf, inf, inf, inf, inf, inf, inf, inf, inf, inf, inf, inf, inf, inf, inf, inf, inf, inf, inf, inf, inf, inf, inf, inf, inf, inf, inf, inf, inf, inf, inf, inf, inf, inf, inf, inf, inf, inf, inf, inf, inf, inf, inf, inf, inf, inf, inf, inf, inf, inf, inf, inf, inf, inf, inf, inf, inf, inf, inf, inf, inf, inf, inf, inf, inf, inf, inf, inf, inf, inf, inf, inf, inf, inf, inf, inf, inf, inf, inf, inf, inf, inf, inf, inf, inf, inf, inf, inf, inf, inf, inf, inf, inf, inf, inf, inf, inf, inf, inf, inf, inf, inf, inf, inf, inf, inf, inf, inf, inf, inf, inf, inf, inf, inf, inf, inf, inf, inf, inf, inf, inf, inf, inf, inf, inf, inf, inf, inf, inf, inf, inf, inf, inf, inf, inf, inf, inf, 3.4665422439575195, 3.383981943130493, 3.3491580486297607, 3.303772211074829, 3.259336471557617, 3.205622911453247, 3.1671788692474365, 3.1245267391204834, 3.0836880207061768, 3.039355993270874, 3.0011327266693115, 2.968804359436035, 2.952009916305542, 2.9247586727142334, 2.8853466510772705, 2.9116384983062744, inf, inf, inf, inf, inf, inf, inf, inf, inf, 2.28259539604187, 2.284776449203491, inf, inf, inf, inf, inf, inf, 2.5606043338775635, 2.544910192489624, 2.5423965454101562, 2.5150694847106934, 2.535914897918701, 2.5167949199676514, 2.5056092739105225, 2.5138320922851562, 2.5008351802825928, 2.504007577896118, 2.515157461166382, 2.509408950805664, 2.507131338119507, 2.524156093597412, 2.5280330181121826, 2.5264792442321777, 2.5267350673675537, 2.51664137840271, 2.527041435241699, 2.559140205383301, 2.558539628982544, 2.5549423694610596, 2.552739143371582, 2.5646491050720215, 2.580479621887207, 2.6101186275482178, 2.5903449058532715, 2.610137939453125, 2.6325268745422363, 2.6419239044189453, 2.6705634593963623, 2.68367862701416, 2.7004408836364746, 2.705218553543091, 2.740429401397705, 2.748105764389038, 2.7780203819274902, 2.8038651943206787, 2.820647954940796, 2.8445990085601807, 2.88720965385437, 2.919654130935669, 2.949523448944092, 2.963524580001831, 3.0140469074249268, 3.0467875003814697, 3.0978336334228516, 3.1167283058166504, 3.163367509841919, 3.191094398498535, 3.264521837234497, 3.3058724403381348, 3.3515913486480713, 3.411656141281128, 3.4375922679901123, inf, inf, inf, inf, inf, inf, inf, inf, inf, inf, inf, inf, inf, inf, inf, inf, inf, inf, inf, inf, inf, inf, inf, inf, inf, inf, inf, inf, inf, inf, inf, inf, inf, inf, inf, inf, inf, inf, inf, inf, inf, inf, inf, inf, inf, inf, inf, inf, inf, inf, inf, inf, inf, inf, inf, inf, inf, inf, inf, inf, inf, inf, inf, inf, inf, inf, inf, inf, inf, inf, inf, inf, inf, inf, inf]),0.01749303564429283,929808000000
array('f', [inf, inf, inf, inf, inf, inf, inf, inf, inf, inf, inf, inf, inf, inf, inf, inf, inf, inf, inf, inf, inf, inf, inf, inf, inf, inf, inf, inf, inf, inf, inf, inf, inf, inf, inf, inf, inf, inf, inf, inf, inf, inf, inf, inf, inf, inf, inf, inf, inf, inf, inf, inf, inf, inf, inf, inf, inf, inf, inf, inf, inf, inf, inf, inf, inf, inf, inf, inf, inf, inf, inf, inf, inf, inf, inf, inf, inf, inf, inf, inf, inf, inf, inf, inf, inf, inf, inf, inf, inf, inf, inf, inf, inf, inf, inf, inf, inf, inf, inf, inf, inf, inf, inf, inf, inf, inf, inf, inf, inf, inf, inf, inf, inf, inf, inf, inf, inf, inf, inf, inf, inf, inf, inf, inf, inf, inf, inf, inf, inf, inf, inf, inf, inf, inf, inf, inf, inf, inf, inf, inf, inf, inf, inf, inf, inf, inf, inf, inf, inf, inf, inf, inf, inf, inf, inf, inf, inf, inf, inf, inf, inf, inf, inf, inf, inf, inf, inf, inf, inf, inf, inf, inf, inf, inf, inf, inf, inf, inf, inf, inf, inf, inf, inf, inf, inf, inf, inf, inf, inf, inf, inf, 3.4859538078308105, 3.403040885925293, 3.369084596633911, 3.2979540824890137, 3.2556779384613037, 3.2462408542633057, 3.1952033042907715, 3.145681381225586, 3.1127841472625732, 3.0954082012176514, 3.0611135959625244, 3.1230030059814453, inf, inf, inf, inf, inf, inf, inf, inf, 2.438992738723755, inf, inf, inf, inf, inf, inf, 2.6970624923706055, 2.691633701324463, 2.6980769634246826, 2.6557059288024902, 2.6730973720550537, 2.6431403160095215, 2.6419174671173096, 2.653770685195923, 2.6253609657287598, 2.618795394897461, 2.6192822456359863, 2.6140151023864746, 2.6117124557495117, 2.608365535736084, 2.601763963699341, 2.6106514930725098, 2.6212258338928223, 2.6257312297821045, 2.6274499893188477, 2.62750244140625, 2.6316614151000977, 2.638110637664795, 2.633791208267212, 2.6416544914245605, 2.6648380756378174, 2.6874709129333496, 2.674670696258545, 2.684500217437744, 2.6801416873931885, 2.72428560256958, 2.7088499069213867, 2.732820749282837, 2.7444190979003906, 2.770148754119873, 2.773151397705078, 2.7880890369415283, 2.8217389583587646, 2.833033323287964, 2.8665003776550293, 2.8934144973754883, 2.9047722816467285, 2.9290919303894043, 2.94561505317688, 2.995123863220215, 3.0112173557281494, 3.051739454269409, 3.095003366470337, 3.1207008361816406, 3.1499202251434326, 3.1931071281433105, 3.2458271980285645, 3.2739226818084717, 3.333509683609009, 3.3755404949188232, 3.4049251079559326, 3.4569501876831055, inf, inf, inf, inf, inf, inf, inf, inf, inf, inf, inf, inf, inf, inf, inf, inf, inf, inf, inf, inf, inf, inf, inf, inf, inf, inf, inf, inf, inf, inf, inf, inf, inf, inf, inf, inf, inf, inf, inf, inf, inf, inf, inf, inf, inf, inf, inf, inf, inf, inf, inf, inf, inf, inf, inf, inf, inf, inf, inf, inf, inf, inf, inf, inf, inf, inf, inf, inf, inf, inf, inf, inf, inf, inf, inf, inf, inf, inf, inf, inf, inf, inf, inf, inf, inf, inf]),0.01749303564429283,930008000000
array('f', [inf, inf, inf, inf, inf, inf, inf, inf, inf, inf, inf, inf, inf, inf, inf, inf, inf, inf, inf, inf, inf, inf, inf, inf, inf, inf, inf, inf, inf, inf, inf, inf, inf, inf, inf, inf, inf, inf, inf, inf, inf, inf, inf, inf, inf, inf, inf, inf, inf, inf, inf, inf, inf, inf, inf, inf, inf, inf, inf, inf, inf, inf, inf, inf, inf, inf, inf, inf, inf, inf, inf, inf, inf, inf, inf, inf, inf, inf, inf, inf, inf, inf, inf, inf, inf, inf, inf, inf, inf, inf, inf, inf, inf, inf, inf, inf, inf, inf, inf, inf, inf, inf, inf, inf, inf, inf, inf, inf, inf, inf, inf, inf, inf, inf, inf, inf, inf, inf, inf, inf, inf, inf, inf, inf, inf, inf, inf, inf, inf, inf, inf, inf, inf, inf, inf, inf, inf, inf, inf, inf, inf, inf, inf, inf, inf, inf, inf, inf, inf, inf, inf, inf, inf, inf, inf, inf, inf, inf, inf, inf, inf, inf, inf, inf, inf, inf, inf, inf, inf, inf, inf, inf, inf, inf, inf, inf, inf, inf, inf, inf, inf, inf, inf, inf, inf, inf, 3.4721598625183105, 3.4259822368621826, 3.371001958847046, 3.3345062732696533, 3.3113999366760254, 3.2408761978149414, 3.2558233737945557, 3.3649821281433105, inf, inf, inf, inf, inf, inf, 2.6170828342437744, 2.6225132942199707, inf, inf, inf, inf, inf, inf, 2.85931658744812, 2.829115390777588, 2.8233892917633057, 2.7988908290863037, 2.800508975982666, 2.7914788722991943, 2.7899255752563477, 2.776010274887085, 2.777602434158325, 2.7667129039764404, 2.7506701946258545, 2.7553317546844482, 2.7416110038757324, 2.7499353885650635, 2.7621114253997803, 2.7393672466278076, 2.7459144592285156, 2.7495031356811523, 2.7243432998657227, 2.7481250762939453, 2.7628729343414307, 2.744410276412964, 2.763620376586914, 2.7649002075195312, 2.7908589839935303, 2.7779669761657715, 2.7864480018615723, 2.787449598312378, 2.816300630569458, 2.818721294403076, 2.830587387084961, 2.8560173511505127, 2.8796300888061523, 2.875600814819336, 2.9058940410614014, 2.915182113647461, 2.9196600914001465, 2.950820207595825, 2.952592372894287, 2.9756650924682617, 3.0016427040100098, 3.028369665145874, 3.0524661540985107, 3.081085205078125, 3.11722731590271, 3.1369223594665527, 3.1732139587402344, 3.2237961292266846, 3.2432539463043213, 3.284607172012329, 3.3212616443634033, 3.3600234985351562, 3.4029130935668945, 3.45389461517334, inf, inf, inf, inf, inf, inf, inf, inf, inf, inf, inf, inf, inf, inf, inf, inf, inf, inf, inf, inf, inf, inf, inf, inf, inf, inf, inf, inf, inf, inf, inf, inf, inf, inf, inf, inf, inf, inf, inf, inf, inf, inf, inf, inf, inf, inf, inf, inf, inf, inf, inf, inf, inf, inf, inf, inf, inf, inf, inf, inf, inf, inf, inf, inf, inf, inf, inf, inf, inf, inf, inf, inf, inf, inf, inf, inf, inf, inf, inf, inf, inf, inf, inf, inf, inf, inf, inf, inf, inf, inf, inf, inf, inf, inf, inf, inf, inf, inf]),0.01749303564429283,930208000000
array('f', [inf, inf, inf, inf, inf, inf, inf, inf, inf, inf, inf, inf, inf, inf, inf, inf, inf, inf, inf, inf, inf, inf, inf, inf, inf, inf, inf, inf, inf, inf, inf, inf, inf, inf, inf, inf, inf, inf, inf, inf, inf, inf, inf, inf, inf, inf, inf, inf, inf, inf, inf, inf, inf, inf, inf, inf, inf, inf, inf, inf, inf, inf, inf, inf, inf, inf, inf, inf, inf, inf, inf, inf, inf, inf, inf, inf, inf, inf, inf, inf, inf, inf, inf, inf, inf, inf, inf, inf, inf, inf, inf, inf, inf, inf, inf, inf, inf, inf, inf, inf, inf, inf, inf, inf, inf, inf, inf, inf, inf, inf, inf, inf, inf, inf, inf, inf, inf, inf, inf, inf, inf, inf, inf, inf, inf, inf, inf, inf, inf, inf, inf, inf, inf, inf, inf, inf, inf, inf, inf, inf, inf, inf, inf, inf, inf, inf, inf, inf, inf, inf, inf, inf, inf, inf, inf, inf, inf, inf, inf, inf, inf, inf, inf, inf, inf, inf, inf, inf, inf, inf, inf, inf, inf, inf, inf, inf, inf, inf, inf, inf, inf, inf, 3.445802688598633, 3.4468846321105957, inf, inf, inf, inf, inf, inf, inf, 2.7863523960113525, inf, inf, inf, inf, inf, inf, 3.0186188220977783, 3.015514612197876, 3.006995916366577, 2.9832093715667725, 2.989816188812256, 2.967078685760498, 2.9482085704803467, 2.9480741024017334, 2.9305734634399414, 2.9373269081115723, 2.915083646774292, 2.9180948734283447, 2.9144582748413086, 2.900034189224243, 2.9151086807250977, 2.8922488689422607, 2.8922455310821533, 2.878319025039673, 2.9041056632995605, 2.8911292552948, 2.889059543609619, 2.8944945335388184, 2.9013280868530273, 2.907532215118408, 2.9134230613708496, 2.9202704429626465, 2.9216670989990234, 2.9361963272094727, 2.945422887802124, 2.969740390777588, 2.9752745628356934, 2.98227596282959, 2.9989426136016846, 2.9791383743286133, 3.0210652351379395, 3.0385689735412598, 3.0443944931030273, 3.0754799842834473, 3.0977132320404053, 3.1311991214752197, 3.1221673488616943, 3.1459734439849854, 3.184474229812622, 3.2104005813598633, 3.2370173931121826, 3.266434907913208, 3.2905077934265137, 3.328157424926758, 3.35788893699646, 3.3972413539886475, 3.439276695251465, 3.4582202434539795, inf, inf, inf, inf, inf, inf, inf, inf, inf, inf, inf, inf, inf, inf, inf, inf, inf, inf, inf, inf, inf, inf, inf, inf, inf, inf, inf, inf, inf, inf, inf, inf, inf, inf, inf, inf, inf, inf, inf, inf, inf, inf, inf, inf, inf, inf, inf, inf, inf, inf, inf, inf, inf, inf, inf, inf, inf, inf, inf, inf, inf, inf, inf, inf, inf, inf, inf, inf, inf, inf, inf, inf, inf, inf, inf, inf, inf, inf, inf, inf, inf, inf, inf, inf, inf, inf, inf, inf, inf, inf, inf, inf, inf, inf, inf, inf, inf, inf, inf, inf, inf, inf, inf, inf, inf, inf, inf, inf, inf, inf]),0.01749303564429283,930408000000
array('f', [inf, inf, inf, inf, inf, inf, inf, inf, inf, inf, inf, inf, inf, inf, inf, inf, inf, inf, inf, inf, inf, inf, inf, inf, inf, inf, inf, inf, inf, inf, inf, inf, inf, inf, inf, inf, inf, inf, inf, inf, inf, inf, inf, inf, inf, inf, inf, inf, inf, inf, inf, inf, inf, inf, inf, inf, inf, inf, inf, inf, inf, inf, inf, inf, inf, inf, inf, inf, inf, inf, inf, inf, inf, inf, inf, inf, inf, inf, inf, inf, inf, inf, inf, inf, inf, inf, inf, inf, inf, inf, inf, inf, inf, inf, inf, inf, inf, inf, inf, inf, inf, inf, inf, inf, inf, inf, inf, inf, inf, inf, inf, inf, inf, inf, inf, inf, inf, inf, inf, inf, inf, inf, inf, inf, inf, inf, inf, inf, inf, inf, inf, inf, inf, inf, inf, inf, inf, inf, inf, inf, inf, inf, inf, inf, inf, inf, inf, inf, inf, inf, inf, inf, inf, inf, inf, inf, inf, inf, inf, inf, inf, inf, inf, inf, inf, inf, inf, inf, inf, inf, inf, inf, inf, inf, inf, inf, inf, inf, inf, inf, inf, inf, inf, 2.9987123012542725, inf, inf, inf, inf, inf, 3.2222774028778076, 3.2178494930267334, 3.1944572925567627, 3.1808087825775146, 3.1700024604797363, 3.142348289489746, 3.139014959335327, 3.139369249343872, 3.1134355068206787, 3.104691743850708, 3.112189292907715, 3.091886520385742, 3.0815680027008057, 3.0754926204681396, 3.0757482051849365, 3.052182197570801, 3.0550379753112793, 3.058349609375, 3.063426971435547, 3.0616395473480225, 3.0588104724884033, 3.058582305908203, 3.0495998859405518, 3.0663628578186035, 3.0765700340270996, 3.0988142490386963, 3.073410749435425, 3.087594985961914, 3.1146492958068848, 3.1080245971679688, 3.108380079269409, 3.130999803543091, 3.1412816047668457, 3.1670455932617188, 3.1705360412597656, 3.1855154037475586, 3.2064199447631836, 3.219904899597168, 3.2598862648010254, 3.260979175567627, 3.2945609092712402, 3.3116278648376465, 3.3434767723083496, 3.3552134037017822, 3.372990369796753, 3.40982723236084, 3.4543135166168213, 3.459855556488037, inf, inf, inf, inf, inf, inf, inf, inf, inf, inf, inf, inf, inf, inf, inf, inf, inf, inf, inf, inf, inf, inf, inf, inf, inf, inf, inf, inf, inf, inf, inf, inf, inf, inf, inf, inf, inf, inf, inf, inf, inf, inf, inf, inf, inf, inf, inf, inf, inf, inf, inf, inf, inf, inf, inf, inf, inf, inf, inf, inf, inf, inf, inf, inf, inf, inf, inf, inf, inf, inf, inf, inf, inf, inf, inf, inf, inf, inf, inf, inf, inf, inf, inf, inf, inf, inf, inf, inf, inf, inf, inf, inf, inf, inf, inf, inf, inf, inf, inf, inf, inf, inf, inf, inf, inf, inf, inf, inf, inf, inf, inf, inf, inf, inf, inf, inf, inf, inf, inf, inf, inf, inf, inf]),0.01749303564429283,930608000000
array('f', [inf, inf, inf, inf, inf, inf, inf, inf, inf, inf, inf, inf, inf, inf, inf, inf, inf, inf, inf, inf, inf, inf, inf, inf, inf, inf, inf, inf, inf, inf, inf, inf, inf, inf, inf, inf, inf, inf, inf, inf, inf, inf, inf, inf, inf, inf, inf, inf, inf, inf, inf, inf, inf, inf, inf, inf, inf, inf, inf, inf, inf, inf, inf, inf, inf, inf, inf, inf, inf, inf, inf, inf, inf, inf, inf, inf, inf, inf, inf, inf, inf, inf, inf, inf, inf, inf, inf, inf, inf, inf, inf, inf, inf, inf, inf, inf, inf, inf, inf, inf, inf, inf, inf, inf, inf, inf, inf, inf, inf, inf, inf, inf, inf, inf, inf, inf, inf, inf, inf, inf, inf, inf, inf, inf, inf, inf, inf, inf, inf, inf, inf, inf, inf, inf, inf, inf, inf, inf, inf, inf, inf, inf, inf, inf, inf, inf, inf, inf, inf, inf, inf, inf, inf, inf, inf, inf, inf, inf, inf, inf, inf, inf, inf, inf, inf, inf, inf, inf, inf, inf, inf, inf, inf, inf, inf, 3.194875955581665, inf, inf, inf, inf, inf, 3.429330825805664, 3.408693790435791, 3.3857197761535645, 3.361020088195801, 3.340846300125122, 3.3404998779296875, 3.312452554702759, 3.3191261291503906, 3.2893691062927246, 3.2855494022369385, 3.280555486679077, 3.269888162612915, 3.2723212242126465, 3.2782633304595947, 3.255894660949707, 3.259533643722534, 3.2508251667022705, 3.2434568405151367, 3.237687826156616, 3.2608437538146973, 3.240004062652588, 3.2367703914642334, 3.2529420852661133, 3.25588321685791, 3.244274139404297, 3.257756471633911, 3.281183958053589, 3.269327402114868, 3.271662950515747, 3.3015167713165283, 3.296596050262451, 3.3104166984558105, 3.319098472595215, 3.3445305824279785, 3.3611459732055664, 3.366650342941284, 3.3960580825805664, 3.4132080078125, 3.4363367557525635, 3.465413808822632, 3.4492480754852295, 3.4924466609954834, inf, inf, inf, inf, inf, inf, inf, inf, inf, inf, inf, inf, inf, inf, inf, inf, inf, inf, inf, inf, inf, inf, inf, inf, inf, inf, inf, inf, inf, inf, inf, inf, inf, inf, inf, inf, inf, inf, inf, inf, inf, inf, inf, inf, inf, inf, inf, inf, inf, inf, inf, inf, inf, inf, inf, inf, inf, inf, inf, inf, inf, inf, inf, inf, inf, inf, inf, inf, inf, inf, inf, inf, inf, inf, inf, inf, inf, inf, inf, inf, inf, inf, inf, inf, inf, inf, inf, inf, inf, inf, inf, inf, inf, inf, inf, inf, inf, inf, inf, inf, inf, inf, inf, inf, inf, inf, inf, inf, inf, inf, inf, inf, inf, inf, inf, inf, inf, inf, inf, inf, inf, inf, inf, inf, inf, inf, inf, inf, inf, inf, inf, inf, inf, inf, inf, inf, inf]),0.01749303564429283,930808000000
array('f', [inf, inf, inf, inf, inf, inf, inf, inf, inf, inf, inf, inf, inf, inf, inf, inf, inf, inf, inf, inf, inf, inf, inf, inf, inf, inf, inf, inf, inf, inf, inf, inf, inf, inf, inf, inf, inf, inf, inf, inf, inf, inf, inf, inf, inf, inf, inf, inf, inf, inf, inf, inf, inf, inf, inf, inf, inf, inf, inf, inf, inf, inf, inf, inf, inf, inf, inf, inf, inf, inf, inf, inf, inf, inf, inf, inf, inf, inf, inf, inf, inf, inf, inf, inf, inf, inf, inf, inf, inf, inf, inf, inf, inf, inf, inf, inf, inf, inf, inf, inf, inf, inf, inf, inf, inf, inf, inf, inf, inf, inf, inf, inf, inf, inf, inf, inf, inf, inf, inf, inf, inf, inf, inf, inf, inf, inf, inf, inf, inf, inf, inf, inf, inf, inf, inf, inf, inf, inf, inf, inf, inf, inf, inf, inf, inf, inf, inf, inf, inf, inf, inf, inf, inf, inf, inf, inf, inf, inf, inf, inf, inf, inf, inf, inf, inf, inf, inf, inf, 3.416499137878418, inf, inf, inf, inf, inf, inf, inf, inf, inf, inf, inf, inf, 3.4986114501953125, 3.4814233779907227, 3.469810724258423, 3.465758800506592, 3.471738815307617, 3.4449944496154785, 3.4410595893859863, 3.4407145977020264, 3.4249699115753174, 3.4104840755462646, 3.4193944931030273, 3.4268431663513184, 3.4336464405059814, 3.427206039428711, 3.424690008163452, 3.440056800842285, 3.438814640045166, 3.4596829414367676, 3.458935022354126, 3.4689393043518066, 3.4787850379943848, 3.4728477001190186, 3.48777174949646, inf, inf, inf, inf, inf, inf, inf, inf, inf, inf, inf, inf, inf, inf, inf, inf, inf, inf, inf, inf, inf, inf, inf, inf, inf, inf, inf, inf, inf, inf, inf, inf, inf, inf, inf, inf, inf, inf, inf, inf, inf, inf, inf, inf, inf, inf, inf, inf, inf, inf, inf, inf, inf, inf, inf, inf, inf, inf, inf, inf, inf, inf, inf, inf, inf, inf, inf, inf, inf, inf, inf, inf, inf, inf, inf, inf, inf, inf, inf, inf, inf, inf, inf, inf, inf, inf, inf, inf, inf, inf, inf, inf, inf, inf, inf, inf, inf, inf, inf, inf, inf, inf, inf, inf, inf, inf, inf, inf, inf, inf, inf, inf, inf, inf, inf, inf, inf, inf, inf, inf, inf, inf, inf, inf, inf, inf, inf, inf, inf, inf, inf, inf, inf, inf, inf, inf, inf, inf, inf, inf, inf, inf, inf, inf, inf, inf, inf, inf, inf, inf, inf, inf, inf, inf, inf, inf]),0.01749303564429283,931008000000
array('f', [inf, inf, inf, inf, inf, inf, inf, inf, inf, inf, inf, inf, inf, inf, inf, inf, inf, inf, inf, inf, inf, inf, inf, inf, inf, inf, inf, inf, inf, inf, inf, inf, inf, inf, inf, inf, inf, inf, inf, inf, inf, inf, inf, inf, inf, inf, inf, inf, inf, inf, inf, inf, inf, inf, inf, inf, inf, inf, inf, inf, inf, inf, inf, inf, inf, inf, inf, inf, inf, inf, inf, inf, inf, inf, inf, inf, inf, inf, inf, inf, inf, inf, inf, inf, inf, inf, inf, inf, inf, inf, inf, inf, inf, inf, inf, inf, inf, inf, inf, inf, inf, inf, inf, inf, inf, inf, inf, inf, inf, inf, inf, inf, inf, inf, inf, inf, inf, inf, inf, inf, inf, inf, inf, inf, inf, inf, inf, inf, inf, inf, inf, inf, inf, inf, inf, inf, inf, inf, inf, inf, inf, inf, inf, inf, inf, inf, inf, inf, inf, inf, inf, inf, inf, inf, inf, inf, inf, inf, inf, inf, inf, inf, inf, inf, inf, inf, inf, inf, inf, inf, inf, inf, inf, inf, inf, inf, inf, inf, inf, inf, inf, inf, inf, inf, inf, inf, inf, inf, inf, inf, inf, inf, inf, inf, inf, inf, inf, inf, inf, inf, inf, inf, inf, inf, inf, inf, inf, inf, inf, inf, inf, inf, inf, inf, inf, inf, inf, inf, inf, inf, inf, inf, inf, inf, inf, inf, inf, inf, inf, inf, inf, inf, inf, inf, inf, inf, inf, inf, inf, inf, inf, inf, inf, inf, inf, inf, inf, inf, inf, inf, inf, inf, inf, inf, inf, inf, inf, inf, inf, inf, inf, inf, inf, inf, inf, inf, inf, inf, inf, inf, inf, inf, inf, inf, inf, inf, inf, inf, inf, inf, inf, inf, inf, inf, inf, inf, inf, inf, inf, inf, inf, inf, inf, inf, inf, inf, inf, inf, inf, inf, inf, inf, inf, inf, inf, inf, inf, inf, inf, inf, inf, inf, inf, inf, inf, inf, inf, inf, inf, inf, inf, inf, inf, inf, inf, inf, inf, inf, inf, inf, inf, inf, inf, inf, inf, inf, inf, inf, inf, inf, inf, inf, inf, inf, inf, inf, inf, inf, inf, inf, inf, inf, inf, inf, inf, inf, inf, inf, inf, inf]),0.01749303564429283,931208000000
array('f', [inf, inf, inf, inf, inf, inf, inf, inf, inf, inf, inf, inf, inf, inf, inf, inf, inf, inf, inf, inf, inf, inf, inf, inf, inf, inf, inf, inf, inf, inf, inf, inf, inf, inf, inf, inf, inf, inf, inf, inf, inf, inf, inf, inf, inf, inf, inf, inf, inf, inf, inf, inf, inf, inf, inf, inf, inf, inf, inf, inf, inf, inf, inf, inf, inf, inf, inf, inf, inf, inf, inf, inf, inf, inf, inf, inf, inf, inf, inf, inf, inf, inf, inf, inf, inf, inf, inf, inf, inf, inf, inf, inf, inf, inf, inf, inf, inf, inf, inf, inf, inf, inf, inf, inf, inf, inf, inf, inf, inf, inf, inf, inf, inf, inf, inf, inf, inf, inf, inf, inf, inf, inf, inf, inf, inf, inf, inf, inf, inf, inf, inf, inf, inf, inf, inf, inf, inf, inf, inf, inf, inf, inf, inf, inf, inf, inf, inf, inf, inf, inf, inf, inf, inf, inf, inf, inf, inf, inf, inf, inf, inf, inf, inf, inf, inf, inf, inf, inf, inf, inf, inf, inf, inf, inf, inf, inf, inf, inf, inf, inf, inf, inf, inf, inf, inf, inf, inf, inf, inf, inf, inf, inf, inf, inf, inf, inf, inf, inf, inf, inf, inf, inf, inf, inf, inf, inf, inf, inf, inf, inf, inf, inf, inf, inf, inf, inf, inf, inf, inf, inf, inf, inf, inf, inf, inf, inf, inf, inf, inf, inf, inf, inf, inf, inf, inf, inf, inf, inf, inf, inf, inf, inf, inf, inf, inf, inf, inf, inf, inf, inf, inf, inf, inf, inf, inf, inf, inf, inf, inf, inf, inf, inf, inf, inf, inf, inf, inf, inf, inf, inf, inf, inf, inf, inf, inf, inf, inf, inf, inf, inf, inf, inf, inf, inf, inf, inf, inf, inf, inf, inf, inf, inf, inf, inf, inf, inf, inf, inf, inf, inf, inf, inf, inf, inf, inf, inf, inf, inf, inf, inf, inf, inf, inf, inf, inf, inf, inf, inf, inf, inf, inf, inf, inf, inf, inf, inf, inf, inf, inf, inf, inf, inf, inf, inf, inf, inf, inf, inf, inf, inf, inf, inf, inf, inf, inf, inf, inf, inf, inf, inf, inf, inf, inf, inf, inf, inf, inf, inf, inf, inf]),0.01749303564429283,931408000000
array('f', [inf, inf, inf, inf, inf, inf, inf, inf, inf, inf, inf, inf, inf, inf, inf, inf, inf, inf, inf, inf, inf, inf, inf, inf, inf, inf, inf, inf, inf, inf, inf, inf, inf, inf, inf, inf, inf, inf, inf, inf, inf, inf, inf, inf, inf, inf, inf, inf, inf, inf, inf, inf, inf, inf, inf, inf, inf, inf, inf, inf, inf, inf, inf, inf, inf, inf, inf, inf, inf, inf, inf, inf, inf, inf, inf, inf, inf, inf, inf, inf, inf, inf, inf, inf, inf, inf, inf, inf, inf, inf, inf, inf, inf, inf, inf, inf, inf, inf, inf, inf, inf, inf, inf, inf, inf, inf, inf, inf, inf, inf, inf, inf, inf, inf, inf, inf, inf, inf, inf, inf, inf, inf, inf, inf, inf, inf, inf, inf, inf, inf, inf, inf, inf, inf, inf, inf, inf, inf, inf, inf, inf, inf, inf, inf, inf, inf, inf, inf, inf, inf, inf, inf, inf, inf, inf, inf, inf, inf, inf, inf, inf, inf, inf, inf, inf, inf, inf, inf, inf, inf, inf, inf, inf, inf, inf, inf, inf, inf, inf, inf, inf, inf, inf, inf, inf, inf, inf, inf, inf, inf, inf, inf, inf, inf, inf, inf, inf, inf, inf, inf, inf, inf, inf, inf, inf, inf, inf, inf, inf, inf, inf, inf, inf, inf, inf, inf, inf, inf, inf, inf, inf, inf, inf, inf, inf, inf, inf, inf, inf, inf, inf, inf, inf, inf, inf, inf, inf, inf, inf, inf, inf, inf, inf, inf, inf, inf, inf, inf, inf, inf, inf, inf, inf, inf, inf, inf, inf, inf, inf, inf, inf, inf, inf, inf, inf, inf, inf, inf, inf, inf, inf, inf, inf, inf, inf, inf, inf, inf, inf, inf, inf, inf, inf, inf, inf, inf, inf, inf, inf, inf, inf, inf, inf, inf, inf, inf, inf, inf, inf, inf, inf, inf, inf, inf, inf, inf, inf, inf, inf, inf, inf, inf, inf, inf, inf, inf, inf, inf, inf, inf, inf, inf, inf, inf, inf, inf, inf, inf, inf, inf, inf, inf, inf, inf, inf, inf, inf, inf, inf, inf, inf, inf, inf, inf, inf, inf, inf, inf, inf, inf, inf, inf, inf, inf, inf, inf, inf, inf, inf, inf]),0.01749303564429283,931608000000
array('f', [inf, inf, inf, inf, inf, inf, inf, inf, inf, inf, inf, inf, inf, inf, inf, inf, inf, inf, inf, inf, inf, inf, inf, inf, inf, inf, inf, inf, inf, inf, inf, inf, inf, inf, inf, inf, inf, inf, inf, inf, inf, inf, inf, inf, inf, inf, inf, inf, inf, inf, inf, inf, inf, inf, inf, inf, inf, inf, inf, inf, inf, inf, inf, inf, inf, inf, inf, inf, inf, inf, inf, inf, inf, inf, inf, inf, inf, inf, inf, inf, inf, inf, inf, inf, inf, inf, inf, inf, inf, inf, inf, inf, inf, inf, inf, inf, inf, inf, inf, inf, inf, inf, inf, inf, inf, inf, inf, inf, inf, inf, inf, inf, inf, inf, inf, inf, inf, inf, inf, inf, inf, inf, inf, inf, inf, inf, inf, inf, inf, inf, inf, inf, inf, inf, inf, inf, inf, inf, inf, inf, inf, inf, inf, inf, inf, inf, inf, inf, inf, inf, inf, inf, inf, inf, inf, inf, inf, inf, inf, inf, inf, inf, inf, inf, inf, inf, inf, inf, inf, inf, inf, inf, inf, inf, inf, inf, inf, inf, inf, inf, inf, inf, inf, inf, inf, inf, inf, inf, inf, inf, inf, inf, inf, inf, inf, inf, inf, inf, inf, inf, inf, inf, inf, inf, inf, inf, inf, inf, inf, inf, inf, inf, inf, inf, inf, inf, inf, inf, inf, inf, inf, inf, inf, inf, inf, inf, inf, inf, inf, inf, inf, inf, inf, inf, inf, inf, inf, inf, inf, inf, inf, inf, inf, inf, inf, inf, inf, inf, inf, inf, inf, inf, inf, inf, inf, inf, inf, inf, inf, inf, inf, inf, inf, inf, inf, inf, inf, inf, inf, inf, inf, inf, inf, inf, inf, inf, inf, inf, inf, inf, inf, inf, inf, inf, inf, inf, inf, inf, inf, inf, inf, inf, inf, inf, inf, inf, inf, inf, inf, inf, inf, inf, inf, inf, inf, inf, inf, inf, inf, inf, inf, inf, inf, inf, inf, inf, inf, inf, inf, inf, inf, inf, inf, inf, inf, inf, inf, inf, inf, inf, inf, inf, inf, inf, inf, inf, inf, inf, inf, inf, inf, inf, inf, inf, inf, inf, inf, inf, inf, inf, inf, inf, inf, inf, inf, inf, inf, inf, inf, inf]),0.01749303564429283,931808000000
array('f', [inf, inf, inf, inf, inf, inf, inf, inf, inf, inf, inf, inf, inf, inf, inf, inf, inf, inf, inf, inf, inf, inf, inf, inf, inf, inf, inf, inf, inf, inf, inf, inf, inf, inf, inf, inf, inf, inf, inf, inf, inf, inf, inf, inf, inf, inf, inf, inf, inf, inf, inf, inf, inf, inf, inf, inf, inf, inf, inf, inf, inf, inf, inf, inf, inf, inf, inf, inf, inf, inf, inf, inf, inf, inf, inf, inf, inf, inf, inf, inf, inf, inf, inf, inf, inf, inf, inf, inf, inf, inf, inf, inf, inf, inf, inf, inf, inf, inf, inf, inf, inf, inf, inf, inf, inf, inf, inf, inf, inf, inf, inf, inf, inf, inf, inf, inf, inf, inf, inf, inf, inf, inf, inf, inf, inf, inf, inf, inf, inf, inf, inf, inf, inf, inf, inf, inf, inf, inf, inf, inf, inf, inf, inf, inf, inf, inf, inf, inf, inf, inf, inf, inf, inf, inf, inf, inf, inf, inf, inf, inf, inf, inf, inf, inf, inf, inf, inf, inf, inf, inf, inf, inf, inf, inf, inf, inf, inf, inf, inf, inf, inf, inf, inf, inf, inf, inf, inf, inf, inf, inf, inf, inf, inf, inf, inf, inf, inf, inf, inf, inf, inf, inf, inf, inf, inf, inf, inf, inf, inf, inf, inf, inf, inf, inf, inf, inf, inf, inf, inf, inf, inf, inf, inf, inf, inf, inf, inf, inf, inf, inf, inf, inf, inf, inf, inf, inf, inf, inf, inf, inf, inf, inf, inf, inf, inf, inf, inf, inf, inf, inf, inf, inf, inf, inf, inf, inf, inf, inf, inf, inf, inf, inf, inf, inf, inf, inf, inf, inf, inf, inf, inf, inf, inf, inf, inf, inf, inf, inf, inf, inf, inf, inf, inf, inf, inf, inf, inf, inf, inf, inf, inf, inf, inf, inf, inf, inf, inf, inf, inf, inf, inf, inf, inf, inf, inf, inf, inf, inf, inf, inf, inf, inf, inf, inf, inf, inf, inf, inf, inf, inf, inf, inf, inf, inf, inf, inf, inf, inf, inf, inf, inf, inf, inf, inf, inf, inf, inf, inf, inf, inf, inf, inf, inf, inf, inf, inf, inf, inf, inf, inf, inf, inf, inf, inf, inf, inf, inf, inf, inf, inf]),0.01749303564429283,932008000000
array('f', [inf, inf, inf, inf, inf, inf, inf, inf, inf, inf, inf, inf, inf, inf, inf, inf, inf, inf, inf, inf, inf, inf, inf, inf, inf, inf, inf, inf, inf, inf, inf, inf, inf, inf, inf, inf, inf, inf, inf, inf, inf, inf, inf, inf, inf, inf, inf, inf, inf, inf, inf, inf, inf, inf, inf, inf, inf, inf, inf, inf, inf, inf, inf, inf, inf, inf, inf, inf, inf, inf, inf, inf, inf, inf, inf, inf, inf, inf, inf, inf, inf, inf, inf, inf, inf, inf, inf, inf, inf, inf, inf, inf, inf, inf, inf, inf, inf, inf, inf, inf, inf, inf, inf, inf, inf, inf, inf, inf, inf, inf, inf, inf, inf, inf, inf, inf, inf, inf, inf, inf, inf, inf, inf, inf, inf, inf, inf, inf, inf, inf, inf, inf, inf, inf, inf, inf, inf, inf, inf, inf, inf, inf, inf, inf, inf, inf, inf, inf, inf, inf, inf, inf, inf, inf, inf, inf, inf, inf, inf, inf, inf, inf, inf, inf, inf, inf, inf, inf, inf, inf, inf, inf, inf, inf, inf, inf, inf, inf, inf, inf, inf, inf, inf, inf, inf, inf, inf, inf, inf, inf, inf, inf, inf, inf, inf, inf, inf, inf, inf, inf, inf, inf, inf, inf, inf, inf, inf, inf, inf, inf, inf, inf, inf, inf, inf, inf, inf, inf, inf, inf, inf, inf, inf, inf, inf, inf, inf, inf, inf, inf, inf, inf, inf, inf, inf, inf, inf, inf, inf, inf, inf, inf, inf, inf, inf, inf, inf, inf, inf, inf, inf, inf, inf, inf, inf, inf, inf, inf, inf, inf, inf, inf, inf, inf, inf, inf, inf, inf, inf, inf, inf, inf, inf, inf, inf, inf, inf, inf, inf, inf, inf, inf, inf, inf, inf, inf, inf, inf, inf, inf, inf, inf, inf, inf, inf, inf, inf, inf, inf, inf, inf, inf, inf, inf, inf, inf, inf, inf, inf, inf, inf, inf, inf, inf, inf, inf, inf, inf, inf, inf, inf, inf, inf, inf, inf, inf, inf, inf, inf, inf, inf, inf, inf, inf, inf, inf, inf, inf, inf, inf, inf, inf, inf, inf, inf, inf, inf, inf, inf, inf, inf, inf, inf, inf, inf, inf, inf, inf, inf, inf]),0.01749303564429283,932208000000
array('f', [inf, inf, inf, inf, inf, inf, inf, inf, inf, inf, inf, inf, inf, inf, inf, inf, inf, inf, inf, inf, inf, inf, inf, inf, inf, inf, inf, inf, inf, inf, inf, inf, inf, inf, inf, inf, inf, inf, inf, inf, inf, inf, inf, inf, inf, inf, inf, inf, inf, inf, inf, inf, inf, inf, inf, inf, inf, inf, inf, inf, inf, inf, inf, inf, inf, inf, inf, inf, inf, inf, inf, inf, inf, inf, inf, inf, inf, inf, inf, inf, inf, inf, inf, inf, inf, inf, inf, inf, inf, inf, inf, inf, inf, inf, inf, inf, inf, inf, inf, inf, inf, inf, inf, inf, inf, inf, inf, inf, inf, inf, inf, inf, inf, inf, inf, inf, inf, inf, inf, inf, inf, inf, inf, inf, inf, inf, inf, inf, inf, inf, inf, inf, inf, inf, inf, inf, inf, inf, inf, inf, inf, inf, inf, inf, inf, inf, inf, inf, inf, inf, inf, inf, inf, inf, inf, inf, inf, inf, inf, inf, inf, inf, inf, inf, inf, inf, inf, inf, inf, inf, inf, inf, inf, inf, inf, inf, inf, inf, inf, inf, inf, inf, inf, inf, inf, inf, inf, inf, inf, inf, inf, inf, inf, inf, inf, inf, inf, inf, inf, inf, inf, inf, inf, inf, inf, inf, inf, inf, inf, inf, inf, inf, inf, inf, inf, inf, inf, inf, inf, inf, inf, inf, inf, inf, inf, inf, inf, inf, inf, inf, inf, inf, inf, inf, inf, inf, inf, inf, inf, inf, inf, inf, inf, inf, inf, inf, inf, inf, inf, inf, inf, inf, inf, inf, inf, inf, inf, inf, inf, inf, inf, inf, inf, inf, inf, inf, inf, inf, inf, inf, inf, inf, inf, inf, inf, inf, inf, inf, inf, inf, inf, inf, inf, inf, inf, inf, inf, inf, inf, inf, inf, inf, inf, inf, inf, inf, inf, inf, inf, inf, inf, inf, inf, inf, inf, inf, inf, inf, inf, inf, inf, inf, inf, inf, inf, inf, inf, inf, inf, inf, inf, inf, inf, inf, inf, inf, inf, inf, inf, inf, inf, inf, inf, inf, inf, inf, inf, inf, inf, inf, inf, inf, inf, inf, inf, inf, inf, inf, inf, inf, inf, inf, inf, inf, inf, inf, inf, inf, inf, inf]),0.01749303564429283,932408000000
array('f', [inf, inf, inf, inf, inf, inf, inf, inf, inf, inf, inf, inf, inf, inf, inf, inf, inf, inf, inf, inf, inf, inf, inf, inf, inf, inf, inf, inf, inf, inf, inf, inf, inf, inf, inf, inf, inf, inf, inf, inf, inf, inf, inf, inf, inf, inf, inf, inf, inf, inf, inf, inf, inf, inf, inf, inf, inf, inf, inf, inf, inf, inf, inf, inf, inf, inf, inf, inf, inf, inf, inf, inf, inf, inf, inf, inf, inf, inf, inf, inf, inf, inf, inf, inf, inf, inf, inf, inf, inf, inf, inf, inf, inf, inf, inf, inf, inf, inf, inf, inf, inf, inf, inf, inf, inf, inf, inf, inf, inf, inf, inf, inf, inf, inf, inf, inf, inf, inf, inf, inf, inf, inf, inf, inf, inf, inf, inf, inf, inf, inf, inf, inf, inf, inf, inf, inf, inf, inf, inf, inf, inf, inf, inf, inf, inf, inf, inf, inf, inf, inf, inf, inf, inf, inf, inf, inf, inf, inf, inf, inf, inf, inf, inf, inf, inf, inf, inf, inf, inf, inf, inf, inf, inf, inf, inf, inf, inf, inf, inf, inf, inf, inf, inf, inf, inf, inf, inf, inf, inf, inf, inf, inf, inf, inf, inf, inf, inf, inf, inf, inf, inf, inf, inf, inf, inf, inf, inf, inf, inf, inf, inf, inf, inf, inf, inf, inf, inf, inf, inf, inf, inf, inf, inf, inf, inf, inf, inf, inf, inf, inf, inf, inf, inf, inf, inf, inf, inf, inf, inf, inf, inf, inf, inf, inf, inf, inf, inf, inf, inf, inf, inf, inf, inf, inf, inf, inf, inf, inf, inf, inf, inf, inf, inf, inf, inf, inf, inf, inf, inf, inf, inf, inf, inf, inf, inf, inf, inf, inf, inf, inf, inf, inf, inf, inf, inf, inf, inf, inf, inf, inf, inf, inf, inf, inf, inf, inf, inf, inf, inf, inf, inf, inf, inf, inf, inf, inf, inf, inf, inf, inf, inf, inf, inf, inf, inf, inf, inf, inf, inf, inf, inf, inf, inf, inf, inf, inf, inf, inf, inf, inf, inf, inf, inf, inf, inf, inf, inf, inf, inf, inf, inf, inf, inf, inf, inf, inf, inf, inf, inf, inf, inf, inf, inf, inf, inf, inf, inf, inf, inf, inf]),0.01749303564429283,932608000000
array('f', [inf, inf, inf, inf, inf, inf, inf, inf, inf, inf, inf, inf, inf, inf, inf, inf, inf, inf, inf, inf, inf, inf, inf, inf, inf, inf, inf, inf, inf, inf, inf, inf, inf, inf, inf, inf, inf, inf, inf, inf, inf, inf, inf, inf, inf, inf, inf, inf, inf, inf, inf, inf, inf, inf, inf, inf, inf, inf, inf, inf, inf, inf, inf, inf, inf, inf, inf, inf, inf, inf, inf, inf, inf, inf, inf, inf, inf, inf, inf, inf, inf, inf, inf, inf, inf, inf, inf, inf, inf, inf, inf, inf, inf, inf, inf, inf, inf, inf, inf, inf, inf, inf, inf, inf, inf, inf, inf, inf, inf, inf, inf, inf, inf, inf, inf, inf, inf, inf, inf, inf, inf, inf, inf, inf, inf, inf, inf, inf, inf, inf, inf, inf, inf, inf, inf, inf, inf, inf, inf, inf, inf, inf, inf, inf, inf, inf, inf, inf, inf, inf, inf, inf, inf, inf, inf, inf, inf, inf, inf, inf, inf, inf, inf, inf, inf, inf, inf, inf, inf, inf, inf, inf, inf, inf, inf, inf, inf, inf, inf, inf, inf, inf, inf, inf, inf, inf, inf, inf, inf, inf, inf, inf, inf, inf, inf, inf, inf, inf, inf, inf, inf, inf, inf, inf, inf, inf, inf, inf, inf, inf, inf, inf, inf, inf, inf, inf, inf, inf, inf, inf, inf, inf, inf, inf, inf, inf, inf, inf, inf, inf, inf, inf, inf, inf, inf, inf, inf, inf, inf, inf, inf, inf, inf, inf, inf, inf, inf, inf, inf, inf, inf, inf, inf, inf, inf, inf, inf, inf, inf, inf, inf, inf, inf, inf, inf, inf, inf, inf, inf, inf, inf, inf, inf, inf, inf, inf, inf, inf, inf, inf, inf, inf, inf, inf, inf, inf, inf, inf, inf, inf, inf, inf, inf, inf, inf, inf, inf, inf, inf, inf, inf, inf, inf, inf, inf, inf, inf, inf, inf, inf, inf, inf, inf, inf, inf, inf, inf, inf, inf, inf, inf, inf, inf, inf, inf, inf, inf, inf, inf, inf, inf, inf, inf, inf, inf, inf, inf, inf, inf, inf, inf, inf, inf, inf, inf, inf, inf, inf, inf, inf, inf, inf, inf, inf, inf, inf, inf, inf, inf, inf]),0.01749303564429283,932808000000
array('f', [inf, inf, inf, inf, inf, inf, inf, inf, inf, inf, inf, inf, inf, inf, inf, inf, inf, inf, inf, inf, inf, inf, inf, inf, inf, inf, inf, inf, inf, inf, inf, inf, inf, inf, inf, inf, inf, inf, inf, inf, inf, inf, inf, inf, inf, inf, inf, inf, inf, inf, inf, inf, inf, inf, inf, inf, inf, inf, inf, inf, inf, inf, inf, inf, inf, inf, inf, inf, inf, inf, inf, inf, inf, inf, inf, inf, inf, inf, inf, inf, inf, inf, inf, inf, inf, inf, inf, inf, inf, inf, inf, inf, inf, inf, inf, inf, inf, inf, inf, inf, inf, inf, inf, inf, inf, inf, inf, inf, inf, inf, inf, inf, inf, inf, inf, inf, inf, inf, inf, inf, inf, inf, inf, inf, inf, inf, inf, inf, inf, inf, inf, inf, inf, inf, inf, inf, inf, inf, inf, inf, inf, inf, inf, inf, inf, inf, inf, inf, inf, inf, inf, inf, inf, inf, inf, inf, inf, inf, inf, inf, inf, inf, inf, inf, inf, inf, inf, inf, inf, inf, inf, inf, inf, inf, inf, inf, inf, inf, inf, inf, inf, inf, inf, inf, inf, inf, inf, inf, inf, inf, inf, inf, inf, inf, inf, inf, inf, inf, inf, inf, inf, inf, inf, inf, inf, inf, inf, inf, inf, inf, inf, inf, inf, inf, inf, inf, inf, inf, inf, inf, inf, inf, inf, inf, inf, inf, inf, inf, inf, inf, inf, inf, inf, inf, inf, inf, inf, inf, inf, inf, inf, inf, inf, inf, inf, inf, inf, inf, inf, inf, inf, inf, inf, inf, inf, inf, inf, inf, inf, inf, inf, inf, inf, inf, inf, inf, inf, inf, inf, inf, inf, inf, inf, inf, inf, inf, inf, inf, inf, inf, inf, inf, inf, inf, inf, inf, inf, inf, inf, inf, inf, inf, inf, inf, inf, inf, inf, inf, inf, inf, inf, inf, inf, inf, inf, inf, inf, inf, inf, inf, inf, inf, inf, inf, inf, inf, inf, inf, inf, inf, inf, inf, inf, inf, inf, inf, inf, inf, inf, inf, inf, inf, inf, inf, inf, inf, inf, inf, inf, inf, inf, inf, inf, inf, inf, inf, inf, inf, inf, inf, inf, inf, inf, inf, inf, inf, inf, inf, inf, inf]),0.01749303564429283,933008000000
array('f', [inf, inf, inf, inf, inf, inf, inf, inf, inf, inf, inf, inf, inf, inf, inf, inf, inf, inf, inf, inf, inf, inf, inf, inf, inf, inf, inf, inf, inf, inf, inf, inf, inf, inf, inf, inf, inf, inf, inf, inf, inf, inf, inf, inf, inf, inf, inf, inf, inf, inf, inf, inf, inf, inf, inf, inf, inf, inf, inf, inf, inf, inf, inf, inf, inf, inf, inf, inf, inf, inf, inf, inf, inf, inf, inf, inf, inf, inf, inf, inf, inf, inf, inf, inf, inf, inf, inf, inf, inf, inf, inf, inf, inf, inf, inf, inf, inf, inf, inf, inf, inf, inf, inf, inf, inf, inf, inf, inf, inf, inf, inf, inf, inf, inf, inf, inf, inf, inf, inf, inf, inf, inf, inf, inf, inf, inf, inf, inf, inf, inf, inf, inf, inf, inf, inf, inf, inf, inf, inf, inf, inf, inf, inf, inf, inf, inf, inf, inf, inf, inf, inf, inf, inf, inf, inf, inf, inf, inf, inf, inf, inf, inf, inf, inf, inf, inf, inf, inf, inf, inf, inf, inf, inf, inf, inf, inf, inf, inf, inf, inf, inf, inf, inf, inf, inf, inf, inf, inf, inf, inf, inf, inf, inf, inf, inf, inf, inf, inf, inf, inf, inf, inf, inf, inf, inf, inf, inf, inf, inf, inf, inf, inf, inf, inf, inf, inf, inf, inf, inf, inf, inf, inf, inf, inf, inf, inf, inf, inf, inf, inf, inf, inf, inf, inf, inf, inf, inf, inf, inf, inf, inf, inf, inf, inf, inf, inf, inf, inf, inf, inf, inf, inf, inf, inf, inf, inf, inf, inf, inf, inf, inf, inf, inf, inf, inf, inf, inf, inf, inf, inf, inf, inf, inf, inf, inf, inf, inf, inf, inf, inf, inf, inf, inf, inf, inf, inf, inf, inf, inf, inf, inf, inf, inf, inf, inf, inf, inf, inf, inf, inf, inf, inf, inf, inf, inf, inf, inf, inf, inf, inf, inf, inf, inf, inf, inf, inf, inf, inf, inf, inf, inf, inf, inf, inf, inf, inf, inf, inf, inf, inf, inf, inf, inf, inf, inf, inf, inf, inf, inf, inf, inf, inf, inf, inf, inf, inf, inf, inf, inf, inf, inf, inf, inf, inf, inf, inf, inf, inf, inf, inf]),0.01749303564429283,933208000000
array('f', [inf, inf, inf, inf, inf, inf, inf, inf, inf, inf, inf, inf, inf, inf, inf, inf, inf, inf, inf, inf, inf, inf, inf, inf, inf, inf, inf, inf, inf, inf, inf, inf, inf, inf, inf, inf, inf, inf, inf, inf, inf, inf, inf, inf, inf, inf, inf, inf, inf, inf, inf, inf, inf, inf, inf, inf, inf, inf, inf, inf, inf, inf, inf, inf, inf, inf, inf, inf, inf, inf, inf, inf, inf, inf, inf, inf, inf, inf, inf, inf, inf, inf, inf, inf, inf, inf, inf, inf, inf, inf, inf, inf, inf, inf, inf, inf, inf, inf, inf, inf, inf, inf, inf, inf, inf, inf, inf, inf, inf, inf, inf, inf, inf, inf, inf, inf, inf, inf, inf, inf, inf, inf, inf, inf, inf, inf, inf, inf, inf, inf, inf, inf, inf, inf, inf, inf, inf, inf, inf, inf, inf, inf, inf, inf, inf, inf, inf, inf, inf, inf, inf, inf, inf, inf, inf, inf, inf, inf, inf, inf, inf, inf, inf, inf, inf, inf, inf, inf, inf, inf, inf, inf, inf, inf, inf, inf, inf, inf, inf, inf, inf, inf, inf, inf, inf, inf, inf, inf, inf, inf, inf, inf, inf, inf, inf, inf, inf, inf, inf, inf, inf, inf, inf, inf, inf, inf, inf, inf, inf, inf, inf, inf, inf, inf, inf, inf, inf, inf, inf, inf, inf, inf, inf, inf, inf, inf, inf, inf, inf, inf, inf, inf, inf, inf, inf, inf, inf, inf, inf, inf, inf, inf, inf, inf, inf, inf, inf, inf, inf, inf, inf, inf, inf, inf, inf, inf, inf, inf, inf, inf, inf, inf, inf, inf, inf, inf, inf, inf, inf, inf, inf, inf, inf, inf, inf, inf, inf, inf, inf, inf, inf, inf, inf, inf, inf, inf, inf, inf, inf, inf, inf, inf, inf, inf, inf, inf, inf, inf, inf, inf, inf, inf, inf, inf, inf, inf, inf, inf, inf, inf, inf, inf, inf, inf, inf, inf, inf, inf, inf, inf, inf, inf, inf, inf, inf, inf, inf, inf, inf, inf, inf, inf, inf, inf, inf, inf, inf, inf, inf, inf, inf, inf, inf, inf, inf, inf, inf, inf, inf, inf, inf, inf, inf, inf, inf, inf, inf, inf, inf, inf]),0.01749303564429283,933408000000
array('f', [inf, inf, inf, inf, inf, inf, inf, inf, inf, inf, inf, inf, inf, inf, inf, inf, inf, inf, inf, inf, inf, inf, inf, inf, inf, inf, inf, inf, inf, inf, inf, inf, inf, inf, inf, inf, inf, inf, inf, inf, inf, inf, inf, inf, inf, inf, inf, inf, inf, inf, inf, inf, inf, inf, inf, inf, inf, inf, inf, inf, inf, inf, inf, inf, inf, inf, inf, inf, inf, inf, inf, inf, inf, inf, inf, inf, inf, inf, inf, inf, inf, inf, inf, inf, inf, inf, inf, inf, inf, inf, inf, inf, inf, inf, inf, inf, inf, inf, inf, inf, inf, inf, inf, inf, inf, inf, inf, inf, inf, inf, inf, inf, inf, inf, inf, inf, inf, inf, inf, inf, inf, inf, inf, inf, inf, inf, inf, inf, inf, inf, inf, inf, inf, inf, inf, inf, inf, inf, inf, inf, inf, inf, inf, inf, inf, inf, inf, inf, inf, inf, inf, inf, inf, inf, inf, inf, inf, inf, inf, inf, inf, inf, inf, inf, inf, inf, inf, inf, inf, inf, inf, inf, inf, inf, inf, inf, inf, inf, inf, inf, inf, inf, inf, inf, inf, inf, inf, inf, inf, inf, inf, inf, inf, inf, inf, inf, inf, inf, inf, inf, inf, inf, inf, inf, inf, inf, inf, inf, inf, inf, inf, inf, inf, inf, inf, inf, inf, inf, inf, inf, inf, inf, inf, inf, inf, inf, inf, inf, inf, inf, inf, inf, inf, inf, inf, inf, inf, inf, inf, inf, inf, inf, inf, inf, inf, inf, inf, inf, inf, inf, inf, inf, inf, inf, inf, inf, inf, inf, inf, inf, inf, inf, inf, inf, inf, inf, inf, inf, inf, inf, inf, inf, inf, inf, inf, inf, inf, inf, inf, inf, inf, inf, inf, inf, inf, inf, inf, inf, inf, inf, inf, inf, inf, inf, inf, inf, inf, inf, inf, inf, inf, inf, inf, inf, inf, inf, inf, inf, inf, inf, inf, inf, inf, inf, inf, inf, inf, inf, inf, inf, inf, inf, inf, inf, inf, inf, inf, inf, inf, inf, inf, inf, inf, inf, inf, inf, inf, inf, inf, inf, inf, inf, inf, inf, inf, inf, inf, inf, inf, inf, inf, inf, inf, inf, inf, inf, inf, inf, inf, inf]),0.01749303564429283,933608000000
array('f', [inf, inf, inf, inf, inf, inf, inf, inf, inf, inf, inf, inf, inf, inf, inf, inf, inf, inf, inf, inf, inf, inf, inf, inf, inf, inf, inf, inf, inf, inf, inf, inf, inf, inf, inf, inf, inf, inf, inf, inf, inf, inf, inf, inf, inf, inf, inf, inf, inf, inf, inf, inf, inf, inf, inf, inf, inf, inf, inf, inf, inf, inf, inf, inf, inf, inf, inf, inf, inf, inf, inf, inf, inf, inf, inf, inf, inf, inf, inf, inf, inf, inf, inf, inf, inf, inf, inf, inf, inf, inf, inf, inf, inf, inf, inf, inf, inf, inf, inf, inf, inf, inf, inf, inf, inf, inf, inf, inf, inf, inf, inf, inf, inf, inf, inf, inf, inf, inf, inf, inf, inf, inf, inf, inf, inf, inf, inf, inf, inf, inf, inf, inf, inf, inf, inf, inf, inf, inf, inf, inf, inf, inf, inf, inf, inf, inf, inf, inf, inf, inf, inf, inf, inf, inf, inf, inf, inf, inf, inf, inf, inf, inf, inf, inf, inf, inf, inf, inf, inf, inf, inf, inf, inf, inf, inf, inf, inf, inf, inf, inf, inf, inf, inf, inf, inf, inf, inf, inf, inf, inf, inf, inf, inf, inf, inf, inf, inf, inf, inf, inf, inf, inf, inf, inf, inf, inf, inf, inf, inf, inf, inf, inf, inf, inf, inf, inf, inf, inf, inf, inf, inf, inf, inf, inf, inf, inf, inf, inf, inf, inf, inf, inf, inf, inf, inf, inf, inf, inf, inf, inf, inf, inf, inf, inf, inf, inf, inf, inf, inf, inf, inf, inf, inf, inf, inf, inf, inf, inf, inf, inf, inf, inf, inf, inf, inf, inf, inf, inf, inf, inf, inf, inf, inf, inf, inf, inf, inf, inf, inf, inf, inf, inf, inf, inf, inf, inf, inf, inf, inf, inf, inf, inf, inf, inf, inf, inf, inf, inf, inf, inf, inf, inf, inf, inf, inf, inf, inf, inf, inf, inf, inf, inf, inf, inf, inf, inf, inf, inf, inf, inf, inf, inf, inf, inf, inf, inf, inf, inf, inf, inf, inf, inf, inf, inf, inf, inf, inf, inf, inf, inf, inf, inf, inf, inf, inf, inf, inf, inf, inf, inf, inf, inf, inf, inf, inf, inf, inf, inf, inf, inf]),0.01749303564429283,933808000000
array('f', [inf, inf, inf, inf, inf, inf, inf, inf, inf, inf, inf, inf, inf, inf, inf, inf, inf, inf, inf, inf, inf, inf, inf, inf, inf, inf, inf, inf, inf, inf, inf, inf, inf, inf, inf, inf, inf, inf, inf, inf, inf, inf, inf, inf, inf, inf, inf, inf, inf, inf, inf, inf, inf, inf, inf, inf, inf, inf, inf, inf, inf, inf, inf, inf, inf, inf, inf, inf, inf, inf, inf, inf, inf, inf, inf, inf, inf, inf, inf, inf, inf, inf, inf, inf, inf, inf, inf, inf, inf, inf, inf, inf, inf, inf, inf, inf, inf, inf, inf, inf, inf, inf, inf, inf, inf, inf, inf, inf, inf, inf, inf, inf, inf, inf, inf, inf, inf, inf, inf, inf, inf, inf, inf, inf, inf, inf, inf, inf, inf, inf, inf, inf, inf, inf, inf, inf, inf, inf, inf, inf, inf, inf, inf, inf, inf, inf, inf, inf, inf, inf, inf, inf, inf, inf, inf, inf, inf, inf, inf, inf, inf, inf, inf, inf, inf, inf, inf, inf, inf, inf, inf, inf, inf, inf, inf, inf, inf, inf, inf, inf, inf, inf, inf, inf, inf, inf, inf, inf, inf, inf, inf, inf, inf, inf, inf, inf, inf, inf, inf, inf, inf, inf, inf, inf, inf, inf, inf, inf, inf, inf, inf, inf, inf, inf, inf, inf, inf, inf, inf, inf, inf, inf, inf, inf, inf, inf, inf, inf, inf, inf, inf, inf, inf, inf, inf, inf, inf, inf, inf, inf, inf, inf, inf, inf, inf, inf, inf, inf, inf, inf, inf, inf, inf, inf, inf, inf, inf, inf, inf, inf, inf, inf, inf, inf, inf, inf, inf, inf, inf, inf, inf, inf, inf, inf, inf, inf, inf, inf, inf, inf, inf, inf, inf, inf, inf, inf, inf, inf, inf, inf, inf, inf, inf, inf, inf, inf, inf, inf, inf, inf, inf, inf, inf, inf, inf, inf, inf, inf, inf, inf, inf, inf, inf, inf, inf, inf, inf, inf, inf, inf, inf, inf, inf, inf, inf, inf, inf, inf, inf, inf, inf, inf, inf, inf, inf, inf, inf, inf, inf, inf, inf, inf, inf, inf, inf, inf, inf, inf, inf, inf, inf, inf, inf, inf, inf, inf, inf, inf, inf, inf]),0.01749303564429283,934008000000
array('f', [inf, inf, inf, inf, inf, inf, inf, inf, inf, inf, inf, inf, inf, inf, inf, inf, inf, inf, inf, inf, inf, inf, inf, inf, inf, inf, inf, inf, inf, inf, inf, inf, inf, inf, inf, inf, inf, inf, inf, inf, inf, inf, inf, inf, inf, inf, inf, inf, inf, inf, inf, inf, inf, inf, inf, inf, inf, inf, inf, inf, inf, inf, inf, inf, inf, inf, inf, inf, inf, inf, inf, inf, inf, inf, inf, inf, inf, inf, inf, inf, inf, inf, inf, inf, inf, inf, inf, inf, inf, inf, inf, inf, inf, inf, inf, inf, inf, inf, inf, inf, inf, inf, inf, inf, inf, inf, inf, inf, inf, inf, inf, inf, inf, inf, inf, inf, inf, inf, inf, inf, inf, inf, inf, inf, inf, inf, inf, inf, inf, inf, inf, inf, inf, inf, inf, inf, inf, inf, inf, inf, inf, inf, inf, inf, inf, inf, inf, inf, inf, inf, inf, inf, inf, inf, inf, inf, inf, inf, inf, inf, inf, inf, inf, inf, inf, inf, inf, inf, inf, inf, inf, inf, inf, inf, inf, inf, inf, inf, inf, inf, inf, inf, inf, inf, inf, inf, inf, inf, inf, inf, inf, inf, inf, inf, inf, inf, inf, inf, inf, inf, inf, inf, inf, inf, inf, inf, inf, inf, inf, inf, inf, inf, inf, inf, inf, inf, inf, inf, inf, inf, inf, inf, inf, inf, inf, inf, inf, inf, inf, inf, inf, inf, inf, inf, inf, inf, inf, inf, inf, inf, inf, inf, inf, inf, inf, inf, inf, inf, inf, inf, inf, inf, inf, inf, inf, inf, inf, inf, inf, inf, inf, inf, inf, inf, inf, inf, inf, inf, inf, inf, inf, inf, inf, inf, inf, inf, inf, inf, inf, inf, inf, inf, inf, inf, inf, inf, inf, inf, inf, inf, inf, inf, inf, inf, inf, inf, inf, inf, inf, inf, inf, inf, inf, inf, inf, inf, inf, inf, inf, inf, inf, inf, inf, inf, inf, inf, inf, inf, inf, inf, inf, inf, inf, inf, inf, inf, inf, inf, inf, inf, inf, inf, inf, inf, inf, inf, inf, inf, inf, inf, inf, inf, inf, inf, inf, inf, inf, inf, inf, inf, inf, inf, inf, inf, inf, 3.491077184677124, 3.4829163551330566, 3.4947330951690674, inf, inf]),0.01749303564429283,934208000000
array('f', [3.3919332027435303, 3.402611255645752, 3.427485704421997, 3.463453531265259, 3.4590046405792236, 3.4951443672180176, inf, inf, inf, inf, inf, inf, inf, inf, inf, inf, inf, inf, inf, inf, inf, inf, inf, inf, inf, inf, inf, inf, inf, inf, inf, inf, inf, inf, inf, inf, inf, inf, inf, inf, inf, inf, inf, inf, inf, inf, inf, inf, inf, inf, inf, inf, inf, inf, inf, inf, inf, inf, inf, inf, inf, inf, inf, inf, inf, inf, inf, inf, inf, inf, inf, inf, inf, inf, inf, inf, inf, inf, inf, inf, inf, inf, inf, inf, inf, inf, inf, inf, inf, inf, inf, inf, inf, inf, inf, inf, inf, inf, inf, inf, inf, inf, inf, inf, inf, inf, inf, inf, inf, inf, inf, inf, inf, inf, inf, inf, inf, inf, inf, inf, inf, inf, inf, inf, inf, inf, inf, inf, inf, inf, inf, inf, inf, inf, inf, inf, inf, inf, inf, inf, inf, inf, inf, inf, inf, inf, inf, inf, inf, inf, inf, inf, inf, inf, inf, inf, inf, inf, inf, inf, inf, inf, inf, inf, inf, inf, inf, inf, inf, inf, inf, inf, inf, inf, inf, inf, inf, inf, inf, inf, inf, inf, inf, inf, inf, inf, inf, inf, inf, inf, inf, inf, inf, inf, inf, inf, inf, inf, inf, inf, inf, inf, inf, inf, inf, inf, inf, inf, inf, inf, inf, inf, inf, inf, inf, inf, inf, inf, inf, inf, inf, inf, inf, inf, inf, inf, inf, inf, inf, inf, inf, inf, inf, inf, inf, inf, inf, inf, inf, inf, inf, inf, inf, inf, inf, inf, inf, inf, inf, inf, inf, inf, inf, inf, inf, inf, inf, inf, inf, inf, inf, inf, inf, inf, inf, inf, inf, inf, inf, inf, inf, inf, inf, inf, inf, inf, inf, inf, inf, inf, inf, inf, inf, inf, inf, inf, inf, inf, inf, inf, inf, inf, inf, inf, inf, inf, inf, inf, inf, inf, inf, inf, inf, inf, inf, inf, inf, inf, inf, inf, inf, inf, inf, inf, inf, inf, inf, inf, inf, inf, inf, inf, inf, inf, inf, inf, inf, inf, inf, inf, inf, inf, inf, inf, inf, inf, inf, inf, inf, inf, inf, inf, inf, inf, inf, inf, inf, inf, 3.273616075515747, 3.287199020385742, 3.30668568611145, 3.320274829864502, 3.3163058757781982, 3.3108527660369873, 3.3249623775482178, 3.331955671310425, 3.3494961261749268, 3.3461649417877197, 3.3653273582458496, 3.3988919258117676]),0.01749303564429283,934408000000
array('f', [3.3321497440338135, 3.351306676864624, 3.348262071609497, 3.3771047592163086, 3.4227395057678223, 3.448387861251831, 3.4746763706207275, inf, inf, inf, inf, inf, inf, inf, inf, inf, inf, inf, inf, inf, inf, inf, inf, inf, inf, inf, inf, inf, inf, inf, inf, inf, inf, inf, inf, inf, inf, inf, inf, inf, inf, inf, inf, inf, inf, inf, inf, inf, inf, inf, inf, inf, inf, inf, inf, inf, inf, inf, inf, inf, inf, inf, inf, inf, inf, inf, inf, inf, inf, inf, inf, inf, inf, inf, inf, inf, inf, inf, inf, inf, inf, inf, inf, inf, inf, inf, inf, inf, inf, inf, inf, inf, inf, inf, inf, inf, inf, inf, inf, inf, inf, inf, inf, inf, inf, inf, inf, inf, inf, inf, inf, inf, inf, inf, inf, inf, inf, inf, inf, inf, inf, inf, inf, inf, inf, inf, inf, inf, inf, inf, inf, inf, inf, inf, inf, inf, inf, inf, inf, inf, inf, inf, inf, inf, inf, inf, inf, inf, inf, inf, inf, inf, inf, inf, inf, inf, inf, inf, inf, inf, inf, inf, inf, inf, inf, inf, inf, inf, inf, inf, inf, inf, inf, inf, inf, inf, inf, inf, inf, inf, inf, inf, inf, inf, inf, inf, inf, inf, inf, inf, inf, inf, inf, inf, inf, inf, inf, inf, inf, inf, inf, inf, inf, inf, inf, inf, inf, inf, inf, inf, inf, inf, inf, inf, inf, inf, inf, inf, inf, inf, inf, inf, inf, inf, inf, inf, inf, inf, inf, inf, inf, inf, inf, inf, inf, inf, inf, inf, inf, inf, inf, inf, inf, inf, inf, inf, inf, inf, inf, inf, inf, inf, inf, inf, inf, inf, inf, inf, inf, inf, inf, inf, inf, inf, inf, inf, inf, inf, inf, inf, inf, inf, inf, inf, inf, inf, inf, inf, inf, inf, inf, inf, inf, inf, inf, inf, inf, inf, inf, inf, inf, inf, inf, inf, inf, inf, inf, inf, inf, inf, inf, inf, inf, inf, inf, inf, inf, inf, inf, inf, inf, inf, inf, inf, inf, inf, inf, inf, inf, inf, inf, inf, inf, inf, inf, inf, inf, inf, inf, inf, inf, inf, inf, inf, inf, inf, inf, inf, inf, inf, inf, 3.081186532974243, 3.093606472015381, 3.115323543548584, 3.099945306777954, 3.095857620239258, 3.145224094390869, 3.130403518676758, 3.1218864917755127, 3.1525461673736572, 3.155245065689087, 3.175691604614258, 3.193303108215332, 3.1929876804351807, 3.209670305252075, 3.217094898223877, 3.255502939224243, 3.258039951324463, 3.2866475582122803, 3.30788516998291]),0.01749303564429283,934608000000
array('f', [3.273664951324463, 3.3058011531829834, 3.345602035522461, 3.378871440887451, 3.399883985519409, 3.4394965171813965, 3.4793879985809326, inf, inf, inf, inf, inf, inf, inf, inf, inf, inf, inf, inf, inf, inf, inf, inf, inf, inf, inf, inf, inf, inf, inf, inf, inf, inf, inf, inf, inf, inf, inf, inf, inf, inf, inf, inf, inf, inf, inf, inf, inf, inf, inf, inf, inf, inf, inf, inf, inf, inf, inf, inf, inf, inf, inf, inf, inf, inf, inf, inf, inf, inf, inf, inf, inf, inf, inf, inf, inf, inf, inf, inf, inf, inf, inf, inf, inf, inf, inf, inf, inf, inf, inf, inf, inf, inf, inf, inf, inf, inf, inf, inf, inf, inf, inf, inf, inf, inf, inf, inf, inf, inf, inf, inf, inf, inf, inf, inf, inf, inf, inf, inf, inf, inf, inf, inf, inf, inf, inf, inf, inf, inf, inf, inf, inf, inf, inf, inf, inf, inf, inf, inf, inf, inf, inf, inf, inf, inf, inf, inf, inf, inf, inf, inf, inf, inf, inf, inf, inf, inf, inf, inf, inf, inf, inf, inf, inf, inf, inf, inf, inf, inf, inf, inf, inf, inf, inf, inf, inf, inf, inf, inf, inf, inf, inf, inf, inf, inf, inf, inf, inf, inf, inf, inf, inf, inf, inf, inf, inf, inf, inf, inf, inf, inf, inf, inf, inf, inf, inf, inf, inf, inf, inf, inf, inf, inf, inf, inf, inf, inf, inf, inf, inf, inf, inf, inf, inf, inf, inf, inf, inf, inf, inf, inf, inf, inf, inf, inf, inf, inf, inf, inf, inf, inf, inf, inf, inf, inf, inf, inf, inf, inf, inf, inf, inf, inf, inf, inf, inf, inf, inf, inf, inf, inf, inf, inf, inf, inf, inf, inf, inf, inf, inf, inf, inf, inf, inf, inf, inf, inf, inf, inf, inf, inf, inf, inf, inf, inf, inf, inf, inf, inf, inf, inf, inf, inf, inf, inf, inf, inf, inf, inf, inf, inf, inf, inf, inf, inf, inf, inf, inf, inf, inf, inf, inf, inf, inf, inf, inf, inf, inf, inf, inf, inf, inf, inf, inf, inf, inf, inf, inf, inf, inf, inf, inf, inf, inf, 2.907827615737915, 2.889681339263916, 2.909119129180908, 2.9302127361297607, 2.9089179039001465, 2.929067850112915, 2.9378902912139893, 2.9474449157714844, 2.9716272354125977, 2.9548234939575195, 2.971693754196167, 2.98213529586792, 2.9854962825775146, 3.007443904876709, 3.015228271484375, 3.023604154586792, 3.0534303188323975, 3.07338285446167, 3.0929219722747803, 3.1303837299346924, 3.135951519012451, 3.1596884727478027, 3.1744298934936523, 3.217869758605957, 3.2300310134887695, 3.26326584815979]),0.01749303564429283,934808000000
array('f', [3.2852723598480225, 3.2959773540496826, 3.358588933944702, 3.4171338081359863, 3.454111337661743, 3.5, inf, inf, inf, inf, inf, inf, inf, inf, inf, inf, inf, inf, inf, inf, inf, inf, inf, inf, inf, inf, inf, inf, inf, inf, inf, inf, inf, inf, inf, inf, inf, inf, inf, inf, inf, inf, inf, inf, inf, inf, inf, inf, inf, inf, inf, inf, inf, inf, inf, inf, inf, inf, inf, inf, inf, inf, inf, inf, inf, inf, inf, inf, inf, inf, inf, inf, inf, inf, inf, inf, inf, inf, inf, inf, inf, inf, inf, inf, inf, inf, inf, inf, inf, inf, inf, inf, inf, inf, inf, inf, inf, inf, inf, inf, inf, inf, inf, inf, inf, inf, inf, inf, inf, inf, inf, inf, inf, inf, inf, inf, inf, inf, inf, inf, inf, inf, inf, inf, inf, inf, inf, inf, inf, inf, inf, inf, inf, inf, inf, inf, inf, inf, inf, inf, inf, inf, inf, inf, inf, inf, inf, inf, inf, inf, inf, inf, inf, inf, inf, inf, inf, inf, inf, inf, inf, inf, inf, inf, inf, inf, inf, inf, inf, inf, inf, inf, inf, inf, inf, inf, inf, inf, inf, inf, inf, inf, inf, inf, inf, inf, inf, inf, inf, inf, inf, inf, inf, inf, inf, inf, inf, inf, inf, inf, inf, inf, inf, inf, inf, inf, inf, inf, inf, inf, inf, inf, inf, inf, inf, inf, inf, inf, inf, inf, inf, inf, inf, inf, inf, inf, inf, inf, inf, inf, inf, inf, inf, inf, inf, inf, inf, inf, inf, inf, inf, inf, inf, inf, inf, inf, inf, inf, inf, inf, inf, inf, inf, inf, inf, inf, inf, inf, inf, inf, inf, inf, inf, inf, inf, inf, inf, inf, inf, inf, inf, inf, inf, inf, inf, inf, inf, inf, inf, inf, inf, inf, inf, inf, inf, inf, inf, inf, inf, inf, inf, inf, inf, inf, inf, inf, inf, inf, inf, inf, inf, inf, inf, inf, inf, inf, inf, inf, inf, inf, inf, inf, inf, inf, inf, inf, inf, inf, inf, inf, inf, inf, inf, inf, inf, inf, 2.7374391555786133, 2.749494791030884, 2.7334024906158447, 2.7376654148101807, 2.747107982635498, 2.734478712081909, 2.7337441444396973, 2.7330384254455566, 2.734915256500244, 2.7635629177093506, 2.775851249694824, 2.7789199352264404, 2.781355142593384, 2.812208890914917, 2.8386683464050293, 2.833045721054077, 2.8483023643493652, 2.856287717819214, 2.8857791423797607, 2.8961148262023926, 2.91011905670166, 2.940805196762085, 2.9444470405578613, 2.9784302711486816, 3.00286602973938, 3.036571502685547, 3.047412395477295, 3.087937355041504, 3.1074349880218506, 3.124312162399292, 3.165055751800537, 3.188577890396118, 3.245102643966675, 3.2746992111206055]),0.01749303564429283,935008000000
array('f', [3.316532611846924, 3.3664615154266357, 3.427333116531372, 3.4929239749908447, inf, inf, inf, inf, inf, inf, inf, inf, inf, inf, inf, inf, inf, inf, inf, inf, inf, inf, inf, inf, inf, inf, inf, inf, inf, inf, inf, inf, inf, inf, inf, inf, inf, inf, inf, inf, inf, inf, inf, inf, inf, inf, inf, inf, inf, inf, inf, inf, inf, inf, inf, inf, inf, inf, inf, inf, inf, inf, inf, inf, inf, inf, inf, inf, inf, inf, inf, inf, inf, inf, inf, inf, inf, inf, inf, inf, inf, inf, inf, inf, inf, inf, inf, inf, inf, inf, inf, inf, inf, inf, inf, inf, inf, inf, inf, inf, inf, inf, inf, inf, inf, inf, inf, inf, inf, inf, inf, inf, inf, inf, inf, inf, inf, inf, inf, inf, inf, inf, inf, inf, inf, inf, inf, inf, inf, inf, inf, inf, inf, inf, inf, inf, inf, inf, inf, inf, inf, inf, inf, inf, inf, inf, inf, inf, inf, inf, inf, inf, inf, inf, inf, inf, inf, inf, inf, inf, inf, inf, inf, inf, inf, inf, inf, inf, inf, inf, inf, inf, inf, inf, inf, inf, inf, inf, inf, inf, inf, inf, inf, inf, inf, inf, inf, inf, inf, inf, inf, inf, inf, inf, inf, inf, inf, inf, inf, inf, inf, inf, inf, inf, inf, inf, inf, inf, inf, inf, inf, inf, inf, inf, inf, inf, inf, inf, inf, inf, inf, inf, inf, inf, inf, inf, inf, inf, inf, inf, inf, inf, inf, inf, inf, inf, inf, inf, inf, inf, inf, inf, inf, inf, inf, inf, inf, inf, inf, inf, inf, inf, inf, inf, inf, inf, inf, inf, inf, inf, inf, inf, inf, inf, inf, inf, inf, inf, inf, inf, inf, inf, inf, inf, inf, inf, inf, inf, inf, inf, inf, inf, inf, inf, inf, inf, inf, inf, inf, inf, inf, inf, inf, inf, inf, inf, inf, inf, inf, inf, inf, inf, inf, inf, inf, inf, inf, inf, inf, inf, inf, inf, inf, inf, inf, inf, inf, 2.5676934719085693, 2.5788309574127197, 2.557868480682373, 2.565352201461792, 2.572246789932251, 2.5708985328674316, 2.565966844558716, 2.5767219066619873, 2.5729098320007324, 2.5790278911590576, 2.5862555503845215, 2.5802693367004395, 2.612370491027832, 2.597170352935791, 2.622072458267212, 2.6330041885375977, 2.6383392810821533, 2.6388633251190186, 2.6723246574401855, 2.6796340942382812, 2.697530746459961, 2.720766544342041, 2.7152485847473145, 2.7423112392425537, 2.7455248832702637, 2.7730278968811035, 2.8020873069763184, 2.8062615394592285, 2.844022750854492, 2.8624961376190186, 2.8962721824645996, 2.922896146774292, 2.937837600708008, 2.9616830348968506, 3.0149857997894287, 3.046375274658203, 3.0746819972991943, 3.1174182891845703, 3.1643357276916504, 3.188601493835449, 3.232713460922241, 3.2617266178131104, 3.335597038269043]),0.01749303564429283,935208000000
array('f', [3.4543919563293457, inf, inf, inf, inf, inf, inf, inf, inf, inf, inf, inf, inf, inf, inf, inf, inf, inf, inf, inf, inf, inf, inf, inf, inf, inf, inf, inf, inf, inf, inf, inf, inf, inf, inf, inf, inf, inf, inf, inf, inf, inf, inf, inf, inf, inf, inf, inf, inf, inf, inf, inf, inf, inf, inf, inf, inf, inf, inf, inf, inf, inf, inf, inf, inf, inf, inf, inf, inf, inf, inf, inf, inf, inf, inf, inf, inf, inf, inf, inf, inf, inf, inf, inf, inf, inf, inf, inf, inf, inf, inf, inf, inf, inf, inf, inf, inf, inf, inf, inf, inf, inf, inf, inf, inf, inf, inf, inf, inf, inf, inf, inf, inf, inf, inf, inf, inf, inf, inf, inf, inf, inf, inf, inf, inf, inf, inf, inf, inf, inf, inf, inf, inf, inf, inf, inf, inf, inf, inf, inf, inf, inf, inf, inf, inf, inf, inf, inf, inf, inf, inf, inf, inf, inf, inf, inf, inf, inf, inf, inf, inf, inf, inf, inf, inf, inf, inf, inf, inf, inf, inf, inf, inf, inf, inf, inf, inf, inf, inf, inf, inf, inf, inf, inf, inf, inf, inf, inf, inf, inf, inf, inf, inf, inf, inf, inf, inf, inf, inf, inf, inf, inf, inf, inf, inf, inf, inf, inf, inf, inf, inf, inf, inf, inf, inf, inf, inf, inf, inf, inf, inf, inf, inf, inf, inf, inf, inf, inf, inf, inf, inf, inf, inf, inf, inf, inf, inf, inf, inf, inf, inf, inf, inf, inf, inf, inf, inf, inf, inf, inf, inf, inf, inf, inf, inf, inf, inf, inf, inf, inf, inf, inf, inf, inf, inf, inf, inf, inf, inf, inf, inf, inf, inf, inf, inf, inf, inf, inf, inf, inf, inf, inf, inf, inf, inf, inf, inf, inf, inf, inf, inf, inf, inf, inf, inf, inf, inf, inf, inf, inf, inf, inf, inf, inf, inf, inf, inf, inf, 2.4312827587127686, 2.4243648052215576, 2.422694683074951, 2.4276270866394043, 2.4142801761627197, 2.41991925239563, 2.416914224624634, 2.3966498374938965, 2.405794858932495, 2.421297550201416, 2.4114561080932617, 2.4197776317596436, 2.4416706562042236, 2.455315351486206, 2.423949718475342, 2.4540600776672363, 2.456134080886841, 2.4684863090515137, 2.472431182861328, 2.490504026412964, 2.4919278621673584, 2.4982781410217285, 2.52903151512146, 2.5388219356536865, 2.547180414199829, 2.566359519958496, 2.5680856704711914, 2.5898032188415527, 2.605517625808716, 2.6263444423675537, 2.6611697673797607, 2.680244207382202, 2.7015860080718994, 2.7407615184783936, 2.7542717456817627, 2.7702441215515137, 2.791571617126465, 2.805634021759033, 2.8625903129577637, 2.887572765350342, 2.911545991897583, 2.9384853839874268, 2.991548776626587, 3.044877529144287, 3.091156005859375, 3.1164133548736572, 3.1702475547790527, 3.2340545654296875, 3.274746894836426, 3.3201687335968018, 3.364436626434326, 3.4390411376953125]),0.01749303564429283,935408000000
array('f', [inf, inf, inf, inf, inf, inf, inf, inf, inf, inf, inf, inf, inf, inf, inf, inf, inf, inf, inf, inf, inf, inf, inf, inf, inf, inf, inf, inf, inf, inf, inf, inf, inf, inf, inf, inf, inf, inf, inf, inf, inf, inf, inf, inf, inf, inf, inf, inf, inf, inf, inf, inf, inf, inf, inf, inf, inf, inf, inf, inf, inf, inf, inf, inf, inf, inf, inf, inf, inf, inf, inf, inf, inf, inf, inf, inf, inf, inf, inf, inf, inf, inf, inf, inf, inf, inf, inf, inf, inf, inf, inf, inf, inf, inf, inf, inf, inf, inf, inf, inf, inf, inf, inf, inf, inf, inf, inf, inf, inf, inf, inf, inf, inf, inf, inf, inf, inf, inf, inf, inf, inf, inf, inf, inf, inf, inf, inf, inf, inf, inf, inf, inf, inf, inf, inf, inf, inf, inf, inf, inf, inf, inf, inf, inf, inf, inf, inf, inf, inf, inf, inf, inf, inf, inf, inf, inf, inf, inf, inf, inf, inf, inf, inf, inf, inf, inf, inf, inf, inf, inf, inf, inf, inf, inf, inf, inf, inf, inf, inf, inf, inf, inf, inf, inf, inf, inf, inf, inf, inf, inf, inf, inf, inf, inf, inf, inf, inf, inf, inf, inf, inf, inf, inf, inf, inf, inf, inf, inf, inf, inf, inf, inf, inf, inf, inf, inf, inf, inf, inf, inf, inf, inf, inf, inf, inf, inf, inf, inf, inf, inf, inf, inf, inf, inf, inf, inf, inf, inf, inf, inf, inf, inf, inf, inf, inf, inf, inf, inf, inf, inf, inf, inf, inf, inf, inf, inf, inf, inf, inf, inf, inf, inf, inf, inf, inf, inf, inf, inf, inf, inf, inf, inf, inf, inf, inf, inf, inf, inf, inf, inf, inf, inf, inf, inf, inf, inf, inf, inf, inf, inf, inf, inf, inf, inf, inf, inf, inf, inf, 2.3078055381774902, 2.292660713195801, 2.3138999938964844, 2.294142007827759, 2.297853469848633, 2.31435489654541, 2.3077526092529297, 2.27526593208313, 2.269833564758301, 2.2844691276550293, 2.2720491886138916, 2.2807750701904297, 2.2802236080169678, 2.3033978939056396, 2.2940566539764404, 2.2772135734558105, 2.302870512008667, 2.281430721282959, 2.295173168182373, 2.3163509368896484, 2.324700355529785, 2.333076238632202, 2.3331222534179688, 2.3447721004486084, 2.3441617488861084, 2.3627266883850098, 2.376217842102051, 2.382019519805908, 2.404331922531128, 2.431701183319092, 2.442122220993042, 2.4495630264282227, 2.4568417072296143, 2.489933967590332, 2.496227264404297, 2.5219168663024902, 2.531109094619751, 2.5781493186950684, 2.580404043197632, 2.608250379562378, 2.6241369247436523, 2.647056818008423, 2.6777701377868652, 2.729410171508789, 2.7631516456604004, 2.7876369953155518, 2.8307957649230957, 2.858715534210205, 2.8936102390289307, 2.938939094543457, 2.99674916267395, 3.029381513595581, 3.0718610286712646, 3.142869234085083, 3.172025203704834, 3.2211174964904785, 3.285299777984619, 3.342794895172119, 3.4225282669067383, 3.492027521133423, inf, inf]),0.01749303564429283,935608000000
array('f', [inf, inf, inf, inf, inf, inf, inf, inf, inf, inf, inf, inf, inf, inf, inf, inf, inf, inf, inf, inf, inf, inf, inf, inf, inf, inf, inf, inf, inf, inf, inf, inf, inf, inf, inf, inf, inf, inf, inf, inf, inf, inf, inf, inf, inf, inf, inf, inf, inf, inf, inf, inf, inf, inf, inf, inf, inf, inf, inf, inf, inf, inf, inf, inf, inf, inf, inf, inf, inf, inf, inf, inf, inf, inf, inf, inf, inf, inf, inf, inf, inf, inf, inf, inf, inf, inf, inf, inf, inf, inf, inf, inf, inf, inf, inf, inf, inf, inf, inf, inf, inf, inf, inf, inf, inf, inf, inf, inf, inf, inf, inf, inf, inf, inf, inf, inf, inf, inf, inf, inf, inf, inf, inf, inf, inf, inf, inf, inf, inf, inf, inf, inf, inf, inf, inf, inf, inf, inf, inf, inf, inf, inf, inf, inf, inf, inf, inf, inf, inf, inf, inf, inf, inf, inf, inf, inf, inf, inf, inf, inf, inf, inf, inf, inf, inf, inf, inf, inf, inf, inf, inf, inf, inf, inf, inf, inf, inf, inf, inf, inf, inf, inf, inf, inf, inf, inf, inf, inf, inf, inf, inf, inf, inf, inf, inf, inf, inf, inf, inf, inf, inf, inf, inf, inf, inf, inf, inf, inf, inf, inf, inf, inf, inf, inf, inf, inf, inf, inf, inf, inf, inf, inf, inf, inf, inf, inf, inf, inf, inf, inf, inf, inf, inf, inf, inf, inf, inf, inf, inf, inf, inf, inf, inf, inf, inf, inf, inf, inf, inf, inf, inf, inf, inf, inf, inf, inf, inf, inf, inf, inf, inf, inf, inf, inf, inf, inf, inf, inf, inf, inf, inf, inf, inf, inf, inf, inf, inf, inf, inf, inf, inf, inf, inf, inf, inf, inf, inf, inf, 2.230983257293701, 2.220198392868042, 2.2142016887664795, 2.211390733718872, 2.1994564533233643, 2.2005438804626465, 2.198452949523926, 2.1754066944122314, 2.1927003860473633, 2.163053274154663, 2.1523845195770264, 2.1803886890411377, 2.1651785373687744, 2.186100721359253, 2.155693292617798, 2.1554768085479736, 2.136423110961914, 2.1529483795166016, 2.161940097808838, 2.1798136234283447, 2.167896270751953, 2.1892402172088623, 2.183023452758789, 2.1857292652130127, 2.195730447769165, 2.2162811756134033, 2.1922388076782227, 2.2084105014801025, 2.2304205894470215, 2.249957323074341, 2.265289545059204, 2.2439064979553223, 2.2819859981536865, 2.294066905975342, 2.300434112548828, 2.3146419525146484, 2.3110907077789307, 2.347050189971924, 2.3613083362579346, 2.365239381790161, 2.4102234840393066, 2.42258620262146, 2.4388585090637207, 2.4664804935455322, 2.5049939155578613, 2.5023908615112305, 2.557748317718506, 2.58052921295166, 2.6378893852233887, 2.638413429260254, 2.670081377029419, 2.6997969150543213, 2.745281457901001, 2.772024631500244, 2.8166136741638184, 2.8577730655670166, 2.913031816482544, 2.9452834129333496, 3.0007057189941406, 3.0707175731658936, 3.1254584789276123, 3.180781602859497, 3.2372632026672363, 3.308670997619629, 3.378256320953369, 3.4427502155303955, inf, inf, inf, inf, inf, inf]),0.01749303564429283,935808000000
array('f', [inf, inf, inf, inf, inf, inf, inf, inf, inf, inf, inf, inf, inf, inf, inf, inf, inf, inf, inf, inf, inf, inf, inf, inf, inf, inf, inf, inf, inf, inf, inf, inf, inf, inf, inf, inf, inf, inf, inf, inf, inf, inf, inf, inf, inf, inf, inf, inf, inf, inf, inf, inf, inf, inf, inf, inf, inf, inf, inf, inf, inf, inf, inf, inf, inf, inf, inf, inf, inf, inf, inf, inf, inf, inf, inf, inf, inf, inf, inf, inf, inf, inf, inf, inf, inf, inf, inf, inf, inf, inf, inf, inf, inf, inf, inf, inf, inf, inf, inf, inf, inf, inf, inf, inf, inf, inf, inf, inf, inf, inf, inf, inf, inf, inf, inf, inf, inf, inf, inf, inf, inf, inf, inf, inf, inf, inf, inf, inf, inf, inf, inf, inf, inf, inf, inf, inf, inf, inf, inf, inf, inf, inf, inf, inf, inf, inf, inf, inf, inf, inf, inf, inf, inf, inf, inf, inf, inf, inf, inf, inf, inf, inf, inf, inf, inf, inf, inf, inf, inf, inf, inf, inf, inf, inf, inf, inf, inf, inf, inf, inf, inf, inf, inf, inf, inf, inf, inf, inf, inf, inf, inf, inf, inf, inf, inf, inf, inf, inf, inf, inf, inf, inf, inf, inf, inf, inf, inf, inf, inf, inf, inf, inf, inf, inf, inf, inf, inf, inf, inf, inf, inf, inf, inf, inf, inf, inf, inf, inf, inf, inf, inf, inf, inf, inf, inf, inf, inf, inf, inf, inf, inf, inf, inf, inf, inf, inf, inf, inf, inf, inf, inf, inf, inf, inf, inf, inf, inf, inf, inf, inf, inf, inf, inf, inf, inf, inf, inf, inf, inf, inf, inf, inf, inf, inf, inf, inf, inf, 2.166788101196289, 2.1533024311065674, 2.162083148956299, 2.1404566764831543, 2.137768030166626, 2.1267588138580322, 2.1096904277801514, 2.11466908454895, 2.105297327041626, 2.0796523094177246, 2.0910868644714355, 2.0695531368255615, 2.0888302326202393, 2.0770814418792725, 2.0620827674865723, 2.070570707321167, 2.0623161792755127, 2.042825698852539, 2.0502350330352783, 2.059302568435669, 2.0598337650299072, 2.053342819213867, 2.0454742908477783, 2.075648307800293, 2.0623555183410645, 2.0752947330474854, 2.0692601203918457, 2.0868330001831055, 2.0896005630493164, 2.0734775066375732, 2.0990633964538574, 2.1011734008789062, 2.1133270263671875, 2.1161422729492188, 2.1358988285064697, 2.1413991451263428, 2.155407667160034, 2.1659553050994873, 2.1715316772460938, 2.1953108310699463, 2.221658945083618, 2.205463409423828, 2.233166217803955, 2.2626514434814453, 2.2660768032073975, 2.27262282371521, 2.291311025619507, 2.3350138664245605, 2.351357936859131, 2.36081862449646, 2.3872764110565186, 2.426692485809326, 2.44862961769104, 2.4642536640167236, 2.5030171871185303, 2.540266275405884, 2.567711591720581, 2.602518081665039, 2.634615898132324, 2.6935055255889893, 2.713175058364868, 2.771355152130127, 2.8102779388427734, 2.8408114910125732, 2.909196138381958, 2.9494683742523193, 2.9999804496765137, 3.082911968231201, 3.1179447174072266, 3.1816818714141846, 3.2439346313476562, 3.3451478481292725, 3.4107940196990967, 3.4715001583099365, inf, inf, inf, inf, inf, inf, inf, inf, inf]),0.01749303564429283,936008000000
array('f', [inf, inf, inf, inf, inf, inf, inf, inf, inf, inf, inf, inf, inf, inf, inf, inf, inf, inf, inf, inf, inf, inf, inf, inf, inf, inf, inf, inf, inf, inf, inf, inf, inf, inf, inf, inf, inf, inf, inf, inf, inf, inf, inf, inf, inf, inf, inf, inf, inf, inf, inf, inf, inf, inf, inf, inf, inf, inf, inf, inf, inf, inf, inf, inf, inf, inf, inf, inf, inf, inf, inf, inf, inf, inf, inf, inf, inf, inf, inf, inf, inf, inf, inf, inf, inf, inf, inf, inf, inf, inf, inf, inf, inf, inf, inf, inf, inf, inf, inf, inf, inf, inf, inf, inf, inf, inf, inf, inf, inf, inf, inf, inf, inf, inf, inf, inf, inf, inf, inf, inf, inf, inf, inf, inf, inf, inf, inf, inf, inf, inf, inf, inf, inf, inf, inf, inf, inf, inf, inf, inf, inf, inf, inf, inf, inf, inf, inf, inf, inf, inf, inf, inf, inf, inf, inf, inf, inf, inf, inf, inf, inf, inf, inf, inf, inf, inf, inf, inf, inf, inf, inf, inf, inf, inf, inf, inf, inf, inf, inf, inf, inf, inf, inf, inf, inf, inf, inf, inf, inf, inf, inf, inf, inf, inf, inf, inf, inf, inf, inf, inf, inf, inf, inf, inf, inf, inf, inf, inf, inf, inf, inf, inf, inf, inf, inf, inf, inf, inf, inf, inf, inf, inf, inf, inf, inf, inf, inf, inf, inf, inf, inf, inf, inf, inf, inf, inf, inf, inf, inf, inf, inf, inf, inf, inf, inf, inf, inf, inf, inf, inf, inf, inf, inf, inf, inf, inf, inf, inf, inf, inf, inf, inf, inf, inf, inf, inf, 2.156606912612915, 2.1594860553741455, 2.1207683086395264, 2.1205244064331055, 2.116670608520508, 2.086127996444702, 2.100478172302246, 2.0701141357421875, 2.06479811668396, 2.0620760917663574, 2.049354314804077, 2.017944097518921, 2.0279011726379395, 2.002870798110962, 2.0143961906433105, 1.9891550540924072, 1.9927747249603271, 1.999558448791504, 1.994131326675415, 1.9893772602081299, 1.985065221786499, 1.967125415802002, 1.956039547920227, 1.9776397943496704, 1.976978063583374, 1.9656554460525513, 1.9645862579345703, 1.98063063621521, 1.9700031280517578, 1.976269006729126, 1.994462013244629, 1.9681479930877686, 1.9979310035705566, 1.9847607612609863, 2.002037763595581, 2.0066373348236084, 2.0060875415802, 2.005067825317383, 2.038335084915161, 2.039661169052124, 2.0511722564697266, 2.0562098026275635, 2.067887306213379, 2.0851168632507324, 2.0919036865234375, 2.0938522815704346, 2.098397970199585, 2.144862413406372, 2.1423466205596924, 2.1645867824554443, 2.1962246894836426, 2.191530227661133, 2.226792335510254, 2.235170841217041, 2.2539241313934326, 2.2922329902648926, 2.3317391872406006, 2.342991590499878, 2.358212947845459, 2.3958301544189453, 2.4326889514923096, 2.466475248336792, 2.499178647994995, 2.503727912902832, 2.550381898880005, 2.6071245670318604, 2.631995677947998, 2.669987201690674, 2.717923164367676, 2.783576726913452, 2.8075075149536133, 2.8761987686157227, 2.9213242530822754, 2.981989622116089, 3.0348777770996094, 3.0859246253967285, 3.1796488761901855, 3.264728307723999, 3.3090524673461914, 3.402101516723633, 3.490938663482666, inf, inf, inf, inf, inf, inf, inf, inf, inf, inf, inf, inf, inf]),0.01749303564429283,936208000000
array('f', [inf, inf, inf, inf, inf, inf, inf, inf, inf, inf, inf, inf, inf, inf, inf, inf, inf, inf, inf, inf, inf, inf, inf, inf, inf, inf, inf, inf, inf, inf, inf, inf, inf, inf, inf, inf, inf, inf, inf, inf, inf, inf, inf, inf, inf, inf, inf, inf, inf, inf, inf, inf, inf, inf, inf, inf, inf, inf, inf, inf, inf, inf, inf, inf, inf, inf, inf, inf, inf, inf, inf, inf, inf, inf, inf, inf, inf, inf, inf, inf, inf, inf, inf, inf, inf, inf, inf, inf, inf, inf, inf, inf, inf, inf, inf, inf, inf, inf, inf, inf, inf, inf, inf, inf, inf, inf, inf, inf, inf, inf, inf, inf, inf, inf, inf, inf, inf, inf, inf, inf, inf, inf, inf, inf, inf, inf, inf, inf, inf, inf, inf, inf, inf, inf, inf, inf, inf, inf, inf, inf, inf, inf, inf, inf, inf, inf, inf, inf, inf, inf, inf, inf, inf, inf, inf, inf, inf, inf, inf, inf, inf, inf, inf, inf, inf, inf, inf, inf, inf, inf, inf, inf, inf, inf, inf, inf, inf, inf, inf, inf, inf, inf, inf, inf, inf, inf, inf, inf, inf, inf, inf, inf, inf, inf, inf, inf, inf, inf, inf, inf, inf, inf, inf, inf, inf, inf, inf, inf, inf, inf, inf, inf, inf, inf, inf, inf, inf, inf, inf, inf, inf, inf, inf, inf, inf, inf, inf, inf, inf, inf, inf, inf, inf, inf, inf, inf, inf, inf, inf, inf, inf, inf, inf, inf, inf, inf, inf, inf, inf, inf, inf, inf, inf, inf, inf, 2.197988986968994, 2.1808221340179443, 2.160045623779297, 2.1423139572143555, 2.1292786598205566, 2.1053216457366943, 2.0986568927764893, 2.0698859691619873, 2.047123432159424, 2.043422222137451, 2.024237871170044, 1.9911326169967651, 2.016144037246704, 1.9997864961624146, 1.975960373878479, 1.968896508216858, 1.9678148031234741, 1.9666111469268799, 1.9491318464279175, 1.9254519939422607, 1.9458835124969482, 1.938484787940979, 1.9394457340240479, 1.9161100387573242, 1.9182145595550537, 1.8974225521087646, 1.925201416015625, 1.8939201831817627, 1.9147611856460571, 1.9224803447723389, 1.9030789136886597, 1.8944015502929688, 1.9050090312957764, 1.9143146276474, 1.9163490533828735, 1.9228310585021973, 1.9218530654907227, 1.9233248233795166, 1.9312574863433838, 1.934669017791748, 1.9459917545318604, 1.952345371246338, 1.946294903755188, 1.9456881284713745, 1.9659931659698486, 1.9828267097473145, 1.97456693649292, 2.0048305988311768, 1.9897785186767578, 2.0204555988311768, 2.0283687114715576, 2.054760694503784, 2.0612664222717285, 2.072589635848999, 2.0848429203033447, 2.1320695877075195, 2.1295855045318604, 2.138434886932373, 2.163100004196167, 2.196894884109497, 2.222278118133545, 2.237699508666992, 2.2449939250946045, 2.2806055545806885, 2.3068158626556396, 2.330010414123535, 2.362210750579834, 2.379709482192993, 2.4357783794403076, 2.4574005603790283, 2.507924795150757, 2.5404975414276123, 2.579017400741577, 2.623248815536499, 2.6610374450683594, 2.6974234580993652, 2.7636735439300537, 2.805516481399536, 2.866356611251831, 2.9288229942321777, 2.9760608673095703, 3.0366575717926025, 3.115819215774536, 3.1944327354431152, 3.26023530960083, 3.3466029167175293, 3.4373600482940674, inf, inf, inf, inf, inf, inf, inf, inf, inf, inf, inf, inf, inf, inf, inf, inf, inf, inf]),0.01749303564429283,936408000000
array('f', [inf, inf, inf, inf, inf, inf, inf, inf, inf, inf, inf, inf, inf, inf, inf, inf, inf, inf, inf, inf, inf, inf, inf, inf, inf, inf, inf, inf, inf, inf, inf, inf, inf, inf, inf, inf, inf, inf, inf, inf, inf, inf, inf, inf, inf, inf, inf, inf, inf, inf, inf, inf, inf, inf, inf, inf, inf, inf, inf, inf, inf, inf, inf, inf, inf, inf, inf, inf, inf, inf, inf, inf, inf, inf, inf, inf, inf, inf, inf, inf, inf, inf, inf, inf, inf, inf, inf, inf, inf, inf, inf, inf, inf, inf, inf, inf, inf, inf, inf, inf, inf, inf, inf, inf, inf, inf, inf, inf, inf, inf, inf, inf, inf, inf, inf, inf, inf, inf, inf, inf, inf, inf, inf, inf, inf, inf, inf, inf, inf, inf, inf, inf, inf, inf, inf, inf, inf, inf, inf, inf, inf, inf, inf, inf, inf, inf, inf, inf, inf, inf, inf, inf, inf, inf, inf, inf, inf, inf, inf, inf, inf, inf, inf, inf, inf, inf, inf, inf, inf, inf, inf, inf, inf, inf, inf, inf, inf, inf, inf, inf, inf, inf, inf, inf, inf, inf, inf, inf, inf, inf, inf, inf, inf, inf, inf, inf, inf, inf, inf, inf, inf, inf, inf, inf, inf, inf, inf, inf, inf, inf, inf, inf, inf, inf, inf, inf, inf, inf, inf, inf, inf, inf, inf, inf, inf, inf, inf, inf, inf, inf, inf, inf, inf, inf, inf, inf, inf, inf, inf, inf, inf, inf, inf, inf, inf, 2.2423081398010254, 2.227689266204834, 2.1939759254455566, 2.170671224594116, 2.1525564193725586, 2.144606113433838, 2.107344627380371, 2.0988433361053467, 2.0724754333496094, 2.053037405014038, 2.01572847366333, 2.0393424034118652, 1.9993385076522827, 1.9938336610794067, 1.9887124300003052, 1.9714303016662598, 1.9669827222824097, 1.9405229091644287, 1.944018006324768, 1.9237279891967773, 1.9382288455963135, 1.887599229812622, 1.9046485424041748, 1.8974233865737915, 1.8932850360870361, 1.8804489374160767, 1.8851737976074219, 1.8586273193359375, 1.8665543794631958, 1.8559534549713135, 1.8569674491882324, 1.8784143924713135, 1.857118844985962, 1.874922275543213, 1.861959457397461, 1.8697046041488647, 1.8627095222473145, 1.8702452182769775, 1.8704118728637695, 1.8613179922103882, 1.9041671752929688, 1.8759294748306274, 1.879976749420166, 1.8828529119491577, 1.873907446861267, 1.9085947275161743, 1.9141172170639038, 1.9073171615600586, 1.9217931032180786, 1.9358141422271729, 1.9397038221359253, 1.9195297956466675, 1.9586985111236572, 1.9850335121154785, 1.9819252490997314, 1.986690878868103, 2.0242867469787598, 2.0261287689208984, 2.0471138954162598, 2.0477120876312256, 2.055101156234741, 2.091472864151001, 2.124927043914795, 2.1395483016967773, 2.146214008331299, 2.1874709129333496, 2.2074389457702637, 2.1990811824798584, 2.233980417251587, 2.259089231491089, 2.3134236335754395, 2.3385732173919678, 2.357830286026001, 2.374784469604492, 2.4264280796051025, 2.4690468311309814, 2.5054280757904053, 2.5376064777374268, 2.5811245441436768, 2.624047040939331, 2.67875075340271, 2.7224338054656982, 2.774415969848633, 2.8255116939544678, 2.8934783935546875, 2.9684202671051025, 3.022601842880249, 3.0825371742248535, 3.1694772243499756, 3.255143404006958, 3.3206448554992676, 3.420536518096924, inf, inf, inf, inf, inf, inf, inf, inf, inf, inf, inf, inf, inf, inf, inf, inf, inf, inf, inf, inf, inf, inf, inf]),0.01749303564429283,936608000000
array('f', [inf, inf, inf, inf, inf, inf, inf, inf, inf, inf, inf, inf, inf, inf, inf, inf, inf, inf, inf, inf, inf, inf, inf, inf, inf, inf, inf, inf, inf, inf, inf, inf, inf, inf, inf, inf, inf, inf, inf, inf, inf, inf, inf, inf, inf, inf, inf, inf, inf, inf, inf, inf, inf, inf, inf, inf, inf, inf, inf, inf, inf, inf, inf, inf, inf, inf, inf, inf, inf, inf, inf, inf, inf, inf, inf, inf, inf, inf, inf, inf, inf, inf, inf, inf, inf, inf, inf, inf, inf, inf, inf, inf, inf, inf, inf, inf, inf, inf, inf, inf, inf, inf, inf, inf, inf, inf, inf, inf, inf, inf, inf, inf, inf, inf, inf, inf, inf, inf, inf, inf, inf, inf, inf, inf, inf, inf, inf, inf, inf, inf, inf, inf, inf, inf, inf, inf, inf, inf, inf, inf, inf, inf, inf, inf, inf, inf, inf, inf, inf, inf, inf, inf, inf, inf, inf, inf, inf, inf, inf, inf, inf, inf, inf, inf, inf, inf, inf, inf, inf, inf, inf, inf, inf, inf, inf, inf, inf, inf, inf, inf, inf, inf, inf, inf, inf, inf, inf, inf, inf, inf, inf, inf, inf, inf, inf, inf, inf, inf, inf, inf, inf, inf, inf, inf, inf, inf, inf, inf, inf, inf, inf, inf, inf, inf, inf, inf, inf, inf, inf, inf, inf, inf, inf, inf, inf, inf, inf, inf, inf, inf, inf, inf, inf, inf, 2.3567421436309814, 2.33123779296875, 2.3004939556121826, 2.280729055404663, 2.2521564960479736, 2.2025539875030518, 2.1784656047821045, 2.170124053955078, 2.1399569511413574, 2.1341028213500977, 2.1131772994995117, 2.085622787475586, 2.0579512119293213, 2.0345258712768555, 2.0365254878997803, 1.9980440139770508, 1.9943301677703857, 1.9734026193618774, 1.9594756364822388, 1.9482687711715698, 1.944715976715088, 1.9239816665649414, 1.9227581024169922, 1.9120769500732422, 1.899072289466858, 1.89205801486969, 1.8989953994750977, 1.8766932487487793, 1.8753095865249634, 1.8717659711837769, 1.8687045574188232, 1.8495330810546875, 1.841134786605835, 1.8469457626342773, 1.8378574848175049, 1.8255053758621216, 1.858583688735962, 1.8417136669158936, 1.821811318397522, 1.8204175233840942, 1.8367754220962524, 1.839436411857605, 1.8291147947311401, 1.841506838798523, 1.853635549545288, 1.8405213356018066, 1.8504596948623657, 1.8722460269927979, 1.8473739624023438, 1.8801686763763428, 1.8748455047607422, 1.8819891214370728, 1.8784642219543457, 1.885598063468933, 1.8937069177627563, 1.9189125299453735, 1.9217926263809204, 1.924991250038147, 1.9424554109573364, 1.9494333267211914, 1.9529187679290771, 1.9819941520690918, 1.976337194442749, 2.0078277587890625, 2.021451234817505, 2.0659615993499756, 2.0608773231506348, 2.0867221355438232, 2.0929977893829346, 2.126955032348633, 2.1301729679107666, 2.1691172122955322, 2.1814918518066406, 2.1994926929473877, 2.2450368404388428, 2.2719647884368896, 2.2955474853515625, 2.34611177444458, 2.3666322231292725, 2.4076650142669678, 2.427905321121216, 2.4642903804779053, 2.505119562149048, 2.5599288940429688, 2.6059370040893555, 2.6509785652160645, 2.7062225341796875, 2.7556533813476562, 2.8008053302764893, 2.8720195293426514, 2.9439897537231445, 2.9852828979492188, 3.0517001152038574, 3.1130282878875732, 3.219468355178833, 3.300245761871338, 3.3917999267578125, 3.5, inf, inf, inf, inf, inf, inf, inf, inf, inf, inf, inf, inf, inf, inf, inf, inf, inf, inf, inf, inf, inf, inf, inf, inf, inf, inf, inf, inf]),0.01749303564429283,936808000000
array('f', [3.4238598346710205, 3.411522626876831, 3.4112727642059326, 3.4180972576141357, 3.4260611534118652, 3.4261720180511475, 3.4759132862091064, 3.4808926582336426, 3.4732589721679688, 3.4848079681396484, 3.488276958465576, inf, inf, inf, inf, inf, inf, inf, inf, inf, inf, inf, inf, inf, inf, inf, inf, inf, inf, inf, inf, inf, inf, inf, inf, inf, inf, inf, inf, inf, inf, inf, inf, inf, inf, inf, inf, inf, inf, inf, inf, inf, inf, inf, inf, inf, inf, inf, inf, inf, inf, inf, inf, inf, inf, inf, inf, inf, inf, inf, inf, inf, inf, inf, inf, inf, inf, inf, inf, inf, inf, inf, inf, inf, inf, inf, inf, inf, inf, inf, inf, inf, inf, inf, inf, inf, inf, inf, inf, inf, inf, inf, inf, inf, inf, inf, inf, inf, inf, inf, inf, inf, inf, inf, inf, inf, inf, inf, inf, inf, inf, inf, inf, inf, inf, inf, inf, inf, inf, inf, inf, inf, inf, inf, inf, inf, inf, inf, inf, inf, inf, inf, inf, inf, inf, inf, inf, inf, inf, inf, inf, inf, inf, inf, inf, inf, inf, inf, inf, inf, inf, inf, inf, inf, inf, inf, inf, inf, inf, inf, inf, inf, inf, inf, inf, inf, inf, inf, inf, inf, inf, inf, inf, inf, inf, inf, inf, inf, inf, inf, inf, inf, inf, inf, inf, inf, inf, inf, inf, inf, inf, inf, inf, inf, inf, inf, inf, inf, inf, inf, inf, inf, inf, inf, inf, inf, inf, inf, inf, inf, inf, inf, inf, inf, 2.5152928829193115, 2.454573631286621, 2.432370901107788, 2.3737637996673584, 2.3408210277557373, 2.3084614276885986, 2.263612985610962, 2.265101194381714, 2.2265985012054443, 2.2008938789367676, 2.1706817150115967, 2.1592352390289307, 2.1321542263031006, 2.0995819568634033, 2.0986921787261963, 2.058664321899414, 2.0508625507354736, 2.0234124660491943, 2.0137860774993896, 1.982747197151184, 1.987967848777771, 1.9656329154968262, 1.9554076194763184, 1.9373319149017334, 1.9462584257125854, 1.9247500896453857, 1.9053239822387695, 1.8959217071533203, 1.9005191326141357, 1.8709110021591187, 1.8697760105133057, 1.8690545558929443, 1.878932237625122, 1.8565081357955933, 1.8517026901245117, 1.8609342575073242, 1.8488655090332031, 1.832444667816162, 1.844283103942871, 1.8235807418823242, 1.8383572101593018, 1.8423585891723633, 1.799755573272705, 1.8416111469268799, 1.8243387937545776, 1.8321183919906616, 1.852955937385559, 1.8394217491149902, 1.8510867357254028, 1.8188121318817139, 1.8514351844787598, 1.848852276802063, 1.8496853113174438, 1.846103549003601, 1.8852697610855103, 1.850337266921997, 1.8807932138442993, 1.8951894044876099, 1.8855762481689453, 1.9150079488754272, 1.919565200805664, 1.9234956502914429, 1.939401388168335, 1.9476426839828491, 1.9660139083862305, 1.9786964654922485, 1.9870426654815674, 1.9869521856307983, 2.0214335918426514, 2.042135000228882, 2.0706546306610107, 2.0819764137268066, 2.1095831394195557, 2.100576162338257, 2.1555631160736084, 2.1649768352508545, 2.1939785480499268, 2.2163026332855225, 2.2537102699279785, 2.2653872966766357, 2.312983274459839, 2.3275327682495117, 2.3674631118774414, 2.4049975872039795, 2.4290976524353027, 2.4673643112182617, 2.5306761264801025, 2.5640439987182617, 2.613030433654785, 2.6491100788116455, 2.7134695053100586, 2.7460341453552246, 2.8042213916778564, 2.871610164642334, 2.9390697479248047, 3.00319242477417, 3.0594351291656494, 3.163681745529175, 3.2109994888305664, 3.3115673065185547, 3.4126930236816406, 3.479628562927246, inf, inf, inf, inf, inf, inf, inf, inf, inf, inf, inf, inf, inf, inf, inf, inf, inf, inf, 3.4851574897766113, 3.4642727375030518, 3.467010974884033, 3.471491813659668, 3.466728925704956, 3.4187192916870117, 3.4292659759521484, 3.418363571166992, 3.425419330596924, 3.426185131072998, 3.4037187099456787, 3.3983473777770996, 3.4086360931396484, 3.4045681953430176, 3.406365394592285, 3.398674964904785]),0.01749303564429283,937008000000
array('f', [3.2633769512176514, 3.2532126903533936, 3.2580933570861816, 3.2940568923950195, 3.2887051105499268, 3.308621883392334, 3.3061439990997314, 3.3369643688201904, 3.361891508102417, 3.3897573947906494, 3.3879950046539307, 3.4155631065368652, 3.4317357540130615, 3.480178117752075, 3.494074583053589, inf, inf, inf, inf, inf, inf, inf, inf, inf, inf, inf, inf, inf, inf, inf, inf, inf, inf, inf, inf, inf, inf, inf, inf, inf, inf, inf, inf, inf, inf, inf, inf, inf, inf, inf, inf, inf, inf, inf, inf, inf, inf, inf, inf, inf, inf, inf, inf, inf, inf, inf, inf, inf, inf, inf, inf, inf, inf, inf, inf, inf, inf, inf, inf, inf, inf, inf, inf, inf, inf, inf, inf, inf, inf, inf, inf, inf, inf, inf, inf, inf, inf, inf, inf, inf, inf, inf, inf, inf, inf, inf, inf, inf, inf, inf, inf, inf, inf, inf, inf, inf, inf, inf, inf, inf, inf, inf, inf, inf, inf, inf, inf, inf, inf, inf, inf, inf, inf, inf, inf, inf, inf, inf, inf, inf, inf, inf, inf, inf, inf, inf, inf, inf, inf, inf, inf, inf, inf, inf, inf, inf, inf, inf, inf, inf, inf, inf, inf, inf, inf, inf, inf, inf, inf, inf, inf, inf, inf, inf, inf, inf, inf, inf, inf, inf, inf, inf, inf, inf, inf, inf, inf, inf, inf, inf, inf, inf, inf, inf, inf, inf, inf, inf, inf, inf, inf, inf, inf, inf, inf, inf, inf, inf, inf, inf, inf, inf, inf, inf, inf, 2.6263928413391113, 2.570180892944336, 2.557920217514038, 2.5095226764678955, 2.468461513519287, 2.4228322505950928, 2.3742167949676514, 2.352959156036377, 2.3164005279541016, 2.3075082302093506, 2.2746622562408447, 2.224360704421997, 2.2088727951049805, 2.2056596279144287, 2.1436970233917236, 2.1416752338409424, 2.115126371383667, 2.113022565841675, 2.1051459312438965, 2.060002565383911, 2.0373964309692383, 2.0105295181274414, 2.021430492401123, 1.9977900981903076, 1.9900190830230713, 1.9716036319732666, 1.9725232124328613, 1.9357510805130005, 1.9276154041290283, 1.931580901145935, 1.9308725595474243, 1.902454137802124, 1.8860397338867188, 1.9045623540878296, 1.862607717514038, 1.883474588394165, 1.8599616289138794, 1.8654733896255493, 1.8676844835281372, 1.8612159490585327, 1.8532260656356812, 1.8445509672164917, 1.8329781293869019, 1.860676884651184, 1.8484097719192505, 1.8549833297729492, 1.8466624021530151, 1.8405989408493042, 1.8379876613616943, 1.8451372385025024, 1.8668360710144043, 1.8568353652954102, 1.8597002029418945, 1.863781213760376, 1.8703711032867432, 1.8801695108413696, 1.8868910074234009, 1.8964778184890747, 1.9031836986541748, 1.9036600589752197, 1.9285411834716797, 1.9038008451461792, 1.907480239868164, 1.949377179145813, 1.9481737613677979, 1.9789049625396729, 1.9794083833694458, 1.9843273162841797, 2.005028009414673, 2.0232722759246826, 2.034440755844116, 2.073499917984009, 2.0837507247924805, 2.0738375186920166, 2.110530376434326, 2.1194279193878174, 2.1303248405456543, 2.164957046508789, 2.19694447517395, 2.2344110012054443, 2.2411255836486816, 2.278465509414673, 2.313676118850708, 2.3538920879364014, 2.336564779281616, 2.4235668182373047, 2.437613010406494, 2.478508949279785, 2.509615421295166, 2.541651964187622, 2.6015007495880127, 2.6571223735809326, 2.697237730026245, 2.749419689178467, 2.814802408218384, 2.8528082370758057, 2.9153988361358643, 3.0007243156433105, 3.0449557304382324, 3.1361050605773926, 3.1980109214782715, 3.286478042602539, 3.3896498680114746, 3.4758260250091553, inf, inf, inf, inf, inf, inf, inf, inf, 3.489021062850952, 3.4595401287078857, 3.4413275718688965, 3.403158664703369, 3.39269757270813, 3.3690476417541504, 3.3549540042877197, 3.3427560329437256, 3.3193161487579346, 3.306947708129883, 3.292495012283325, 3.286170482635498, 3.261648416519165, 3.237412929534912, 3.2575066089630127, 3.2366065979003906, 3.21956467628479, 3.2203378677368164, 3.23476243019104, 3.214440107345581, 3.2185726165771484, 3.1974213123321533, 3.1975619792938232, 3.2153425216674805, 3.210139751434326, 3.2125935554504395, 3.219566822052002, 3.2134978771209717, 3.2029340267181396, 3.212562084197998, 3.23722243309021, 3.2397725582122803, 3.269016981124878]),0.01749303564429283,937208000000
array('f', [3.1125664710998535, 3.1496405601501465, 3.165466547012329, 3.166377305984497, 3.1929311752319336, 3.1950461864471436, 3.2337729930877686, 3.2565956115722656, 3.2764434814453125, 3.299875259399414, inf, inf, inf, inf, inf, inf, inf, inf, inf, inf, inf, inf, 3.3610129356384277, inf, inf, inf, inf, inf, inf, inf, inf, inf, inf, inf, inf, inf, inf, inf, inf, inf, inf, inf, inf, inf, inf, inf, inf, inf, inf, inf, inf, inf, inf, inf, inf, inf, inf, inf, inf, inf, inf, inf, inf, inf, inf, inf, inf, inf, inf, inf, inf, inf, inf, inf, inf, inf, inf, inf, inf, inf, inf, inf, inf, inf, inf, inf, inf, inf, inf, inf, inf, inf, inf, inf, inf, inf, inf, inf, inf, inf, inf, inf, inf, inf, inf, inf, inf, inf, inf, inf, inf, inf, inf, inf, inf, inf, inf, inf, inf, inf, inf, inf, inf, inf, inf, inf, inf, inf, inf, inf, inf, inf, inf, inf, inf, inf, inf, inf, inf, inf, inf, inf, inf, inf, inf, inf, inf, inf, inf, inf, inf, inf, inf, inf, inf, inf, inf, inf, inf, inf, inf, inf, inf, inf, inf, inf, inf, inf, inf, inf, inf, inf, inf, inf, inf, inf, inf, inf, inf, inf, inf, inf, inf, inf, inf, inf, inf, inf, inf, inf, inf, inf, inf, inf, inf, inf, inf, inf, inf, inf, inf, inf, inf, inf, inf, inf, inf, 2.7609715461730957, 2.714073896408081, 2.6998116970062256, 2.620502233505249, 2.5753557682037354, 2.527193069458008, 2.4990692138671875, 2.458303451538086, 2.4243030548095703, 2.399588108062744, 2.339261054992676, 2.3205840587615967, 2.3161826133728027, 2.2835519313812256, 2.256749391555786, 2.2133917808532715, 2.194565773010254, 2.1919686794281006, 2.158242702484131, 2.1281003952026367, 2.122091054916382, 2.0811538696289062, 2.076570749282837, 2.0782806873321533, 2.04166579246521, 2.0505566596984863, 2.0252468585968018, 2.006758451461792, 1.9912776947021484, 1.9935224056243896, 1.9741628170013428, 1.9472508430480957, 1.9560507535934448, 1.9406510591506958, 1.949129581451416, 1.9345362186431885, 1.9266588687896729, 1.9145822525024414, 1.9023820161819458, 1.9066030979156494, 1.9160597324371338, 1.8888921737670898, 1.8839210271835327, 1.871222734451294, 1.8779497146606445, 1.8889340162277222, 1.889052152633667, 1.8925621509552002, 1.8778858184814453, 1.8982462882995605, 1.8914936780929565, 1.8855551481246948, 1.8884977102279663, 1.9130487442016602, 1.9152752161026, 1.8999242782592773, 1.9283660650253296, 1.9218167066574097, 1.915419578552246, 1.9204378128051758, 1.9274568557739258, 1.9257092475891113, 1.9699040651321411, 1.972833275794983, 1.9653842449188232, 1.9986413717269897, 1.9920750856399536, 2.0162880420684814, 2.0455551147460938, 2.0301971435546875, 2.0549380779266357, 2.0756537914276123, 2.0679781436920166, 2.0854299068450928, 2.1221485137939453, 2.123486280441284, 2.158925771713257, 2.1823747158050537, 2.206820487976074, 2.2400641441345215, 2.256014585494995, 2.2993788719177246, 2.2996292114257812, 2.3421154022216797, 2.3469431400299072, 2.4073941707611084, 2.4341869354248047, 2.4738032817840576, 2.4951915740966797, 2.5480635166168213, 2.585751533508301, 2.625626802444458, 2.673008441925049, 2.7122480869293213, 2.7804930210113525, 2.8234636783599854, 2.893017292022705, 2.9399118423461914, 2.9833850860595703, 3.074981689453125, 3.147197723388672, 3.219156265258789, 3.298433542251587, 3.387373447418213, 3.492689847946167, inf, inf, 3.471306562423706, 3.4473302364349365, 3.407097816467285, 3.380401849746704, 3.3408565521240234, 3.326650857925415, 3.27854585647583, 3.26947283744812, 3.2328739166259766, 3.2177066802978516, 3.176548957824707, 3.1714870929718018, 3.1694467067718506, 3.1357028484344482, 3.1317548751831055, 3.107604503631592, 3.0991220474243164, 3.084683418273926, 3.062488555908203, 3.0640242099761963, 3.043044090270996, 3.0575876235961914, 3.0381970405578613, 3.040520668029785, 3.029506206512451, 3.003767251968384, 3.0121047496795654, 3.0206212997436523, 3.0124592781066895, 3.011164426803589, 2.992297887802124, 3.012829065322876, 3.0102336406707764, 3.0126163959503174, 3.0174288749694824, 3.026883125305176, 3.026411294937134, 3.0351696014404297, 3.036099672317505, 3.0390536785125732, 3.059013843536377, 3.101468563079834, 3.081423759460449, 3.0816516876220703, 3.0967094898223877, 3.1235833168029785]),0.01749303564429283,937408000000
array('f', [3.0380616188049316, 3.0647051334381104, 3.1087541580200195, 3.099979877471924, inf, inf, inf, inf, inf, inf, inf, inf, inf, inf, inf, inf, inf, 3.1708314418792725, inf, inf, inf, inf, inf, inf, inf, inf, inf, inf, inf, inf, inf, inf, inf, inf, inf, inf, inf, inf, inf, inf, inf, inf, inf, inf, inf, inf, inf, inf, inf, inf, inf, inf, inf, inf, inf, inf, inf, inf, inf, inf, inf, inf, inf, inf, inf, inf, inf, inf, inf, inf, inf, inf, inf, inf, inf, inf, inf, inf, inf, inf, inf, inf, inf, inf, inf, inf, inf, inf, inf, inf, inf, inf, inf, inf, inf, inf, inf, inf, inf, inf, inf, inf, inf, inf, inf, inf, inf, inf, inf, inf, inf, inf, inf, inf, inf, inf, inf, inf, inf, inf, inf, inf, inf, inf, inf, inf, inf, inf, inf, inf, inf, inf, inf, inf, inf, inf, inf, inf, inf, inf, inf, inf, inf, inf, inf, inf, inf, inf, inf, inf, inf, inf, inf, inf, inf, inf, inf, inf, inf, inf, inf, inf, inf, inf, inf, inf, inf, inf, inf, inf, inf, inf, inf, inf, inf, inf, inf, inf, inf, inf, inf, inf, inf, inf, inf, inf, inf, inf, inf, inf, inf, inf, inf, inf, inf, inf, inf, inf, inf, 2.9686927795410156, 2.8865349292755127, 2.8441898822784424, 2.7875537872314453, 2.725602388381958, 2.713677167892456, 2.6595191955566406, 2.614482879638672, 2.5565056800842285, 2.5314154624938965, 2.4979138374328613, 2.4536452293395996, 2.4255285263061523, 2.4035234451293945, 2.377436637878418, 2.3278729915618896, 2.2927560806274414, 2.2828593254089355, 2.2626655101776123, 2.2374374866485596, 2.2293484210968018, 2.202440023422241, 2.1796045303344727, 2.1667890548706055, 2.120196580886841, 2.13218092918396, 2.125499963760376, 2.085629463195801, 2.073660373687744, 2.08158016204834, 2.046074390411377, 2.0442371368408203, 2.0384697914123535, 2.0297365188598633, 1.998399019241333, 2.0161540508270264, 1.9970664978027344, 1.9909178018569946, 1.9814435243606567, 1.960553765296936, 1.9710712432861328, 1.9642935991287231, 1.9686895608901978, 1.9548331499099731, 1.9422496557235718, 1.9393037557601929, 1.9625046253204346, 1.93747878074646, 1.9379252195358276, 1.926018476486206, 1.9386800527572632, 1.9506049156188965, 1.927668571472168, 1.9566079378128052, 1.9602569341659546, 1.9382708072662354, 1.9682426452636719, 1.9514609575271606, 1.9778591394424438, 1.981199860572815, 1.994088888168335, 1.9921073913574219, 2.005183458328247, 2.0142529010772705, 2.0109612941741943, 2.028820276260376, 2.029446601867676, 2.061943292617798, 2.069047689437866, 2.0887088775634766, 2.1097941398620605, 2.1056642532348633, 2.1221258640289307, 2.1381943225860596, 2.147207498550415, 2.1859352588653564, 2.1784517765045166, 2.2172484397888184, 2.237211227416992, 2.2493910789489746, 2.2727773189544678, 2.307044267654419, 2.3248252868652344, 2.3840293884277344, 2.3954272270202637, 2.4114677906036377, 2.4606266021728516, 2.4951164722442627, 2.5078463554382324, 2.55466365814209, 2.6064112186431885, 2.633822202682495, 2.6840672492980957, 2.7390451431274414, 2.7859914302825928, 2.817521333694458, 2.881662607192993, 2.9262213706970215, 3.0037710666656494, 3.0614256858825684, 3.139575481414795, 3.1900999546051025, 3.2767791748046875, 3.353696346282959, 3.4304282665252686, 3.373703718185425, 3.3466365337371826, 3.2965877056121826, 3.2508914470672607, 3.2554426193237305, 3.2054128646850586, 3.172901153564453, 3.1439051628112793, 3.118053436279297, 3.097943067550659, 3.077911376953125, 3.0489230155944824, 3.028886318206787, 3.021988868713379, 2.997127056121826, 2.9668564796447754, 2.9634385108947754, 2.925873041152954, 2.9419822692871094, 2.9213221073150635, 2.8898847103118896, 2.8872883319854736, 2.890242576599121, 2.8672537803649902, 2.8543591499328613, 2.8651087284088135, 2.8509786128997803, 2.8429465293884277, 2.8128411769866943, 2.8363640308380127, 2.826154947280884, 2.818600654602051, 2.801661491394043, 2.824671745300293, 2.8193211555480957, 2.8219101428985596, 2.832930088043213, 2.827014446258545, 2.834284782409668, 2.836573839187622, 2.8321499824523926, 2.839916467666626, 2.840557336807251, 2.8622424602508545, 2.876293182373047, 2.885915994644165, 2.885544776916504, 2.8959717750549316, 2.915959596633911, 2.906261444091797, 2.93007755279541, 2.9439351558685303, 2.963167190551758, 2.9948770999908447, 3.0222885608673096, 3.0279898643493652]),0.01749303564429283,937608000000
array('f', [inf, inf, inf, inf, inf, inf, inf, inf, inf, inf, 3.4322965145111084, 2.996826648712158, 3.443995237350464, inf, inf, inf, inf, inf, inf, inf, inf, inf, inf, inf, inf, inf, inf, inf, inf, inf, inf, inf, inf, inf, inf, inf, inf, inf, inf, inf, inf, inf, inf, inf, inf, inf, inf, inf, inf, inf, inf, inf, inf, inf, inf, inf, inf, inf, inf, inf, inf, inf, inf, inf, inf, inf, inf, inf, inf, inf, inf, inf, inf, inf, inf, inf, inf, inf, inf, inf, inf, inf, inf, inf, inf, inf, inf, inf, inf, inf, inf, inf, inf, inf, inf, inf, inf, inf, inf, inf, inf, inf, inf, inf, inf, inf, inf, inf, inf, inf, inf, inf, inf, inf, inf, inf, inf, inf, inf, inf, inf, inf, inf, inf, inf, inf, inf, inf, inf, inf, inf, inf, inf, inf, inf, inf, inf, inf, inf, inf, inf, inf, inf, inf, inf, inf, inf, inf, inf, inf, inf, inf, inf, inf, inf, inf, inf, inf, inf, inf, inf, inf, inf, inf, inf, inf, inf, inf, inf, inf, inf, inf, inf, inf, inf, inf, inf, inf, inf, inf, inf, inf, inf, inf, inf, inf, inf, inf, inf, inf, inf, 3.1751203536987305, 3.100888252258301, 3.0568883419036865, 2.988497257232666, 2.9166595935821533, 2.8820011615753174, 2.8254356384277344, 2.795017957687378, 2.726606845855713, 2.6840896606445312, 2.6381566524505615, 2.6196563243865967, 2.5767440795898438, 2.545917510986328, 2.5384647846221924, 2.4759230613708496, 2.4698903560638428, 2.4367239475250244, 2.415447950363159, 2.3760576248168945, 2.3573994636535645, 2.3194639682769775, 2.3080849647521973, 2.27852201461792, 2.251380443572998, 2.2352213859558105, 2.227919101715088, 2.1995503902435303, 2.192474365234375, 2.1631875038146973, 2.1620590686798096, 2.138500928878784, 2.127808094024658, 2.1300017833709717, 2.108646869659424, 2.0954906940460205, 2.074281930923462, 2.0732505321502686, 2.078622817993164, 2.064135789871216, 2.0569722652435303, 2.0413315296173096, 2.0413684844970703, 2.041015863418579, 2.0415239334106445, 2.011119842529297, 2.019968032836914, 2.019198417663574, 2.0312137603759766, 2.0262017250061035, 2.0241448879241943, 2.026066303253174, 2.0510194301605225, 2.0174386501312256, 2.035851001739502, 2.047194480895996, 2.0450642108917236, 2.0412068367004395, 2.0221011638641357, 2.0580384731292725, 2.0588033199310303, 2.044064998626709, 2.0629959106445312, 2.0542473793029785, 2.075479507446289, 2.089996099472046, 2.1058731079101562, 2.1336874961853027, 2.127967119216919, 2.14131498336792, 2.147470474243164, 2.1871092319488525, 2.185537815093994, 2.2114367485046387, 2.219902276992798, 2.235198974609375, 2.2621960639953613, 2.298246383666992, 2.295494556427002, 2.328876495361328, 2.3405818939208984, 2.3576724529266357, 2.382434368133545, 2.4299044609069824, 2.441920757293701, 2.4751477241516113, 2.4965617656707764, 2.5178334712982178, 2.5671911239624023, 2.6075448989868164, 2.6462676525115967, 2.682133913040161, 2.7237088680267334, 2.751193046569824, 2.824828863143921, 2.865422487258911, 2.9087555408477783, 2.953320026397705, 3.0257956981658936, 3.076382875442505, 3.1466684341430664, 3.219101905822754, 3.284592628479004, 3.3066487312316895, 3.257375717163086, 3.2550976276397705, 3.178029775619507, 3.135939359664917, 3.107558488845825, 3.103438138961792, 3.0542335510253906, 3.0438356399536133, 2.994126319885254, 2.9698636531829834, 2.9344189167022705, 2.9096500873565674, 2.898895502090454, 2.8715274333953857, 2.845799446105957, 2.817342519760132, 2.8047332763671875, 2.783761978149414, 2.7623746395111084, 2.7751147747039795, 2.757908821105957, 2.7152113914489746, 2.7128372192382812, 2.705305337905884, 2.70283579826355, 2.685281276702881, 2.6597914695739746, 2.680619716644287, 2.6646103858947754, 2.6408917903900146, 2.646756172180176, 2.6473782062530518, 2.637838840484619, 2.6516809463500977, 2.648759365081787, 2.6348278522491455, 2.6179096698760986, 2.6554713249206543, 2.638181447982788, 2.645580768585205, 2.644097089767456, 2.638005018234253, 2.627525806427002, 2.660484552383423, 2.6474947929382324, 2.680312156677246, 2.6761322021484375, 2.705422878265381, 2.685593366622925, 2.702552556991577, 2.710651397705078, 2.730422258377075, 2.7577109336853027, 2.755427360534668, 2.766676187515259, 2.7898573875427246, 2.8054039478302, 2.817554235458374, 2.8319950103759766, 2.856018543243408, 2.8865535259246826, 2.90950608253479, inf, inf, inf]),0.01749303564429283,937808000000
array('f', [inf, inf, inf, inf, 3.2542009353637695, 3.185591697692871, 2.7778053283691406, 3.2982053756713867, 3.3387060165405273, 3.4145631790161133, 3.460456609725952, inf, inf, inf, inf, inf, inf, inf, inf, inf, inf, inf, inf, inf, inf, inf, inf, inf, inf, inf, inf, inf, inf, inf, inf, inf, inf, inf, inf, inf, inf, inf, inf, inf, inf, inf, inf, inf, inf, inf, inf, inf, inf, inf, inf, inf, inf, inf, inf, inf, inf, inf, inf, inf, inf, inf, inf, inf, inf, inf, inf, inf, inf, inf, inf, inf, inf, inf, inf, inf, inf, inf, inf, inf, inf, inf, inf, inf, inf, inf, inf, inf, inf, inf, inf, inf, inf, inf, inf, inf, inf, inf, inf, inf, inf, inf, inf, inf, inf, inf, inf, inf, inf, inf, inf, inf, inf, inf, inf, inf, inf, inf, inf, inf, inf, inf, inf, inf, inf, inf, inf, inf, inf, inf, inf, inf, inf, inf, inf, inf, inf, inf, inf, inf, inf, inf, inf, inf, inf, inf, inf, inf, inf, inf, inf, inf, inf, inf, inf, inf, inf, inf, inf, inf, inf, inf, inf, inf, inf, inf, inf, inf, inf, inf, inf, inf, inf, inf, inf, inf, inf, inf, inf, inf, 3.393200397491455, 3.31196928024292, 3.228543758392334, 3.187601327896118, 3.1401445865631104, 3.0670218467712402, 2.998610258102417, 2.9637227058410645, 2.912177562713623, 2.851377010345459, 2.840684175491333, 2.784198760986328, 2.745931625366211, 2.723606586456299, 2.672394037246704, 2.6446471214294434, 2.6132912635803223, 2.5611770153045654, 2.5340700149536133, 2.5098118782043457, 2.4687881469726562, 2.47202730178833, 2.433515787124634, 2.407593011856079, 2.387242555618286, 2.3655855655670166, 2.347040891647339, 2.3244638442993164, 2.308675527572632, 2.3003878593444824, 2.286892890930176, 2.2555274963378906, 2.255572557449341, 2.2360897064208984, 2.207348585128784, 2.222351551055908, 2.1990420818328857, 2.198687791824341, 2.182288885116577, 2.198793649673462, 2.168337345123291, 2.173529624938965, 2.1655561923980713, 2.1358706951141357, 2.1336703300476074, 2.129040241241455, 2.1387245655059814, 2.1364283561706543, 2.1134276390075684, 2.12406063079834, 2.1214966773986816, 2.128533124923706, 2.1181445121765137, 2.114694595336914, 2.119189739227295, 2.1396517753601074, 2.1415281295776367, 2.1388680934906006, 2.148392915725708, 2.1507322788238525, 2.160330057144165, 2.1749274730682373, 2.180997610092163, 2.17622971534729, 2.1890153884887695, 2.1802570819854736, 2.2041823863983154, 2.2051703929901123, 2.209000825881958, 2.2391245365142822, 2.2759923934936523, 2.267195463180542, 2.2745940685272217, 2.283710479736328, 2.3026297092437744, 2.3369948863983154, 2.342348098754883, 2.370704174041748, 2.3951339721679688, 2.428727865219116, 2.410271644592285, 2.474602460861206, 2.4927310943603516, 2.5070512294769287, 2.5341434478759766, 2.574860095977783, 2.6132473945617676, 2.6248652935028076, 2.6825249195098877, 2.7035303115844727, 2.750486135482788, 2.777984619140625, 2.8351266384124756, 2.8780500888824463, 2.912320852279663, 2.938018321990967, 3.016907215118408, 3.0741615295410156, 3.1353919506073, 3.193359851837158, 3.2509331703186035, 3.216794967651367, 3.177455425262451, 3.102566957473755, 3.0928966999053955, 3.0374367237091064, 3.007550001144409, 2.9650216102600098, 2.928758144378662, 2.9068644046783447, 2.8523292541503906, 2.830432176589966, 2.8155102729797363, 2.7942469120025635, 2.7529215812683105, 2.7440977096557617, 2.721813440322876, 2.7005159854888916, 2.665973424911499, 2.6490566730499268, 2.6345911026000977, 2.632643461227417, 2.61466121673584, 2.603220224380493, 2.5849509239196777, 2.556126356124878, 2.5807909965515137, 2.548961639404297, 2.525391101837158, 2.511744976043701, 2.5189714431762695, 2.51975679397583, 2.4852263927459717, 2.4965217113494873, 2.4820733070373535, 2.4800312519073486, 2.4801604747772217, 2.4755163192749023, 2.4676296710968018, 2.4784045219421387, 2.4732656478881836, 2.4649643898010254, 2.4787039756774902, 2.4680018424987793, 2.4816880226135254, 2.4802966117858887, 2.4746577739715576, 2.4775924682617188, 2.5005815029144287, 2.5008151531219482, 2.4993112087249756, 2.5173962116241455, 2.506591796875, 2.5170459747314453, 2.5392751693725586, 2.547577142715454, 2.5461297035217285, 2.5796494483947754, 2.572291851043701, 2.611392021179199, 2.6126415729522705, 2.628749370574951, 2.6621580123901367, 2.656226634979248, 2.68558669090271, 2.70707106590271, inf, inf, inf, inf, inf, inf, inf, inf, inf, inf]),0.01749303564429283,938008000000
array('f', [2.593449592590332, 3.08589506149292, 3.1612050533294678, 3.2088093757629395, 3.260439395904541, 3.316789150238037, 3.3915464878082275, 3.4342732429504395, inf, inf, inf, inf, inf, inf, inf, inf, inf, inf, inf, inf, inf, inf, inf, inf, inf, inf, inf, inf, inf, inf, inf, inf, inf, inf, inf, inf, inf, inf, inf, inf, inf, inf, inf, inf, inf, inf, inf, inf, inf, inf, inf, inf, inf, inf, inf, inf, inf, inf, inf, inf, inf, inf, inf, inf, inf, inf, inf, inf, inf, inf, inf, inf, inf, inf, inf, inf, inf, inf, inf, inf, inf, inf, inf, inf, inf, inf, inf, inf, inf, inf, inf, inf, inf, inf, inf, inf, inf, inf, inf, inf, inf, inf, inf, inf, inf, inf, inf, inf, inf, inf, inf, inf, inf, inf, inf, inf, inf, inf, inf, inf, inf, inf, inf, inf, inf, inf, inf, inf, inf, inf, inf, inf, inf, inf, inf, inf, inf, inf, inf, inf, inf, inf, inf, inf, inf, inf, inf, inf, inf, inf, inf, inf, inf, inf, inf, inf, inf, inf, inf, inf, inf, inf, inf, inf, inf, inf, inf, inf, inf, inf, inf, inf, inf, inf, inf, inf, inf, inf, inf, 3.4704930782318115, 3.3996493816375732, 3.336926221847534, 3.273242473602295, 3.214998960494995, 3.1527297496795654, 3.090769052505493, 3.0364460945129395, 3.0058674812316895, 2.9591212272644043, 2.9345593452453613, 2.880397319793701, 2.8320834636688232, 2.78987717628479, 2.7629504203796387, 2.7441444396972656, 2.689941167831421, 2.6495847702026367, 2.6454129219055176, 2.600882053375244, 2.566150665283203, 2.549671173095703, 2.512836456298828, 2.522771120071411, 2.483039379119873, 2.460446357727051, 2.4462835788726807, 2.4533586502075195, 2.4124152660369873, 2.404292345046997, 2.3890583515167236, 2.3633439540863037, 2.368715524673462, 2.361379384994507, 2.338822841644287, 2.3072609901428223, 2.306121587753296, 2.310418128967285, 2.2978453636169434, 2.2738585472106934, 2.2876346111297607, 2.2560529708862305, 2.270266532897949, 2.268588066101074, 2.253286838531494, 2.237893581390381, 2.2481496334075928, 2.2469005584716797, 2.2466211318969727, 2.251607656478882, 2.2528936862945557, 2.2474536895751953, 2.2505080699920654, 2.2626607418060303, 2.2661380767822266, 2.248964548110962, 2.250478982925415, 2.257910966873169, 2.283386468887329, 2.2993686199188232, 2.275526762008667, 2.278409719467163, 2.316561460494995, 2.293247699737549, 2.3353803157806396, 2.3299882411956787, 2.3422458171844482, 2.3349673748016357, 2.3625106811523438, 2.388312578201294, 2.401196241378784, 2.40622615814209, 2.448853015899658, 2.4528896808624268, 2.4755306243896484, 2.5041260719299316, 2.518157958984375, 2.537325620651245, 2.5359737873077393, 2.584429979324341, 2.6282272338867188, 2.634228229522705, 2.656064510345459, 2.696073532104492, 2.729877233505249, 2.757110834121704, 2.8027548789978027, 2.835421562194824, 2.8872976303100586, 2.9058752059936523, 2.960297107696533, 3.033008337020874, 3.049837350845337, 3.0945146083831787, 3.1630587577819824, 3.2277777194976807, 3.168250560760498, 3.110318899154663, 3.0713272094726562, 3.00687837600708, 2.973440408706665, 2.9373860359191895, 2.9080002307891846, 2.8722777366638184, 2.8304710388183594, 2.804227590560913, 2.737603187561035, 2.72200083732605, 2.687066078186035, 2.6801695823669434, 2.643718957901001, 2.6199471950531006, 2.6124253273010254, 2.554264545440674, 2.532529354095459, 2.545888900756836, 2.493622303009033, 2.499831438064575, 2.486647844314575, 2.4506008625030518, 2.446242570877075, 2.415745496749878, 2.40384840965271, 2.4070539474487305, 2.375838279724121, 2.3772313594818115, 2.3641698360443115, 2.3644251823425293, 2.347047805786133, 2.3358848094940186, 2.3316116333007812, 2.337246894836426, 2.326650857925415, 2.305724859237671, 2.307509422302246, 2.3289875984191895, 2.3152968883514404, 2.2901885509490967, 2.323434352874756, 2.3040595054626465, 2.302278757095337, 2.3165791034698486, 2.2979109287261963, 2.3153975009918213, 2.3064191341400146, 2.3188161849975586, 2.317780017852783, 2.3357949256896973, 2.329402446746826, 2.3465654850006104, 2.3556392192840576, 2.3551695346832275, 2.372208833694458, 2.3783698081970215, 2.3738584518432617, 2.3945226669311523, 2.4127659797668457, 2.4186196327209473, 2.4191408157348633, 2.449337959289551, 2.4663586616516113, 2.4899778366088867, 2.5029971599578857, 2.49458384513855, inf, inf, inf, inf, inf, inf, inf, inf, inf, inf, inf, inf, inf, inf, 3.056269407272339, 2.9959826469421387, 2.5898025035858154]),0.01749303564429283,938208000000
array('f', [3.228792905807495, 3.28303861618042, 3.343752861022949, 3.4179468154907227, 3.496392011642456, inf, inf, inf, inf, inf, inf, inf, inf, inf, inf, inf, inf, inf, inf, inf, inf, inf, inf, inf, inf, inf, inf, inf, inf, inf, inf, inf, inf, inf, inf, inf, inf, inf, inf, inf, inf, inf, inf, inf, inf, inf, inf, inf, inf, inf, inf, inf, inf, inf, inf, inf, inf, inf, inf, inf, inf, inf, inf, inf, inf, inf, inf, inf, inf, inf, inf, inf, inf, inf, inf, inf, inf, inf, inf, inf, inf, inf, inf, inf, inf, inf, inf, inf, inf, inf, inf, inf, inf, inf, inf, inf, inf, inf, inf, inf, inf, inf, inf, inf, inf, inf, inf, inf, inf, inf, inf, inf, inf, inf, inf, inf, inf, inf, inf, inf, inf, inf, inf, inf, inf, inf, inf, inf, inf, inf, inf, inf, inf, inf, inf, inf, inf, inf, inf, inf, inf, inf, inf, inf, inf, inf, inf, inf, inf, inf, inf, inf, inf, inf, inf, inf, inf, inf, inf, inf, inf, inf, inf, inf, inf, inf, inf, inf, inf, inf, inf, inf, inf, inf, inf, 3.4789679050445557, 3.412065029144287, 3.368816614151001, 3.293229341506958, 3.22595477104187, 3.193089008331299, 3.1529667377471924, 3.0938785076141357, 3.0526864528656006, 3.007911205291748, 2.975376605987549, 2.9238548278808594, 2.9090116024017334, 2.8564980030059814, 2.8374643325805664, 2.815382480621338, 2.7768633365631104, 2.7309553623199463, 2.7207398414611816, 2.693114995956421, 2.656465768814087, 2.646782159805298, 2.6094155311584473, 2.6006107330322266, 2.5977485179901123, 2.5851054191589355, 2.552877902984619, 2.5573041439056396, 2.5233583450317383, 2.508122205734253, 2.4761104583740234, 2.4711813926696777, 2.454697608947754, 2.454941987991333, 2.4516875743865967, 2.438187837600708, 2.4181156158447266, 2.4109437465667725, 2.4118709564208984, 2.398391008377075, 2.3888392448425293, 2.3964340686798096, 2.39990496635437, 2.3933939933776855, 2.393620729446411, 2.3811564445495605, 2.384040594100952, 2.393693208694458, 2.3786659240722656, 2.392949342727661, 2.392712354660034, 2.3994622230529785, 2.3918440341949463, 2.3888537883758545, 2.422825813293457, 2.406870126724243, 2.4041082859039307, 2.416712522506714, 2.442812204360962, 2.4553027153015137, 2.4525671005249023, 2.463620901107788, 2.468806028366089, 2.48004412651062, 2.5085906982421875, 2.525073766708374, 2.5152390003204346, 2.5384819507598877, 2.565420389175415, 2.5685794353485107, 2.6039512157440186, 2.60599422454834, 2.6479899883270264, 2.6654820442199707, 2.665759563446045, 2.715146541595459, 2.7219460010528564, 2.762298583984375, 2.806014060974121, 2.8447654247283936, 2.853381633758545, 2.891369342803955, 2.9058008193969727, 2.9595580101013184, 3.000598907470703, 3.0528852939605713, 3.098820209503174, 3.1389639377593994, 3.2009010314941406, 3.1787781715393066, 3.11828875541687, 3.086733102798462, 3.037882089614868, 2.9840104579925537, 2.9199159145355225, 2.872736692428589, 2.830613613128662, 2.7998666763305664, 2.7652060985565186, 2.720451831817627, 2.696002960205078, 2.6628952026367188, 2.6181981563568115, 2.59800386428833, 2.554009199142456, 2.5357983112335205, 2.4993770122528076, 2.4913368225097656, 2.466301679611206, 2.416963815689087, 2.4093739986419678, 2.3836727142333984, 2.37347412109375, 2.348282814025879, 2.3211801052093506, 2.326112747192383, 2.3209803104400635, 2.2937631607055664, 2.27679705619812, 2.2657601833343506, 2.2489945888519287, 2.257533550262451, 2.2350404262542725, 2.23058819770813, 2.20725154876709, 2.209071397781372, 2.203709125518799, 2.1826376914978027, 2.183051347732544, 2.1828272342681885, 2.171877145767212, 2.160928249359131, 2.1595256328582764, 2.1619508266448975, 2.144487142562866, 2.163837194442749, 2.1425769329071045, 2.16304087638855, 2.1363625526428223, 2.1475534439086914, 2.1850218772888184, 2.181596279144287, 2.1658706665039062, 2.1782495975494385, 2.1898581981658936, 2.1880552768707275, 2.1845059394836426, 2.189455986022949, 2.202038288116455, 2.2178964614868164, 2.2172584533691406, 2.227407693862915, 2.2309517860412598, 2.2629668712615967, 2.2783589363098145, 2.289705753326416, 2.2779624462127686, 2.3058462142944336, 2.3264575004577637, inf, inf, inf, inf, inf, inf, inf, inf, inf, inf, inf, inf, inf, inf, inf, 2.908463954925537, 2.850973129272461, 2.418597459793091, 2.3745813369750977, 2.891209602355957, 2.9444823265075684, 2.979149341583252, 3.0337860584259033, 3.0864174365997314, 3.156034231185913, 3.203122854232788]),0.01749303564429283,938408000000
array('f', [inf, inf, inf, inf, inf, inf, inf, inf, inf, inf, inf, inf, inf, inf, inf, inf, inf, inf, inf, inf, inf, inf, inf, inf, inf, inf, inf, inf, inf, inf, inf, inf, inf, inf, inf, inf, inf, inf, inf, inf, inf, inf, inf, inf, inf, inf, inf, inf, inf, inf, inf, inf, inf, inf, inf, inf, inf, inf, inf, inf, inf, inf, inf, inf, inf, inf, inf, inf, inf, inf, inf, inf, inf, inf, inf, inf, inf, inf, inf, inf, inf, inf, inf, inf, inf, inf, inf, inf, inf, inf, inf, inf, inf, inf, inf, inf, inf, inf, inf, inf, inf, inf, inf, inf, inf, inf, inf, inf, inf, inf, inf, inf, inf, inf, inf, inf, inf, inf, inf, inf, inf, inf, inf, inf, inf, inf, inf, inf, inf, inf, inf, inf, inf, inf, inf, inf, inf, inf, inf, inf, inf, inf, inf, inf, inf, inf, inf, inf, inf, inf, inf, inf, inf, inf, inf, inf, inf, inf, inf, inf, inf, inf, inf, inf, inf, inf, inf, inf, inf, inf, inf, inf, 3.4601006507873535, 3.4081101417541504, 3.3580615520477295, 3.2986223697662354, 3.2644288539886475, 3.2142558097839355, 3.167165756225586, 3.1426422595977783, 3.103750705718994, 3.0563876628875732, 3.015153646469116, 2.9839651584625244, 2.969921588897705, 2.9377946853637695, 2.8701794147491455, 2.8674914836883545, 2.863495349884033, 2.808781862258911, 2.778825283050537, 2.770230293273926, 2.7380661964416504, 2.7365148067474365, 2.718801736831665, 2.7120320796966553, 2.6820178031921387, 2.6525802612304688, 2.6483280658721924, 2.6253583431243896, 2.6096107959747314, 2.610478639602661, 2.6155242919921875, 2.599698781967163, 2.5933682918548584, 2.5841825008392334, 2.5618603229522705, 2.555858612060547, 2.542188882827759, 2.549828290939331, 2.553098201751709, 2.547454833984375, 2.536508321762085, 2.522930145263672, 2.541410207748413, 2.5541694164276123, 2.527862071990967, 2.540999174118042, 2.5472702980041504, 2.556938409805298, 2.5361669063568115, 2.5425543785095215, 2.579159736633301, 2.568925380706787, 2.568178176879883, 2.5958502292633057, 2.6012864112854004, 2.595512866973877, 2.595414400100708, 2.6194941997528076, 2.626988410949707, 2.6268184185028076, 2.6421735286712646, 2.67868971824646, 2.678989887237549, 2.697969913482666, 2.7150518894195557, 2.7519290447235107, 2.7772202491760254, 2.7994332313537598, 2.7882561683654785, 2.830050468444824, 2.830932378768921, 2.871880054473877, 2.9182562828063965, 2.931962013244629, 2.9895145893096924, 2.9814248085021973, 3.0220088958740234, 3.0715110301971436, 3.103933334350586, 3.1616134643554688, 3.1940951347351074, 3.2575368881225586, 3.1969799995422363, 3.1338307857513428, 3.060483932495117, 3.013284921646118, 2.96992564201355, 2.8921890258789062, 2.841618776321411, 2.815845012664795, 2.775890350341797, 2.7185702323913574, 2.6761293411254883, 2.6345882415771484, 2.5941312313079834, 2.5590696334838867, 2.5607056617736816, 2.4962871074676514, 2.4735867977142334, 2.4336748123168945, 2.415999174118042, 2.3805692195892334, 2.3497447967529297, 2.3564045429229736, 2.2851016521453857, 2.281629800796509, 2.2722995281219482, 2.2605669498443604, 2.2592992782592773, 2.233276844024658, 2.1923625469207764, 2.1882550716400146, 2.161447048187256, 2.1767091751098633, 2.1387553215026855, 2.121666193008423, 2.120309829711914, 2.1179330348968506, 2.112055778503418, 2.085730791091919, 2.091482639312744, 2.0806679725646973, 2.0571627616882324, 2.0625, 2.047497510910034, 2.0533478260040283, 2.0293896198272705, 2.047837495803833, 2.0347237586975098, 2.0286755561828613, 2.0432276725769043, 2.0304620265960693, 2.0365774631500244, 2.036911964416504, 2.0223960876464844, 2.0383753776550293, 2.019076108932495, 2.0565788745880127, 2.0531601905822754, 2.0509705543518066, 2.0286052227020264, 2.0507380962371826, 2.0568275451660156, 2.061354875564575, 2.069908618927002, 2.0657403469085693, 2.0959458351135254, 2.105964183807373, 2.115447521209717, 2.122636556625366, 2.1227381229400635, 2.1306240558624268, 2.152543544769287, 3.3366568088531494, 3.3606154918670654, 3.394918918609619, 3.4169013500213623, 3.451136350631714, 3.4850354194641113, inf, inf, inf, inf, inf, inf, inf, inf, inf, inf, inf, 2.655564308166504, 2.624877691268921, 2.1739063262939453, 2.6833536624908447, 2.704704761505127, 2.757507801055908, 2.8084733486175537, 2.849719762802124, 2.928433656692505, 2.981165885925293, 3.01310396194458, 3.060901641845703, 3.1393892765045166, 3.187830924987793, 3.2708823680877686, 3.3558833599090576, 3.4190797805786133, inf]),0.01749303564429283,938608000000
array('f', [inf, inf, inf, inf, inf, inf, inf, inf, inf, inf, inf, inf, inf, inf, inf, inf, inf, inf, inf, inf, inf, inf, inf, inf, inf, inf, inf, inf, inf, inf, inf, inf, inf, inf, inf, inf, inf, inf, inf, inf, inf, inf, inf, inf, inf, inf, inf, inf, inf, inf, inf, inf, inf, inf, inf, inf, inf, inf, inf, inf, inf, inf, inf, inf, inf, inf, inf, inf, inf, inf, inf, inf, inf, inf, inf, inf, inf, inf, inf, inf, inf, inf, inf, inf, inf, inf, inf, inf, inf, inf, inf, inf, inf, inf, inf, inf, inf, inf, inf, inf, inf, inf, inf, inf, inf, inf, inf, inf, inf, inf, inf, inf, inf, inf, inf, inf, inf, inf, inf, inf, inf, inf, inf, inf, inf, inf, inf, inf, inf, inf, inf, inf, inf, inf, inf, inf, inf, inf, inf, inf, inf, inf, inf, inf, inf, inf, inf, inf, inf, inf, inf, inf, inf, inf, inf, inf, inf, inf, inf, inf, inf, inf, inf, inf, inf, inf, inf, inf, inf, 3.4742703437805176, 3.4196665287017822, 3.3739736080169678, 3.3424086570739746, 3.2941982746124268, 3.2507758140563965, 3.215024709701538, 3.191762685775757, 3.14481258392334, 3.120940923690796, 3.093390941619873, 3.0584614276885986, 3.016413927078247, 2.9904894828796387, 2.9950809478759766, 2.9465606212615967, 2.9377267360687256, 2.9195022583007812, 2.9053587913513184, 2.8793768882751465, 2.8728177547454834, 2.84659481048584, 2.8315823078155518, 2.825876235961914, 2.800992250442505, 2.777097225189209, 2.7711198329925537, 2.7708253860473633, 2.7581050395965576, 2.738985538482666, 2.7319822311401367, 2.7275354862213135, 2.7138357162475586, 2.6991894245147705, 2.7054507732391357, 2.707944631576538, 2.696737766265869, 2.713198661804199, 2.7018303871154785, 2.7100417613983154, 2.7113356590270996, 2.712191104888916, 2.691023349761963, 2.7403528690338135, 2.723236560821533, 2.7257540225982666, 2.7191858291625977, 2.7270727157592773, 2.7484068870544434, 2.7589304447174072, 2.7424561977386475, 2.7727043628692627, 2.769469738006592, 2.796102285385132, 2.817878007888794, 2.809486150741577, 2.822697162628174, 2.840298891067505, 2.874265670776367, 2.883354902267456, 2.898447275161743, 2.916510820388794, 2.949857234954834, 2.9734623432159424, 2.99120831489563, 3.0240721702575684, 3.0449867248535156, 3.078953981399536, 3.094426155090332, 3.1276705265045166, 3.1807973384857178, 3.2104976177215576, 3.2422542572021484, 3.271834135055542, 3.304783582687378, 3.251842975616455, 3.167790412902832, 3.1173369884490967, 3.018638849258423, 2.9695451259613037, 2.9248111248016357, 2.8544459342956543, 2.7960147857666016, 2.755918502807617, 2.7131359577178955, 2.660486936569214, 2.6327455043792725, 2.5931074619293213, 2.5567870140075684, 2.5103185176849365, 2.4528756141662598, 2.4309887886047363, 2.3893237113952637, 2.376460552215576, 2.327000617980957, 2.3331735134124756, 2.27215576171875, 2.240711212158203, 2.2420196533203125, 2.1895556449890137, 2.1737306118011475, 2.1790645122528076, 2.148045778274536, 2.117781639099121, 2.096792459487915, 2.1088061332702637, 2.0736496448516846, 2.085500955581665, 2.065032720565796, 2.034541368484497, 2.0420191287994385, 2.026257276535034, 1.9863494634628296, 1.9954993724822998, 1.989317774772644, 1.9765890836715698, 1.9606634378433228, 1.9838588237762451, 1.9329262971878052, 1.9742647409439087, 1.9431217908859253, 1.941649079322815, 1.9134029150009155, 1.925644040107727, 1.9281305074691772, 1.933820128440857, 1.9251043796539307, 1.9303351640701294, 1.9112056493759155, 1.9317070245742798, 1.9313637018203735, 1.9163908958435059, 1.9186921119689941, 1.9215278625488281, 1.9325273036956787, 1.9212663173675537, 1.943893551826477, 1.9510602951049805, 1.9518604278564453, 1.9543240070343018, 1.9490044116973877, 1.9776570796966553, 1.980427622795105, 1.9943562746047974, 1.977648377418518, 3.151447057723999, 3.1774280071258545, 3.1846234798431396, 3.203160285949707, 3.219851493835449, 3.2469589710235596, 3.263483762741089, 3.3052728176116943, 3.3287980556488037, 3.3538691997528076, 3.382131338119507, 3.39540433883667, 3.4464776515960693, 3.478325605392456, inf, inf, inf, inf, inf, 2.5041322708129883, 2.4486584663391113, 1.9879881143569946, 2.0102012157440186, 2.490926742553711, 2.5291707515716553, 2.5719313621520996, 2.612818717956543, 2.652151584625244, 2.7150003910064697, 2.7510573863983154, 2.8057422637939453, 2.847273111343384, 2.8735384941101074, 2.9734246730804443, 3.034616231918335, 3.1061174869537354, 3.17307710647583, 3.242845296859741, 3.301325559616089, 3.40315318107605, 3.4724934101104736, inf, inf, inf, inf, inf]),0.01749303564429283,938808000000
array('f', [inf, inf, inf, inf, inf, inf, inf, inf, inf, inf, inf, inf, inf, inf, inf, inf, inf, inf, inf, inf, inf, inf, inf, inf, inf, inf, inf, inf, inf, inf, inf, inf, inf, inf, inf, inf, inf, inf, inf, inf, inf, inf, inf, inf, inf, inf, inf, inf, inf, inf, inf, inf, inf, inf, inf, inf, inf, inf, inf, inf, inf, inf, inf, inf, inf, inf, inf, inf, inf, inf, inf, inf, inf, inf, inf, inf, inf, inf, inf, inf, inf, inf, inf, inf, inf, inf, inf, inf, inf, inf, inf, inf, inf, inf, inf, inf, inf, inf, inf, inf, inf, inf, inf, inf, inf, inf, inf, inf, inf, inf, inf, inf, inf, inf, inf, inf, inf, inf, inf, inf, inf, inf, inf, inf, inf, inf, inf, inf, inf, inf, inf, inf, inf, inf, inf, inf, inf, inf, inf, inf, inf, inf, inf, inf, inf, inf, inf, inf, inf, inf, inf, inf, inf, inf, inf, inf, inf, inf, inf, inf, inf, inf, inf, inf, inf, inf, inf, 3.4713196754455566, 3.439499855041504, 3.397820472717285, 3.362785816192627, 3.3332393169403076, 3.304272413253784, 3.275228500366211, 3.239161491394043, 3.200692653656006, 3.1706671714782715, 3.1460680961608887, 3.1487600803375244, 3.11578631401062, 3.0786874294281006, 3.061192512512207, 3.051575183868408, 3.0190396308898926, 3.0190742015838623, 3.0045688152313232, 2.981715202331543, 2.9827897548675537, 2.9645979404449463, 2.9330480098724365, 2.9491899013519287, 2.938835859298706, 2.925894260406494, 2.8988609313964844, 2.897552251815796, 2.885629892349243, 2.8805413246154785, 2.8907737731933594, 2.893181324005127, 2.8906242847442627, 2.8847148418426514, 2.8968725204467773, 2.8926379680633545, 2.891970157623291, 2.88688325881958, 2.8814053535461426, 2.907074451446533, 2.8954570293426514, 2.91410231590271, 2.909654378890991, 2.918670177459717, 2.9185104370117188, 2.957331657409668, 2.9591684341430664, 2.9517343044281006, 2.9639394283294678, 2.9779040813446045, 3.0030651092529297, 3.005683183670044, 3.0119681358337402, 3.045588254928589, 3.071755886077881, 3.085507392883301, 3.120696783065796, 3.1230826377868652, 3.1557912826538086, 3.1757524013519287, 3.224391460418701, 3.2485902309417725, 3.2600202560424805, 3.3008205890655518, 3.3306148052215576, 3.369295358657837, 3.4070863723754883, 3.344280958175659, 3.27282452583313, 3.2063539028167725, 3.1259899139404297, 3.04128360748291, 2.9841604232788086, 2.91664457321167, 2.8454251289367676, 2.8074939250946045, 2.7296054363250732, 2.68589448928833, 2.6307449340820312, 2.568598747253418, 2.5756635665893555, 2.493175506591797, 2.4613797664642334, 2.410726547241211, 2.380422830581665, 2.34804105758667, 2.326213836669922, 2.2955353260040283, 2.2544872760772705, 2.2351036071777344, 2.188599109649658, 2.1945884227752686, 2.1765453815460205, 2.154356002807617, 2.1098721027374268, 2.1055684089660645, 2.073371648788452, 2.0625765323638916, 2.0413849353790283, 2.018796920776367, 2.0168070793151855, 1.9893676042556763, 1.976151704788208, 1.9648118019104004, 1.944362759590149, 1.9244688749313354, 1.9225940704345703, 1.9272637367248535, 1.9107160568237305, 1.9019829034805298, 1.879374384880066, 1.876853346824646, 1.8731244802474976, 1.8585772514343262, 1.8663935661315918, 1.8576035499572754, 1.8590223789215088, 1.8359791040420532, 1.8400120735168457, 1.874815821647644, 1.850786566734314, 1.8403581380844116, 1.8468397855758667, 1.8399903774261475, 1.8386526107788086, 1.8310577869415283, 1.8356406688690186, 1.8423187732696533, 1.8398339748382568, 1.8483777046203613, 1.8546957969665527, 1.8502486944198608, 1.868896722793579, 1.8640466928482056, 1.8623390197753906, 1.8802859783172607, 2.990422248840332, 3.0064809322357178, 3.018385648727417, 3.0335540771484375, 3.070375680923462, 3.0905697345733643, 3.091742992401123, 3.1137373447418213, 3.142735481262207, 3.1497743129730225, 3.155430555343628, 3.2063233852386475, 3.232527256011963, 3.274657726287842, 3.2770590782165527, 3.3172850608825684, 3.3486366271972656, 3.3515517711639404, 3.386005163192749, 3.445913076400757, 3.470101833343506, 2.3264193534851074, 1.8271797895431519, 1.8215053081512451, 2.271254777908325, 2.295572280883789, 2.3441050052642822, 2.3716890811920166, 2.4249773025512695, 2.46248722076416, 2.4885149002075195, 2.5058305263519287, 2.5750348567962646, 2.6236298084259033, 2.658151388168335, 2.7069313526153564, 2.7610976696014404, 2.815161943435669, 2.8933491706848145, 2.943614959716797, 3.0017106533050537, 3.07377552986145, 3.167649269104004, 3.2269773483276367, 3.314030647277832, 3.415175199508667, inf, inf, inf, inf, inf, inf, inf, inf, inf, inf, inf]),0.01749303564429283,939008000000
array('f', [inf, inf, inf, inf, inf, inf, inf, inf, inf, inf, inf, inf, inf, inf, inf, inf, inf, inf, inf, inf, inf, inf, inf, inf, inf, inf, inf, inf, inf, inf, inf, inf, inf, inf, inf, inf, inf, inf, inf, inf, inf, inf, inf, inf, inf, inf, inf, inf, inf, inf, inf, inf, inf, inf, inf, inf, inf, inf, inf, inf, inf, inf, inf, inf, inf, inf, inf, inf, inf, inf, inf, inf, inf, inf, inf, inf, inf, inf, inf, inf, inf, inf, inf, inf, inf, inf, inf, inf, inf, inf, inf, inf, inf, inf, inf, inf, inf, inf, inf, inf, inf, inf, inf, inf, inf, inf, inf, inf, inf, inf, inf, inf, inf, inf, inf, inf, inf, inf, inf, inf, inf, inf, inf, inf, inf, inf, inf, inf, inf, inf, inf, inf, inf, inf, inf, inf, inf, inf, inf, inf, inf, inf, inf, inf, inf, inf, inf, inf, inf, inf, inf, inf, inf, inf, inf, inf, inf, inf, inf, inf, inf, inf, inf, inf, inf, inf, 3.4890382289886475, 3.4779443740844727, 3.4222769737243652, 3.3922224044799805, 3.369335651397705, 3.346527099609375, 3.317058801651001, 3.309084177017212, 3.268153190612793, 3.257122039794922, 3.237135171890259, 3.2107656002044678, 3.2171783447265625, 3.190631628036499, 3.1737937927246094, 3.156581401824951, 3.152866840362549, 3.1280786991119385, 3.1350057125091553, 3.111697196960449, 3.114339828491211, 3.096789598464966, 3.091862678527832, 3.0702261924743652, 3.0700321197509766, 3.081430196762085, 3.0683860778808594, 3.0684256553649902, 3.067023992538452, 3.0882673263549805, 3.081023931503296, 3.0655481815338135, 3.0713984966278076, 3.0880448818206787, 3.091938018798828, 3.1068694591522217, 3.1013052463531494, 3.11382794380188, 3.130236864089966, 3.135399341583252, 3.1470160484313965, 3.140108585357666, 3.1629855632781982, 3.1827380657196045, 3.1955301761627197, 3.20517897605896, 3.233189582824707, 3.257098913192749, 3.2609095573425293, 3.2835962772369385, 3.3234965801239014, 3.3204634189605713, 3.377451181411743, 3.3793554306030273, 3.419609546661377, 3.4446566104888916, 3.46781063079834, inf, inf, 3.467221975326538, 3.3616998195648193, 3.2529773712158203, 3.170872211456299, 3.094106435775757, 3.0241081714630127, 2.9637887477874756, 2.8802969455718994, 2.821720600128174, 2.76434326171875, 2.7068512439727783, 2.6502888202667236, 2.6157052516937256, 2.5809340476989746, 2.5166194438934326, 2.461045026779175, 2.416250467300415, 2.3814942836761475, 2.3567066192626953, 2.3150923252105713, 2.2877182960510254, 2.2514350414276123, 2.2134859561920166, 2.1831490993499756, 2.1511473655700684, 2.145698070526123, 2.1065120697021484, 2.087035655975342, 2.0305659770965576, 2.03987193107605, 2.0283329486846924, 1.9997979402542114, 1.9734762907028198, 1.9730613231658936, 1.9650005102157593, 1.9367551803588867, 1.9321584701538086, 1.9002699851989746, 1.9059603214263916, 1.8840837478637695, 1.8870999813079834, 1.8566874265670776, 1.830154538154602, 1.8438698053359985, 1.8413375616073608, 1.8123750686645508, 1.8192722797393799, 1.7935395240783691, 1.8021715879440308, 1.784258246421814, 1.7976047992706299, 1.7885092496871948, 1.7904884815216064, 1.787842869758606, 1.7733604907989502, 1.7675381898880005, 1.7721540927886963, 1.7598458528518677, 1.7693116664886475, 1.7762768268585205, 1.7779382467269897, 1.783165454864502, 1.768904685974121, 1.766751766204834, 1.7726857662200928, 1.7659016847610474, 2.89068603515625, 2.9034221172332764, 2.907590627670288, 2.906442642211914, 2.9233930110931396, 2.944936513900757, 2.947148323059082, 2.9567344188690186, 2.97896671295166, 2.976400852203369, 2.981764316558838, 3.0145251750946045, 3.04679012298584, 3.054241895675659, 3.084428310394287, 3.1155025959014893, 3.118589162826538, 3.1505532264709473, 3.180006265640259, 3.1954753398895264, 3.2241926193237305, 3.236964464187622, 3.2734358310699463, 1.6942094564437866, 1.6677190065383911, 2.090400457382202, 2.1196749210357666, 2.1308887004852295, 2.1682143211364746, 2.201502799987793, 2.2046127319335938, 2.255899667739868, 2.2712206840515137, 2.3113088607788086, 2.3665823936462402, 2.38269305229187, 2.4244868755340576, 2.4584169387817383, 2.5190610885620117, 2.548251152038574, 2.606677770614624, 2.664677381515503, 2.7044005393981934, 2.7594926357269287, 2.812197685241699, 2.8968935012817383, 2.923307180404663, 3.0192956924438477, 3.0838143825531006, 3.1751439571380615, 3.2730302810668945, 3.3443989753723145, 3.4332275390625, inf, inf, inf, inf, inf, inf, inf, inf, inf, inf, inf, inf, inf, inf, inf, inf]),0.01749303564429283,939208000000
array('f', [inf, inf, inf, inf, inf, inf, inf, inf, inf, inf, inf, inf, inf, inf, inf, inf, inf, inf, inf, inf, inf, inf, inf, inf, inf, inf, inf, inf, inf, inf, inf, inf, inf, inf, inf, inf, inf, inf, inf, inf, inf, inf, inf, inf, inf, inf, inf, inf, inf, inf, inf, inf, inf, inf, inf, inf, inf, inf, inf, inf, inf, inf, inf, inf, inf, inf, inf, inf, inf, inf, inf, inf, inf, inf, inf, inf, inf, inf, inf, inf, inf, inf, inf, inf, inf, inf, inf, inf, inf, inf, inf, inf, inf, inf, inf, inf, inf, inf, inf, inf, inf, inf, inf, inf, inf, inf, inf, inf, inf, inf, inf, inf, inf, inf, inf, inf, inf, inf, inf, inf, inf, inf, inf, inf, inf, inf, inf, inf, inf, inf, inf, inf, inf, inf, inf, inf, inf, inf, inf, inf, inf, inf, inf, inf, inf, inf, inf, inf, inf, inf, inf, inf, inf, inf, inf, inf, inf, inf, inf, inf, inf, inf, inf, inf, inf, inf, inf, 3.5, 3.47236967086792, 3.441371440887451, 3.434100866317749, 3.409865379333496, 3.3715944290161133, 3.371438503265381, 3.358917236328125, 3.354142665863037, 3.332162857055664, 3.315117835998535, 3.314592123031616, 3.293590545654297, 3.3033440113067627, 3.295586347579956, 3.2839057445526123, 3.2780284881591797, 3.2796263694763184, 3.2882096767425537, 3.25890851020813, 3.273980140686035, 3.2662317752838135, 3.2825379371643066, 3.259028673171997, 3.2836592197418213, 3.279906749725342, 3.2814884185791016, 3.2909462451934814, 3.3021433353424072, 3.3274927139282227, 3.3135268688201904, 3.3337414264678955, 3.3392581939697266, 3.343003273010254, 3.3825995922088623, 3.363072633743286, 3.385655403137207, 3.4138193130493164, 3.4439280033111572, 3.4367806911468506, 3.4816558361053467, 3.4983768463134766, inf, inf, inf, inf, inf, inf, inf, inf, 3.4817862510681152, 3.3772637844085693, 3.272190570831299, 3.178793430328369, 3.1187102794647217, 3.0196282863616943, 2.943114757537842, 2.8801400661468506, 2.8067753314971924, 2.752824068069458, 2.7242934703826904, 2.631920099258423, 2.5914676189422607, 2.538034200668335, 2.5039381980895996, 2.4552433490753174, 2.4307682514190674, 2.3559558391571045, 2.319000244140625, 2.3036532402038574, 2.260838031768799, 2.2482998371124268, 2.191070556640625, 2.168477773666382, 2.1257803440093994, 2.1125383377075195, 2.0840647220611572, 2.0679240226745605, 2.048701047897339, 2.025475025177002, 1.991866946220398, 1.9758626222610474, 1.9595270156860352, 1.9332983493804932, 1.9235777854919434, 1.9153786897659302, 1.888242483139038, 1.885871171951294, 1.856069803237915, 1.8437402248382568, 1.8406046628952026, 1.8240571022033691, 1.8152165412902832, 1.8073498010635376, 1.7983440160751343, 1.7891939878463745, 1.7751946449279785, 1.7708395719528198, 1.7681580781936646, 1.7709065675735474, 1.7696868181228638, 1.7484197616577148, 1.7369310855865479, 1.7400962114334106, 1.7245287895202637, 1.7091230154037476, 1.744450569152832, 1.7285236120224, 1.7170063257217407, 1.7418676614761353, 2.831515312194824, 2.827502727508545, 2.833763837814331, 2.8311309814453125, 2.834622859954834, 2.825573682785034, 2.8366923332214355, 2.8483831882476807, 2.865398645401001, 2.857240676879883, 2.880091428756714, 2.887303352355957, 2.8985910415649414, 2.8969368934631348, 2.907013416290283, 2.9397332668304443, 2.954479455947876, 2.9673922061920166, 2.967803478240967, 2.9957969188690186, 3.0090551376342773, 3.0207388401031494, 3.045550584793091, 3.078322410583496, 3.0907535552978516, 1.5611642599105835, 1.5259915590286255, 1.9806443452835083, 1.947741985321045, 1.9808698892593384, 1.9883335828781128, 2.0084171295166016, 2.029200315475464, 2.057882785797119, 2.071601390838623, 2.1216211318969727, 2.1270577907562256, 2.163048028945923, 2.1867172718048096, 2.2187840938568115, 2.247718572616577, 2.2848546504974365, 2.319917917251587, 2.3534345626831055, 2.394880771636963, 2.4252967834472656, 2.4855711460113525, 2.53936505317688, 2.5958828926086426, 2.6491751670837402, 2.6867120265960693, 2.748551607131958, 2.8160197734832764, 2.8761680126190186, 2.953305959701538, 3.016268730163574, 3.1025373935699463, 3.188157796859741, 3.274207353591919, 3.3669002056121826, 3.4548778533935547, inf, inf, inf, inf, inf, inf, inf, inf, inf, inf, inf, inf, inf, inf, inf, inf, inf, inf, inf, inf, inf, inf]),0.01749303564429283,939408000000
array('f', [inf, inf, inf, inf, inf, inf, inf, inf, inf, inf, inf, inf, inf, inf, inf, inf, inf, inf, inf, inf, inf, inf, inf, inf, inf, inf, inf, inf, inf, inf, inf, inf, inf, inf, inf, inf, inf, inf, inf, inf, inf, inf, inf, inf, inf, inf, inf, inf, inf, inf, inf, inf, inf, inf, inf, inf, inf, inf, inf, inf, inf, inf, inf, inf, inf, inf, inf, inf, inf, inf, inf, inf, inf, inf, inf, inf, inf, inf, inf, inf, inf, inf, inf, inf, inf, inf, inf, inf, inf, inf, inf, inf, inf, inf, inf, inf, inf, inf, inf, inf, inf, inf, inf, inf, inf, inf, inf, inf, inf, inf, inf, inf, inf, inf, inf, inf, inf, inf, inf, inf, inf, inf, inf, inf, inf, inf, inf, inf, inf, inf, inf, inf, inf, inf, inf, inf, inf, inf, inf, inf, inf, inf, inf, inf, inf, inf, inf, inf, inf, inf, inf, inf, inf, inf, inf, inf, inf, inf, inf, inf, inf, inf, inf, inf, inf, inf, inf, inf, inf, inf, inf, inf, inf, 3.4927752017974854, 3.486537218093872, 3.4819209575653076, 3.4768712520599365, 3.4827311038970947, 3.461421489715576, 3.4540343284606934, 3.485227108001709, 3.4638051986694336, 3.4749131202697754, 3.4726314544677734, 3.4712061882019043, 3.4699525833129883, 3.489671230316162, 3.5, inf, inf, inf, inf, inf, inf, inf, inf, inf, inf, inf, inf, inf, inf, inf, inf, inf, inf, inf, inf, inf, inf, 3.4392898082733154, 3.324204206466675, 3.2315051555633545, 3.153843402862549, 3.080627918243408, 2.995692014694214, 2.9269096851348877, 2.8481781482696533, 2.788029909133911, 2.7407591342926025, 2.6847963333129883, 2.6131787300109863, 2.558427572250366, 2.508333444595337, 2.4671995639801025, 2.4164164066314697, 2.4036800861358643, 2.367274045944214, 2.3247640132904053, 2.277042865753174, 2.2326760292053223, 2.1964142322540283, 2.1809821128845215, 2.1441280841827393, 2.1277971267700195, 2.0961241722106934, 2.0611629486083984, 2.038813829421997, 2.013007640838623, 1.9775248765945435, 1.9650990962982178, 1.9571104049682617, 1.945083737373352, 1.9286675453186035, 1.892608404159546, 1.8932380676269531, 1.8843746185302734, 1.8623794317245483, 1.8481543064117432, 1.8327945470809937, 1.845969319343567, 1.8147273063659668, 1.7923556566238403, 1.7721515893936157, 1.7787755727767944, 1.7749698162078857, 1.7651876211166382, 1.7608610391616821, 1.7565664052963257, 1.7438400983810425, 1.726802945137024, 1.7432037591934204, 1.7395868301391602, 1.7213867902755737, 2.8283140659332275, 2.8310964107513428, 2.8111331462860107, 2.808331251144409, 2.7965846061706543, 2.82027006149292, 2.8156917095184326, 2.7972989082336426, 2.8003063201904297, 2.804858922958374, 2.8063175678253174, 2.822187662124634, 2.8385231494903564, 2.8165717124938965, 2.841737747192383, 2.847939968109131, 2.8661131858825684, 2.860915184020996, 2.8674166202545166, 2.8864023685455322, 2.894517660140991, 2.9065752029418945, 2.9301724433898926, 2.9366936683654785, 1.4760420322418213, 1.4421606063842773, 2.9830660820007324, 1.9373438358306885, 1.8471275568008423, 1.8593027591705322, 1.870532751083374, 1.8886854648590088, 1.8885858058929443, 1.9156183004379272, 1.9395167827606201, 1.9475023746490479, 1.9809107780456543, 1.9855730533599854, 1.9966840744018555, 2.043686628341675, 2.061410903930664, 2.0909264087677, 2.116572380065918, 2.1494762897491455, 2.1517906188964844, 2.2134196758270264, 2.2341320514678955, 2.2819230556488037, 2.304183006286621, 2.343923807144165, 2.3763134479522705, 2.421067237854004, 2.4626028537750244, 2.5232298374176025, 2.5533368587493896, 2.6134917736053467, 2.6659326553344727, 2.7088253498077393, 2.7892351150512695, 2.8404715061187744, 2.926246166229248, 2.991382360458374, 3.0572495460510254, 3.16304349899292, 3.2429776191711426, 3.3332035541534424, 3.437898635864258, inf, inf, inf, inf, inf, inf, inf, inf, inf, inf, inf, inf, inf, inf, inf, inf, inf, inf, inf, inf, inf, inf, inf, inf, inf, inf, inf, inf, inf]),0.01749303564429283,939608000000
array('f', [inf, inf, inf, inf, inf, inf, inf, inf, inf, inf, inf, inf, inf, inf, inf, inf, inf, inf, inf, inf, inf, inf, inf, inf, inf, inf, inf, inf, inf, inf, inf, inf, inf, inf, inf, inf, inf, inf, inf, inf, inf, inf, inf, inf, inf, inf, inf, inf, inf, inf, inf, inf, inf, inf, inf, inf, inf, inf, inf, inf, inf, inf, inf, inf, inf, inf, inf, inf, inf, inf, inf, inf, inf, inf, inf, inf, inf, inf, inf, inf, inf, inf, inf, inf, inf, inf, inf, inf, inf, inf, inf, inf, inf, inf, inf, inf, inf, inf, inf, inf, inf, inf, inf, inf, inf, inf, inf, inf, inf, inf, inf, inf, inf, inf, inf, inf, inf, inf, inf, inf, inf, inf, inf, inf, inf, inf, inf, inf, inf, inf, inf, inf, inf, inf, inf, inf, inf, inf, inf, inf, inf, inf, inf, inf, inf, inf, inf, inf, inf, inf, inf, inf, inf, inf, inf, inf, inf, inf, inf, inf, inf, inf, inf, inf, inf, inf, inf, inf, inf, inf, inf, inf, inf, inf, inf, inf, inf, inf, inf, inf, inf, inf, inf, inf, inf, inf, inf, inf, inf, inf, inf, inf, inf, inf, inf, inf, inf, inf, inf, inf, inf, inf, inf, 3.4290542602539062, 3.331242322921753, 3.2291500568389893, 3.155149221420288, 3.074586868286133, 2.979574680328369, 2.940307855606079, 2.8532283306121826, 2.793010711669922, 2.726889133453369, 2.6734204292297363, 2.617342472076416, 2.5494749546051025, 2.527801752090454, 2.458998441696167, 2.428874969482422, 2.388824462890625, 2.3455238342285156, 2.3117477893829346, 2.287196636199951, 2.227076530456543, 2.203129768371582, 2.1877238750457764, 2.151029348373413, 2.1133978366851807, 2.0957820415496826, 2.061809539794922, 2.043855667114258, 2.0334510803222656, 1.9992647171020508, 1.980279803276062, 1.962809681892395, 1.9513722658157349, 1.9157590866088867, 1.9051088094711304, 1.8886979818344116, 1.8785039186477661, 1.8672720193862915, 1.839760422706604, 1.8474955558776855, 1.829534649848938, 1.8048514127731323, 1.803613305091858, 1.7843321561813354, 1.780983567237854, 1.771389365196228, 1.7651031017303467, 1.804490566253662, 2.8827686309814453, 2.8682198524475098, 2.861910343170166, 2.8599843978881836, 2.834601402282715, 2.851353883743286, 2.834005355834961, 2.808069944381714, 2.814154863357544, 2.8151042461395264, 2.8200912475585938, 2.8016529083251953, 2.8245930671691895, 2.8398749828338623, 2.824714183807373, 2.8019087314605713, 2.822978973388672, 2.834425687789917, 2.8244576454162598, 2.8396122455596924, 2.8322668075561523, 2.8744585514068604, 1.4352582693099976, 1.4012831449508667, 1.4072673320770264, 2.890799045562744, 2.913301706314087, 1.8898143768310547, 1.7829116582870483, 1.7752983570098877, 1.8005971908569336, 1.8212432861328125, 1.829528570175171, 1.8528687953948975, 1.8389291763305664, 1.8681167364120483, 1.8694480657577515, 1.9030972719192505, 1.911258578300476, 1.9492602348327637, 1.9630306959152222, 1.9763250350952148, 1.988960862159729, 1.9999279975891113, 2.027984857559204, 2.0528995990753174, 2.090879201889038, 2.117367744445801, 2.1317262649536133, 2.147797107696533, 2.2002673149108887, 2.203458547592163, 2.246826410293579, 2.2685964107513428, 2.3184306621551514, 2.3451457023620605, 2.397768497467041, 2.4150984287261963, 2.4687516689300537, 2.5351390838623047, 2.563861608505249, 2.622380018234253, 2.6960268020629883, 2.7450461387634277, 2.813579559326172, 2.8551864624023438, 2.9287307262420654, 3.013598680496216, 3.086772918701172, 3.1698224544525146, 3.258726119995117, 3.3403356075286865, 3.439169406890869, inf, inf, inf, inf, inf, inf, inf, inf, inf, inf, inf, inf, inf, inf, inf, inf, inf, inf, inf, inf, inf, inf, inf, inf, inf, inf, inf, inf, inf, inf, inf, inf, inf, inf, inf, inf]),0.01749303564429283,939808000000
array('f', [inf, inf, inf, inf, inf, inf, inf, inf, inf, inf, inf, inf, inf, inf, inf, inf, inf, inf, inf, inf, inf, inf, inf, inf, inf, inf, inf, inf, inf, inf, inf, inf, inf, inf, inf, inf, inf, inf, inf, inf, inf, inf, inf, inf, inf, inf, inf, inf, inf, inf, inf, inf, inf, inf, inf, inf, inf, inf, inf, inf, inf, inf, inf, inf, inf, inf, inf, inf, inf, inf, inf, inf, inf, inf, inf, inf, inf, inf, inf, inf, inf, inf, inf, inf, inf, inf, inf, inf, inf, inf, inf, inf, inf, inf, inf, inf, inf, inf, inf, inf, inf, inf, inf, inf, inf, inf, inf, inf, inf, inf, inf, inf, inf, inf, inf, inf, inf, inf, inf, inf, inf, inf, inf, inf, inf, inf, inf, inf, inf, inf, inf, inf, inf, inf, inf, inf, inf, inf, inf, inf, inf, inf, inf, inf, inf, inf, inf, inf, inf, inf, inf, inf, inf, inf, inf, inf, inf, inf, inf, inf, inf, inf, inf, inf, inf, inf, inf, inf, inf, inf, inf, inf, inf, inf, inf, inf, inf, inf, inf, inf, inf, inf, inf, inf, inf, inf, inf, inf, inf, inf, inf, inf, inf, inf, inf, inf, 3.4847750663757324, 3.4053001403808594, 3.293687105178833, 3.2014834880828857, 3.096798896789551, 3.0278944969177246, 2.967478036880493, 2.885876417160034, 2.8380749225616455, 2.765113592147827, 2.7042648792266846, 2.664213180541992, 2.5986831188201904, 2.556290864944458, 2.5300652980804443, 2.450345039367676, 2.407945394515991, 2.3970794677734375, 2.347306728363037, 2.313473701477051, 2.270519256591797, 2.2324626445770264, 2.2277259826660156, 2.1834471225738525, 2.164433002471924, 2.1309781074523926, 2.107189655303955, 2.0703787803649902, 2.07365083694458, 2.037259101867676, 2.0228431224823, 2.0008273124694824, 1.9629204273223877, 1.9552478790283203, 1.9442046880722046, 1.933923602104187, 1.9164801836013794, 1.8920120000839233, 1.8900556564331055, 1.8440221548080444, 1.8624191284179688, 1.8715434074401855, 1.9724746942520142, 2.9702110290527344, 2.963691234588623, 2.9281694889068604, 2.9363338947296143, 2.916944980621338, 2.913032054901123, 2.8900861740112305, 2.8883676528930664, 2.8851773738861084, 2.8958945274353027, 2.881220817565918, 2.873112916946411, 2.857340097427368, 2.8664982318878174, 2.8666670322418213, 2.8648338317871094, 2.849147081375122, 2.828510046005249, 2.8593366146087646, 1.3872538805007935, 1.397473692893982, 2.8528943061828613, 2.8552873134613037, 2.876199245452881, 2.883073329925537, 2.88049578666687, 1.8646416664123535, 1.7711275815963745, 1.7862324714660645, 1.7898765802383423, 1.7847628593444824, 1.8078100681304932, 1.8049622774124146, 1.824245810508728, 1.8275845050811768, 1.8323324918746948, 1.8526018857955933, 1.8686829805374146, 1.861331582069397, 1.8941969871520996, 1.9222627878189087, 1.9168171882629395, 1.9231561422348022, 1.946913242340088, 1.952526569366455, 1.9719252586364746, 2.0021958351135254, 2.039497137069702, 2.0325515270233154, 2.0838966369628906, 2.0987465381622314, 2.1168019771575928, 2.146651268005371, 2.163661003112793, 2.1930253505706787, 2.2340569496154785, 2.2846550941467285, 2.2921130657196045, 2.3212177753448486, 2.3504467010498047, 2.4011330604553223, 2.459545612335205, 2.4943017959594727, 2.5389833450317383, 2.5780045986175537, 2.6483311653137207, 2.6997604370117188, 2.731290578842163, 2.8003900051116943, 2.858874797821045, 2.920008897781372, 2.9961304664611816, 3.0815184116363525, 3.154900550842285, 3.2294223308563232, 3.312666416168213, 3.417342185974121, inf, inf, inf, inf, inf, inf, inf, inf, inf, inf, inf, inf, inf, inf, inf, inf, inf, inf, inf, inf, inf, inf, inf, inf, inf, inf, inf, inf, inf, inf, inf, inf, inf, inf, inf, inf, inf, inf, inf, inf, inf, inf, inf, inf]),0.01749303564429283,940008000000
array('f', [inf, inf, inf, inf, inf, inf, inf, inf, inf, inf, inf, inf, inf, inf, inf, inf, inf, inf, inf, inf, inf, inf, inf, inf, inf, inf, inf, inf, inf, inf, inf, inf, inf, inf, inf, inf, inf, inf, inf, inf, inf, inf, inf, inf, inf, inf, inf, inf, inf, inf, inf, inf, inf, inf, inf, inf, inf, inf, inf, inf, inf, inf, inf, inf, inf, inf, inf, inf, inf, inf, inf, inf, inf, inf, inf, inf, inf, inf, inf, inf, inf, inf, inf, inf, inf, inf, inf, inf, inf, inf, inf, inf, inf, inf, inf, inf, inf, inf, inf, inf, inf, inf, inf, inf, inf, inf, inf, inf, inf, inf, inf, inf, inf, inf, inf, inf, inf, inf, inf, inf, inf, inf, inf, inf, inf, inf, inf, inf, inf, inf, inf, inf, inf, inf, inf, inf, inf, inf, inf, inf, inf, inf, inf, inf, inf, inf, inf, inf, inf, inf, inf, inf, inf, inf, inf, inf, inf, inf, inf, inf, inf, inf, inf, inf, inf, inf, inf, inf, inf, inf, inf, inf, inf, inf, inf, inf, inf, inf, inf, inf, inf, inf, inf, inf, inf, inf, inf, inf, inf, inf, 3.4628751277923584, 3.352447032928467, 3.2740440368652344, 3.19553804397583, 3.110182523727417, 3.0540716648101807, 2.974496841430664, 2.8977322578430176, 2.8323862552642822, 2.790207862854004, 2.723116397857666, 2.6780648231506348, 2.6231229305267334, 2.5841076374053955, 2.5281009674072266, 2.4900083541870117, 2.4625589847564697, 2.4348347187042236, 2.3876256942749023, 2.343165159225464, 2.299687623977661, 2.2618114948272705, 2.2535524368286133, 2.206270456314087, 2.193329095840454, 2.150487184524536, 2.142893075942993, 2.1011409759521484, 2.0962746143341064, 2.0733370780944824, 2.0423190593719482, 2.0341386795043945, 2.006697416305542, 1.9827032089233398, 1.9888354539871216, 1.9976595640182495, 2.0840981006622314, 3.115893602371216, 3.097294569015503, 3.0888798236846924, 3.0521914958953857, 3.0346598625183105, 3.0309085845947266, 3.014880657196045, 3.0074899196624756, 2.976969003677368, 2.970693588256836, 2.9730072021484375, 2.964949607849121, 2.934144973754883, 2.936371088027954, 2.925910472869873, 2.934173107147217, 2.904310941696167, 1.4631435871124268, 2.9210479259490967, 2.898282766342163, 2.9204812049865723, 2.893440008163452, 2.886587142944336, 2.8977091312408447, 2.9122977256774902, 1.805128812789917, 1.8163905143737793, 1.806031346321106, 1.8123942613601685, 1.812364935874939, 1.8378320932388306, 1.836195945739746, 1.8375147581100464, 1.844679355621338, 1.8458073139190674, 1.852513313293457, 1.8773928880691528, 1.8605066537857056, 1.8713912963867188, 1.8833904266357422, 1.9068628549575806, 1.9163082838058472, 1.9226338863372803, 1.9155179262161255, 1.9664368629455566, 1.9625860452651978, 1.9986903667449951, 2.001217842102051, 1.9900283813476562, 2.042869806289673, 2.036078691482544, 2.0783326625823975, 2.092974901199341, 2.133335828781128, 2.14143443107605, 2.1651816368103027, 2.203143835067749, 2.2234320640563965, 2.2252697944641113, 2.2618603706359863, 2.2914414405822754, 2.3543336391448975, 2.3609542846679688, 2.395233392715454, 2.4473865032196045, 2.477548122406006, 2.52736496925354, 2.5674450397491455, 2.640174388885498, 2.6882874965667725, 2.7429442405700684, 2.772540807723999, 2.8293709754943848, 2.9215645790100098, 2.9696338176727295, 3.0483765602111816, 3.1172921657562256, 3.1924283504486084, 3.2933619022369385, 3.360753059387207, 3.4561092853546143, inf, inf, inf, inf, inf, inf, inf, inf, inf, inf, inf, inf, inf, inf, inf, inf, inf, inf, inf, inf, inf, inf, inf, inf, inf, inf, inf, inf, inf, inf, inf, inf, inf, inf, inf, inf, inf, inf, inf, inf, inf, inf, inf, inf, inf, inf, inf, inf, inf, inf, inf, inf]),0.01749303564429283,940208000000
array('f', [inf, inf, inf, inf, inf, inf, inf, inf, inf, inf, inf, inf, inf, inf, inf, inf, inf, inf, inf, inf, inf, inf, inf, inf, inf, inf, inf, inf, inf, inf, inf, inf, inf, inf, inf, inf, inf, inf, inf, inf, inf, inf, inf, inf, inf, inf, inf, inf, inf, inf, inf, inf, inf, inf, inf, inf, inf, inf, inf, inf, inf, inf, inf, inf, inf, inf, inf, inf, inf, inf, inf, inf, inf, inf, inf, inf, inf, inf, inf, inf, inf, inf, inf, inf, inf, inf, inf, inf, inf, inf, inf, inf, inf, inf, inf, inf, inf, inf, inf, inf, inf, inf, inf, inf, inf, inf, inf, inf, inf, inf, inf, inf, inf, inf, inf, inf, inf, inf, inf, inf, inf, inf, inf, inf, inf, inf, inf, inf, inf, inf, inf, inf, inf, inf, inf, inf, inf, inf, inf, inf, inf, inf, inf, inf, inf, inf, inf, inf, inf, inf, inf, inf, inf, inf, inf, inf, inf, inf, inf, inf, inf, inf, inf, inf, inf, inf, inf, inf, inf, inf, inf, inf, inf, inf, inf, inf, inf, inf, inf, inf, inf, inf, inf, inf, 3.4733176231384277, 3.394883155822754, 3.3138797283172607, 3.213536500930786, 3.1430859565734863, 3.07265043258667, 2.994927406311035, 2.9372448921203613, 2.892900228500366, 2.824946165084839, 2.7825534343719482, 2.7335400581359863, 2.665137529373169, 2.613743782043457, 2.5842647552490234, 2.5418574810028076, 2.502319574356079, 2.4564647674560547, 2.4391350746154785, 2.3854825496673584, 2.3669321537017822, 2.3383493423461914, 2.3100624084472656, 2.280229091644287, 2.2697253227233887, 2.219545841217041, 2.2071146965026855, 2.165977716445923, 2.129640817642212, 2.1258533000946045, 2.135718822479248, 2.2061197757720947, 3.3094587326049805, 3.2405283451080322, 3.2585299015045166, 3.218085289001465, 3.190134286880493, 3.172222137451172, 3.160996437072754, 3.1269586086273193, 3.1253983974456787, 3.1181840896606445, 3.0780587196350098, 3.0809648036956787, 3.076523780822754, 3.055600643157959, 1.5731775760650635, 1.5740288496017456, 3.0353736877441406, 3.0180504322052, 3.008714199066162, 2.980818271636963, 3.0131518840789795, 2.9846014976501465, 2.9762766361236572, 1.888627529144287, 1.889196515083313, 1.879634141921997, 1.8853225708007812, 1.83893883228302, 1.8927501440048218, 1.8838435411453247, 1.880684494972229, 1.9005699157714844, 1.8993502855300903, 1.9083456993103027, 1.9113012552261353, 1.919616460800171, 1.9256614446640015, 1.9355590343475342, 1.9238085746765137, 1.939217448234558, 1.950233817100525, 1.9591853618621826, 1.948337435722351, 1.9857372045516968, 2.0131053924560547, 2.0077030658721924, 2.014862060546875, 2.0417332649230957, 2.0379745960235596, 2.060516119003296, 2.0495059490203857, 2.105696678161621, 2.0922672748565674, 2.1232187747955322, 2.152224540710449, 2.167030096054077, 2.1929450035095215, 2.2160568237304688, 2.241450548171997, 2.2702176570892334, 2.285475254058838, 2.3383870124816895, 2.347734212875366, 2.373183488845825, 2.4152863025665283, 2.4557318687438965, 2.4874188899993896, 2.5390396118164062, 2.555485725402832, 2.604931116104126, 2.686244249343872, 2.709861993789673, 2.7683205604553223, 2.8078744411468506, 2.8770945072174072, 2.9299347400665283, 2.992262125015259, 3.040212869644165, 3.1304895877838135, 3.1972386837005615, 3.2772960662841797, 3.3577520847320557, 3.463733196258545, inf, inf, inf, inf, inf, inf, inf, inf, inf, inf, inf, inf, inf, inf, inf, inf, inf, inf, inf, inf, inf, inf, inf, inf, inf, inf, inf, inf, inf, inf, inf, inf, inf, inf, inf, inf, inf, inf, inf, inf, inf, inf, inf, inf, inf, inf, inf, inf, inf, inf, inf, inf, inf, inf, inf, inf, inf, inf, inf, inf, inf]),0.01749303564429283,940408000000
array('f', [inf, inf, inf, inf, inf, inf, inf, inf, inf, inf, inf, inf, inf, inf, inf, inf, inf, inf, inf, inf, inf, inf, inf, inf, inf, inf, inf, inf, inf, inf, inf, inf, inf, inf, inf, inf, inf, inf, inf, inf, inf, inf, inf, inf, inf, inf, inf, inf, inf, inf, inf, inf, inf, inf, inf, inf, inf, inf, inf, inf, inf, inf, inf, inf, inf, inf, inf, inf, inf, inf, inf, inf, inf, inf, inf, inf, inf, inf, inf, inf, inf, inf, inf, inf, inf, inf, inf, inf, inf, inf, inf, inf, inf, inf, inf, inf, inf, inf, inf, inf, inf, inf, inf, inf, inf, inf, inf, inf, inf, inf, inf, inf, inf, inf, inf, inf, inf, inf, inf, inf, inf, inf, inf, inf, inf, inf, inf, inf, inf, inf, inf, inf, inf, inf, inf, inf, inf, inf, inf, inf, inf, inf, inf, inf, inf, inf, inf, inf, inf, inf, inf, inf, inf, inf, inf, inf, inf, inf, inf, inf, inf, inf, inf, inf, inf, inf, inf, inf, inf, inf, inf, inf, inf, inf, inf, inf, inf, inf, inf, 3.4720773696899414, 3.350179433822632, 3.2636239528656006, 3.210883140563965, 3.146045207977295, 3.0837080478668213, 2.9956600666046143, 2.9527769088745117, 2.9079668521881104, 2.8364579677581787, 2.792454242706299, 2.760871410369873, 2.7093958854675293, 2.6606709957122803, 2.6069912910461426, 2.594226121902466, 2.533926010131836, 2.514439105987549, 2.4807848930358887, 2.454882860183716, 2.4037411212921143, 2.3811726570129395, 2.36152720451355, 2.329728364944458, 2.302875280380249, 2.3203749656677246, 2.3937251567840576, 3.4531991481781006, 3.4813361167907715, 3.417987585067749, 3.392632246017456, 3.3651955127716064, 3.353456974029541, 3.3114728927612305, 3.303854465484619, 3.296055793762207, 3.2625927925109863, 3.239283561706543, 1.710086703300476, 1.7048053741455078, 3.176511526107788, 3.182049512863159, 3.1741576194763184, 3.1697237491607666, 3.139430284500122, 3.1331357955932617, 3.1192593574523926, 3.125195026397705, 1.9924769401550293, 2.003995180130005, 1.9924335479736328, 1.991648554801941, 1.9884463548660278, 1.992741346359253, 1.9878041744232178, 1.9767650365829468, 1.9859803915023804, 1.9933359622955322, 1.984095573425293, 1.988958477973938, 1.9721510410308838, 1.993354320526123, 2.010742425918579, 1.9942877292633057, 2.010756731033325, 2.017104387283325, 2.020015001296997, 2.029860258102417, 2.020691156387329, 2.0550894737243652, 2.0453684329986572, 2.0681827068328857, 2.077018976211548, 2.0881497859954834, 2.120492935180664, 2.121691942214966, 2.1379315853118896, 2.150357961654663, 2.1705586910247803, 2.1615374088287354, 2.2022199630737305, 2.2233176231384277, 2.2391088008880615, 2.2694766521453857, 2.2858152389526367, 2.3075168132781982, 2.3270347118377686, 2.3659956455230713, 2.3770384788513184, 2.4017276763916016, 2.439176321029663, 2.485809564590454, 2.4809863567352295, 2.5436747074127197, 2.5534284114837646, 2.604377508163452, 2.6428115367889404, 2.677922010421753, 2.741328477859497, 2.7727808952331543, 2.8350374698638916, 2.8818507194519043, 2.9372074604034424, 2.99186110496521, 3.06145977973938, 3.1331822872161865, 3.1872801780700684, 3.257185220718384, 3.3328306674957275, 3.4167635440826416, inf, inf, inf, inf, inf, inf, inf, inf, inf, inf, inf, inf, inf, inf, inf, inf, inf, inf, inf, inf, inf, inf, inf, inf, inf, inf, inf, inf, inf, inf, inf, inf, inf, inf, inf, inf, inf, inf, inf, inf, inf, inf, inf, inf, inf, inf, inf, inf, inf, inf, inf, inf, inf, inf, inf, inf, inf, inf, inf, inf, inf, inf, inf, inf, inf, inf, inf, inf, inf, inf, inf]),0.01749303564429283,940608000000
array('f', [inf, inf, inf, inf, inf, inf, inf, inf, inf, inf, inf, inf, inf, inf, inf, inf, inf, inf, inf, inf, inf, inf, inf, inf, inf, inf, inf, inf, inf, inf, inf, inf, inf, inf, inf, inf, inf, inf, inf, inf, inf, inf, inf, inf, inf, inf, inf, inf, inf, inf, inf, inf, inf, inf, inf, inf, inf, inf, inf, inf, inf, inf, inf, inf, inf, inf, inf, inf, inf, inf, inf, inf, inf, inf, inf, inf, inf, inf, inf, inf, inf, inf, inf, inf, inf, inf, inf, inf, inf, inf, inf, inf, inf, inf, inf, inf, inf, inf, inf, inf, inf, inf, inf, inf, inf, inf, inf, inf, inf, inf, inf, inf, inf, inf, inf, inf, inf, inf, inf, inf, inf, inf, inf, inf, inf, inf, inf, inf, inf, inf, inf, inf, inf, inf, inf, inf, inf, inf, inf, inf, inf, inf, inf, inf, inf, inf, inf, inf, inf, inf, inf, inf, inf, inf, inf, inf, inf, inf, inf, inf, inf, inf, inf, inf, inf, inf, inf, inf, inf, inf, inf, inf, inf, inf, 3.461385488510132, 3.375234365463257, 3.310030460357666, 3.2047464847564697, 3.157367467880249, 3.10455060005188, 3.0438249111175537, 3.0009381771087646, 2.9407925605773926, 2.891616106033325, 2.8489127159118652, 2.804405689239502, 2.7531588077545166, 2.714695453643799, 2.656017780303955, 2.6578409671783447, 2.6109204292297363, 2.567763566970825, 2.557058811187744, 2.540745973587036, 2.486722230911255, 2.5102429389953613, 2.598806619644165, inf, inf, inf, inf, inf, inf, 3.488508939743042, 3.4560158252716064, 3.4660091400146484, 1.8887912034988403, 1.8775968551635742, 3.3728630542755127, 3.3619964122772217, 3.3410120010375977, 3.3222033977508545, 3.3161096572875977, 3.293879508972168, 3.285604476928711, 3.267198085784912, 2.142411947250366, 2.156998872756958, 2.1219053268432617, 2.1186654567718506, 2.1266751289367676, 2.1045305728912354, 2.1029510498046875, 2.0993218421936035, 2.103346347808838, 2.101329803466797, 2.1033942699432373, 2.09309720993042, 2.1127684116363525, 2.1180944442749023, 2.1064319610595703, 2.1182923316955566, 2.1185288429260254, 2.118062734603882, 2.1431312561035156, 2.150428295135498, 2.1410012245178223, 2.157135009765625, 2.1598598957061768, 2.1646947860717773, 2.1647582054138184, 2.1837031841278076, 2.2048380374908447, 2.221144437789917, 2.1975667476654053, 2.229465961456299, 2.2368531227111816, 2.2360315322875977, 2.298736333847046, 2.2972893714904785, 2.311594247817993, 2.3377015590667725, 2.338474988937378, 2.35728120803833, 2.400362491607666, 2.401848077774048, 2.43125319480896, 2.4639360904693604, 2.4912211894989014, 2.51863431930542, 2.5392239093780518, 2.564143657684326, 2.6021456718444824, 2.644763231277466, 2.6779470443725586, 2.7061445713043213, 2.7639565467834473, 2.7922756671905518, 2.833258628845215, 2.8895654678344727, 2.938840627670288, 2.9780824184417725, 3.0298216342926025, 3.1079323291778564, 3.139997959136963, 3.229659080505371, 3.29180908203125, 3.353126049041748, 3.427795648574829, inf, inf, inf, inf, inf, inf, inf, inf, inf, inf, inf, inf, inf, inf, inf, inf, inf, inf, inf, inf, inf, inf, inf, inf, inf, inf, inf, inf, inf, inf, inf, inf, inf, inf, inf, inf, inf, inf, inf, inf, inf, inf, inf, inf, inf, inf, inf, inf, inf, inf, inf, inf, inf, inf, inf, inf, inf, inf, inf, inf, inf, inf, inf, inf, inf, inf, inf, inf, inf, inf, inf, inf, inf, inf, inf, inf, inf, inf, inf, inf, inf]),0.01749303564429283,940808000000
array('f', [inf, inf, inf, inf, inf, inf, inf, inf, inf, inf, inf, inf, inf, inf, inf, inf, inf, inf, inf, inf, inf, inf, inf, inf, inf, inf, inf, inf, inf, inf, inf, inf, inf, inf, inf, inf, inf, inf, inf, inf, inf, inf, inf, inf, inf, inf, inf, inf, inf, inf, inf, inf, inf, inf, inf, inf, inf, inf, inf, inf, inf, inf, inf, inf, inf, inf, inf, inf, inf, inf, inf, inf, inf, inf, inf, inf, inf, inf, inf, inf, inf, inf, inf, inf, inf, inf, inf, inf, inf, inf, inf, inf, inf, inf, inf, inf, inf, inf, inf, inf, inf, inf, inf, inf, inf, inf, inf, inf, inf, inf, inf, inf, inf, inf, inf, inf, inf, inf, inf, inf, inf, inf, inf, inf, inf, inf, inf, inf, inf, inf, inf, inf, inf, inf, inf, inf, inf, inf, inf, inf, inf, inf, inf, inf, inf, inf, inf, inf, inf, inf, inf, inf, inf, inf, inf, inf, inf, inf, inf, inf, inf, inf, inf, inf, inf, inf, inf, inf, inf, 3.468452215194702, 3.3795673847198486, 3.305227756500244, 3.2525634765625, 3.192091464996338, 3.1387650966644287, 3.091810941696167, 3.014349937438965, 3.0029444694519043, 2.9564783573150635, 2.903421401977539, 2.8571555614471436, 2.8380892276763916, 2.795923948287964, 2.755471706390381, 2.725325584411621, 2.697570562362671, 2.718088150024414, 2.7705013751983643, inf, inf, inf, inf, inf, inf, inf, inf, 2.0585763454437256, 2.0578832626342773, inf, inf, inf, inf, 3.488194704055786, 3.4696297645568848, 3.4487967491149902, 2.335203170776367, 2.3029654026031494, 2.294308662414551, 2.287651538848877, 2.2908782958984375, 2.270404577255249, 2.279074192047119, 2.260281562805176, 2.2733359336853027, 2.249237060546875, 2.247593402862549, 2.248647451400757, 2.28027081489563, 2.2557950019836426, 2.269721508026123, 2.2462310791015625, 2.2753612995147705, 2.2719674110412598, 2.2532615661621094, 2.263280153274536, 2.2788772583007812, 2.2515745162963867, 2.293116569519043, 2.295663356781006, 2.297391176223755, 2.297825813293457, 2.2863776683807373, 2.307617425918579, 2.3301925659179688, 2.348132610321045, 2.3446779251098633, 2.3582162857055664, 2.3964154720306396, 2.4010565280914307, 2.3996829986572266, 2.437195062637329, 2.4409866333007812, 2.4686026573181152, 2.480356454849243, 2.50207257270813, 2.5388288497924805, 2.56381893157959, 2.57511043548584, 2.6076459884643555, 2.6360530853271484, 2.6582441329956055, 2.681811571121216, 2.7131404876708984, 2.7511935234069824, 2.794630765914917, 2.8326663970947266, 2.848191976547241, 2.902848958969116, 2.9368960857391357, 2.998786687850952, 3.0376996994018555, 3.0786314010620117, 3.113579273223877, 3.1847519874572754, 3.247424364089966, 3.2913994789123535, 3.3677451610565186, 3.4282126426696777, inf, inf, inf, inf, inf, inf, inf, inf, inf, inf, inf, inf, inf, inf, inf, inf, inf, inf, inf, inf, inf, inf, inf, inf, inf, inf, inf, inf, inf, inf, inf, inf, inf, inf, inf, inf, inf, inf, inf, inf, inf, inf, inf, inf, inf, inf, inf, inf, inf, inf, inf, inf, inf, inf, inf, inf, inf, inf, inf, inf, inf, inf, inf, inf, inf, inf, inf, inf, inf, inf, inf, inf, inf, inf, inf, inf, inf, inf, inf, inf, inf, inf, inf, inf, inf, inf, inf, inf, inf, inf, inf, inf]),0.01749303564429283,941008000000
array('f', [inf, inf, inf, inf, inf, inf, inf, inf, inf, inf, inf, inf, inf, inf, inf, inf, inf, inf, inf, inf, inf, inf, inf, inf, inf, inf, inf, inf, inf, inf, inf, inf, inf, inf, inf, inf, inf, inf, inf, inf, inf, inf, inf, inf, inf, inf, inf, inf, inf, inf, inf, inf, inf, inf, inf, inf, inf, inf, inf, inf, inf, inf, inf, inf, inf, inf, inf, inf, inf, inf, inf, inf, inf, inf, inf, inf, inf, inf, inf, inf, inf, inf, inf, inf, inf, inf, inf, inf, inf, inf, inf, inf, inf, inf, inf, inf, inf, inf, inf, inf, inf, inf, inf, inf, inf, inf, inf, inf, inf, inf, inf, inf, inf, inf, inf, inf, inf, inf, inf, inf, inf, inf, inf, inf, inf, inf, inf, inf, inf, inf, inf, inf, inf, inf, inf, inf, inf, inf, inf, inf, inf, inf, inf, inf, inf, inf, inf, inf, inf, inf, inf, inf, inf, inf, inf, inf, inf, inf, inf, inf, inf, inf, inf, inf, inf, 3.43148136138916, 3.3795671463012695, 3.315873622894287, 3.2791881561279297, 3.236435890197754, 3.174377679824829, 3.1173553466796875, 3.0883333683013916, 3.0268664360046387, 3.008073329925537, 2.946781873703003, 2.9322972297668457, 2.9000015258789062, 2.9178194999694824, 3.0016777515411377, inf, inf, inf, inf, inf, inf, inf, 2.2608957290649414, 2.2427825927734375, inf, inf, inf, inf, inf, inf, inf, 2.489778757095337, 2.492626667022705, 2.4718093872070312, 2.476360559463501, 2.460343837738037, 2.44026517868042, 2.4318535327911377, 2.433429479598999, 2.436103343963623, 2.428638458251953, 2.4197030067443848, 2.4274511337280273, 2.4223153591156006, 2.429906129837036, 2.4181222915649414, 2.4206295013427734, 2.4242820739746094, 2.42720365524292, 2.4097678661346436, 2.4213764667510986, 2.4135875701904297, 2.4403600692749023, 2.4288671016693115, 2.4459385871887207, 2.43723726272583, 2.456254482269287, 2.469604015350342, 2.4632160663604736, 2.489238977432251, 2.493727445602417, 2.5263850688934326, 2.539149045944214, 2.527160406112671, 2.536842107772827, 2.5455210208892822, 2.571331262588501, 2.5902140140533447, 2.611762762069702, 2.6243948936462402, 2.66162371635437, 2.6716408729553223, 2.7118074893951416, 2.735821008682251, 2.747361660003662, 2.7663278579711914, 2.8060367107391357, 2.830095052719116, 2.8647735118865967, 2.9144625663757324, 2.929980993270874, 2.9870874881744385, 3.0207533836364746, 3.0595834255218506, 3.078610897064209, 3.139875650405884, 3.185953140258789, 3.242288827896118, 3.276010274887085, 3.359342098236084, 3.4121105670928955, 3.459906816482544, inf, inf, inf, inf, inf, inf, inf, inf, inf, inf, inf, inf, inf, inf, inf, inf, inf, inf, inf, inf, inf, inf, inf, inf, inf, inf, inf, inf, inf, inf, inf, inf, inf, inf, inf, inf, inf, inf, inf, inf, inf, inf, inf, inf, inf, inf, inf, inf, inf, inf, inf, inf, inf, inf, inf, inf, inf, inf, inf, inf, inf, inf, inf, inf, inf, inf, inf, inf, inf, inf, inf, inf, inf, inf, inf, inf, inf, inf, inf, inf, inf, inf, inf, inf, inf, inf, inf, inf, inf, inf, inf, inf, inf, inf, inf, inf, inf, inf, inf, inf, inf, inf, inf]),0.01749303564429283,941208000000
array('f', [inf, inf, inf, inf, inf, inf, inf, inf, inf, inf, inf, inf, inf, inf, inf, inf, inf, inf, inf, inf, inf, inf, inf, inf, inf, inf, inf, inf, inf, inf, inf, inf, inf, inf, inf, inf, inf, inf, inf, inf, inf, inf, inf, inf, inf, inf, inf, inf, inf, inf, inf, inf, inf, inf, inf, inf, inf, inf, inf, inf, inf, inf, inf, inf, inf, inf, inf, inf, inf, inf, inf, inf, inf, inf, inf, inf, inf, inf, inf, inf, inf, inf, inf, inf, inf, inf, inf, inf, inf, inf, inf, inf, inf, inf, inf, inf, inf, inf, inf, inf, inf, inf, inf, inf, inf, inf, inf, inf, inf, inf, inf, inf, inf, inf, inf, inf, inf, inf, inf, inf, inf, inf, inf, inf, inf, inf, inf, inf, inf, inf, inf, inf, inf, inf, inf, inf, inf, inf, inf, inf, inf, inf, inf, inf, inf, inf, inf, inf, inf, inf, inf, inf, inf, inf, inf, inf, inf, inf, inf, inf, inf, 3.470944881439209, 3.413696527481079, 3.372807741165161, 3.3236918449401855, 3.2699708938598633, 3.2447853088378906, 3.183140516281128, 3.154698371887207, 3.0976402759552, 3.0592126846313477, 3.153228998184204, inf, inf, inf, inf, inf, inf, inf, 2.4604551792144775, inf, inf, inf, inf, inf, inf, inf, 2.677025318145752, 2.6694297790527344, 2.6724162101745605, 2.667165994644165, 2.6744384765625, 2.6559505462646484, 2.621159315109253, 2.6327462196350098, 2.6137313842773438, 2.593831777572632, 2.6185011863708496, 2.611109495162964, 2.5944387912750244, 2.5958003997802734, 2.5809388160705566, 2.5732860565185547, 2.590654134750366, 2.5836374759674072, 2.6114401817321777, 2.593597412109375, 2.5959455966949463, 2.597266912460327, 2.601041316986084, 2.6238491535186768, 2.620107889175415, 2.6352217197418213, 2.6177799701690674, 2.6418092250823975, 2.652376413345337, 2.6702473163604736, 2.6767780780792236, 2.687274694442749, 2.703625440597534, 2.7119252681732178, 2.7393085956573486, 2.7304370403289795, 2.759145736694336, 2.7735483646392822, 2.7930872440338135, 2.8342196941375732, 2.8561134338378906, 2.864699125289917, 2.9050354957580566, 2.908586263656616, 2.943599224090576, 2.9877500534057617, 2.997999429702759, 3.0314371585845947, 3.077491044998169, 3.1120548248291016, 3.150665283203125, 3.1863038539886475, 3.224332332611084, 3.2580926418304443, 3.3123300075531006, 3.3642961978912354, 3.411457061767578, 3.458742141723633, inf, inf, inf, inf, inf, inf, inf, inf, inf, inf, inf, inf, inf, inf, inf, inf, inf, inf, inf, inf, inf, inf, inf, inf, inf, inf, inf, inf, inf, inf, inf, inf, inf, inf, inf, inf, inf, inf, inf, inf, inf, inf, inf, inf, inf, inf, inf, inf, inf, inf, inf, inf, inf, inf, inf, inf, inf, inf, inf, inf, inf, inf, inf, inf, inf, inf, inf, inf, inf, inf, inf, inf, inf, inf, inf, inf, inf, inf, inf, inf, inf, inf, inf, inf, inf, inf, inf, inf, inf, inf, inf, inf, inf, inf, inf, inf, inf, inf, inf, inf, inf, inf, inf, inf, inf, inf, inf, inf, inf, inf, inf, inf, inf, inf, inf]),0.01749303564429283,941408000000
array('f', [inf, inf, inf, inf, inf, inf, inf, inf, inf, inf, inf, inf, inf, inf, inf, inf, inf, inf, inf, inf, inf, inf, inf, inf, inf, inf, inf, inf, inf, inf, inf, inf, inf, inf, inf, inf, inf, inf, inf, inf, inf, inf, inf, inf, inf, inf, inf, inf, inf, inf, inf, inf, inf, inf, inf, inf, inf, inf, inf, inf, inf, inf, inf, inf, inf, inf, inf, inf, inf, inf, inf, inf, inf, inf, inf, inf, inf, inf, inf, inf, inf, inf, inf, inf, inf, inf, inf, inf, inf, inf, inf, inf, inf, inf, inf, inf, inf, inf, inf, inf, inf, inf, inf, inf, inf, inf, inf, inf, inf, inf, inf, inf, inf, inf, inf, inf, inf, inf, inf, inf, inf, inf, inf, inf, inf, inf, inf, inf, inf, inf, inf, inf, inf, inf, inf, inf, inf, inf, inf, inf, inf, inf, inf, inf, inf, inf, inf, inf, inf, inf, inf, inf, inf, inf, inf, inf, inf, inf, 3.4755749702453613, 3.427703619003296, 3.3898162841796875, 3.362995147705078, 3.29404354095459, 3.2880589962005615, 3.3881382942199707, inf, inf, inf, inf, inf, inf, 2.6582987308502197, 2.659679651260376, inf, inf, inf, inf, inf, inf, 2.8945741653442383, 2.890872001647949, 2.857740879058838, 2.856677532196045, 2.847100257873535, 2.8208775520324707, 2.8312129974365234, 2.808140277862549, 2.806971549987793, 2.8082571029663086, 2.7934281826019287, 2.7961769104003906, 2.77528715133667, 2.7714931964874268, 2.769139528274536, 2.7897849082946777, 2.7688088417053223, 2.7756311893463135, 2.800956964492798, 2.7801318168640137, 2.789163589477539, 2.800797939300537, 2.793668746948242, 2.797373056411743, 2.8168225288391113, 2.8159337043762207, 2.8177106380462646, 2.829000234603882, 2.8380093574523926, 2.851736545562744, 2.8668737411499023, 2.8980343341827393, 2.898399591445923, 2.9104254245758057, 2.926920175552368, 2.9380364418029785, 2.9697303771972656, 2.992614984512329, 2.989734649658203, 3.0208852291107178, 3.0545151233673096, 3.0766584873199463, 3.1031529903411865, 3.1173157691955566, 3.156460762023926, 3.1761419773101807, 3.214430332183838, 3.255725860595703, 3.290822982788086, 3.3398513793945312, 3.364718198776245, 3.3911428451538086, 3.464203119277954, 3.5, inf, inf, inf, inf, inf, inf, inf, inf, inf, inf, inf, inf, inf, inf, inf, inf, inf, inf, inf, inf, inf, inf, inf, inf, inf, inf, inf, inf, inf, inf, inf, inf, inf, inf, inf, inf, inf, inf, inf, inf, inf, inf, inf, inf, inf, inf, inf, inf, inf, inf, inf, inf, inf, inf, inf, inf, inf, inf, inf, inf, inf, inf, inf, inf, inf, inf, inf, inf, inf, inf, inf, inf, inf, inf, inf, inf, inf, inf, inf, inf, inf, inf, inf, inf, inf, inf, inf, inf, inf, inf, inf, inf, inf, inf, inf, inf, inf, inf, inf, inf, inf, inf, inf, inf, inf, inf, inf, inf, inf, inf, inf, inf, inf, inf, inf, inf, inf, inf, inf, inf, inf, inf, inf, inf, inf, inf, inf]),0.01749303564429283,941608000000
array('f', [inf, inf, inf, inf, inf, inf, inf, inf, inf, inf, inf, inf, inf, inf, inf, inf, inf, inf, inf, inf, inf, inf, inf, inf, inf, inf, inf, inf, inf, inf, inf, inf, inf, inf, inf, inf, inf, inf, inf, inf, inf, inf, inf, inf, inf, inf, inf, inf, inf, inf, inf, inf, inf, inf, inf, inf, inf, inf, inf, inf, inf, inf, inf, inf, inf, inf, inf, inf, inf, inf, inf, inf, inf, inf, inf, inf, inf, inf, inf, inf, inf, inf, inf, inf, inf, inf, inf, inf, inf, inf, inf, inf, inf, inf, inf, inf, inf, inf, inf, inf, inf, inf, inf, inf, inf, inf, inf, inf, inf, inf, inf, inf, inf, inf, inf, inf, inf, inf, inf, inf, inf, inf, inf, inf, inf, inf, inf, inf, inf, inf, inf, inf, inf, inf, inf, inf, inf, inf, inf, inf, inf, inf, inf, inf, inf, inf, inf, inf, inf, inf, inf, inf, inf, inf, inf, 3.498157024383545, 3.4724204540252686, inf, inf, inf, inf, inf, inf, inf, 2.840648651123047, inf, inf, inf, inf, inf, inf, 3.073807954788208, 3.082643747329712, 3.0553319454193115, 3.0472164154052734, 3.0254294872283936, 3.028120994567871, 2.998964309692383, 2.9875571727752686, 3.0039288997650146, 2.9868052005767822, 2.979254961013794, 2.991840362548828, 2.996504545211792, 2.967474937438965, 2.987980604171753, 2.9750304222106934, 2.9860079288482666, 2.9653079509735107, 2.972817897796631, 2.969871997833252, 2.981368064880371, 2.9930408000946045, 2.984285354614258, 2.998936891555786, 2.9943180084228516, 3.0109095573425293, 3.052823066711426, 3.040997266769409, 3.0686657428741455, 3.0604512691497803, 3.0877907276153564, 3.105823278427124, 3.10101318359375, 3.113757848739624, 3.1386725902557373, 3.1523258686065674, 3.179630994796753, 3.1943154335021973, 3.221163034439087, 3.258521556854248, 3.262204170227051, 3.2826907634735107, 3.3210599422454834, 3.3547236919403076, 3.384700298309326, 3.424978733062744, 3.44376277923584, 3.487902879714966, inf, inf, inf, inf, inf, inf, inf, inf, inf, inf, inf, inf, inf, inf, inf, inf, inf, inf, inf, inf, inf, inf, inf, inf, inf, inf, inf, inf, inf, inf, inf, inf, inf, inf, inf, inf, inf, inf, inf, inf, inf, inf, inf, inf, inf, inf, inf, inf, inf, inf, inf, inf, inf, inf, inf, inf, inf, inf, inf, inf, inf, inf, inf, inf, inf, inf, inf, inf, inf, inf, inf, inf, inf, inf, inf, inf, inf, inf, inf, inf, inf, inf, inf, inf, inf, inf, inf, inf, inf, inf, inf, inf, inf, inf, inf, inf, inf, inf, inf, inf, inf, inf, inf, inf, inf, inf, inf, inf, inf, inf, inf, inf, inf, inf, inf, inf, inf, inf, inf, inf, inf, inf, inf, inf, inf, inf, inf, inf, inf, inf, inf, inf, inf, inf, inf, inf, inf, inf, inf, inf, inf]),0.01749303564429283,941808000000
array('f', [inf, inf, inf, inf, inf, inf, inf, inf, inf, inf, inf, inf, inf, inf, inf, inf, inf, inf, inf, inf, inf, inf, inf, inf, inf, inf, inf, inf, inf, inf, inf, inf, inf, inf, inf, inf, inf, inf, inf, inf, inf, inf, inf, inf, inf, inf, inf, inf, inf, inf, inf, inf, inf, inf, inf, inf, inf, inf, inf, inf, inf, inf, inf, inf, inf, inf, inf, inf, inf, inf, inf, inf, inf, inf, inf, inf, inf, inf, inf, inf, inf, inf, inf, inf, inf, inf, inf, inf, inf, inf, inf, inf, inf, inf, inf, inf, inf, inf, inf, inf, inf, inf, inf, inf, inf, inf, inf, inf, inf, inf, inf, inf, inf, inf, inf, inf, inf, inf, inf, inf, inf, inf, inf, inf, inf, inf, inf, inf, inf, inf, inf, inf, inf, inf, inf, inf, inf, inf, inf, inf, inf, inf, inf, inf, inf, inf, inf, inf, inf, inf, inf, inf, inf, inf, inf, inf, inf, 3.057044744491577, inf, inf, inf, inf, inf, 3.2666923999786377, 3.280665397644043, 3.253547191619873, 3.243924856185913, 3.223140239715576, 3.224698543548584, 3.219468355178833, 3.2012224197387695, 3.204241991043091, 3.1914570331573486, 3.1884114742279053, 3.17541241645813, 3.16853928565979, 3.1730713844299316, 3.180055618286133, 3.183549404144287, 3.172295093536377, 3.1675074100494385, 3.190920352935791, 3.1793763637542725, 3.185885429382324, 3.187255859375, 3.228217840194702, 3.1938483715057373, 3.231712579727173, 3.217024326324463, 3.2398815155029297, 3.2370517253875732, 3.2756876945495605, 3.292872667312622, 3.2912983894348145, 3.2921411991119385, 3.3341288566589355, 3.3425989151000977, 3.3656721115112305, 3.3889517784118652, 3.3987174034118652, 3.4384915828704834, 3.4512827396392822, 3.462373733520508, inf, inf, inf, inf, inf, inf, inf, inf, inf, inf, inf, inf, inf, inf, inf, inf, inf, inf, inf, inf, inf, inf, inf, inf, inf, inf, inf, inf, inf, inf, inf, inf, inf, inf, inf, inf, inf, inf, inf, inf, inf, inf, inf, inf, inf, inf, inf, inf, inf, inf, inf, inf, inf, inf, inf, inf, inf, inf, inf, inf, inf, inf, inf, inf, inf, inf, inf, inf, inf, inf, inf, inf, inf, inf, inf, inf, inf, inf, inf, inf, inf, inf, inf, inf, inf, inf, inf, inf, inf, inf, inf, inf, inf, inf, inf, inf, inf, inf, inf, inf, inf, inf, inf, inf, inf, inf, inf, inf, inf, inf, inf, inf, inf, inf, inf, inf, inf, inf, inf, inf, inf, inf, inf, inf, inf, inf, inf, inf, inf, inf, inf, inf, inf, inf, inf, inf, inf, inf, inf, inf, inf, inf, inf, inf, inf, inf, inf, inf, inf, inf, inf, inf, inf, inf, inf, inf, inf]),0.01749303564429283,942008000000
array('f', [inf, inf, inf, inf, inf, inf, inf, inf, inf, inf, inf, inf, inf, inf, inf, inf, inf, inf, inf, inf, inf, inf, inf, inf, inf, inf, inf, inf, inf, inf, inf, inf, inf, inf, inf, inf, inf, inf, inf, inf, inf, inf, inf, inf, inf, inf, inf, inf, inf, inf, inf, inf, inf, inf, inf, inf, inf, inf, inf, inf, inf, inf, inf, inf, inf, inf, inf, inf, inf, inf, inf, inf, inf, inf, inf, inf, inf, inf, inf, inf, inf, inf, inf, inf, inf, inf, inf, inf, inf, inf, inf, inf, inf, inf, inf, inf, inf, inf, inf, inf, inf, inf, inf, inf, inf, inf, inf, inf, inf, inf, inf, inf, inf, inf, inf, inf, inf, inf, inf, inf, inf, inf, inf, inf, inf, inf, inf, inf, inf, inf, inf, inf, inf, inf, inf, inf, inf, inf, inf, inf, inf, inf, inf, inf, inf, inf, inf, inf, inf, inf, 3.2142982482910156, inf, inf, inf, inf, 3.491771936416626, 3.4570863246917725, 3.4639720916748047, 3.420606851577759, 3.4501662254333496, 3.4221978187561035, 3.400642156600952, 3.402693748474121, 3.3767895698547363, 3.380572557449341, 3.3756957054138184, 3.4006426334381104, 3.3783373832702637, 3.362410306930542, 3.348339796066284, 3.3686203956604004, 3.37260103225708, 3.379153251647949, 3.397900342941284, 3.388158082962036, 3.4004533290863037, 3.3855738639831543, 3.369591236114502, 3.4079039096832275, 3.4127001762390137, 3.4322335720062256, 3.4465417861938477, 3.461622476577759, 3.4750595092773438, 3.468700647354126, inf, inf, inf, inf, inf, inf, inf, inf, inf, inf, inf, inf, inf, inf, inf, inf, inf, inf, inf, inf, inf, inf, inf, inf, inf, inf, inf, inf, inf, inf, inf, inf, inf, inf, inf, inf, inf, inf, inf, inf, inf, inf, inf, inf, inf, inf, inf, inf, inf, inf, inf, inf, inf, inf, inf, inf, inf, inf, inf, inf, inf, inf, inf, inf, inf, inf, inf, inf, inf, inf, inf, inf, inf, inf, inf, inf, inf, inf, inf, inf, inf, inf, inf, inf, inf, inf, inf, inf, inf, inf, inf, inf, inf, inf, inf, inf, inf, inf, inf, inf, inf, inf, inf, inf, inf, inf, inf, inf, inf, inf, inf, inf, inf, inf, inf, inf, inf, inf, inf, inf, inf, inf, inf, inf, inf, inf, inf, inf, inf, inf, inf, inf, inf, inf, inf, inf, inf, inf, inf, inf, inf, inf, inf, inf, inf, inf, inf, inf, inf, inf, inf, inf, inf, inf, inf, inf, inf, inf, inf, inf, inf, inf, inf, inf, inf, inf, inf, inf, inf, inf, inf, inf, inf, inf, inf]),0.01749303564429283,942208000000
array('f', [inf, inf, inf, inf, inf, inf, inf, inf, inf, inf, inf, inf, inf, inf, inf, inf, inf, inf, inf, inf, inf, inf, inf, inf, inf, inf, inf, inf, inf, inf, inf, inf, inf, inf, inf, inf, inf, inf, inf, inf, inf, inf, inf, inf, inf, inf, inf, inf, inf, inf, inf, inf, inf, inf, inf, inf, inf, inf, inf, inf, inf, inf, inf, inf, inf, inf, inf, inf, inf, inf, inf, inf, inf, inf, inf, inf, inf, inf, inf, inf, inf, inf, inf, inf, inf, inf, inf, inf, inf, inf, inf, inf, inf, inf, inf, inf, inf, inf, inf, inf, inf, inf, inf, inf, inf, inf, inf, inf, inf, inf, inf, inf, inf, inf, inf, inf, inf, inf, inf, inf, inf, inf, inf, inf, inf, inf, inf, inf, inf, inf, inf, inf, inf, inf, inf, inf, inf, inf, inf, inf, inf, inf, inf, 3.3829405307769775, inf, inf, inf, inf, inf, inf, inf, inf, inf, inf, inf, inf, inf, inf, inf, inf, inf, inf, inf, inf, inf, inf, inf, inf, inf, inf, inf, inf, inf, inf, inf, inf, inf, inf, inf, inf, inf, inf, inf, inf, inf, inf, inf, inf, inf, inf, inf, inf, inf, inf, inf, inf, inf, inf, inf, inf, inf, inf, inf, inf, inf, inf, inf, inf, inf, inf, inf, inf, inf, inf, inf, inf, inf, inf, inf, inf, inf, inf, inf, inf, inf, inf, inf, inf, inf, inf, inf, inf, inf, inf, inf, inf, inf, inf, inf, inf, inf, inf, inf, inf, inf, inf, inf, inf, inf, inf, inf, inf, inf, inf, inf, inf, inf, inf, inf, inf, inf, inf, inf, inf, inf, inf, inf, inf, inf, inf, inf, inf, inf, inf, inf, inf, inf, inf, inf, inf, inf, inf, inf, inf, inf, inf, inf, inf, inf, inf, inf, inf, inf, inf, inf, inf, inf, inf, inf, inf, inf, inf, inf, inf, inf, inf, inf, inf, inf, inf, inf, inf, inf, inf, inf, inf, inf, inf, inf, inf, inf, inf, inf, inf, inf, inf, inf, inf, inf, inf, inf, inf, inf, inf, inf, inf, inf, inf, inf, inf, inf, inf, inf, inf, inf, inf, inf, inf, inf, inf, inf, inf, inf, inf, inf, inf, inf, inf, inf, inf]),0.01749303564429283,942408000000
array('f', [inf, inf, inf, inf, inf, inf, inf, inf, inf, inf, inf, inf, inf, inf, inf, inf, inf, inf, inf, inf, inf, inf, inf, inf, inf, inf, inf, inf, inf, inf, inf, inf, inf, inf, inf, inf, inf, inf, inf, inf, inf, inf, inf, inf, inf, inf, inf, inf, inf, inf, inf, inf, inf, inf, inf, inf, inf, inf, inf, inf, inf, inf, inf, inf, inf, inf, inf, inf, inf, inf, inf, inf, inf, inf, inf, inf, inf, inf, inf, inf, inf, inf, inf, inf, inf, inf, inf, inf, inf, inf, inf, inf, inf, inf, inf, inf, inf, inf, inf, inf, inf, inf, inf, inf, inf, inf, inf, inf, inf, inf, inf, inf, inf, inf, inf, inf, inf, inf, inf, inf, inf, inf, inf, inf, inf, inf, inf, inf, inf, inf, inf, inf, inf, inf, inf, inf, inf, inf, inf, inf, inf, inf, inf, inf, inf, inf, inf, inf, inf, inf, inf, inf, inf, inf, inf, inf, inf, inf, inf, inf, inf, inf, inf, inf, inf, inf, inf, inf, inf, inf, inf, inf, inf, inf, inf, inf, inf, inf, inf, inf, inf, inf, inf, inf, inf, inf, inf, inf, inf, inf, inf, inf, inf, inf, inf, inf, inf, inf, inf, inf, inf, inf, inf, inf, inf, inf, inf, inf, inf, inf, inf, inf, inf, inf, inf, inf, inf, inf, inf, inf, inf, inf, inf, inf, inf, inf, inf, inf, inf, inf, inf, inf, inf, inf, inf, inf, inf, inf, inf, inf, inf, inf, inf, inf, inf, inf, inf, inf, inf, inf, inf, inf, inf, inf, inf, inf, inf, inf, inf, inf, inf, inf, inf, inf, inf, inf, inf, inf, inf, inf, inf, inf, inf, inf, inf, inf, inf, inf, inf, inf, inf, inf, inf, inf, inf, inf, inf, inf, inf, inf, inf, inf, inf, inf, inf, inf, inf, inf, inf, inf, inf, inf, inf, inf, inf, inf, inf, inf, inf, inf, inf, inf, inf, inf, inf, inf, inf, inf, inf, inf, inf, inf, inf, inf, inf, inf, inf, inf, inf, inf, inf, inf, inf, inf, inf, inf, inf, inf, inf, inf, inf, inf, inf, inf, inf, inf, inf, inf, inf, inf, inf, inf, inf, inf, inf, inf, inf, inf, inf, inf]),0.01749303564429283,942608000000
array('f', [inf, inf, inf, inf, inf, inf, inf, inf, inf, inf, inf, inf, inf, inf, inf, inf, inf, inf, inf, inf, inf, inf, inf, inf, inf, inf, inf, inf, inf, inf, inf, inf, inf, inf, inf, inf, inf, inf, inf, inf, inf, inf, inf, inf, inf, inf, inf, inf, inf, inf, inf, inf, inf, inf, inf, inf, inf, inf, inf, inf, inf, inf, inf, inf, inf, inf, inf, inf, inf, inf, inf, inf, inf, inf, inf, inf, inf, inf, inf, inf, inf, inf, inf, inf, inf, inf, inf, inf, inf, inf, inf, inf, inf, inf, inf, inf, inf, inf, inf, inf, inf, inf, inf, inf, inf, inf, inf, inf, inf, inf, inf, inf, inf, inf, inf, inf, inf, inf, inf, inf, inf, inf, inf, inf, inf, inf, inf, inf, inf, inf, inf, inf, inf, inf, inf, inf, inf, inf, inf, inf, inf, inf, inf, inf, inf, inf, inf, inf, inf, inf, inf, inf, inf, inf, inf, inf, inf, inf, inf, inf, inf, inf, inf, inf, inf, inf, inf, inf, inf, inf, inf, inf, inf, inf, inf, inf, inf, inf, inf, inf, inf, inf, inf, inf, inf, inf, inf, inf, inf, inf, inf, inf, inf, inf, inf, inf, inf, inf, inf, inf, inf, inf, inf, inf, inf, inf, inf, inf, inf, inf, inf, inf, inf, inf, inf, inf, inf, inf, inf, inf, inf, inf, inf, inf, inf, inf, inf, inf, inf, inf, inf, inf, inf, inf, inf, inf, inf, inf, inf, inf, inf, inf, inf, inf, inf, inf, inf, inf, inf, inf, inf, inf, inf, inf, inf, inf, inf, inf, inf, inf, inf, inf, inf, inf, inf, inf, inf, inf, inf, inf, inf, inf, inf, inf, inf, inf, inf, inf, inf, inf, inf, inf, inf, inf, inf, inf, inf, inf, inf, inf, inf, inf, inf, inf, inf, inf, inf, inf, inf, inf, inf, inf, inf, inf, inf, inf, inf, inf, inf, inf, inf, inf, inf, inf, inf, inf, inf, inf, inf, inf, inf, inf, inf, inf, inf, inf, inf, inf, inf, inf, inf, inf, inf, inf, inf, inf, inf, inf, inf, inf, inf, inf, inf, inf, inf, inf, inf, inf, inf, inf, inf, inf, inf, inf, inf, inf, inf, inf, inf, inf]),0.01749303564429283,942808000000
array('f', [inf, inf, inf, inf, inf, inf, inf, inf, inf, inf, inf, inf, inf, inf, inf, inf, inf, inf, inf, inf, inf, inf, inf, inf, inf, inf, inf, inf, inf, inf, inf, inf, inf, inf, inf, inf, inf, inf, inf, inf, inf, inf, inf, inf, inf, inf, inf, inf, inf, inf, inf, inf, inf, inf, inf, inf, inf, inf, inf, inf, inf, inf, inf, inf, inf, inf, inf, inf, inf, inf, inf, inf, inf, inf, inf, inf, inf, inf, inf, inf, inf, inf, inf, inf, inf, inf, inf, inf, inf, inf, inf, inf, inf, inf, inf, inf, inf, inf, inf, inf, inf, inf, inf, inf, inf, inf, inf, inf, inf, inf, inf, inf, inf, inf, inf, inf, inf, inf, inf, inf, inf, inf, inf, inf, inf, inf, inf, inf, inf, inf, inf, inf, inf, inf, inf, inf, inf, inf, inf, inf, inf, inf, inf, inf, inf, inf, inf, inf, inf, inf, inf, inf, inf, inf, inf, inf, inf, inf, inf, inf, inf, inf, inf, inf, inf, inf, inf, inf, inf, inf, inf, inf, inf, inf, inf, inf, inf, inf, inf, inf, inf, inf, inf, inf, inf, inf, inf, inf, inf, inf, inf, inf, inf, inf, inf, inf, inf, inf, inf, inf, inf, inf, inf, inf, inf, inf, inf, inf, inf, inf, inf, inf, inf, inf, inf, inf, inf, inf, inf, inf, inf, inf, inf, inf, inf, inf, inf, inf, inf, inf, inf, inf, inf, inf, inf, inf, inf, inf, inf, inf, inf, inf, inf, inf, inf, inf, inf, inf, inf, inf, inf, inf, inf, inf, inf, inf, inf, inf, inf, inf, inf, inf, inf, inf, inf, inf, inf, inf, inf, inf, inf, inf, inf, inf, inf, inf, inf, inf, inf, inf, inf, inf, inf, inf, inf, inf, inf, inf, inf, inf, inf, inf, inf, inf, inf, inf, inf, inf, inf, inf, inf, inf, inf, inf, inf, inf, inf, inf, inf, inf, inf, inf, inf, inf, inf, inf, inf, inf, inf, inf, inf, inf, inf, inf, inf, inf, inf, inf, inf, inf, inf, inf, inf, inf, inf, inf, inf, inf, inf, inf, inf, inf, inf, inf, inf, inf, inf, inf, inf, inf, inf, inf, inf, inf, inf, inf, inf, inf, inf, inf]),0.01749303564429283,943008000000
array('f', [inf, inf, inf, inf, inf, inf, inf, inf, inf, inf, inf, inf, inf, inf, inf, inf, inf, inf, inf, inf, inf, inf, inf, inf, inf, inf, inf, inf, inf, inf, inf, inf, inf, inf, inf, inf, inf, inf, inf, inf, inf, inf, inf, inf, inf, inf, inf, inf, inf, inf, inf, inf, inf, inf, inf, inf, inf, inf, inf, inf, inf, inf, inf, inf, inf, inf, inf, inf, inf, inf, inf, inf, inf, inf, inf, inf, inf, inf, inf, inf, inf, inf, inf, inf, inf, inf, inf, inf, inf, inf, inf, inf, inf, inf, inf, inf, inf, inf, inf, inf, inf, inf, inf, inf, inf, inf, inf, inf, inf, inf, inf, inf, inf, inf, inf, inf, inf, inf, inf, inf, inf, inf, inf, inf, inf, inf, inf, inf, inf, inf, inf, inf, inf, inf, inf, inf, inf, inf, inf, inf, inf, inf, inf, inf, inf, inf, inf, inf, inf, inf, inf, inf, inf, inf, inf, inf, inf, inf, inf, inf, inf, inf, inf, inf, inf, inf, inf, inf, inf, inf, inf, inf, inf, inf, inf, inf, inf, inf, inf, inf, inf, inf, inf, inf, inf, inf, inf, inf, inf, inf, inf, inf, inf, inf, inf, inf, inf, inf, inf, inf, inf, inf, inf, inf, inf, inf, inf, inf, inf, inf, inf, inf, inf, inf, inf, inf, inf, inf, inf, inf, inf, inf, inf, inf, inf, inf, inf, inf, inf, inf, inf, inf, inf, inf, inf, inf, inf, inf, inf, inf, inf, inf, inf, inf, inf, inf, inf, inf, inf, inf, inf, inf, inf, inf, inf, inf, inf, inf, inf, inf, inf, inf, inf, inf, inf, inf, inf, inf, inf, inf, inf, inf, inf, inf, inf, inf, inf, inf, inf, inf, inf, inf, inf, inf, inf, inf, inf, inf, inf, inf, inf, inf, inf, inf, inf, inf, inf, inf, inf, inf, inf, inf, inf, inf, inf, inf, inf, inf, inf, inf, inf, inf, inf, inf, inf, inf, inf, inf, inf, inf, inf, inf, inf, inf, inf, inf, inf, inf, inf, inf, inf, inf, inf, inf, inf, inf, inf, inf, inf, inf, inf, inf, inf, inf, inf, inf, inf, inf, inf, inf, inf, inf, inf, inf, inf, inf, inf, inf, inf, inf]),0.01749303564429283,943208000000
array('f', [inf, inf, inf, inf, inf, inf, inf, inf, inf, inf, inf, inf, inf, inf, inf, inf, inf, inf, inf, inf, inf, inf, inf, inf, inf, inf, inf, inf, inf, inf, inf, inf, inf, inf, inf, inf, inf, inf, inf, inf, inf, inf, inf, inf, inf, inf, inf, inf, inf, inf, inf, inf, inf, inf, inf, inf, inf, inf, inf, inf, inf, inf, inf, inf, inf, inf, inf, inf, inf, inf, inf, inf, inf, inf, inf, inf, inf, inf, inf, inf, inf, inf, inf, inf, inf, inf, inf, inf, inf, inf, inf, inf, inf, inf, inf, inf, inf, inf, inf, inf, inf, inf, inf, inf, inf, inf, inf, inf, inf, inf, inf, inf, inf, inf, inf, inf, inf, inf, inf, inf, inf, inf, inf, inf, inf, inf, inf, inf, inf, inf, inf, inf, inf, inf, inf, inf, inf, inf, inf, inf, inf, inf, inf, inf, inf, inf, inf, inf, inf, inf, inf, inf, inf, inf, inf, inf, inf, inf, inf, inf, inf, inf, inf, inf, inf, inf, inf, inf, inf, inf, inf, inf, inf, inf, inf, inf, inf, inf, inf, inf, inf, inf, inf, inf, inf, inf, inf, inf, inf, inf, inf, inf, inf, inf, inf, inf, inf, inf, inf, inf, inf, inf, inf, inf, inf, inf, inf, inf, inf, inf, inf, inf, inf, inf, inf, inf, inf, inf, inf, inf, inf, inf, inf, inf, inf, inf, inf, inf, inf, inf, inf, inf, inf, inf, inf, inf, inf, inf, inf, inf, inf, inf, inf, inf, inf, inf, inf, inf, inf, inf, inf, inf, inf, inf, inf, inf, inf, inf, inf, inf, inf, inf, inf, inf, inf, inf, inf, inf, inf, inf, inf, inf, inf, inf, inf, inf, inf, inf, inf, inf, inf, inf, inf, inf, inf, inf, inf, inf, inf, inf, inf, inf, inf, inf, inf, inf, inf, inf, inf, inf, inf, inf, inf, inf, inf, inf, inf, inf, inf, inf, inf, inf, inf, inf, inf, inf, inf, inf, inf, inf, inf, inf, inf, inf, inf, inf, inf, inf, inf, inf, inf, inf, inf, inf, inf, inf, inf, inf, inf, inf, inf, inf, inf, inf, inf, inf, inf, inf, inf, inf, inf, inf, inf, inf, inf, inf, inf, inf, inf, inf]),0.01749303564429283,943408000000
array('f', [inf, inf, inf, inf, inf, inf, inf, inf, inf, inf, inf, inf, inf, inf, inf, inf, inf, inf, inf, inf, inf, inf, inf, inf, inf, inf, inf, inf, inf, inf, inf, inf, inf, inf, inf, inf, inf, inf, inf, inf, inf, inf, inf, inf, inf, inf, inf, inf, inf, inf, inf, inf, inf, inf, inf, inf, inf, inf, inf, inf, inf, inf, inf, inf, inf, inf, inf, inf, inf, inf, inf, inf, inf, inf, inf, inf, inf, inf, inf, inf, inf, inf, inf, inf, inf, inf, inf, inf, inf, inf, inf, inf, inf, inf, inf, inf, inf, inf, inf, inf, inf, inf, inf, inf, inf, inf, inf, inf, inf, inf, inf, inf, inf, inf, inf, inf, inf, inf, inf, inf, inf, inf, inf, inf, inf, inf, inf, inf, inf, inf, inf, inf, inf, inf, inf, inf, inf, inf, inf, inf, inf, inf, inf, inf, inf, inf, inf, inf, inf, inf, inf, inf, inf, inf, inf, inf, inf, inf, inf, inf, inf, inf, inf, inf, inf, inf, inf, inf, inf, inf, inf, inf, inf, inf, inf, inf, inf, inf, inf, inf, inf, inf, inf, inf, inf, inf, inf, inf, inf, inf, inf, inf, inf, inf, inf, inf, inf, inf, inf, inf, inf, inf, inf, inf, inf, inf, inf, inf, inf, inf, inf, inf, inf, inf, inf, inf, inf, inf, inf, inf, inf, inf, inf, inf, inf, inf, inf, inf, inf, inf, inf, inf, inf, inf, inf, inf, inf, inf, inf, inf, inf, inf, inf, inf, inf, inf, inf, inf, inf, inf, inf, inf, inf, inf, inf, inf, inf, inf, inf, inf, inf, inf, inf, inf, inf, inf, inf, inf, inf, inf, inf, inf, inf, inf, inf, inf, inf, inf, inf, inf, inf, inf, inf, inf, inf, inf, inf, inf, inf, inf, inf, inf, inf, inf, inf, inf, inf, inf, inf, inf, inf, inf, inf, inf, inf, inf, inf, inf, inf, inf, inf, inf, inf, inf, inf, inf, inf, inf, inf, inf, inf, inf, inf, inf, inf, inf, inf, inf, inf, inf, inf, inf, inf, inf, inf, inf, inf, inf, inf, inf, inf, inf, inf, inf, inf, inf, inf, inf, inf, inf, inf, inf, inf, inf, inf, inf, inf, inf, inf, inf]),0.01749303564429283,943608000000
array('f', [inf, inf, inf, inf, inf, inf, inf, inf, inf, inf, inf, inf, inf, inf, inf, inf, inf, inf, inf, inf, inf, inf, inf, inf, inf, inf, inf, inf, inf, inf, inf, inf, inf, inf, inf, inf, inf, inf, inf, inf, inf, inf, inf, inf, inf, inf, inf, inf, inf, inf, inf, inf, inf, inf, inf, inf, inf, inf, inf, inf, inf, inf, inf, inf, inf, inf, inf, inf, inf, inf, inf, inf, inf, inf, inf, inf, inf, inf, inf, inf, inf, inf, inf, inf, inf, inf, inf, inf, inf, inf, inf, inf, inf, inf, inf, inf, inf, inf, inf, inf, inf, inf, inf, inf, inf, inf, inf, inf, inf, inf, inf, inf, inf, inf, inf, inf, inf, inf, inf, inf, inf, inf, inf, inf, inf, inf, inf, inf, inf, inf, inf, inf, inf, inf, inf, inf, inf, inf, inf, inf, inf, inf, inf, inf, inf, inf, inf, inf, inf, inf, inf, inf, inf, inf, inf, inf, inf, inf, inf, inf, inf, inf, inf, inf, inf, inf, inf, inf, inf, inf, inf, inf, inf, inf, inf, inf, inf, inf, inf, inf, inf, inf, inf, inf, inf, inf, inf, inf, inf, inf, inf, inf, inf, inf, inf, inf, inf, inf, inf, inf, inf, inf, inf, inf, inf, inf, inf, inf, inf, inf, inf, inf, inf, inf, inf, inf, inf, inf, inf, inf, inf, inf, inf, inf, inf, inf, inf, inf, inf, inf, inf, inf, inf, inf, inf, inf, inf, inf, inf, inf, inf, inf, inf, inf, inf, inf, inf, inf, inf, inf, inf, inf, inf, inf, inf, inf, inf, inf, inf, inf, inf, inf, inf, inf, inf, inf, inf, inf, inf, inf, inf, inf, inf, inf, inf, inf, inf, inf, inf, inf, inf, inf, inf, inf, inf, inf, inf, inf, inf, inf, inf, inf, inf, inf, inf, inf, inf, inf, inf, inf, inf, inf, inf, inf, inf, inf, inf, inf, inf, inf, inf, inf, inf, inf, inf, inf, inf, inf, inf, inf, inf, inf, inf, inf, inf, inf, inf, inf, inf, inf, inf, inf, inf, inf, inf, inf, inf, inf, inf, inf, inf, inf, inf, inf, inf, inf, inf, inf, inf, inf, inf, inf, inf, inf, inf, inf, inf, inf, inf, inf]),0.01749303564429283,943808000000
array('f', [inf, inf, inf, inf, inf, inf, inf, inf, inf, inf, inf, inf, inf, inf, inf, inf, inf, inf, inf, inf, inf, inf, inf, inf, inf, inf, inf, inf, inf, inf, inf, inf, inf, inf, inf, inf, inf, inf, inf, inf, inf, inf, inf, inf, inf, inf, inf, inf, inf, inf, inf, inf, inf, inf, inf, inf, inf, inf, inf, inf, inf, inf, inf, inf, inf, inf, inf, inf, inf, inf, inf, inf, inf, inf, inf, inf, inf, inf, inf, inf, inf, inf, inf, inf, inf, inf, inf, inf, inf, inf, inf, inf, inf, inf, inf, inf, inf, inf, inf, inf, inf, inf, inf, inf, inf, inf, inf, inf, inf, inf, inf, inf, inf, inf, inf, inf, inf, inf, inf, inf, inf, inf, inf, inf, inf, inf, inf, inf, inf, inf, inf, inf, inf, inf, inf, inf, inf, inf, inf, inf, inf, inf, inf, inf, inf, inf, inf, inf, inf, inf, inf, inf, inf, inf, inf, inf, inf, inf, inf, inf, inf, inf, inf, inf, inf, inf, inf, inf, inf, inf, inf, inf, inf, inf, inf, inf, inf, inf, inf, inf, inf, inf, inf, inf, inf, inf, inf, inf, inf, inf, inf, inf, inf, inf, inf, inf, inf, inf, inf, inf, inf, inf, inf, inf, inf, inf, inf, inf, inf, inf, inf, inf, inf, inf, inf, inf, inf, inf, inf, inf, inf, inf, inf, inf, inf, inf, inf, inf, inf, inf, inf, inf, inf, inf, inf, inf, inf, inf, inf, inf, inf, inf, inf, inf, inf, inf, inf, inf, inf, inf, inf, inf, inf, inf, inf, inf, inf, inf, inf, inf, inf, inf, inf, inf, inf, inf, inf, inf, inf, inf, inf, inf, inf, inf, inf, inf, inf, inf, inf, inf, inf, inf, inf, inf, inf, inf, inf, inf, inf, inf, inf, inf, inf, inf, inf, inf, inf, inf, inf, inf, inf, inf, inf, inf, inf, inf, inf, inf, inf, inf, inf, inf, inf, inf, inf, inf, inf, inf, inf, inf, inf, inf, inf, inf, inf, inf, inf, inf, inf, inf, inf, inf, inf, inf, inf, inf, inf, inf, inf, inf, inf, inf, inf, inf, inf, inf, inf, inf, inf, inf, inf, inf, inf, inf, inf, inf, inf, inf, inf, inf]),0.01749303564429283,944008000000
array('f', [inf, inf, inf, inf, inf, inf, inf, inf, inf, inf, inf, inf, inf, inf, inf, inf, inf, inf, inf, inf, inf, inf, inf, inf, inf, inf, inf, inf, inf, inf, inf, inf, inf, inf, inf, inf, inf, inf, inf, inf, inf, inf, inf, inf, inf, inf, inf, inf, inf, inf, inf, inf, inf, inf, inf, inf, inf, inf, inf, inf, inf, inf, inf, inf, inf, inf, inf, inf, inf, inf, inf, inf, inf, inf, inf, inf, inf, inf, inf, inf, inf, inf, inf, inf, inf, inf, inf, inf, inf, inf, inf, inf, inf, inf, inf, inf, inf, inf, inf, inf, inf, inf, inf, inf, inf, inf, inf, inf, inf, inf, inf, inf, inf, inf, inf, inf, inf, inf, inf, inf, inf, inf, inf, inf, inf, inf, inf, inf, inf, inf, inf, inf, inf, inf, inf, inf, inf, inf, inf, inf, inf, inf, inf, inf, inf, inf, inf, inf, inf, inf, inf, inf, inf, inf, inf, inf, inf, inf, inf, inf, inf, inf, inf, inf, inf, inf, inf, inf, inf, inf, inf, inf, inf, inf, inf, inf, inf, inf, inf, inf, inf, inf, inf, inf, inf, inf, inf, inf, inf, inf, inf, inf, inf, inf, inf, inf, inf, inf, inf, inf, inf, inf, inf, inf, inf, inf, inf, inf, inf, inf, inf, inf, inf, inf, inf, inf, inf, inf, inf, inf, inf, inf, inf, inf, inf, inf, inf, inf, inf, inf, inf, inf, inf, inf, inf, inf, inf, inf, inf, inf, inf, inf, inf, inf, inf, inf, inf, inf, inf, inf, inf, inf, inf, inf, inf, inf, inf, inf, inf, inf, inf, inf, inf, inf, inf, inf, inf, inf, inf, inf, inf, inf, inf, inf, inf, inf, inf, inf, inf, inf, inf, inf, inf, inf, inf, inf, inf, inf, inf, inf, inf, inf, inf, inf, inf, inf, inf, inf, inf, inf, inf, inf, inf, inf, inf, inf, inf, inf, inf, inf, inf, inf, inf, inf, inf, inf, inf, inf, inf, inf, inf, inf, inf, inf, inf, inf, inf, inf, inf, inf, inf, inf, inf, inf, inf, inf, inf, inf, inf, inf, inf, inf, inf, inf, inf, inf, inf, inf, inf, inf, inf, inf, inf, inf, inf, inf, inf, inf, inf, inf]),0.01749303564429283,944208000000
array('f', [inf, inf, inf, inf, inf, inf, inf, inf, inf, inf, inf, inf, inf, inf, inf, inf, inf, inf, inf, inf, inf, inf, inf, inf, inf, inf, inf, inf, inf, inf, inf, inf, inf, inf, inf, inf, inf, inf, inf, inf, inf, inf, inf, inf, inf, inf, inf, inf, inf, inf, inf, inf, inf, inf, inf, inf, inf, inf, inf, inf, inf, inf, inf, inf, inf, inf, inf, inf, inf, inf, inf, inf, inf, inf, inf, inf, inf, inf, inf, inf, inf, inf, inf, inf, inf, inf, inf, inf, inf, inf, inf, inf, inf, inf, inf, inf, inf, inf, inf, inf, inf, inf, inf, inf, inf, inf, inf, inf, inf, inf, inf, inf, inf, inf, inf, inf, inf, inf, inf, inf, inf, inf, inf, inf, inf, inf, inf, inf, inf, inf, inf, inf, inf, inf, inf, inf, inf, inf, inf, inf, inf, inf, inf, inf, inf, inf, inf, inf, inf, inf, inf, inf, inf, inf, inf, inf, inf, inf, inf, inf, inf, inf, inf, inf, inf, inf, inf, inf, inf, inf, inf, inf, inf, inf, inf, inf, inf, inf, inf, inf, inf, inf, inf, inf, inf, inf, inf, inf, inf, inf, inf, inf, inf, inf, inf, inf, inf, inf, inf, inf, inf, inf, inf, inf, inf, inf, inf, inf, inf, inf, inf, inf, inf, inf, inf, inf, inf, inf, inf, inf, inf, inf, inf, inf, inf, inf, inf, inf, inf, inf, inf, inf, inf, inf, inf, inf, inf, inf, inf, inf, inf, inf, inf, inf, inf, inf, inf, inf, inf, inf, inf, inf, inf, inf, inf, inf, inf, inf, inf, inf, inf, inf, inf, inf, inf, inf, inf, inf, inf, inf, inf, inf, inf, inf, inf, inf, inf, inf, inf, inf, inf, inf, inf, inf, inf, inf, inf, inf, inf, inf, inf, inf, inf, inf, inf, inf, inf, inf, inf, inf, inf, inf, inf, inf, inf, inf, inf, inf, inf, inf, inf, inf, inf, inf, inf, inf, inf, inf, inf, inf, inf, inf, inf, inf, inf, 3.46807599067688, 3.4443535804748535, 3.4436466693878174, 3.440180778503418, 3.415893316268921, 3.4074594974517822, 3.4180753231048584, 3.3955724239349365, 3.423353672027588, 3.4001410007476807, 3.40763783454895, 3.396955966949463, 3.404086112976074, 3.3982317447662354, 3.3856358528137207, 3.3860034942626953, 3.399132251739502, 3.4276609420776367, 3.421694755554199, 3.4125916957855225, 3.4243409633636475, 3.450958251953125, 3.457810401916504, 3.4742703437805176, 3.461979389190674, 3.481084108352661, inf, inf, inf, inf, inf, inf, inf, inf, inf]),0.01749303564429283,944408000000
array('f', [inf, inf, inf, inf, inf, inf, inf, inf, inf, inf, inf, inf, inf, inf, inf, inf, inf, inf, inf, inf, inf, inf, inf, inf, inf, inf, inf, inf, inf, inf, inf, inf, inf, inf, inf, inf, inf, inf, inf, inf, inf, inf, inf, inf, inf, inf, inf, inf, inf, inf, inf, inf, inf, inf, inf, inf, inf, inf, inf, inf, inf, inf, inf, inf, inf, inf, inf, inf, inf, inf, inf, inf, inf, inf, inf, inf, inf, inf, inf, inf, inf, inf, inf, inf, inf, inf, inf, inf, inf, inf, inf, inf, inf, inf, inf, inf, inf, inf, inf, inf, inf, inf, inf, inf, inf, inf, inf, inf, inf, inf, inf, inf, inf, inf, inf, inf, inf, inf, inf, inf, inf, inf, inf, inf, inf, inf, inf, inf, inf, inf, inf, inf, inf, inf, inf, inf, inf, inf, inf, inf, inf, inf, inf, inf, inf, inf, inf, inf, inf, inf, inf, inf, inf, inf, inf, inf, inf, inf, inf, inf, inf, inf, inf, inf, inf, inf, inf, inf, inf, inf, inf, inf, inf, inf, inf, inf, inf, inf, inf, inf, inf, inf, inf, inf, inf, inf, inf, inf, inf, inf, inf, inf, inf, inf, inf, inf, inf, inf, inf, inf, inf, inf, inf, inf, inf, inf, inf, inf, inf, inf, inf, inf, inf, inf, inf, inf, inf, inf, inf, inf, inf, inf, inf, inf, inf, inf, inf, inf, inf, inf, inf, inf, inf, inf, inf, inf, inf, inf, inf, inf, inf, inf, inf, inf, inf, inf, inf, inf, inf, inf, inf, inf, inf, inf, inf, inf, inf, inf, inf, inf, inf, inf, inf, inf, inf, inf, inf, inf, inf, inf, inf, inf, inf, inf, inf, inf, inf, inf, inf, inf, inf, inf, inf, inf, inf, inf, inf, inf, inf, inf, inf, inf, inf, inf, inf, inf, inf, inf, inf, inf, inf, inf, inf, inf, inf, inf, inf, inf, inf, inf, inf, inf, inf, 3.296450614929199, 3.3066036701202393, 3.279756546020508, 3.2659125328063965, 3.2775142192840576, 3.254415273666382, 3.2305455207824707, 3.2208895683288574, 3.2321510314941406, 3.2229392528533936, 3.2160332202911377, 3.221318006515503, 3.2172181606292725, 3.207777261734009, 3.2171125411987305, 3.233302354812622, 3.2218828201293945, 3.220385789871216, 3.216904401779175, 3.237523078918457, 3.240428924560547, 3.242936849594116, 3.2587172985076904, 3.267932891845703, 3.264833450317383, 3.289285659790039, 3.289374589920044, 3.3060081005096436, 3.3161420822143555, 3.335745334625244, 3.3511719703674316, 3.356259822845459, 3.4043502807617188, 3.411733627319336, 3.4517054557800293, 3.4710872173309326, 3.490050792694092, inf, inf, inf, inf, inf, inf, inf, inf, inf, inf]),0.01749303564429283,944608000000
array('f', [inf, inf, inf, inf, inf, inf, inf, inf, inf, inf, inf, inf, inf, inf, inf, inf, inf, inf, inf, inf, inf, inf, inf, inf, inf, inf, inf, inf, inf, inf, inf, inf, inf, inf, inf, inf, inf, inf, inf, inf, inf, inf, inf, inf, inf, inf, inf, inf, inf, inf, inf, inf, inf, inf, inf, inf, inf, inf, inf, inf, inf, inf, inf, inf, inf, inf, inf, inf, inf, inf, inf, inf, inf, inf, inf, inf, inf, inf, inf, inf, inf, inf, inf, inf, inf, inf, inf, inf, inf, inf, inf, inf, inf, inf, inf, inf, inf, inf, inf, inf, inf, inf, inf, inf, inf, inf, inf, inf, inf, inf, inf, inf, inf, inf, inf, inf, inf, inf, inf, inf, inf, inf, inf, inf, inf, inf, inf, inf, inf, inf, inf, inf, inf, inf, inf, inf, inf, inf, inf, inf, inf, inf, inf, inf, inf, inf, inf, inf, inf, inf, inf, inf, inf, inf, inf, inf, inf, inf, inf, inf, inf, inf, inf, inf, inf, inf, inf, inf, inf, inf, inf, inf, inf, inf, inf, inf, inf, inf, inf, inf, inf, inf, inf, inf, inf, inf, inf, inf, inf, inf, inf, inf, inf, inf, inf, inf, inf, inf, inf, inf, inf, inf, inf, inf, inf, inf, inf, inf, inf, inf, inf, inf, inf, inf, inf, inf, inf, inf, inf, inf, inf, inf, inf, inf, inf, inf, inf, inf, inf, inf, inf, inf, inf, inf, inf, inf, inf, inf, inf, inf, inf, inf, inf, inf, inf, inf, inf, inf, inf, inf, inf, inf, inf, inf, inf, inf, inf, inf, inf, inf, inf, inf, inf, inf, inf, inf, inf, inf, inf, inf, inf, inf, inf, inf, inf, inf, inf, inf, inf, inf, inf, inf, inf, inf, inf, inf, inf, inf, inf, inf, inf, inf, inf, inf, inf, inf, inf, inf, inf, 3.1796934604644775, 3.1779861450195312, 3.150123119354248, 3.1396396160125732, 3.1143198013305664, 3.135394811630249, 3.1047701835632324, 3.1186368465423584, 3.077880620956421, 3.0808117389678955, 3.0664432048797607, 3.055277109146118, 3.0609755516052246, 3.0563669204711914, 3.0571839809417725, 3.0519487857818604, 3.064619302749634, 3.056680202484131, 3.0547237396240234, 3.0549657344818115, 3.0724711418151855, 3.0674867630004883, 3.056246757507324, 3.0681941509246826, 3.0791666507720947, 3.0740745067596436, 3.106762647628784, 3.1105875968933105, 3.1195240020751953, 3.137418508529663, 3.1383895874023438, 3.161708354949951, 3.16977596282959, 3.179363250732422, 3.2024738788604736, 3.1912267208099365, 3.2386538982391357, 3.253899335861206, 3.256986141204834, 3.287400960922241, 3.332292318344116, 3.344029664993286, 3.3534042835235596, 3.400357723236084, 3.449833393096924, 3.451479911804199, inf, inf, inf, inf, inf, inf, inf, inf, inf, inf, inf, inf, inf, inf, inf]),0.01749303564429283,944808000000
array('f', [inf, inf, inf, inf, inf, inf, inf, inf, inf, inf, inf, inf, inf, inf, inf, inf, inf, inf, inf, inf, inf, inf, inf, inf, inf, inf, inf, inf, inf, inf, inf, inf, inf, inf, inf, inf, inf, inf, inf, inf, inf, inf, inf, inf, inf, inf, inf, inf, inf, inf, inf, inf, inf, inf, inf, inf, inf, inf, inf, inf, inf, inf, inf, inf, inf, inf, inf, inf, inf, inf, inf, inf, inf, inf, inf, inf, inf, inf, inf, inf, inf, inf, inf, inf, inf, inf, inf, inf, inf, inf, inf, inf, inf, inf, inf, inf, inf, inf, inf, inf, inf, inf, inf, inf, inf, inf, inf, inf, inf, inf, inf, inf, inf, inf, inf, inf, inf, inf, inf, inf, inf, inf, inf, inf, inf, inf, inf, inf, inf, inf, inf, inf, inf, inf, inf, inf, inf, inf, inf, inf, inf, inf, inf, inf, inf, inf, inf, inf, inf, inf, inf, inf, inf, inf, inf, inf, inf, inf, inf, inf, inf, inf, inf, inf, inf, inf, inf, inf, inf, inf, inf, inf, inf, inf, inf, inf, inf, inf, inf, inf, inf, inf, inf, inf, inf, inf, inf, inf, inf, inf, inf, inf, inf, inf, inf, inf, inf, inf, inf, inf, inf, inf, inf, inf, inf, inf, inf, inf, inf, inf, inf, inf, inf, inf, inf, inf, inf, inf, inf, inf, inf, inf, inf, inf, inf, inf, inf, inf, inf, inf, inf, inf, inf, inf, inf, inf, inf, inf, inf, inf, inf, inf, inf, inf, inf, inf, inf, inf, inf, inf, inf, inf, inf, inf, inf, inf, inf, inf, inf, inf, inf, inf, inf, inf, inf, inf, inf, inf, inf, inf, inf, inf, inf, inf, inf, inf, inf, inf, inf, inf, inf, inf, inf, inf, inf, 3.1170387268066406, 3.0919995307922363, 3.064178943634033, 3.0661780834198, 3.024038791656494, 3.0247716903686523, 2.9989376068115234, 2.9728407859802246, 2.9759483337402344, 2.9743518829345703, 2.9441630840301514, 2.957685947418213, 2.9449546337127686, 2.933018207550049, 2.934621572494507, 2.9130656719207764, 2.9366419315338135, 2.9225311279296875, 2.9117634296417236, 2.9173667430877686, 2.9269821643829346, 2.9047415256500244, 2.9116740226745605, 2.9165968894958496, 2.9137468338012695, 2.918146848678589, 2.9471137523651123, 2.9300241470336914, 2.9449174404144287, 2.9529128074645996, 2.9724764823913574, 2.9714455604553223, 2.9747154712677, 2.9891269207000732, 2.999790668487549, 3.0424745082855225, 3.0291364192962646, 3.045365333557129, 3.063378095626831, 3.07236647605896, 3.095123291015625, 3.137078285217285, 3.1441972255706787, 3.1701650619506836, 3.180288553237915, 3.2283778190612793, 3.2541213035583496, 3.2763912677764893, 3.301398277282715, 3.3364334106445312, 3.3893826007843018, 3.4098594188690186, 3.441481590270996, 3.486323356628418, inf, inf, inf, inf, inf, inf, inf, inf, inf, inf, inf, inf, inf, inf, inf, inf, inf, inf, inf, inf, inf]),0.01749303564429283,945008000000
array('f', [inf, inf, inf, inf, inf, inf, inf, inf, inf, inf, inf, inf, inf, inf, inf, inf, inf, inf, inf, inf, inf, inf, inf, inf, inf, inf, inf, inf, inf, inf, inf, inf, inf, inf, inf, inf, inf, inf, inf, inf, inf, inf, inf, inf, inf, inf, inf, inf, inf, inf, inf, inf, inf, inf, inf, inf, inf, inf, inf, inf, inf, inf, inf, inf, inf, inf, inf, inf, inf, inf, inf, inf, inf, inf, inf, inf, inf, inf, inf, inf, inf, inf, inf, inf, inf, inf, inf, inf, inf, inf, inf, inf, inf, inf, inf, inf, inf, inf, inf, inf, inf, inf, inf, inf, inf, inf, inf, inf, inf, inf, inf, inf, inf, inf, inf, inf, inf, inf, inf, inf, inf, inf, inf, inf, inf, inf, inf, inf, inf, inf, inf, inf, inf, inf, inf, inf, inf, inf, inf, inf, inf, inf, inf, inf, inf, inf, inf, inf, inf, inf, inf, inf, inf, inf, inf, inf, inf, inf, inf, inf, inf, inf, inf, inf, inf, inf, inf, inf, inf, inf, inf, inf, inf, inf, inf, inf, inf, inf, inf, inf, inf, inf, inf, inf, inf, inf, inf, inf, inf, inf, inf, inf, inf, inf, inf, inf, inf, inf, inf, inf, inf, inf, inf, inf, inf, inf, inf, inf, inf, inf, inf, inf, inf, inf, inf, inf, inf, inf, inf, inf, inf, inf, inf, inf, inf, inf, inf, inf, inf, inf, inf, inf, inf, inf, inf, inf, inf, inf, inf, inf, inf, inf, inf, inf, inf, inf, inf, inf, inf, inf, inf, inf, inf, inf, inf, inf, inf, inf, inf, inf, inf, inf, inf, inf, inf, inf, inf, inf, inf, inf, inf, 3.04590106010437, 3.03310489654541, 3.002159357070923, 2.994816541671753, 2.970860242843628, 2.959482192993164, 2.939081907272339, 2.9309444427490234, 2.9109485149383545, 2.885913848876953, 2.896301031112671, 2.8825793266296387, 2.8644213676452637, 2.856746196746826, 2.8591532707214355, 2.8267788887023926, 2.8348798751831055, 2.8313562870025635, 2.8143904209136963, 2.8274147510528564, 2.8005118370056152, 2.835149049758911, 2.8238699436187744, 2.7905006408691406, 2.8026115894317627, 2.823826789855957, 2.7961032390594482, 2.816103219985962, 2.8325154781341553, 2.8369479179382324, 2.8411662578582764, 2.8467652797698975, 2.8401243686676025, 2.8518638610839844, 2.8674161434173584, 2.8921597003936768, 2.8955929279327393, 2.904677152633667, 2.928694009780884, 2.9196577072143555, 2.9489293098449707, 2.966804265975952, 2.984689950942993, 2.9969687461853027, 3.0193374156951904, 3.04054856300354, 3.0478355884552, 3.0733678340911865, 3.1133880615234375, 3.127573251724243, 3.138132095336914, 3.176879644393921, 3.2216734886169434, 3.2603862285614014, 3.292080879211426, 3.323615312576294, 3.3571770191192627, 3.4071409702301025, 3.4450371265411377, 3.4671247005462646, inf, inf, inf, inf, inf, inf, inf, inf, inf, inf, inf, inf, inf, inf, inf, inf, inf, inf, inf, inf, inf, inf, inf, inf, inf, inf, inf, inf, inf]),0.01749303564429283,945208000000
array('f', [inf, inf, inf, inf, inf, inf, inf, inf, inf, inf, inf, inf, inf, inf, inf, inf, inf, inf, inf, inf, inf, inf, inf, inf, inf, inf, inf, inf, inf, inf, inf, inf, inf, inf, inf, inf, inf, inf, inf, inf, inf, inf, inf, inf, inf, inf, inf, inf, inf, inf, inf, inf, inf, inf, inf, inf, inf, inf, inf, inf, inf, inf, inf, inf, inf, inf, inf, inf, inf, inf, inf, inf, inf, inf, inf, inf, inf, inf, inf, inf, inf, inf, inf, inf, inf, inf, inf, inf, inf, inf, inf, inf, inf, inf, inf, inf, inf, inf, inf, inf, inf, inf, inf, inf, inf, inf, inf, inf, inf, inf, inf, inf, inf, inf, inf, inf, inf, inf, inf, inf, inf, inf, inf, inf, inf, inf, inf, inf, inf, inf, inf, inf, inf, inf, inf, inf, inf, inf, inf, inf, inf, inf, inf, inf, inf, inf, inf, inf, inf, inf, inf, inf, inf, inf, inf, inf, inf, inf, inf, inf, inf, inf, inf, inf, inf, inf, inf, inf, inf, inf, inf, inf, inf, inf, inf, inf, inf, inf, inf, inf, inf, inf, inf, inf, inf, inf, inf, inf, inf, inf, inf, inf, inf, inf, inf, inf, inf, inf, inf, inf, inf, inf, inf, inf, inf, inf, inf, inf, inf, inf, inf, inf, inf, inf, inf, inf, inf, inf, inf, inf, inf, inf, inf, inf, inf, inf, inf, inf, inf, inf, inf, inf, inf, inf, inf, inf, inf, inf, inf, inf, inf, inf, inf, inf, inf, inf, inf, inf, inf, inf, inf, inf, inf, inf, inf, inf, 3.070842981338501, 3.0582990646362305, 3.0301949977874756, 3.0120139122009277, 2.968519687652588, 2.961369752883911, 2.9360618591308594, 2.9114584922790527, 2.8801140785217285, 2.8757846355438232, 2.8531153202056885, 2.852400302886963, 2.816795825958252, 2.8113925457000732, 2.8046915531158447, 2.7843148708343506, 2.786870002746582, 2.774061679840088, 2.778714895248413, 2.756075382232666, 2.7591423988342285, 2.765263795852661, 2.740360975265503, 2.7388572692871094, 2.734311103820801, 2.7448883056640625, 2.748108148574829, 2.7433524131774902, 2.7643649578094482, 2.7512199878692627, 2.737699508666992, 2.73535418510437, 2.772162437438965, 2.7578325271606445, 2.758967399597168, 2.745945692062378, 2.7680652141571045, 2.7804272174835205, 2.803009510040283, 2.7952816486358643, 2.811028480529785, 2.8227484226226807, 2.855229616165161, 2.8352344036102295, 2.8637850284576416, 2.8725168704986572, 2.912665605545044, 2.9149372577667236, 2.927206039428711, 2.9731507301330566, 2.9776039123535156, 2.995001792907715, 3.0170176029205322, 3.06646466255188, 3.0902762413024902, 3.1085550785064697, 3.1255574226379395, 3.1489577293395996, 3.2161285877227783, 3.2462282180786133, 3.274801015853882, 3.323075294494629, 3.3477118015289307, 3.378225326538086, 3.4307572841644287, 3.483715057373047, inf, inf, inf, inf, inf, inf, inf, inf, inf, inf, inf, inf, inf, inf, inf, inf, inf, inf, inf, inf, inf, inf, inf, inf, inf, inf, inf, inf, inf, inf, inf, inf, inf, inf, inf, inf, inf, inf]),0.01749303564429283,945408000000
array('f', [3.4789671897888184, 3.4796142578125, 3.4759912490844727, 3.4815781116485596, 3.4752180576324463, 3.4887921810150146, 3.463982343673706, 3.5, 3.5, inf, inf, inf, inf, inf, inf, inf, inf, inf, inf, inf, inf, inf, inf, inf, inf, inf, inf, inf, inf, inf, inf, inf, inf, inf, inf, inf, inf, inf, inf, inf, inf, inf, inf, inf, inf, inf, inf, inf, inf, inf, inf, inf, inf, inf, inf, inf, inf, inf, inf, inf, inf, inf, inf, inf, inf, inf, inf, inf, inf, inf, inf, inf, inf, inf, inf, inf, inf, inf, inf, inf, inf, inf, inf, inf, inf, inf, inf, inf, inf, inf, inf, inf, inf, inf, inf, inf, inf, inf, inf, inf, inf, inf, inf, inf, inf, inf, inf, inf, inf, inf, inf, inf, inf, inf, inf, inf, inf, inf, inf, inf, inf, inf, inf, inf, inf, inf, inf, inf, inf, inf, inf, inf, inf, inf, inf, inf, inf, inf, inf, inf, inf, inf, inf, inf, inf, inf, inf, inf, inf, inf, inf, inf, inf, inf, inf, inf, inf, inf, inf, inf, inf, inf, inf, inf, inf, inf, inf, inf, inf, inf, inf, inf, inf, inf, inf, inf, inf, inf, inf, inf, inf, inf, inf, inf, inf, inf, inf, inf, inf, inf, inf, inf, inf, inf, inf, inf, inf, inf, inf, inf, inf, inf, inf, inf, inf, inf, inf, inf, inf, inf, inf, inf, inf, inf, inf, inf, inf, inf, inf, inf, inf, inf, inf, inf, inf, inf, inf, inf, inf, inf, inf, inf, inf, inf, inf, inf, inf, inf, inf, inf, inf, 3.137662887573242, 3.1222434043884277, 3.0783603191375732, 3.050750970840454, 3.032902240753174, 3.0042784214019775, 2.9831531047821045, 2.957043409347534, 2.924412727355957, 2.890629768371582, 2.883866548538208, 2.8689892292022705, 2.8549840450286865, 2.8359568119049072, 2.8105080127716064, 2.802129030227661, 2.783543348312378, 2.788823127746582, 2.7748258113861084, 2.7752950191497803, 2.7610580921173096, 2.7514188289642334, 2.741776943206787, 2.737053632736206, 2.7193000316619873, 2.7226381301879883, 2.716862201690674, 2.697289228439331, 2.7091763019561768, 2.7038633823394775, 2.70866322517395, 2.7074761390686035, 2.7042222023010254, 2.718446731567383, 2.6906886100769043, 2.7203805446624756, 2.6907286643981934, 2.715075969696045, 2.7233517169952393, 2.7331204414367676, 2.7578155994415283, 2.7535669803619385, 2.7707369327545166, 2.782252311706543, 2.779445171356201, 2.7856457233428955, 2.8098552227020264, 2.8141331672668457, 2.837611198425293, 2.853046178817749, 2.887618064880371, 2.9048914909362793, 2.897934913635254, 2.9388740062713623, 2.936445951461792, 2.9790685176849365, 3.0003862380981445, 3.017354726791382, 3.055816650390625, 3.094029426574707, 3.1034963130950928, 3.136134386062622, 3.177391290664673, 3.2133913040161133, 3.25708270072937, 3.2950589656829834, 3.315519332885742, 3.3716189861297607, 3.4081525802612305, 3.4705278873443604, inf, inf, inf, inf, inf, inf, inf, inf, inf, inf, inf, inf, inf, inf, inf, inf, inf, inf, inf, inf, inf, inf, inf, inf, inf, inf, inf, inf, inf, inf, inf, inf, inf, inf, inf, inf, inf, inf, inf, inf, inf, inf, inf, inf, 3.492201089859009, 3.494296073913574, 3.474851131439209, 3.466661214828491, 3.4649622440338135]),0.01749303564429283,945608000000
array('f', [inf, inf, inf, inf, inf, inf, inf, inf, inf, inf, inf, inf, inf, 3.186824321746826, inf, inf, inf, inf, inf, inf, inf, inf, inf, inf, inf, inf, inf, inf, inf, inf, inf, inf, inf, inf, inf, inf, inf, inf, inf, inf, inf, inf, inf, inf, inf, inf, inf, inf, inf, inf, inf, inf, inf, inf, inf, inf, inf, inf, inf, inf, inf, inf, inf, inf, inf, inf, inf, inf, inf, inf, inf, inf, inf, inf, inf, inf, inf, inf, inf, inf, inf, inf, inf, inf, inf, inf, inf, inf, inf, inf, inf, inf, inf, inf, inf, inf, inf, inf, inf, inf, inf, inf, inf, inf, inf, inf, inf, inf, inf, inf, inf, inf, inf, inf, inf, inf, inf, inf, inf, inf, inf, inf, inf, inf, inf, inf, inf, inf, inf, inf, inf, inf, inf, inf, inf, inf, inf, inf, inf, inf, inf, inf, inf, inf, inf, inf, inf, inf, inf, inf, inf, inf, inf, inf, inf, inf, inf, inf, inf, inf, inf, inf, inf, inf, inf, inf, inf, inf, inf, inf, inf, inf, inf, inf, inf, inf, inf, inf, inf, inf, inf, inf, inf, inf, inf, inf, inf, inf, inf, inf, inf, inf, inf, inf, inf, inf, inf, inf, inf, inf, inf, inf, inf, inf, inf, inf, inf, inf, inf, inf, inf, inf, inf, inf, inf, inf, inf, inf, inf, inf, inf, inf, inf, inf, inf, inf, 3.252373218536377, 3.217395305633545, 3.1867170333862305, 3.1591684818267822, 3.1324093341827393, 3.101912021636963, 3.066554307937622, 3.0513553619384766, 3.0062952041625977, 2.9908337593078613, 2.965132474899292, 2.9321820735931396, 2.9025988578796387, 2.9131147861480713, 2.8865528106689453, 2.8543989658355713, 2.847332239151001, 2.8317086696624756, 2.8216936588287354, 2.8191587924957275, 2.8099417686462402, 2.7632594108581543, 2.7688679695129395, 2.7424817085266113, 2.75071120262146, 2.7419652938842773, 2.759512424468994, 2.7385623455047607, 2.7085635662078857, 2.71116304397583, 2.7101659774780273, 2.7184741497039795, 2.714956760406494, 2.7048075199127197, 2.707425355911255, 2.7318167686462402, 2.7053682804107666, 2.728095531463623, 2.71830677986145, 2.7167131900787354, 2.7205958366394043, 2.711500883102417, 2.760361909866333, 2.738569498062134, 2.7429866790771484, 2.7666847705841064, 2.7700846195220947, 2.8154470920562744, 2.801457166671753, 2.8065109252929688, 2.8407487869262695, 2.846794366836548, 2.8677518367767334, 2.878720283508301, 2.8899388313293457, 2.900179386138916, 2.947488784790039, 2.9533231258392334, 2.963155746459961, 2.9927310943603516, 3.0239102840423584, 3.0391058921813965, 3.076793670654297, 3.1000559329986572, 3.140920639038086, 3.167452812194824, 3.1955671310424805, 3.252936363220215, 3.2701096534729004, 3.316624879837036, 3.37130069732666, 3.4153263568878174, 3.4659411907196045, inf, inf, inf, inf, inf, inf, inf, inf, inf, inf, inf, inf, inf, inf, inf, inf, inf, inf, inf, inf, inf, inf, inf, inf, inf, inf, inf, inf, inf, inf, 3.5, 3.45807147026062, 3.4591424465179443, 3.437957286834717, 3.422713279724121, 3.3970043659210205, 3.3834235668182373, 3.3563711643218994, 3.352954626083374, 3.3423666954040527, 3.3311104774475098, 3.3252410888671875, 3.3073065280914307, 3.3115532398223877, 3.2986342906951904, 3.2771058082580566, 3.288743495941162, 3.2810769081115723, 3.2900044918060303, 3.2847161293029785, 3.268805503845215, 3.269003391265869, 3.272813081741333, 3.277527332305908, 3.2743113040924072, 3.2879014015197754, 3.2969789505004883, 3.2883217334747314, 3.308697462081909, 3.3166451454162598, 3.3292393684387207]),0.01749303564429283,945808000000
array('f', [inf, 3.019599437713623, 2.9852476119995117, 3.391570568084717, 3.41493821144104, 3.441291570663452, 3.4918346405029297, inf, inf, inf, inf, inf, inf, inf, inf, inf, inf, inf, inf, inf, inf, inf, inf, inf, inf, inf, inf, inf, inf, inf, inf, inf, inf, inf, inf, inf, inf, inf, inf, inf, inf, inf, inf, inf, inf, inf, inf, inf, inf, inf, inf, inf, inf, inf, inf, inf, inf, inf, inf, inf, inf, inf, inf, inf, inf, inf, inf, inf, inf, inf, inf, inf, inf, inf, inf, inf, inf, inf, inf, inf, inf, inf, inf, inf, inf, inf, inf, inf, inf, inf, inf, inf, inf, inf, inf, inf, inf, inf, inf, inf, inf, inf, inf, inf, inf, inf, inf, inf, inf, inf, inf, inf, inf, inf, inf, inf, inf, inf, inf, inf, inf, inf, inf, inf, inf, inf, inf, inf, inf, inf, inf, inf, inf, inf, inf, inf, inf, inf, inf, inf, inf, inf, inf, inf, inf, inf, inf, inf, inf, inf, inf, inf, inf, inf, inf, inf, inf, inf, inf, inf, inf, inf, inf, inf, inf, inf, inf, inf, inf, inf, inf, inf, inf, inf, inf, inf, inf, inf, inf, inf, inf, inf, inf, inf, inf, inf, inf, inf, inf, inf, inf, inf, inf, inf, inf, inf, inf, inf, inf, inf, inf, inf, inf, inf, inf, inf, inf, inf, inf, inf, inf, inf, 3.417586326599121, 3.356999158859253, 3.3253417015075684, 3.270052433013916, 3.2458224296569824, 3.199155569076538, 3.1856369972229004, 3.151712656021118, 3.124878168106079, 3.107717275619507, 3.0653116703033447, 3.042020559310913, 3.0029730796813965, 2.988417148590088, 2.9761550426483154, 2.9562020301818848, 2.937392473220825, 2.907456398010254, 2.9026548862457275, 2.882620096206665, 2.8484203815460205, 2.8642139434814453, 2.839425563812256, 2.8213305473327637, 2.81227970123291, 2.7816410064697266, 2.79528546333313, 2.7904951572418213, 2.78733491897583, 2.7889254093170166, 2.7610111236572266, 2.7730889320373535, 2.7631187438964844, 2.7547433376312256, 2.777095079421997, 2.7584285736083984, 2.737295627593994, 2.7491519451141357, 2.7552921772003174, 2.7670633792877197, 2.7838361263275146, 2.7777466773986816, 2.7676446437835693, 2.7562193870544434, 2.7961604595184326, 2.7882261276245117, 2.8209638595581055, 2.8175547122955322, 2.8219919204711914, 2.8487019538879395, 2.832115411758423, 2.8755574226379395, 2.885105848312378, 2.890164375305176, 2.9047868251800537, 2.9232754707336426, 2.9453468322753906, 2.9523348808288574, 2.9843661785125732, 3.0067951679229736, 3.028716802597046, 3.0521507263183594, 3.067256212234497, 3.1048290729522705, 3.141648530960083, 3.1632776260375977, 3.1817727088928223, 3.245389699935913, 3.254321813583374, 3.302978277206421, 3.338712692260742, 3.38659405708313, 3.428004026412964, 3.455451250076294, inf, inf, inf, inf, inf, inf, inf, inf, inf, inf, inf, inf, inf, inf, inf, inf, inf, inf, inf, inf, inf, inf, inf, inf, 3.4815587997436523, 3.4379208087921143, 3.421715021133423, 3.3897628784179688, 3.370685338973999, 3.3290746212005615, 3.3167777061462402, 3.2867414951324463, 3.2796597480773926, 3.24587082862854, 3.263671875, 3.222343683242798, 3.2049734592437744, 3.1851978302001953, 3.174767255783081, 3.1447346210479736, 3.152029514312744, 3.136718273162842, 3.1403110027313232, 3.1014184951782227, 3.103102445602417, 3.103848695755005, 3.1053593158721924, 3.0920960903167725, 3.0824902057647705, 3.0875697135925293, 3.0954716205596924, 3.0858497619628906, 3.08025860786438, 3.0698776245117188, 3.0894603729248047, 3.0983164310455322, 3.0848193168640137, 3.10159969329834, 3.097428798675537, 3.1127593517303467, 3.1360979080200195, inf, inf, inf, inf, inf, inf, inf, inf, inf, inf, inf, inf, inf]),0.01749303564429283,946008000000
array('f', [inf, inf, inf, inf, inf, inf, inf, inf, inf, inf, inf, inf, inf, inf, inf, inf, inf, inf, inf, inf, inf, inf, inf, inf, inf, inf, inf, inf, inf, inf, inf, inf, inf, inf, inf, inf, inf, inf, inf, inf, inf, inf, inf, inf, inf, inf, inf, inf, inf, inf, inf, inf, inf, inf, inf, inf, inf, inf, inf, inf, inf, inf, inf, inf, inf, inf, inf, inf, inf, inf, inf, inf, inf, inf, inf, inf, inf, inf, inf, inf, inf, inf, inf, inf, inf, inf, inf, inf, inf, inf, inf, inf, inf, inf, inf, inf, inf, inf, inf, inf, inf, inf, inf, inf, inf, inf, inf, inf, inf, inf, inf, inf, inf, inf, inf, inf, inf, inf, inf, inf, inf, inf, inf, inf, inf, inf, inf, inf, inf, inf, inf, inf, inf, inf, inf, inf, inf, inf, inf, inf, inf, inf, inf, inf, inf, inf, inf, inf, inf, inf, inf, inf, inf, inf, inf, inf, inf, inf, inf, inf, inf, inf, inf, inf, inf, inf, inf, inf, inf, inf, inf, inf, inf, inf, inf, inf, inf, inf, inf, inf, inf, inf, inf, inf, inf, inf, inf, inf, inf, inf, inf, inf, inf, inf, inf, inf, inf, inf, inf, inf, 3.4869937896728516, 3.4645771980285645, 3.4109551906585693, 3.3584070205688477, 3.3394360542297363, 3.301438093185425, 3.2561020851135254, 3.237016439437866, 3.201784133911133, 3.1748046875, 3.147753953933716, 3.115985870361328, 3.1054999828338623, 3.0684094429016113, 3.0606801509857178, 3.049116373062134, 3.022921323776245, 3.00201678276062, 2.985466718673706, 2.96502947807312, 2.9522483348846436, 2.9355647563934326, 2.9294776916503906, 2.9109060764312744, 2.9014806747436523, 2.8889620304107666, 2.8770415782928467, 2.8826041221618652, 2.882427930831909, 2.878462076187134, 2.847585916519165, 2.8500564098358154, 2.8621115684509277, 2.849822759628296, 2.8333559036254883, 2.8629696369171143, 2.8323817253112793, 2.8341641426086426, 2.8350918292999268, 2.8514914512634277, 2.857912302017212, 2.864725112915039, 2.8636136054992676, 2.862978458404541, 2.884084463119507, 2.8808224201202393, 2.8924403190612793, 2.903998851776123, 2.9089088439941406, 2.9459824562072754, 2.927976131439209, 2.951195001602173, 2.9672248363494873, 2.988929510116577, 3.011704683303833, 3.0210182666778564, 3.0463480949401855, 3.075448751449585, 3.0906200408935547, 3.0937469005584717, 3.1293129920959473, 3.146975040435791, 3.1835596561431885, 3.2226171493530273, 3.246805429458618, 3.2531816959381104, 3.3091049194335938, 3.331794023513794, 3.3821051120758057, 3.4108521938323975, 3.4554057121276855, inf, inf, inf, inf, inf, inf, inf, inf, inf, inf, inf, inf, inf, inf, inf, inf, inf, inf, inf, inf, inf, 3.4880127906799316, 3.432415723800659, 3.4020988941192627, 3.369739532470703, 3.3355610370635986, 3.296764612197876, 3.256155014038086, 3.234605550765991, 3.206758499145508, 3.1800460815429688, 3.1708736419677734, 3.1237778663635254, 3.102851629257202, 3.1026711463928223, 3.07157826423645, 3.052588939666748, 3.012716054916382, 3.0221951007843018, 2.987736701965332, 3.001322031021118, 2.980513572692871, 2.981738328933716, 2.9508705139160156, 2.9610636234283447, 2.925553321838379, 2.9425880908966064, 2.9203057289123535, 2.9238650798797607, 2.9210708141326904, 2.904379367828369, 2.885831594467163, 2.9239919185638428, 2.893235921859741, 2.892022132873535, 2.8863377571105957, 2.8854830265045166, 2.9101648330688477, 2.9193482398986816, 2.924307107925415, 2.917161464691162, 2.9272449016571045, 2.9384453296661377, inf, inf, inf, inf, inf, inf, inf, inf, inf, inf, inf, inf, inf, inf, 2.7607123851776123, 3.251512289047241, 3.2122201919555664, 3.212986707687378, 3.2629377841949463, 3.263909339904785, 3.308789014816284, 3.3556947708129883, 3.3882718086242676, 3.4137513637542725, 3.4580564498901367, 3.497105360031128]),0.01749303564429283,946208000000
array('f', [inf, inf, inf, inf, inf, inf, inf, inf, inf, inf, inf, inf, inf, inf, inf, inf, inf, inf, inf, inf, inf, inf, inf, inf, inf, inf, inf, inf, inf, inf, inf, inf, inf, inf, inf, inf, inf, inf, inf, inf, inf, inf, inf, inf, inf, inf, inf, inf, inf, inf, inf, inf, inf, inf, inf, inf, inf, inf, inf, inf, inf, inf, inf, inf, inf, inf, inf, inf, inf, inf, inf, inf, inf, inf, inf, inf, inf, inf, inf, inf, inf, inf, inf, inf, inf, inf, inf, inf, inf, inf, inf, inf, inf, inf, inf, inf, inf, inf, inf, inf, inf, inf, inf, inf, inf, inf, inf, inf, inf, inf, inf, inf, inf, inf, inf, inf, inf, inf, inf, inf, inf, inf, inf, inf, inf, inf, inf, inf, inf, inf, inf, inf, inf, inf, inf, inf, inf, inf, inf, inf, inf, inf, inf, inf, inf, inf, inf, inf, inf, inf, inf, inf, inf, inf, inf, inf, inf, inf, inf, inf, inf, inf, inf, inf, inf, inf, inf, inf, inf, inf, inf, inf, inf, inf, inf, inf, inf, inf, inf, inf, inf, inf, inf, inf, inf, inf, inf, inf, inf, inf, inf, inf, 3.4770708084106445, 3.442124128341675, 3.3949506282806396, 3.3785390853881836, 3.3256478309631348, 3.298806667327881, 3.2702584266662598, 3.2504913806915283, 3.237015962600708, 3.200383186340332, 3.167832612991333, 3.147052526473999, 3.1417181491851807, 3.1302387714385986, 3.104782819747925, 3.08514666557312, 3.0770263671875, 3.059525489807129, 3.053816556930542, 3.035471200942993, 3.028475761413574, 3.0060834884643555, 3.011207342147827, 3.0024211406707764, 2.963801145553589, 2.9791641235351562, 2.9779791831970215, 2.963768243789673, 2.969829559326172, 2.9802629947662354, 2.9652702808380127, 2.9644973278045654, 2.9587321281433105, 2.982086420059204, 2.978243350982666, 2.977161407470703, 2.9692800045013428, 3.0046136379241943, 2.991020917892456, 3.011946439743042, 3.0165038108825684, 3.01938796043396, 3.0209057331085205, 3.0470378398895264, 3.040600299835205, 3.07131028175354, 3.0912485122680664, 3.1040821075439453, 3.1057958602905273, 3.1323931217193604, 3.1307778358459473, 3.177913188934326, 3.1914126873016357, 3.191349744796753, 3.237628936767578, 3.2561705112457275, 3.2829651832580566, 3.3156349658966064, 3.3344457149505615, 3.364079475402832, 3.3874268531799316, 3.447169065475464, 3.492385149002075, inf, inf, inf, inf, inf, inf, inf, inf, inf, inf, inf, inf, inf, inf, inf, inf, inf, inf, inf, inf, 3.4553818702697754, 3.4330356121063232, 3.3811373710632324, 3.327227830886841, 3.3073019981384277, 3.2641780376434326, 3.2213873863220215, 3.1770689487457275, 3.1802515983581543, 3.145529270172119, 3.101243495941162, 3.0855016708374023, 3.0414955615997314, 3.014033079147339, 2.9971046447753906, 2.96563458442688, 2.952674627304077, 2.9249911308288574, 2.915853977203369, 2.903139114379883, 2.9056949615478516, 2.865422487258911, 2.8599650859832764, 2.8381118774414062, 2.827019214630127, 2.797304630279541, 2.8134608268737793, 2.802732229232788, 2.7618839740753174, 2.780348539352417, 2.7693166732788086, 2.758053779602051, 2.727330207824707, 2.7707154750823975, 2.755410671234131, 2.7673168182373047, 2.7385780811309814, 2.761622190475464, 2.7407681941986084, 2.7352638244628906, 2.753216505050659, 2.7539710998535156, 2.741381883621216, 2.7594761848449707, inf, inf, inf, inf, inf, inf, inf, inf, inf, inf, inf, inf, inf, inf, inf, 2.595329761505127, 2.6067583560943604, 2.9842326641082764, 3.0178563594818115, 3.0268332958221436, 3.0665359497070312, 3.0862650871276855, 3.134962558746338, 3.1558403968811035, 3.1991841793060303, 3.209731340408325, 3.2630889415740967, 3.2873263359069824, 3.337188243865967, 3.3625833988189697, 3.4087281227111816, 3.46429181098938, inf, inf, inf, inf, inf, inf, inf, inf, inf]),0.01749303564429283,946408000000
array('f', [inf, inf, inf, inf, inf, inf, inf, inf, inf, inf, inf, inf, inf, inf, inf, inf, inf, inf, inf, inf, inf, inf, inf, inf, inf, inf, inf, inf, inf, inf, inf, inf, inf, inf, inf, inf, inf, inf, inf, inf, inf, inf, inf, inf, inf, inf, inf, inf, inf, inf, inf, inf, inf, inf, inf, inf, inf, inf, inf, inf, inf, inf, inf, inf, inf, inf, inf, inf, inf, inf, inf, inf, inf, inf, inf, inf, inf, inf, inf, inf, inf, inf, inf, inf, inf, inf, inf, inf, inf, inf, inf, inf, inf, inf, inf, inf, inf, inf, inf, inf, inf, inf, inf, inf, inf, inf, inf, inf, inf, inf, inf, inf, inf, inf, inf, inf, inf, inf, inf, inf, inf, inf, inf, inf, inf, inf, inf, inf, inf, inf, inf, inf, inf, inf, inf, inf, inf, inf, inf, inf, inf, inf, inf, inf, inf, inf, inf, inf, inf, inf, inf, inf, inf, inf, inf, inf, inf, inf, inf, inf, inf, inf, inf, inf, inf, inf, inf, inf, inf, inf, inf, inf, inf, inf, inf, inf, inf, inf, inf, inf, inf, inf, inf, inf, 3.4905028343200684, 3.4653282165527344, 3.420048713684082, 3.393761396408081, 3.393836259841919, 3.3505544662475586, 3.3362622261047363, 3.3326988220214844, 3.278193473815918, 3.272108793258667, 3.2531402111053467, 3.244929790496826, 3.215108633041382, 3.2193493843078613, 3.2023706436157227, 3.1829044818878174, 3.1798770427703857, 3.1712636947631836, 3.155346393585205, 3.154980421066284, 3.145433187484741, 3.123060703277588, 3.116159677505493, 3.142836809158325, 3.1122798919677734, 3.1251399517059326, 3.1219804286956787, 3.1119260787963867, 3.132471799850464, 3.1237826347351074, 3.1377816200256348, 3.1476242542266846, 3.1285006999969482, 3.159142017364502, 3.161191940307617, 3.169910192489624, 3.183868646621704, 3.199732542037964, 3.205980062484741, 3.202620267868042, 3.221496820449829, 3.224320411682129, 3.235846996307373, 3.2613706588745117, 3.291104555130005, 3.3122918605804443, 3.333106279373169, 3.329939842224121, 3.3594532012939453, 3.399587392807007, 3.4182441234588623, 3.4496116638183594, 3.4716362953186035, inf, inf, inf, inf, inf, inf, inf, inf, inf, inf, inf, inf, inf, inf, inf, inf, inf, inf, inf, inf, inf, inf, 3.477823257446289, 3.413409471511841, 3.366295337677002, 3.3358545303344727, 3.2650582790374756, 3.2367310523986816, 3.2015655040740967, 3.1666345596313477, 3.1145291328430176, 3.0866122245788574, 3.0549981594085693, 3.0221965312957764, 3.0057947635650635, 2.9563143253326416, 2.9404640197753906, 2.9019453525543213, 2.889167070388794, 2.8585996627807617, 2.845219373703003, 2.8331549167633057, 2.7977919578552246, 2.780344247817993, 2.777223825454712, 2.7595601081848145, 2.747474193572998, 2.733959913253784, 2.724776268005371, 2.7054905891418457, 2.68172287940979, 2.7000863552093506, 2.6658082008361816, 2.6807689666748047, 2.6567273139953613, 2.644056558609009, 2.6369292736053467, 2.624052047729492, 2.629899024963379, 2.6389002799987793, 2.612642288208008, 2.620814085006714, 2.613892078399658, 2.6214160919189453, 2.6390833854675293, 2.6330904960632324, inf, inf, inf, inf, inf, inf, inf, inf, inf, inf, inf, inf, inf, inf, inf, inf, 2.4122307300567627, 2.438217878341675, 2.8723082542419434, 2.829683542251587, 2.8619320392608643, 2.8660526275634766, 2.892493963241577, 2.910384178161621, 2.9532761573791504, 2.974961996078491, 3.0097291469573975, 3.0310325622558594, 3.0756711959838867, 3.075744152069092, 3.1387720108032227, 3.1785922050476074, 3.205601692199707, 3.271252393722534, 3.2939045429229736, 3.336484432220459, 3.3837544918060303, 3.422752618789673, 3.473762035369873, inf, inf, inf, inf, inf, inf, inf, inf, inf, inf, inf, inf, inf, inf, inf, inf, inf, inf]),0.01749303564429283,946608000000
array('f', [inf, inf, inf, inf, inf, inf, inf, inf, inf, inf, inf, inf, inf, inf, inf, inf, inf, inf, inf, inf, inf, inf, inf, inf, inf, inf, inf, inf, inf, inf, inf, inf, inf, inf, inf, inf, inf, inf, inf, inf, inf, inf, inf, inf, inf, inf, inf, inf, inf, inf, inf, inf, inf, inf, inf, inf, inf, inf, inf, inf, inf, inf, inf, inf, inf, inf, inf, inf, inf, inf, inf, inf, inf, inf, inf, inf, inf, inf, inf, inf, inf, inf, inf, inf, inf, inf, inf, inf, inf, inf, inf, inf, inf, inf, inf, inf, inf, inf, inf, inf, inf, inf, inf, inf, inf, inf, inf, inf, inf, inf, inf, inf, inf, inf, inf, inf, inf, inf, inf, inf, inf, inf, inf, inf, inf, inf, inf, inf, inf, inf, inf, inf, inf, inf, inf, inf, inf, inf, inf, inf, inf, inf, inf, inf, inf, inf, inf, inf, inf, inf, inf, inf, inf, inf, inf, inf, inf, inf, inf, inf, inf, inf, inf, inf, inf, inf, inf, inf, inf, inf, inf, inf, inf, inf, inf, inf, inf, inf, 3.4910032749176025, 3.4685211181640625, 3.443748712539673, 3.432142496109009, 3.4391236305236816, 3.4233927726745605, 3.388294219970703, 3.394373893737793, 3.3409600257873535, 3.361832857131958, 3.352670669555664, 3.348485231399536, 3.3376190662384033, 3.322965383529663, 3.322924852371216, 3.3078739643096924, 3.329031467437744, 3.309450626373291, 3.3168914318084717, 3.2999699115753174, 3.3165011405944824, 3.328672409057617, 3.3133015632629395, 3.311298131942749, 3.3105180263519287, 3.3391237258911133, 3.330195188522339, 3.3517873287200928, 3.353422164916992, 3.3536128997802734, 3.3708090782165527, 3.3635871410369873, 3.387169361114502, 3.419995069503784, 3.4179227352142334, 3.4444921016693115, 3.455761432647705, 3.470396041870117, 3.5, inf, inf, inf, inf, inf, inf, inf, inf, inf, inf, inf, inf, inf, inf, inf, inf, inf, inf, inf, inf, inf, inf, inf, inf, inf, inf, inf, 3.457179307937622, 3.4182281494140625, 3.3579928874969482, 3.297400712966919, 3.2545688152313232, 3.224395990371704, 3.170842170715332, 3.147423267364502, 3.092440605163574, 3.050478219985962, 3.026674270629883, 2.989506244659424, 2.976996421813965, 2.9200551509857178, 2.908250331878662, 2.869605779647827, 2.845613956451416, 2.822568416595459, 2.7806766033172607, 2.7619404792785645, 2.7399494647979736, 2.7390737533569336, 2.7211883068084717, 2.6842150688171387, 2.6821770668029785, 2.664961576461792, 2.651594877243042, 2.6275084018707275, 2.6225533485412598, 2.5890512466430664, 2.619443416595459, 2.588536024093628, 2.571939468383789, 2.5724029541015625, 2.565492868423462, 2.5333633422851562, 2.5466792583465576, 2.5448248386383057, 2.5374419689178467, 2.53424334526062, 2.52923583984375, 2.5405943393707275, inf, inf, inf, inf, inf, inf, inf, inf, inf, inf, inf, inf, inf, inf, inf, inf, inf, 2.271779775619507, inf, 2.742920398712158, 2.6790518760681152, 2.701295852661133, 2.707885265350342, 2.7320258617401123, 2.7432448863983154, 2.794283866882324, 2.8097033500671387, 2.8308684825897217, 2.8635284900665283, 2.850475549697876, 2.9316890239715576, 2.9295222759246826, 2.9705047607421875, 3.0011096000671387, 3.0325586795806885, 3.054427146911621, 3.099618911743164, 3.135206460952759, 3.18324613571167, 3.23490309715271, 3.2519822120666504, 3.3158180713653564, 3.374725103378296, 3.4199626445770264, 3.4808080196380615, inf, inf, inf, inf, inf, inf, inf, inf, inf, inf, inf, inf, inf, inf, inf, inf, inf, inf, inf, inf, inf, inf, inf, inf, inf, inf, inf, inf, inf]),0.01749303564429283,946808000000
array('f', [inf, inf, inf, inf, inf, inf, inf, inf, inf, inf, inf, inf, inf, inf, inf, inf, inf, inf, inf, inf, inf, inf, inf, inf, inf, inf, inf, inf, inf, inf, inf, inf, inf, inf, inf, inf, inf, inf, inf, inf, inf, inf, inf, inf, inf, inf, inf, inf, inf, inf, inf, inf, inf, inf, inf, inf, inf, inf, inf, inf, inf, inf, inf, inf, inf, inf, inf, inf, inf, inf, inf, inf, inf, inf, inf, inf, inf, inf, inf, inf, inf, inf, inf, inf, inf, inf, inf, inf, inf, inf, inf, inf, inf, inf, inf, inf, inf, inf, inf, inf, inf, inf, inf, inf, inf, inf, inf, inf, inf, inf, inf, inf, inf, inf, inf, inf, inf, inf, inf, inf, inf, inf, inf, inf, inf, inf, inf, inf, inf, inf, inf, inf, inf, inf, inf, inf, inf, inf, inf, inf, inf, inf, inf, inf, inf, inf, inf, inf, inf, inf, inf, inf, inf, inf, inf, inf, inf, inf, inf, inf, inf, inf, inf, inf, inf, inf, inf, inf, inf, inf, inf, inf, inf, inf, inf, inf, inf, inf, inf, inf, inf, inf, inf, inf, inf, inf, inf, inf, inf, inf, inf, inf, inf, inf, inf, inf, inf, inf, inf, inf, inf, inf, inf, inf, inf, inf, inf, inf, inf, inf, inf, inf, inf, inf, inf, inf, inf, inf, inf, inf, inf, inf, inf, inf, inf, inf, inf, inf, inf, 3.4772043228149414, 3.4345521926879883, 3.3628990650177, 3.3085336685180664, 3.2821061611175537, 3.226398468017578, 3.1795456409454346, 3.133816719055176, 3.08695650100708, 3.0666916370391846, 3.016441583633423, 2.9967563152313232, 2.9549643993377686, 2.910322427749634, 2.88551664352417, 2.8280534744262695, 2.8230161666870117, 2.7785520553588867, 2.77138090133667, 2.748183488845825, 2.71736216545105, 2.706637382507324, 2.6880009174346924, 2.661465644836426, 2.640803098678589, 2.6324238777160645, 2.609363317489624, 2.5964832305908203, 2.6027700901031494, 2.578214406967163, 2.570326089859009, 2.5430736541748047, 2.54721999168396, 2.5275521278381348, 2.5251803398132324, 2.5433449745178223, 2.521149158477783, 2.5189430713653564, 2.4914581775665283, 2.497454881668091, inf, inf, inf, inf, inf, inf, inf, inf, inf, inf, inf, inf, inf, inf, inf, inf, 2.183814525604248, inf, inf, 2.6262214183807373, 2.5912277698516846, 2.5834944248199463, 2.604881525039673, 2.635751247406006, 2.6391091346740723, 2.6294026374816895, 2.6619417667388916, 2.7069168090820312, 2.7207565307617188, 2.7391247749328613, 2.757617712020874, 2.7776856422424316, 2.8135359287261963, 2.833904266357422, 2.8700008392333984, 2.887450933456421, 2.925663471221924, 2.9442405700683594, 2.9857051372528076, 3.019813299179077, 3.0720584392547607, 3.097804546356201, 3.1327481269836426, 3.1991381645202637, 3.231754779815674, 3.2586045265197754, 3.3315563201904297, 3.391140937805176, 3.4376630783081055, 3.496877670288086, inf, inf, inf, inf, inf, inf, inf, inf, inf, inf, inf, inf, inf, inf, inf, inf, inf, inf, inf, inf, inf, inf, inf, inf, inf, inf, inf, inf, inf, inf, inf, inf, inf, inf, inf, inf, inf, inf, inf, inf, inf]),0.01749303564429283,947008000000
array('f', [inf, inf, inf, inf, inf, inf, inf, inf, inf, inf, inf, inf, inf, inf, inf, inf, inf, inf, inf, inf, inf, inf, inf, inf, inf, inf, inf, inf, inf, inf, inf, inf, inf, inf, inf, inf, inf, inf, inf, inf, inf, inf, inf, inf, inf, inf, inf, inf, inf, inf, inf, inf, inf, inf, inf, inf, inf, inf, inf, inf, inf, inf, inf, inf, inf, inf, inf, inf, inf, inf, inf, inf, inf, inf, inf, inf, inf, inf, inf, inf, inf, inf, inf, inf, inf, inf, inf, inf, inf, inf, inf, inf, inf, inf, inf, inf, inf, inf, inf, inf, inf, inf, inf, inf, inf, inf, inf, inf, inf, inf, inf, inf, inf, inf, inf, inf, inf, inf, inf, inf, inf, inf, inf, inf, inf, inf, inf, inf, inf, inf, inf, inf, inf, inf, inf, inf, inf, inf, inf, inf, inf, inf, inf, inf, inf, inf, inf, inf, inf, inf, inf, inf, inf, inf, inf, inf, inf, inf, inf, inf, inf, inf, inf, inf, inf, inf, inf, inf, inf, inf, inf, inf, inf, inf, inf, inf, inf, inf, inf, inf, inf, inf, inf, inf, inf, inf, inf, inf, inf, inf, inf, inf, inf, inf, inf, inf, inf, inf, inf, inf, inf, inf, inf, inf, inf, inf, inf, inf, inf, inf, inf, inf, inf, inf, inf, inf, 3.443110227584839, 3.4044082164764404, 3.3466711044311523, 3.2947998046875, 3.220442533493042, 3.2099132537841797, 3.166909694671631, 3.1068148612976074, 3.0683751106262207, 3.01468825340271, 2.9860920906066895, 2.9501588344573975, 2.936310052871704, 2.888540744781494, 2.854076385498047, 2.8462722301483154, 2.8224189281463623, 2.776233673095703, 2.761986494064331, 2.722226619720459, 2.7320573329925537, 2.700822353363037, 2.6917641162872314, 2.6476175785064697, 2.6402599811553955, 2.629838705062866, 2.6124844551086426, 2.6060333251953125, 2.5815417766571045, 2.5755999088287354, 2.5617566108703613, 2.5400078296661377, 2.53655743598938, 2.5434257984161377, 2.5949552059173584, inf, inf, inf, inf, inf, inf, inf, inf, inf, inf, inf, inf, inf, inf, inf, 2.1474545001983643, inf, inf, inf, 2.5682151317596436, 2.539454460144043, 2.5572292804718018, 2.552014112472534, 2.5743660926818848, 2.578615188598633, 2.579758644104004, 2.6213743686676025, 2.6311326026916504, 2.6504037380218506, 2.652611494064331, 2.6694862842559814, 2.693575859069824, 2.7095930576324463, 2.726966142654419, 2.7635087966918945, 2.789611339569092, 2.796038866043091, 2.8505706787109375, 2.858574390411377, 2.8792810440063477, 2.904768943786621, 2.933380126953125, 2.965041160583496, 3.0127413272857666, 3.063257932662964, 3.074432611465454, 3.1411640644073486, 3.1860339641571045, 3.2245237827301025, 3.2685813903808594, 3.3060402870178223, 3.3695170879364014, 3.434347629547119, 3.4949963092803955, inf, inf, inf, inf, inf, inf, inf, inf, inf, inf, inf, inf, inf, inf, inf, inf, inf, inf, inf, inf, inf, inf, inf, inf, inf, inf, inf, inf, inf, inf, inf, inf, inf, inf, inf, inf, inf, inf, inf, inf, inf, inf, inf, inf, inf, inf, inf, inf, inf, inf, inf, inf, inf, inf, inf]),0.01749303564429283,947208000000
array('f', [inf, inf, inf, inf, inf, inf, inf, inf, inf, inf, inf, inf, inf, inf, inf, inf, inf, inf, inf, inf, inf, inf, inf, inf, inf, inf, inf, inf, inf, inf, inf, inf, inf, inf, inf, inf, inf, inf, inf, inf, inf, inf, inf, inf, inf, inf, inf, inf, inf, inf, inf, inf, inf, inf, inf, inf, inf, inf, inf, inf, inf, inf, inf, inf, inf, inf, inf, inf, inf, inf, inf, inf, inf, inf, inf, inf, inf, inf, inf, inf, inf, inf, inf, inf, inf, inf, inf, inf, inf, inf, inf, inf, inf, inf, inf, inf, inf, inf, inf, inf, inf, inf, inf, inf, inf, inf, inf, inf, inf, inf, inf, inf, inf, inf, inf, inf, inf, inf, inf, inf, inf, inf, inf, inf, inf, inf, inf, inf, inf, inf, inf, inf, inf, inf, inf, inf, inf, inf, inf, inf, inf, inf, inf, inf, inf, inf, inf, inf, inf, inf, inf, inf, inf, inf, inf, inf, inf, inf, inf, inf, inf, inf, inf, inf, inf, inf, inf, inf, inf, inf, inf, inf, inf, inf, inf, inf, inf, inf, inf, inf, inf, inf, inf, inf, inf, inf, inf, inf, inf, inf, inf, inf, inf, inf, inf, inf, inf, inf, inf, inf, inf, inf, 3.494781494140625, 3.456268072128296, 3.396146535873413, 3.344735622406006, 3.291228771209717, 3.2571520805358887, 3.2099368572235107, 3.1609015464782715, 3.1004936695098877, 3.0917153358459473, 3.0511505603790283, 3.0227105617523193, 2.973436117172241, 2.925949811935425, 2.9313976764678955, 2.8889613151550293, 2.8530282974243164, 2.8322594165802, 2.8031973838806152, 2.790790319442749, 2.7752833366394043, 2.7576591968536377, 2.7140867710113525, 2.711601495742798, 2.690596342086792, 2.680061101913452, 2.65873122215271, 2.638786554336548, 2.6113908290863037, 2.6252243518829346, 2.7360360622406006, inf, inf, inf, inf, inf, inf, inf, inf, inf, inf, inf, inf, inf, inf, 2.2020719051361084, inf, inf, inf, inf, 2.5636022090911865, 2.5555267333984375, 2.5820603370666504, 2.575300931930542, 2.5790300369262695, 2.586684465408325, 2.6072187423706055, 2.592811346054077, 2.6581382751464844, 2.6395602226257324, 2.658989906311035, 2.66603684425354, 2.682729721069336, 2.7030787467956543, 2.7204675674438477, 2.7293684482574463, 2.759352207183838, 2.778399705886841, 2.7971794605255127, 2.8252460956573486, 2.8595426082611084, 2.8836441040039062, 2.8932595252990723, 2.921320915222168, 2.942598342895508, 2.975550651550293, 3.0311083793640137, 3.066737413406372, 3.093421459197998, 3.126568555831909, 3.1552932262420654, 3.2062485218048096, 3.2571191787719727, 3.314577102661133, 3.3563830852508545, 3.396278142929077, 3.4440226554870605, inf, inf, inf, inf, inf, inf, inf, inf, inf, inf, inf, inf, inf, inf, inf, inf, inf, inf, inf, inf, inf, inf, inf, inf, inf, inf, inf, inf, inf, inf, inf, inf, inf, inf, inf, inf, inf, inf, inf, inf, inf, inf, inf, inf, inf, inf, inf, inf, inf, inf, inf, inf, inf, inf, inf, inf, inf, inf, inf, inf, inf, inf, inf, inf, inf, inf, inf, inf, inf, inf, inf]),0.01749303564429283,947408000000
array('f', [inf, inf, inf, inf, inf, inf, inf, inf, inf, inf, inf, inf, inf, inf, inf, inf, inf, inf, inf, inf, inf, inf, inf, inf, inf, inf, inf, inf, inf, inf, inf, inf, inf, inf, inf, inf, inf, inf, inf, inf, inf, inf, inf, inf, inf, inf, inf, inf, inf, inf, inf, inf, inf, inf, inf, inf, inf, inf, inf, inf, inf, inf, inf, inf, inf, inf, inf, inf, inf, inf, inf, inf, inf, inf, inf, inf, inf, inf, inf, inf, inf, inf, inf, inf, inf, inf, inf, inf, inf, inf, inf, inf, inf, inf, inf, inf, inf, inf, inf, inf, inf, inf, inf, inf, inf, inf, inf, inf, inf, inf, inf, inf, inf, inf, inf, inf, inf, inf, inf, inf, inf, inf, inf, inf, inf, inf, inf, inf, inf, inf, inf, inf, inf, inf, inf, inf, inf, inf, inf, inf, inf, inf, inf, inf, inf, inf, inf, inf, inf, inf, inf, inf, inf, inf, inf, inf, inf, inf, inf, inf, inf, inf, inf, inf, inf, inf, inf, inf, inf, inf, inf, inf, inf, inf, inf, inf, inf, inf, inf, inf, inf, inf, inf, inf, inf, inf, inf, inf, inf, inf, 3.478951930999756, 3.423902750015259, 3.370932102203369, 3.332296371459961, 3.302326202392578, 3.247143268585205, 3.213175058364868, 3.1630477905273438, 3.1293246746063232, 3.0960886478424072, 3.0700671672821045, 3.0449976921081543, 3.005737543106079, 2.9725935459136963, 2.9446983337402344, 2.9177873134613037, 2.9084081649780273, 2.8734333515167236, 2.85874080657959, 2.83349871635437, 2.806452989578247, 2.810452699661255, 2.788029193878174, 2.7685132026672363, 2.82322096824646, inf, inf, inf, inf, inf, inf, inf, inf, inf, inf, inf, inf, 2.296616315841675, 2.3015146255493164, inf, inf, inf, inf, 2.6555511951446533, 2.660738229751587, 2.634565591812134, 2.644434928894043, 2.6415836811065674, 2.6428582668304443, 2.6636245250701904, 2.65262508392334, 2.6901652812957764, 2.6954455375671387, 2.707221746444702, 2.71219801902771, 2.7147767543792725, 2.7486677169799805, 2.752403736114502, 2.7620270252227783, 2.7586989402770996, 2.795346975326538, 2.811401605606079, 2.8299691677093506, 2.8709099292755127, 2.8808579444885254, 2.901308298110962, 2.9340062141418457, 2.9503371715545654, 2.976472854614258, 2.9953010082244873, 3.031109094619751, 3.05344820022583, 3.089477777481079, 3.1191158294677734, 3.1689412593841553, 3.189196825027466, 3.237868547439575, 3.2774057388305664, 3.298391103744507, 3.3557116985321045, 3.407578229904175, 3.470534563064575, inf, inf, inf, inf, inf, inf, inf, inf, inf, inf, inf, inf, inf, inf, inf, inf, inf, inf, inf, inf, inf, inf, inf, inf, inf, inf, inf, inf, inf, inf, inf, inf, inf, inf, inf, inf, inf, inf, inf, inf, inf, inf, inf, inf, inf, inf, inf, inf, inf, inf, inf, inf, inf, inf, inf, inf, inf, inf, inf, inf, inf, inf, inf, inf, inf, inf, inf, inf, inf, inf, inf, inf, inf, inf, inf, inf, inf, inf, inf, inf, inf, inf, inf, inf, inf, inf, inf, inf]),0.01749303564429283,947608000000
array('f', [inf, inf, inf, inf, inf, inf, inf, inf, inf, inf, inf, inf, inf, inf, inf, inf, inf, inf, inf, inf, inf, inf, inf, inf, inf, inf, inf, inf, inf, inf, inf, inf, inf, inf, inf, inf, inf, inf, inf, inf, inf, inf, inf, inf, inf, inf, inf, inf, inf, inf, inf, inf, inf, inf, inf, inf, inf, inf, inf, inf, inf, inf, inf, inf, inf, inf, inf, inf, inf, inf, inf, inf, inf, inf, inf, inf, inf, inf, inf, inf, inf, inf, inf, inf, inf, inf, inf, inf, inf, inf, inf, inf, inf, inf, inf, inf, inf, inf, inf, inf, inf, inf, inf, inf, inf, inf, inf, inf, inf, inf, inf, inf, inf, inf, inf, inf, inf, inf, inf, inf, inf, inf, inf, inf, inf, inf, inf, inf, inf, inf, inf, inf, inf, inf, inf, inf, inf, inf, inf, inf, inf, inf, inf, inf, inf, inf, inf, inf, inf, inf, inf, inf, inf, inf, inf, inf, inf, inf, inf, inf, inf, inf, inf, inf, inf, inf, inf, inf, inf, inf, inf, inf, inf, inf, inf, inf, inf, inf, inf, 3.454733371734619, 3.423665761947632, 3.3846123218536377, 3.34161114692688, 3.2906908988952637, 3.2454006671905518, 3.2263169288635254, 3.1958093643188477, 3.1432864665985107, 3.122758626937866, 3.1100175380706787, 3.0828468799591064, 3.06557297706604, 3.0368900299072266, 2.998217821121216, 2.9785568714141846, 2.9522271156311035, 2.9494659900665283, 2.956491231918335, inf, inf, inf, inf, inf, inf, inf, inf, inf, inf, inf, 2.4362130165100098, inf, inf, inf, inf, inf, 2.7803103923797607, 2.7765090465545654, 2.7700304985046387, 2.792928695678711, 2.797516345977783, 2.7627179622650146, 2.7702243328094482, 2.7952704429626465, 2.800581455230713, 2.8021461963653564, 2.820054531097412, 2.83328914642334, 2.836625576019287, 2.8521173000335693, 2.844804525375366, 2.8515405654907227, 2.879260540008545, 2.902819871902466, 2.9188148975372314, 2.9176840782165527, 2.9419713020324707, 2.9385993480682373, 2.983232259750366, 2.994239330291748, 3.016169786453247, 3.0315566062927246, 3.086561918258667, 3.110053777694702, 3.1147494316101074, 3.1424224376678467, 3.181372880935669, 3.21560001373291, 3.2366373538970947, 3.298084020614624, 3.3211305141448975, 3.3503878116607666, 3.4100584983825684, 3.4415745735168457, 3.4884824752807617, inf, inf, inf, inf, inf, inf, inf, inf, inf, inf, inf, inf, inf, inf, inf, inf, inf, inf, inf, inf, inf, inf, inf, inf, inf, inf, inf, inf, inf, inf, inf, inf, inf, inf, inf, inf, inf, inf, inf, inf, inf, inf, inf, inf, inf, inf, inf, inf, inf, inf, inf, inf, inf, inf, inf, inf, inf, inf, inf, inf, inf, inf, inf, inf, inf, inf, inf, inf, inf, inf, inf, inf, inf, inf, inf, inf, inf, inf, inf, inf, inf, inf, inf, inf, inf, inf, inf, inf, inf, inf, inf, inf, inf, inf, inf, inf, inf, inf, inf, inf, inf, inf, inf, inf, inf, inf]),0.01749303564429283,947808000000
array('f', [inf, inf, inf, inf, inf, inf, inf, inf, inf, inf, inf, inf, inf, inf, inf, inf, inf, inf, inf, inf, inf, inf, inf, inf, inf, inf, inf, inf, inf, inf, inf, inf, inf, inf, inf, inf, inf, inf, inf, inf, inf, inf, inf, inf, inf, inf, inf, inf, inf, inf, inf, inf, inf, inf, inf, inf, inf, inf, inf, inf, inf, inf, inf, inf, inf, inf, inf, inf, inf, inf, inf, inf, inf, inf, inf, inf, inf, inf, inf, inf, inf, inf, inf, inf, inf, inf, inf, inf, inf, inf, inf, inf, inf, inf, inf, inf, inf, inf, inf, inf, inf, inf, inf, inf, inf, inf, inf, inf, inf, inf, inf, inf, inf, inf, inf, inf, inf, inf, inf, inf, inf, inf, inf, inf, inf, inf, inf, inf, inf, inf, inf, inf, inf, inf, inf, inf, inf, inf, inf, inf, inf, inf, inf, inf, inf, inf, inf, inf, inf, inf, inf, inf, inf, inf, inf, inf, inf, inf, inf, inf, inf, inf, inf, inf, inf, inf, inf, inf, 3.4819295406341553, 3.449986219406128, 3.4286673069000244, 3.385941982269287, 3.3486645221710205, 3.331932544708252, 3.2763729095458984, 3.271543025970459, 3.2303853034973145, 3.213869333267212, 3.177874803543091, 3.1714653968811035, 3.1364471912384033, 3.1910526752471924, inf, inf, inf, inf, inf, inf, inf, inf, inf, inf, 2.622648000717163, inf, inf, inf, inf, inf, 2.950849771499634, 2.951242685317993, 2.944700002670288, 2.937335968017578, 2.931636333465576, 2.9574882984161377, 2.937368631362915, 2.9465527534484863, 2.9533936977386475, 2.969078779220581, 2.9668569564819336, 2.973057508468628, 2.996750593185425, 3.0063374042510986, 3.0154082775115967, 3.008610963821411, 3.04948091506958, 3.0525481700897217, 3.0679502487182617, 3.0742859840393066, 3.0871431827545166, 3.114362955093384, 3.119809865951538, 3.161249876022339, 3.1640915870666504, 3.1897149085998535, 3.216442108154297, 3.23453426361084, 3.2637417316436768, 3.289459705352783, 3.3431310653686523, 3.3535189628601074, 3.4006383419036865, 3.4248602390289307, 3.4737470149993896, inf, inf, inf, inf, inf, inf, inf, inf, inf, inf, inf, inf, inf, inf, inf, inf, inf, inf, inf, inf, inf, inf, inf, inf, inf, inf, inf, inf, inf, inf, inf, inf, inf, inf, inf, inf, inf, inf, inf, inf, inf, inf, inf, inf, inf, inf, inf, inf, inf, inf, inf, inf, inf, inf, inf, inf, inf, inf, inf, inf, inf, inf, inf, inf, inf, inf, inf, inf, inf, inf, inf, inf, inf, inf, inf, inf, inf, inf, inf, inf, inf, inf, inf, inf, inf, inf, inf, inf, inf, inf, inf, inf, inf, inf, inf, inf, inf, inf, inf, inf, inf, inf, inf, inf, inf, inf, inf, inf, inf, inf, inf, inf, inf, inf, inf, inf, inf, inf, inf, inf, inf, inf, inf, inf, inf, inf, inf]),0.01749303564429283,948008000000
array('f', [inf, inf, inf, inf, inf, inf, inf, inf, inf, inf, inf, inf, inf, inf, inf, inf, inf, inf, inf, inf, inf, inf, inf, inf, inf, inf, inf, inf, inf, inf, inf, inf, inf, inf, inf, inf, inf, inf, inf, inf, inf, inf, inf, inf, inf, inf, inf, inf, inf, inf, inf, inf, inf, inf, inf, inf, inf, inf, inf, inf, inf, inf, inf, inf, inf, inf, inf, inf, inf, inf, inf, inf, inf, inf, inf, inf, inf, inf, inf, inf, inf, inf, inf, inf, inf, inf, inf, inf, inf, inf, inf, inf, inf, inf, inf, inf, inf, inf, inf, inf, inf, inf, inf, inf, inf, inf, inf, inf, inf, inf, inf, inf, inf, inf, inf, inf, inf, inf, inf, inf, inf, inf, inf, inf, inf, inf, inf, inf, inf, inf, inf, inf, inf, inf, inf, inf, inf, inf, inf, inf, inf, inf, inf, inf, inf, inf, inf, inf, inf, inf, inf, inf, inf, inf, inf, inf, inf, inf, inf, 3.4788782596588135, 3.465153932571411, 3.4082953929901123, 3.392007827758789, 3.373526096343994, 3.3482916355133057, 3.336658239364624, inf, inf, inf, inf, inf, inf, inf, inf, inf, inf, 2.8155040740966797, inf, inf, inf, inf, 3.1480987071990967, 3.1143717765808105, 3.119767427444458, 3.147061347961426, 3.1404988765716553, 3.1240086555480957, 3.134807586669922, 3.139862060546875, 3.151348114013672, 3.144015312194824, 3.154600143432617, 3.1589362621307373, 3.175867795944214, 3.1739625930786133, 3.205231189727783, 3.208256244659424, 3.2140254974365234, 3.2286808490753174, 3.232149362564087, 3.2558326721191406, 3.280761480331421, 3.2700908184051514, 3.318286180496216, 3.3519957065582275, 3.343661308288574, 3.3569905757904053, 3.4083311557769775, 3.4186325073242188, 3.446390151977539, 3.488179922103882, inf, inf, inf, inf, inf, inf, inf, inf, inf, inf, inf, inf, inf, inf, inf, inf, inf, inf, inf, inf, inf, inf, inf, inf, inf, inf, inf, inf, inf, inf, inf, inf, inf, inf, inf, inf, inf, inf, inf, inf, inf, inf, inf, inf, inf, inf, inf, inf, inf, inf, inf, inf, inf, inf, inf, inf, inf, inf, inf, inf, inf, inf, inf, inf, inf, inf, inf, inf, inf, inf, inf, inf, inf, inf, inf, inf, inf, inf, inf, inf, inf, inf, inf, inf, inf, inf, inf, inf, inf, inf, inf, inf, inf, inf, inf, inf, inf, inf, inf, inf, inf, inf, inf, inf, inf, inf, inf, inf, inf, inf, inf, inf, inf, inf, inf, inf, inf, inf, inf, inf, inf, inf, inf, inf, inf, inf, inf, inf, inf, inf, inf, inf, inf, inf, inf, inf, inf, inf, inf, inf, inf, inf, inf, inf, inf, inf, inf, inf, inf]),0.01749303564429283,948208000000
array('f', [inf, inf, inf, inf, inf, inf, inf, inf, inf, inf, inf, inf, inf, inf, inf, inf, inf, inf, inf, inf, inf, inf, inf, inf, inf, inf, inf, inf, inf, inf, inf, inf, inf, inf, inf, inf, inf, inf, inf, inf, inf, inf, inf, inf, inf, inf, inf, inf, inf, inf, inf, inf, inf, inf, inf, inf, inf, inf, inf, inf, inf, inf, inf, inf, inf, inf, inf, inf, inf, inf, inf, inf, inf, inf, inf, inf, inf, inf, inf, inf, inf, inf, inf, inf, inf, inf, inf, inf, inf, inf, inf, inf, inf, inf, inf, inf, inf, inf, inf, inf, inf, inf, inf, inf, inf, inf, inf, inf, inf, inf, inf, inf, inf, inf, inf, inf, inf, inf, inf, inf, inf, inf, inf, inf, inf, inf, inf, inf, inf, inf, inf, inf, inf, inf, inf, inf, inf, inf, inf, inf, inf, inf, inf, inf, inf, inf, inf, inf, inf, inf, inf, inf, inf, inf, inf, inf, inf, inf, inf, inf, 3.037421226501465, inf, inf, inf, inf, 3.3495423793792725, 3.3403632640838623, 3.3344433307647705, 3.336514949798584, 3.3348231315612793, 3.342287302017212, 3.3526196479797363, 3.340059757232666, 3.3444738388061523, 3.3519539833068848, 3.362950086593628, 3.369718551635742, 3.369197130203247, 3.4052557945251465, 3.404376983642578, 3.403179168701172, 3.4197819232940674, 3.436309576034546, 3.453721761703491, 3.487009286880493, 3.4965271949768066, inf, inf, inf, inf, inf, inf, inf, inf, inf, inf, inf, inf, inf, inf, inf, inf, inf, inf, inf, inf, inf, inf, inf, inf, inf, inf, inf, inf, inf, inf, inf, inf, inf, inf, inf, inf, inf, inf, inf, inf, inf, inf, inf, inf, inf, inf, inf, inf, inf, inf, inf, inf, inf, inf, inf, inf, inf, inf, inf, inf, inf, inf, inf, inf, inf, inf, inf, inf, inf, inf, inf, inf, inf, inf, inf, inf, inf, inf, inf, inf, inf, inf, inf, inf, inf, inf, inf, inf, inf, inf, inf, inf, inf, inf, inf, inf, inf, inf, inf, inf, inf, inf, inf, inf, inf, inf, inf, inf, inf, inf, inf, inf, inf, inf, inf, inf, inf, inf, inf, inf, inf, inf, inf, inf, inf, inf, inf, inf, inf, inf, inf, inf, inf, inf, inf, inf, inf, inf, inf, inf, inf, inf, inf, inf, inf, inf, inf, inf, inf, inf, inf, inf, inf, inf, inf, inf, inf, inf, inf, inf, inf, inf, inf, inf, inf, inf, inf, inf, inf, inf, inf, inf, inf, inf]),0.01749303564429283,948408000000
array('f', [inf, inf, inf, inf, inf, inf, inf, inf, inf, inf, inf, inf, inf, inf, inf, inf, inf, inf, inf, inf, inf, inf, inf, inf, inf, inf, inf, inf, inf, inf, inf, inf, inf, inf, inf, inf, inf, inf, inf, inf, inf, inf, inf, inf, inf, inf, inf, inf, inf, inf, inf, inf, inf, inf, inf, inf, inf, inf, inf, inf, inf, inf, inf, inf, inf, inf, inf, inf, inf, inf, inf, inf, inf, inf, inf, inf, inf, inf, inf, inf, inf, inf, inf, inf, inf, inf, inf, inf, inf, inf, inf, inf, inf, inf, inf, inf, inf, inf, inf, inf, inf, inf, inf, inf, inf, inf, inf, inf, inf, inf, inf, inf, inf, inf, inf, inf, inf, inf, inf, inf, inf, inf, inf, inf, inf, inf, inf, inf, inf, inf, inf, inf, inf, inf, inf, inf, inf, inf, inf, inf, inf, inf, inf, inf, inf, 3.202944040298462, inf, inf, inf, inf, inf, inf, inf, inf, inf, inf, inf, inf, inf, inf, inf, inf, inf, inf, inf, inf, inf, inf, inf, inf, inf, inf, inf, inf, inf, inf, inf, inf, inf, inf, inf, inf, inf, inf, inf, inf, inf, inf, inf, inf, inf, inf, inf, inf, inf, inf, inf, inf, inf, inf, inf, inf, inf, inf, inf, inf, inf, inf, inf, inf, inf, inf, inf, inf, inf, inf, inf, inf, inf, inf, inf, inf, inf, inf, inf, inf, inf, inf, inf, inf, inf, inf, inf, inf, inf, inf, inf, inf, inf, inf, inf, inf, inf, inf, inf, inf, inf, inf, inf, inf, inf, inf, inf, inf, inf, inf, inf, inf, inf, inf, inf, inf, inf, inf, inf, inf, inf, inf, inf, inf, inf, inf, inf, inf, inf, inf, inf, inf, inf, inf, inf, inf, inf, inf, inf, inf, inf, inf, inf, inf, inf, inf, inf, inf, inf, inf, inf, inf, inf, inf, inf, inf, inf, inf, inf, inf, inf, inf, inf, inf, inf, inf, inf, inf, inf, inf, inf, inf, inf, inf, inf, inf, inf, inf, inf, inf, inf, inf, inf, inf, inf, inf, inf, inf, inf, inf, inf, inf, inf, inf, inf, inf, inf, inf, inf, inf, inf, inf, inf, inf, inf, inf, inf, inf, inf, inf, inf, inf, inf, inf]),0.01749303564429283,948608000000
array('f', [inf, inf, inf, inf, inf, inf, inf, inf, inf, inf, inf, inf, inf, inf, inf, inf, inf, inf, inf, inf, inf, inf, inf, inf, inf, inf, inf, inf, inf, inf, inf, inf, inf, inf, inf, inf, inf, inf, inf, inf, inf, inf, inf, inf, inf, inf, inf, inf, inf, inf, inf, inf, inf, inf, inf, inf, inf, inf, inf, inf, inf, inf, inf, inf, inf, inf, inf, inf, inf, inf, inf, inf, inf, inf, inf, inf, inf, inf, inf, inf, inf, inf, inf, inf, inf, inf, inf, inf, inf, inf, inf, inf, inf, inf, inf, inf, inf, inf, inf, inf, inf, inf, inf, inf, inf, inf, inf, inf, inf, inf, inf, inf, inf, inf, inf, inf, inf, inf, inf, inf, inf, inf, inf, inf, inf, inf, inf, inf, inf, 3.359326124191284, inf, inf, inf, inf, inf, inf, inf, inf, inf, inf, inf, inf, inf, inf, inf, inf, inf, inf, inf, inf, inf, inf, inf, inf, inf, inf, inf, inf, inf, inf, inf, inf, inf, inf, inf, inf, inf, inf, inf, inf, inf, inf, inf, inf, inf, inf, inf, inf, inf, inf, inf, inf, inf, inf, inf, inf, inf, inf, inf, inf, inf, inf, inf, inf, inf, inf, inf, inf, inf, inf, inf, inf, inf, inf, inf, inf, inf, inf, inf, inf, inf, inf, inf, inf, inf, inf, inf, inf, inf, inf, inf, inf, inf, inf, inf, inf, inf, inf, inf, inf, inf, inf, inf, inf, inf, inf, inf, inf, inf, inf, inf, inf, inf, inf, inf, inf, inf, inf, inf, inf, inf, inf, inf, inf, inf, inf, inf, inf, inf, inf, inf, inf, inf, inf, inf, inf, inf, inf, inf, inf, inf, inf, inf, inf, inf, inf, inf, inf, inf, inf, inf, inf, inf, inf, inf, inf, inf, inf, inf, inf, inf, inf, inf, inf, inf, inf, inf, inf, inf, inf, inf, inf, inf, inf, inf, inf, inf, inf, inf, inf, inf, inf, inf, inf, inf, inf, inf, inf, inf, inf, inf, inf, inf, inf, inf, inf, inf, inf, inf, inf, inf, inf, inf, inf, inf, inf, inf, inf, inf, inf, inf, inf, inf, inf, inf, inf, inf, inf, inf, inf, inf, inf, inf, inf, inf, inf, inf, inf, inf, inf]),0.01749303564429283,948808000000
array('f', [inf, inf, inf, inf, inf, inf, inf, inf, inf, inf, inf, inf, inf, inf, inf, inf, inf, inf, inf, inf, inf, inf, inf, inf, inf, inf, inf, inf, inf, inf, inf, inf, inf, inf, inf, inf, inf, inf, inf, inf, inf, inf, inf, inf, inf, inf, inf, inf, inf, inf, inf, inf, inf, inf, inf, inf, inf, inf, inf, inf, inf, inf, inf, inf, inf, inf, inf, inf, inf, inf, inf, inf, inf, inf, inf, inf, inf, inf, inf, inf, inf, inf, inf, inf, inf, inf, inf, inf, inf, inf, inf, inf, inf, inf, inf, inf, inf, inf, inf, inf, inf, inf, inf, inf, inf, inf, inf, inf, inf, inf, inf, inf, inf, inf, 3.4814321994781494, inf, inf, inf, inf, inf, inf, inf, inf, inf, inf, inf, inf, inf, inf, inf, inf, inf, inf, inf, inf, inf, inf, inf, inf, inf, inf, inf, inf, inf, inf, inf, inf, inf, inf, inf, inf, inf, inf, inf, inf, inf, inf, inf, inf, inf, inf, inf, inf, inf, inf, inf, inf, inf, inf, inf, inf, inf, inf, inf, inf, inf, inf, inf, inf, inf, inf, inf, inf, inf, inf, inf, inf, inf, inf, inf, inf, inf, inf, inf, inf, inf, inf, inf, inf, inf, inf, inf, inf, inf, inf, inf, inf, inf, inf, inf, inf, inf, inf, inf, inf, inf, inf, inf, inf, inf, inf, inf, inf, inf, inf, inf, inf, inf, inf, inf, inf, inf, inf, inf, inf, inf, inf, inf, inf, inf, inf, inf, inf, inf, inf, inf, inf, inf, inf, inf, inf, inf, inf, inf, inf, inf, inf, inf, inf, inf, inf, inf, inf, inf, inf, inf, inf, inf, inf, inf, inf, inf, inf, inf, inf, inf, inf, inf, inf, inf, inf, inf, inf, inf, inf, inf, inf, inf, inf, inf, inf, inf, inf, inf, inf, inf, inf, inf, inf, inf, inf, inf, inf, inf, inf, inf, inf, inf, inf, inf, inf, inf, inf, inf, inf, inf, inf, inf, inf, inf, inf, inf, inf, inf, inf, inf, inf, inf, inf, inf, inf, inf, inf, inf, inf, inf, inf, inf, inf, inf, inf, inf, inf, inf, inf, inf, inf, inf, inf, inf, inf, inf, inf, inf, inf, inf, inf, inf, inf, inf]),0.01749303564429283,949008000000
array('f', [inf, inf, inf, inf, inf, inf, inf, inf, inf, inf, inf, inf, inf, inf, inf, inf, inf, inf, inf, inf, inf, inf, inf, inf, inf, inf, inf, inf, inf, inf, inf, inf, inf, inf, inf, inf, inf, inf, inf, inf, inf, inf, inf, inf, inf, inf, inf, inf, inf, inf, inf, inf, inf, inf, inf, inf, inf, inf, inf, inf, inf, inf, inf, inf, inf, inf, inf, inf, inf, inf, inf, inf, inf, inf, inf, inf, inf, inf, inf, inf, inf, inf, inf, inf, inf, inf, inf, inf, inf, inf, inf, inf, inf, inf, inf, inf, inf, inf, inf, inf, inf, inf, inf, inf, inf, inf, inf, inf, inf, inf, inf, inf, inf, inf, inf, inf, inf, inf, inf, inf, inf, inf, inf, inf, inf, inf, inf, inf, inf, inf, inf, inf, inf, inf, inf, inf, inf, inf, inf, inf, inf, inf, inf, inf, inf, inf, inf, inf, inf, inf, inf, inf, inf, inf, inf, inf, inf, inf, inf, inf, inf, inf, inf, inf, inf, inf, inf, inf, inf, inf, inf, inf, inf, inf, inf, inf, inf, inf, inf, inf, inf, inf, inf, inf, inf, inf, inf, inf, inf, inf, inf, inf, inf, inf, inf, inf, inf, inf, inf, inf, inf, inf, inf, inf, inf, inf, inf, inf, inf, inf, inf, inf, inf, inf, inf, inf, inf, inf, inf, inf, inf, inf, inf, inf, inf, inf, inf, inf, inf, inf, inf, inf, inf, inf, inf, inf, inf, inf, inf, inf, inf, inf, inf, inf, inf, inf, inf, inf, inf, inf, inf, inf, inf, inf, inf, inf, inf, inf, inf, inf, inf, inf, inf, inf, inf, inf, inf, inf, inf, inf, inf, inf, inf, inf, inf, inf, inf, inf, inf, inf, inf, inf, inf, inf, inf, inf, inf, inf, inf, inf, inf, inf, inf, inf, inf, inf, inf, inf, inf, inf, inf, inf, inf, inf, inf, inf, inf, inf, inf, inf, inf, inf, inf, inf, inf, inf, inf, inf, inf, inf, inf, inf, inf, inf, inf, inf, inf, inf, inf, inf, inf, inf, inf, inf, inf, inf, inf, inf, inf, inf, inf, inf, inf, inf, inf, inf, inf, inf, inf, inf, inf, inf, inf, inf, inf, inf, inf, inf, inf, inf]),0.01749303564429283,949208000000
array('f', [inf, inf, inf, inf, inf, inf, inf, inf, inf, inf, inf, inf, inf, inf, inf, inf, inf, inf, inf, inf, inf, inf, inf, inf, inf, inf, inf, inf, inf, inf, inf, inf, inf, inf, inf, inf, inf, inf, inf, inf, inf, inf, inf, inf, inf, inf, inf, inf, inf, inf, inf, inf, inf, inf, inf, inf, inf, inf, inf, inf, inf, inf, inf, inf, inf, inf, inf, inf, inf, inf, inf, inf, inf, inf, inf, inf, inf, inf, inf, inf, inf, inf, inf, inf, inf, inf, inf, inf, inf, inf, inf, inf, inf, inf, inf, inf, inf, inf, inf, inf, inf, inf, inf, inf, inf, inf, inf, inf, inf, inf, inf, inf, inf, inf, inf, inf, inf, inf, inf, inf, inf, inf, inf, inf, inf, inf, inf, inf, inf, inf, inf, inf, inf, inf, inf, inf, inf, inf, inf, inf, inf, inf, inf, inf, inf, inf, inf, inf, inf, inf, inf, inf, inf, inf, inf, inf, inf, inf, inf, inf, inf, inf, inf, inf, inf, inf, inf, inf, inf, inf, inf, inf, inf, inf, inf, inf, inf, inf, inf, inf, inf, inf, inf, inf, inf, inf, inf, inf, inf, inf, inf, inf, inf, inf, inf, inf, inf, inf, inf, inf, inf, inf, inf, inf, inf, inf, inf, inf, inf, inf, inf, inf, inf, inf, inf, inf, inf, inf, inf, inf, inf, inf, inf, inf, inf, inf, inf, inf, inf, inf, inf, inf, inf, inf, inf, inf, inf, inf, inf, inf, inf, inf, inf, inf, inf, inf, inf, inf, inf, inf, inf, inf, inf, inf, inf, inf, inf, inf, inf, inf, inf, inf, inf, inf, inf, inf, inf, inf, inf, inf, inf, inf, inf, inf, inf, inf, inf, inf, inf, inf, inf, inf, inf, inf, inf, inf, inf, inf, inf, inf, inf, inf, inf, inf, inf, inf, inf, inf, inf, inf, inf, inf, inf, inf, inf, inf, inf, inf, inf, inf, inf, inf, inf, inf, inf, inf, inf, inf, inf, inf, inf, inf, inf, inf, inf, inf, inf, inf, inf, inf, inf, inf, inf, inf, inf, inf, inf, inf, inf, inf, inf, inf, inf, inf, inf, inf, inf, inf, inf, inf, inf, inf, inf, inf, inf, inf, inf, inf, inf, inf]),0.01749303564429283,949408000000
array('f', [inf, inf, inf, inf, inf, inf, inf, inf, inf, inf, inf, inf, inf, inf, inf, inf, inf, inf, inf, inf, inf, inf, inf, inf, inf, inf, inf, inf, inf, inf, inf, inf, inf, inf, inf, inf, inf, inf, inf, inf, inf, inf, inf, inf, inf, inf, inf, inf, inf, inf, inf, inf, inf, inf, inf, inf, inf, inf, inf, inf, inf, inf, inf, inf, inf, inf, inf, inf, inf, inf, inf, inf, inf, inf, inf, inf, inf, inf, inf, inf, inf, inf, inf, inf, inf, inf, inf, inf, inf, inf, inf, inf, inf, inf, inf, inf, inf, inf, inf, inf, inf, inf, inf, inf, inf, inf, inf, inf, inf, inf, inf, inf, inf, inf, inf, inf, inf, inf, inf, inf, inf, inf, inf, inf, inf, inf, inf, inf, inf, inf, inf, inf, inf, inf, inf, inf, inf, inf, inf, inf, inf, inf, inf, inf, inf, inf, inf, inf, inf, inf, inf, inf, inf, inf, inf, inf, inf, inf, inf, inf, inf, inf, inf, inf, inf, inf, inf, inf, inf, inf, inf, inf, inf, inf, inf, inf, inf, inf, inf, inf, inf, inf, inf, inf, inf, inf, inf, inf, inf, inf, inf, inf, inf, inf, inf, inf, inf, inf, inf, inf, inf, inf, inf, inf, inf, inf, inf, inf, inf, inf, inf, inf, inf, inf, inf, inf, inf, inf, inf, inf, inf, inf, inf, inf, inf, inf, inf, inf, inf, inf, inf, inf, inf, inf, inf, inf, inf, inf, inf, inf, inf, inf, inf, inf, inf, inf, inf, inf, inf, inf, inf, inf, inf, inf, inf, inf, inf, inf, inf, inf, inf, inf, inf, inf, inf, inf, inf, inf, inf, inf, inf, inf, inf, inf, inf, inf, inf, inf, inf, inf, inf, inf, inf, inf, inf, inf, inf, inf, inf, inf, inf, inf, inf, inf, inf, inf, inf, inf, inf, inf, inf, inf, inf, inf, inf, inf, inf, inf, inf, inf, inf, inf, inf, inf, inf, inf, inf, inf, inf, 3.472475528717041, 3.4869611263275146, 3.462216377258301, 3.467052936553955, 3.494549512863159, 3.4723894596099854, 3.4629814624786377, 3.4454212188720703, 3.4644298553466797, 3.4457621574401855, 3.4532673358917236, 3.45304799079895, 3.473510265350342, 3.4683849811553955, 3.477263927459717, 3.479097604751587, 3.4979279041290283, inf, inf, inf, inf, inf, inf, inf, inf, inf, inf, inf, inf, inf, inf, inf, inf, inf, inf, inf, inf, inf, inf, inf, inf]),0.01749303564429283,949608000000
array('f', [inf, inf, inf, inf, inf, inf, inf, inf, inf, inf, inf, inf, inf, inf, inf, inf, inf, inf, inf, inf, inf, inf, inf, inf, inf, inf, inf, inf, inf, inf, inf, inf, inf, inf, inf, inf, inf, inf, inf, inf, inf, inf, inf, inf, inf, inf, inf, inf, inf, inf, inf, inf, inf, inf, inf, inf, inf, inf, inf, inf, inf, inf, inf, inf, inf, inf, inf, inf, inf, inf, inf, inf, inf, inf, inf, inf, inf, inf, inf, inf, inf, inf, inf, inf, inf, inf, inf, inf, inf, inf, inf, inf, inf, inf, inf, inf, inf, inf, inf, inf, inf, inf, inf, inf, inf, inf, inf, inf, inf, inf, inf, inf, inf, inf, inf, inf, inf, inf, inf, inf, inf, inf, inf, inf, inf, inf, inf, inf, inf, inf, inf, inf, inf, inf, inf, inf, inf, inf, inf, inf, inf, inf, inf, inf, inf, inf, inf, inf, inf, inf, inf, inf, inf, inf, inf, inf, inf, inf, inf, inf, inf, inf, inf, inf, inf, inf, inf, inf, inf, inf, inf, inf, inf, inf, inf, inf, inf, inf, inf, inf, inf, inf, inf, inf, inf, inf, inf, inf, inf, inf, inf, inf, inf, inf, inf, inf, inf, inf, inf, inf, inf, inf, inf, inf, inf, inf, inf, inf, inf, inf, inf, inf, inf, inf, inf, inf, inf, inf, inf, inf, inf, inf, inf, inf, inf, inf, inf, inf, inf, inf, inf, inf, inf, inf, inf, inf, inf, inf, inf, inf, inf, inf, inf, inf, inf, inf, inf, inf, inf, inf, inf, inf, inf, inf, inf, inf, inf, inf, inf, inf, inf, inf, inf, inf, inf, inf, inf, inf, inf, inf, inf, inf, inf, inf, inf, inf, inf, inf, inf, inf, inf, inf, inf, inf, inf, inf, inf, inf, 3.4750168323516846, 3.4647555351257324, 3.452057361602783, 3.4173078536987305, 3.405702590942383, 3.3885881900787354, 3.3927526473999023, 3.3725368976593018, 3.360517978668213, 3.352180004119873, 3.331418991088867, 3.3304357528686523, 3.331519365310669, 3.3121817111968994, 3.320883274078369, 3.3153083324432373, 3.3093314170837402, 3.325828790664673, 3.2988836765289307, 3.3184871673583984, 3.303006410598755, 3.314908504486084, 3.3263180255889893, 3.3238515853881836, 3.300549030303955, 3.3083224296569824, 3.3593478202819824, 3.333564519882202, 3.340686559677124, 3.3748903274536133, 3.388230800628662, 3.3898446559906006, 3.398115873336792, 3.4394752979278564, 3.448085308074951, 3.430682420730591, 3.450716733932495, 3.5, inf, inf, inf, inf, inf, inf, inf, inf, inf, inf, inf, inf, inf, inf, inf, inf, inf, inf, inf, inf, inf, inf, inf, inf, inf, inf, inf, inf, inf, inf, inf, inf, inf, inf]),0.01749303564429283,949808000000
array('f', [inf, inf, inf, inf, inf, inf, inf, inf, inf, inf, inf, inf, inf, inf, inf, inf, inf, inf, inf, inf, inf, inf, inf, inf, inf, inf, inf, inf, 3.261350154876709, inf, inf, inf, inf, inf, inf, inf, inf, inf, inf, inf, inf, inf, inf, inf, inf, inf, inf, inf, inf, inf, inf, inf, inf, inf, inf, inf, inf, inf, inf, inf, inf, inf, inf, inf, inf, inf, inf, inf, inf, inf, inf, inf, inf, inf, inf, inf, inf, inf, inf, inf, inf, inf, inf, inf, inf, inf, inf, inf, inf, inf, inf, inf, inf, inf, inf, inf, inf, inf, inf, inf, inf, inf, inf, inf, inf, inf, inf, inf, inf, inf, inf, inf, inf, inf, inf, inf, inf, inf, inf, inf, inf, inf, inf, inf, inf, inf, inf, inf, inf, inf, inf, inf, inf, inf, inf, inf, inf, inf, inf, inf, inf, inf, inf, inf, inf, inf, inf, inf, inf, inf, inf, inf, inf, inf, inf, inf, inf, inf, inf, inf, inf, inf, inf, inf, inf, inf, inf, inf, inf, inf, inf, inf, inf, inf, inf, inf, inf, inf, inf, inf, inf, inf, inf, inf, inf, inf, inf, inf, inf, inf, inf, inf, inf, inf, inf, inf, inf, inf, inf, inf, inf, inf, inf, inf, inf, inf, inf, inf, inf, inf, inf, inf, inf, inf, inf, inf, inf, inf, inf, inf, inf, inf, inf, inf, inf, inf, inf, inf, inf, inf, inf, inf, inf, inf, inf, inf, inf, inf, inf, inf, inf, inf, inf, inf, inf, inf, inf, inf, inf, inf, inf, inf, inf, inf, inf, inf, inf, inf, inf, inf, inf, inf, 3.476417303085327, 3.465144157409668, 3.4243319034576416, 3.422602415084839, 3.399508476257324, 3.3577938079833984, 3.337336301803589, 3.3085098266601562, 3.3123652935028076, 3.3077316284179688, 3.2889316082000732, 3.2838656902313232, 3.2607924938201904, 3.2504310607910156, 3.240361452102661, 3.222236156463623, 3.235482931137085, 3.2322940826416016, 3.220789670944214, 3.2182440757751465, 3.2154810428619385, 3.199665069580078, 3.18999981880188, 3.1930620670318604, 3.2122926712036133, 3.2223222255706787, 3.220959424972534, 3.2291786670684814, 3.2285866737365723, 3.2177116870880127, 3.239093065261841, 3.2326862812042236, 3.2654380798339844, 3.251059055328369, 3.283604621887207, 3.285745620727539, 3.281700611114502, 3.3129515647888184, 3.331342935562134, 3.3405914306640625, 3.3699774742126465, 3.373908758163452, 3.4198861122131348, 3.4108850955963135, 3.452298164367676, 3.4732825756073, 3.5, inf, inf, inf, inf, inf, inf, inf, inf, inf, inf, inf, inf, inf, inf, inf, inf, inf, inf, inf, inf, inf, inf, inf, inf, inf, inf, inf, inf, inf, inf, inf, inf, inf, inf, inf, inf, inf, inf, inf, inf, inf, inf, inf, inf, inf, inf, inf, inf, inf, inf, inf]),0.01749303564429283,950008000000
array('f', [inf, inf, inf, inf, inf, inf, inf, 3.0784573554992676, inf, 3.4919276237487793, 3.4682860374450684, inf, inf, inf, inf, inf, inf, inf, inf, inf, inf, inf, inf, inf, inf, inf, inf, inf, inf, inf, inf, inf, inf, inf, inf, inf, inf, inf, inf, inf, inf, inf, inf, inf, inf, inf, inf, inf, inf, inf, inf, inf, inf, inf, inf, inf, inf, inf, inf, inf, inf, inf, inf, inf, inf, inf, inf, inf, inf, inf, inf, inf, inf, inf, inf, inf, inf, inf, inf, inf, inf, inf, inf, inf, inf, inf, inf, inf, inf, inf, inf, inf, inf, inf, inf, inf, inf, inf, inf, inf, inf, inf, inf, inf, inf, inf, inf, inf, inf, inf, inf, inf, inf, inf, inf, inf, inf, inf, inf, inf, inf, inf, inf, inf, inf, inf, inf, inf, inf, inf, inf, inf, inf, inf, inf, inf, inf, inf, inf, inf, inf, inf, inf, inf, inf, inf, inf, inf, inf, inf, inf, inf, inf, inf, inf, inf, inf, inf, inf, inf, inf, inf, inf, inf, inf, inf, inf, inf, inf, inf, inf, inf, inf, inf, inf, inf, inf, inf, inf, inf, inf, inf, inf, inf, inf, inf, inf, inf, inf, inf, inf, inf, inf, inf, inf, inf, inf, inf, inf, inf, inf, inf, inf, inf, inf, inf, inf, inf, inf, inf, inf, inf, inf, inf, inf, inf, inf, inf, inf, inf, inf, inf, inf, inf, inf, inf, inf, inf, inf, inf, inf, inf, inf, inf, inf, inf, inf, inf, 3.4580698013305664, 3.477186441421509, 3.435129165649414, 3.417473793029785, 3.3820271492004395, 3.3701858520507812, 3.349540948867798, 3.341756582260132, 3.2832157611846924, 3.282421350479126, 3.293505907058716, 3.2661290168762207, 3.256645441055298, 3.2437679767608643, 3.2136662006378174, 3.2350573539733887, 3.2267467975616455, 3.2114179134368896, 3.1820781230926514, 3.2160472869873047, 3.1793105602264404, 3.196601390838623, 3.1848530769348145, 3.190772294998169, 3.1837286949157715, 3.185215711593628, 3.1792166233062744, 3.1920948028564453, 3.1797070503234863, 3.197368621826172, 3.198312282562256, 3.2092838287353516, 3.2113709449768066, 3.207763910293579, 3.214205503463745, 3.229423999786377, 3.2507760524749756, 3.259060859680176, 3.269207000732422, 3.283458948135376, 3.3100123405456543, 3.328113555908203, 3.3382644653320312, 3.3454158306121826, 3.373494863510132, 3.41766095161438, 3.435965061187744, 3.4465670585632324, 3.486046552658081, inf, inf, inf, inf, inf, inf, inf, inf, inf, inf, inf, inf, inf, inf, inf, inf, inf, inf, inf, inf, inf, inf, inf, inf, inf, inf, inf, inf, inf, inf, inf, inf, inf, inf, inf, inf, inf, inf, inf, inf, inf, inf, inf, inf, inf, inf, inf, 3.5, 3.4678900241851807, 3.4438202381134033, 3.442101001739502, 3.4270687103271484, 3.3979127407073975, 3.3962788581848145, 3.3736846446990967, 3.3748066425323486, 3.351384401321411, 3.344860315322876, 3.339262008666992, 3.355027198791504, 3.3478965759277344, 3.3145008087158203, 3.327247381210327, 3.3377699851989746, 3.32086181640625, 3.318920612335205, 3.3006253242492676, inf, inf, inf, inf, inf, inf]),0.01749303564429283,950208000000
array('f', [inf, inf, inf, inf, inf, inf, inf, inf, inf, inf, inf, inf, inf, inf, inf, inf, inf, inf, inf, inf, inf, inf, inf, inf, inf, inf, inf, inf, inf, inf, inf, inf, inf, inf, inf, inf, inf, inf, inf, inf, inf, inf, inf, inf, inf, inf, inf, inf, inf, inf, inf, inf, inf, inf, inf, inf, inf, inf, inf, inf, inf, inf, inf, inf, inf, inf, inf, inf, inf, inf, inf, inf, inf, inf, inf, inf, inf, inf, inf, inf, inf, inf, inf, inf, inf, inf, inf, inf, inf, inf, inf, inf, inf, inf, inf, inf, inf, inf, inf, inf, inf, inf, inf, inf, inf, inf, inf, inf, inf, inf, inf, inf, inf, inf, inf, inf, inf, inf, inf, inf, inf, inf, inf, inf, inf, inf, inf, inf, inf, inf, inf, inf, inf, inf, inf, inf, inf, inf, inf, inf, inf, inf, inf, inf, inf, inf, inf, inf, inf, inf, inf, inf, inf, inf, inf, inf, inf, inf, inf, inf, inf, inf, inf, inf, inf, inf, inf, inf, inf, inf, inf, inf, inf, inf, inf, inf, inf, inf, inf, inf, inf, inf, inf, inf, inf, inf, inf, inf, inf, inf, inf, inf, inf, inf, inf, inf, inf, inf, inf, inf, inf, inf, inf, inf, inf, inf, inf, inf, inf, inf, inf, inf, inf, inf, inf, inf, inf, 3.466452121734619, 3.4509472846984863, 3.443209648132324, 3.426132917404175, 3.385103464126587, 3.3780465126037598, 3.3583197593688965, 3.3350963592529297, 3.3100013732910156, 3.310464859008789, 3.3054261207580566, 3.2872791290283203, 3.2906124591827393, 3.272404432296753, 3.250429153442383, 3.2497053146362305, 3.252490282058716, 3.2377474308013916, 3.223810911178589, 3.265613317489624, 3.2407937049865723, 3.230461597442627, 3.2453956604003906, 3.2216851711273193, 3.2221758365631104, 3.225019693374634, 3.2337193489074707, 3.2588560581207275, 3.2608282566070557, 3.258991003036499, 3.2669363021850586, 3.269016981124878, 3.2826738357543945, 3.301417112350464, 3.3119618892669678, 3.327225685119629, 3.3392062187194824, 3.3670284748077393, 3.376181125640869, 3.387920618057251, 3.397993564605713, 3.42297101020813, 3.46531081199646, 3.463948965072632, 3.480128765106201, inf, inf, inf, inf, inf, inf, inf, inf, inf, inf, inf, inf, inf, inf, inf, inf, inf, inf, inf, inf, inf, inf, inf, inf, inf, inf, inf, inf, inf, inf, inf, inf, inf, inf, inf, inf, inf, inf, inf, inf, 3.499647617340088, 3.4638938903808594, 3.434396505355835, 3.432927370071411, 3.383434295654297, 3.3589208126068115, 3.3425793647766113, 3.321526050567627, 3.305121898651123, 3.2712347507476807, 3.256110906600952, 3.2565770149230957, 3.2222213745117188, 3.2072856426239014, 3.1949074268341064, 3.1876137256622314, 3.177975654602051, 3.1795740127563477, 3.1704351902008057, 3.1544673442840576, 3.151867389678955, 3.149428129196167, 3.1279489994049072, 3.141857624053955, 3.1226694583892822, 3.153155565261841, 3.147221326828003, inf, inf, inf, inf, inf, inf, inf, inf, inf, inf, inf, inf, inf, 2.907515287399292, 2.8810441493988037, inf, 3.2839362621307373, 3.2906386852264404, 3.2959463596343994, 3.3374176025390625, 3.345506191253662, 3.351771354675293, 3.4061272144317627, 3.4160380363464355, 3.452570676803589, 3.4814510345458984, inf, inf, inf, inf, inf]),0.01749303564429283,950408000000
array('f', [inf, inf, inf, inf, inf, inf, inf, inf, inf, inf, inf, inf, inf, inf, inf, inf, inf, inf, inf, inf, inf, inf, inf, inf, inf, inf, inf, inf, inf, inf, inf, inf, inf, inf, inf, inf, inf, inf, inf, inf, inf, inf, inf, inf, inf, inf, inf, inf, inf, inf, inf, inf, inf, inf, inf, inf, inf, inf, inf, inf, inf, inf, inf, inf, inf, inf, inf, inf, inf, inf, inf, inf, inf, inf, inf, inf, inf, inf, inf, inf, inf, inf, inf, inf, inf, inf, inf, inf, inf, inf, inf, inf, inf, inf, inf, inf, inf, inf, inf, inf, inf, inf, inf, inf, inf, inf, inf, inf, inf, inf, inf, inf, inf, inf, inf, inf, inf, inf, inf, inf, inf, inf, inf, inf, inf, inf, inf, inf, inf, inf, inf, inf, inf, inf, inf, inf, inf, inf, inf, inf, inf, inf, inf, inf, inf, inf, inf, inf, inf, inf, inf, inf, inf, inf, inf, inf, inf, inf, inf, inf, inf, inf, inf, inf, inf, inf, inf, inf, inf, inf, inf, inf, inf, inf, inf, inf, inf, inf, inf, inf, inf, inf, inf, inf, inf, inf, inf, inf, inf, inf, inf, inf, inf, inf, inf, inf, inf, inf, 3.4875566959381104, 3.4656620025634766, 3.47153902053833, 3.4597294330596924, 3.4351532459259033, 3.4121553897857666, 3.4179556369781494, 3.4040656089782715, 3.372633457183838, 3.371732711791992, 3.365607738494873, 3.3789591789245605, 3.356687068939209, 3.370994806289673, 3.37430739402771, 3.3581151962280273, 3.358828544616699, 3.335409641265869, 3.3571937084198, 3.330103874206543, 3.3595831394195557, 3.364330768585205, 3.3642032146453857, 3.3924291133880615, 3.4029252529144287, 3.412787437438965, 3.4106178283691406, 3.419600248336792, 3.437678813934326, 3.4645421504974365, 3.467622995376587, 3.4745614528656006, 3.5, inf, inf, inf, inf, inf, inf, inf, inf, inf, inf, inf, inf, inf, inf, inf, inf, inf, inf, inf, inf, inf, inf, inf, inf, inf, inf, inf, inf, inf, inf, inf, inf, inf, inf, inf, inf, inf, inf, inf, inf, inf, 3.4941508769989014, 3.466116189956665, 3.4428818225860596, 3.3854401111602783, 3.3786683082580566, 3.3464529514312744, 3.301600217819214, 3.273754119873047, 3.249508857727051, 3.2217960357666016, 3.2124862670898438, 3.181267023086548, 3.1704366207122803, 3.146475315093994, 3.1313059329986572, 3.0968332290649414, 3.093620538711548, 3.0660958290100098, 3.063883066177368, 3.0523719787597656, 3.035999059677124, 3.0349667072296143, 3.031341075897217, 3.007422685623169, 3.0188276767730713, 3.0079078674316406, 2.992154598236084, 2.9875168800354004, 2.9978675842285156, 2.9866573810577393, inf, inf, inf, inf, inf, inf, inf, inf, inf, inf, inf, inf, inf, inf, 2.677593469619751, inf, inf, 3.092101573944092, 3.1063404083251953, 3.1361823081970215, 3.1373298168182373, 3.171598434448242, 3.188735246658325, 3.1978306770324707, 3.245431900024414, 3.2303409576416016, 3.2592689990997314, 3.295921802520752, 3.317707061767578, 3.365177631378174, 3.3930716514587402, 3.4256207942962646, 3.4730939865112305, 3.4887819290161133, inf, inf, inf, inf, inf, inf, inf, inf, inf, inf, inf, inf, inf, inf, inf, inf, inf, inf, inf, inf, inf, inf, inf, inf]),0.01749303564429283,950608000000
array('f', [inf, inf, inf, inf, inf, inf, inf, inf, inf, inf, inf, inf, inf, inf, inf, inf, inf, inf, inf, inf, inf, inf, inf, inf, inf, inf, inf, inf, inf, inf, inf, inf, inf, inf, inf, inf, inf, inf, inf, inf, inf, inf, inf, inf, inf, inf, inf, inf, inf, inf, inf, inf, inf, inf, inf, inf, inf, inf, inf, inf, inf, inf, inf, inf, inf, inf, inf, inf, inf, inf, inf, inf, inf, inf, inf, inf, inf, inf, inf, inf, inf, inf, inf, inf, inf, inf, inf, inf, inf, inf, inf, inf, inf, inf, inf, inf, inf, inf, inf, inf, inf, inf, inf, inf, inf, inf, inf, inf, inf, inf, inf, inf, inf, inf, inf, inf, inf, inf, inf, inf, inf, inf, inf, inf, inf, inf, inf, inf, inf, inf, inf, inf, inf, inf, inf, inf, inf, inf, inf, inf, inf, inf, inf, inf, inf, inf, inf, inf, inf, inf, inf, inf, inf, inf, inf, inf, inf, inf, inf, inf, inf, inf, inf, inf, inf, inf, inf, inf, inf, inf, inf, inf, inf, inf, inf, inf, inf, inf, inf, inf, inf, inf, inf, inf, inf, inf, inf, inf, inf, inf, inf, inf, inf, inf, inf, inf, inf, inf, inf, inf, inf, inf, inf, inf, inf, inf, inf, inf, inf, inf, inf, inf, inf, inf, inf, inf, inf, inf, inf, inf, inf, inf, inf, inf, inf, inf, inf, inf, inf, inf, inf, inf, inf, inf, inf, inf, inf, inf, inf, inf, inf, inf, inf, inf, 3.4730536937713623, 3.4637043476104736, 3.398061752319336, 3.36521053314209, 3.3419361114501953, 3.3283920288085938, 3.2692980766296387, 3.2330572605133057, 3.202333688735962, 3.199266195297241, 3.172046422958374, 3.12282133102417, 3.1066246032714844, 3.1006689071655273, 3.0738348960876465, 3.0558435916900635, 3.030620574951172, 3.024447441101074, 3.0120458602905273, 2.9732818603515625, 2.973536968231201, 2.9434633255004883, 2.9379703998565674, 2.9447457790374756, 2.9469797611236572, 2.9316389560699463, 2.9239394664764404, 2.9106040000915527, 2.914475440979004, inf, inf, inf, inf, inf, inf, inf, inf, inf, inf, inf, inf, inf, inf, 2.567511558532715, inf, inf, 2.9506497383117676, 2.971012830734253, 2.9909517765045166, 2.987656354904175, 3.0136630535125732, 3.0233349800109863, 3.0597856044769287, 3.067275285720825, 3.06599497795105, 3.12580943107605, 3.1295461654663086, 3.155137300491333, 3.1733407974243164, 3.20058536529541, 3.236804723739624, 3.2689974308013916, 3.2725086212158203, 3.3298423290252686, 3.354940414428711, 3.392612934112549, 3.420764923095703, 3.4683070182800293, inf, inf, inf, inf, inf, inf, inf, inf, inf, inf, inf, inf, inf, inf, inf, inf, inf, inf, inf, inf, inf, inf, inf, inf, inf, inf, inf, inf, inf, inf, inf, inf, inf, inf, inf, inf, inf, inf, inf, inf, inf, inf, inf, inf, inf, inf, inf, inf]),0.01749303564429283,950808000000
array('f', [inf, inf, inf, inf, inf, inf, inf, inf, inf, inf, inf, inf, inf, inf, inf, inf, inf, inf, inf, inf, inf, inf, inf, inf, inf, inf, inf, inf, inf, inf, inf, inf, inf, inf, inf, inf, inf, inf, inf, inf, inf, inf, inf, inf, inf, inf, inf, inf, inf, inf, inf, inf, inf, inf, inf, inf, inf, inf, inf, inf, inf, inf, inf, inf, inf, inf, inf, inf, inf, inf, inf, inf, inf, inf, inf, inf, inf, inf, inf, inf, inf, inf, inf, inf, inf, inf, inf, inf, inf, inf, inf, inf, inf, inf, inf, inf, inf, inf, inf, inf, inf, inf, inf, inf, inf, inf, inf, inf, inf, inf, inf, inf, inf, inf, inf, inf, inf, inf, inf, inf, inf, inf, inf, inf, inf, inf, inf, inf, inf, inf, inf, inf, inf, inf, inf, inf, inf, inf, inf, inf, inf, inf, inf, inf, inf, inf, inf, inf, inf, inf, inf, inf, inf, inf, inf, inf, inf, inf, inf, inf, inf, inf, inf, inf, inf, inf, inf, inf, inf, inf, inf, inf, inf, inf, inf, inf, inf, inf, inf, inf, inf, inf, inf, inf, inf, inf, inf, inf, inf, inf, inf, inf, inf, inf, inf, inf, inf, inf, inf, inf, inf, inf, inf, inf, inf, inf, inf, inf, inf, inf, inf, inf, inf, inf, inf, inf, inf, 3.465118408203125, 3.4344027042388916, 3.407773494720459, 3.3872809410095215, 3.3413116931915283, 3.3331680297851562, 3.256920337677002, 3.2464940547943115, 3.2331836223602295, 3.1673238277435303, 3.152263879776001, 3.1521968841552734, 3.120326519012451, 3.1028761863708496, 3.073021411895752, 3.057051658630371, 3.03962779045105, 3.025299310684204, 2.996654987335205, 2.9938857555389404, 2.9817237854003906, 2.979675531387329, 2.9570767879486084, 2.9636874198913574, 2.927029609680176, inf, inf, inf, inf, inf, inf, inf, inf, inf, inf, inf, inf, inf, 2.5476317405700684, inf, inf, inf, 2.9719574451446533, 2.935605764389038, 2.9412057399749756, 2.954176425933838, 2.9909310340881348, 2.9826083183288574, 2.997007131576538, 2.998680830001831, 2.990922451019287, 3.036137342453003, 3.042025327682495, 3.077587366104126, 3.0774667263031006, 3.1255133152008057, 3.1304049491882324, 3.1472480297088623, 3.2004590034484863, 3.199622869491577, 3.2353668212890625, 3.241886615753174, 3.282790184020996, 3.3177337646484375, 3.3491902351379395, 3.410322666168213, 3.4296157360076904, 3.4578189849853516, inf, inf, inf, inf, inf, inf, inf, inf, inf, inf, inf, inf, inf, inf, inf, inf, inf, inf, inf, inf, inf, inf, inf, inf, inf, inf, inf, inf, inf, inf, inf, inf, inf, inf, inf, inf, inf, inf, inf, inf, inf, inf, inf, inf, inf, inf, inf, inf, inf, inf, inf, inf, inf, inf, inf, inf, inf, inf, inf, inf, inf, inf, inf, inf, inf, inf, inf, inf, inf, inf, inf, inf, inf, inf, inf]),0.01749303564429283,951008000000
array('f', [inf, inf, inf, inf, inf, inf, inf, inf, inf, inf, inf, inf, inf, inf, inf, inf, inf, inf, inf, inf, inf, inf, inf, inf, inf, inf, inf, inf, inf, inf, inf, inf, inf, inf, inf, inf, inf, inf, inf, inf, inf, inf, inf, inf, inf, inf, inf, inf, inf, inf, inf, inf, inf, inf, inf, inf, inf, inf, inf, inf, inf, inf, inf, inf, inf, inf, inf, inf, inf, inf, inf, inf, inf, inf, inf, inf, inf, inf, inf, inf, inf, inf, inf, inf, inf, inf, inf, inf, inf, inf, inf, inf, inf, inf, inf, inf, inf, inf, inf, inf, inf, inf, inf, inf, inf, inf, inf, inf, inf, inf, inf, inf, inf, inf, inf, inf, inf, inf, inf, inf, inf, inf, inf, inf, inf, inf, inf, inf, inf, inf, inf, inf, inf, inf, inf, inf, inf, inf, inf, inf, inf, inf, inf, inf, inf, inf, inf, inf, inf, inf, inf, inf, inf, inf, inf, inf, inf, inf, inf, inf, inf, inf, inf, inf, inf, inf, inf, inf, inf, inf, inf, inf, inf, inf, inf, inf, inf, inf, inf, inf, inf, inf, inf, inf, inf, inf, inf, inf, inf, inf, inf, 3.4878878593444824, 3.440455913543701, 3.4060018062591553, 3.4005606174468994, 3.352186679840088, 3.324582815170288, 3.299177646636963, 3.269625186920166, 3.239820957183838, 3.2404234409332275, 3.2075610160827637, 3.1719064712524414, 3.161067485809326, 3.153587579727173, 3.1300675868988037, 3.129422426223755, 3.0880610942840576, 3.0726776123046875, 3.073181390762329, 3.1137757301330566, inf, inf, inf, inf, inf, inf, inf, inf, inf, inf, inf, inf, 2.6327033042907715, inf, inf, inf, 3.000384569168091, 3.0202207565307617, 3.0126123428344727, 3.0218944549560547, 3.0406837463378906, 3.0451831817626953, 3.0503695011138916, 3.0620837211608887, 3.051544189453125, 3.085327625274658, 3.0879030227661133, 3.102473735809326, 3.128190517425537, 3.145974636077881, 3.1792852878570557, 3.193758249282837, 3.1837713718414307, 3.2346794605255127, 3.2368242740631104, 3.2885818481445312, 3.3070101737976074, 3.3003501892089844, 3.36110782623291, 3.389491319656372, 3.4310266971588135, 3.478696346282959, 3.4979782104492188, inf, inf, inf, inf, inf, inf, inf, inf, inf, inf, inf, inf, inf, inf, inf, inf, inf, inf, inf, inf, inf, inf, inf, inf, inf, inf, inf, inf, inf, inf, inf, inf, inf, inf, inf, inf, inf, inf, inf, inf, inf, inf, inf, inf, inf, inf, inf, inf, inf, inf, inf, inf, inf, inf, inf, inf, inf, inf, inf, inf, inf, inf, inf, inf, inf, inf, inf, inf, inf, inf, inf, inf, inf, inf, inf, inf, inf, inf, inf, inf, inf, inf, inf, inf, inf, inf, inf, inf, inf, inf, inf, inf, inf, inf, inf, inf, inf, inf, inf, inf, inf, inf, inf, inf, inf, inf]),0.01749303564429283,951208000000
array('f', [inf, inf, inf, inf, inf, inf, inf, inf, inf, inf, inf, inf, inf, inf, inf, inf, inf, inf, inf, inf, inf, inf, inf, inf, inf, inf, inf, inf, inf, inf, inf, inf, inf, inf, inf, inf, inf, inf, inf, inf, inf, inf, inf, inf, inf, inf, inf, inf, inf, inf, inf, inf, inf, inf, inf, inf, inf, inf, inf, inf, inf, inf, inf, inf, inf, inf, inf, inf, inf, inf, inf, inf, inf, inf, inf, inf, inf, inf, inf, inf, inf, inf, inf, inf, inf, inf, inf, inf, inf, inf, inf, inf, inf, inf, inf, inf, inf, inf, inf, inf, inf, inf, inf, inf, inf, inf, inf, inf, inf, inf, inf, inf, inf, inf, inf, inf, inf, inf, inf, inf, inf, inf, inf, inf, inf, inf, inf, inf, inf, inf, inf, inf, inf, inf, inf, inf, inf, inf, inf, inf, inf, inf, inf, inf, inf, inf, inf, inf, inf, inf, inf, inf, inf, inf, inf, inf, inf, inf, inf, inf, inf, inf, inf, inf, inf, inf, 3.5, 3.447902202606201, 3.43623685836792, 3.413698196411133, 3.3966763019561768, 3.381509304046631, 3.3398988246917725, 3.311455011367798, 3.3114888668060303, 3.290661096572876, 3.2802798748016357, 3.2663819789886475, 3.2396345138549805, inf, inf, inf, inf, inf, inf, inf, inf, inf, inf, inf, 2.807478427886963, inf, inf, inf, 3.1740639209747314, 3.1695826053619385, 3.172236919403076, 3.163154363632202, 3.1789183616638184, 3.1949172019958496, 3.1966097354888916, 3.1940033435821533, 3.192795991897583, 3.216796875, 3.2472448348999023, 3.2405354976654053, 3.2667698860168457, 3.258976936340332, 3.2844765186309814, 3.3030238151550293, 3.3237061500549316, 3.350395679473877, 3.371103048324585, 3.406491279602051, 3.42834734916687, 3.4392178058624268, 3.4743239879608154, inf, inf, inf, inf, inf, inf, inf, inf, inf, inf, inf, inf, inf, inf, inf, inf, inf, inf, inf, inf, inf, inf, inf, inf, inf, inf, inf, inf, inf, inf, inf, inf, inf, inf, inf, inf, inf, inf, inf, inf, inf, inf, inf, inf, inf, inf, inf, inf, inf, inf, inf, inf, inf, inf, inf, inf, inf, inf, inf, inf, inf, inf, inf, inf, inf, inf, inf, inf, inf, inf, inf, inf, inf, inf, inf, inf, inf, inf, inf, inf, inf, inf, inf, inf, inf, inf, inf, inf, inf, inf, inf, inf, inf, inf, inf, inf, inf, inf, inf, inf, inf, inf, inf, inf, inf, inf, inf, inf, inf, inf, inf, inf, inf, inf, inf, inf, inf, inf, inf, inf, inf, inf, inf, inf, inf, inf, inf, inf, inf, inf, inf, inf, inf, inf, inf, inf, inf, inf, inf, inf, inf, inf, inf]),0.01749303564429283,951408000000
array('f', [inf, inf, inf, inf, inf, inf, inf, inf, inf, inf, inf, inf, inf, inf, inf, inf, inf, inf, inf, inf, inf, inf, inf, inf, inf, inf, inf, inf, inf, inf, inf, inf, inf, inf, inf, inf, inf, inf, inf, inf, inf, inf, inf, inf, inf, inf, inf, inf, inf, inf, inf, inf, inf, inf, inf, inf, inf, inf, inf, inf, inf, inf, inf, inf, inf, inf, inf, inf, inf, inf, inf, inf, inf, inf, inf, inf, inf, inf, inf, inf, inf, inf, inf, inf, inf, inf, inf, inf, inf, inf, inf, inf, inf, inf, inf, inf, inf, inf, inf, inf, inf, inf, inf, inf, inf, inf, inf, inf, inf, inf, inf, inf, inf, inf, inf, inf, inf, inf, inf, inf, inf, inf, inf, inf, inf, inf, inf, inf, inf, inf, inf, inf, inf, inf, inf, inf, inf, inf, inf, inf, inf, inf, inf, 3.4874887466430664, 3.49365234375, 3.4597764015197754, 3.4417433738708496, inf, inf, inf, inf, inf, inf, inf, inf, inf, inf, inf, 3.0036609172821045, inf, inf, inf, 3.3503684997558594, 3.3653271198272705, 3.3729441165924072, 3.3674654960632324, 3.3783934116363525, 3.3830270767211914, 3.403762102127075, 3.4048452377319336, 3.409083604812622, 3.4122188091278076, 3.442331314086914, 3.463106393814087, 3.46758770942688, 3.4902186393737793, inf, inf, inf, inf, inf, inf, inf, inf, inf, inf, inf, inf, inf, inf, inf, inf, inf, inf, inf, inf, inf, inf, inf, inf, inf, inf, inf, inf, inf, inf, inf, inf, inf, inf, inf, inf, inf, inf, inf, inf, inf, inf, inf, inf, inf, inf, inf, inf, inf, inf, inf, inf, inf, inf, inf, inf, inf, inf, inf, inf, inf, inf, inf, inf, inf, inf, inf, inf, inf, inf, inf, inf, inf, inf, inf, inf, inf, inf, inf, inf, inf, inf, inf, inf, inf, inf, inf, inf, inf, inf, inf, inf, inf, inf, inf, inf, inf, inf, inf, inf, inf, inf, inf, inf, inf, inf, inf, inf, inf, inf, inf, inf, inf, inf, inf, inf, inf, inf, inf, inf, inf, inf, inf, inf, inf, inf, inf, inf, inf, inf, inf, inf, inf, inf, inf, inf, inf, inf, inf, inf, inf, inf, inf, inf, inf, inf, inf, inf, inf, inf, inf, inf, inf, inf, inf, inf, inf, inf, inf, inf, inf, inf, inf, inf, inf, inf, inf, inf, inf, inf, inf, inf, inf, inf, inf, inf, inf, inf, inf, inf, inf, inf, inf, inf]),0.01749303564429283,951608000000
array('f', [inf, inf, inf, inf, inf, inf, inf, inf, inf, inf, inf, inf, inf, inf, inf, inf, inf, inf, inf, inf, inf, inf, inf, inf, inf, inf, inf, inf, inf, inf, inf, inf, inf, inf, inf, inf, inf, inf, inf, inf, inf, inf, inf, inf, inf, inf, inf, inf, inf, inf, inf, inf, inf, inf, inf, inf, inf, inf, inf, inf, inf, inf, inf, inf, inf, inf, inf, inf, inf, inf, inf, inf, inf, inf, inf, inf, inf, inf, inf, inf, inf, inf, inf, inf, inf, inf, inf, inf, inf, inf, inf, inf, inf, inf, inf, inf, inf, inf, inf, inf, inf, inf, inf, inf, inf, inf, inf, inf, inf, inf, inf, inf, inf, inf, inf, inf, inf, inf, inf, inf, inf, inf, inf, inf, inf, inf, inf, inf, inf, inf, inf, inf, inf, inf, inf, inf, inf, inf, inf, inf, inf, inf, inf, inf, inf, inf, inf, inf, inf, inf, inf, inf, inf, inf, inf, inf, inf, inf, inf, inf, inf, inf, inf, inf, inf, inf, inf, inf, inf, inf, inf, inf, inf, inf, inf, inf, inf, inf, inf, inf, inf, inf, inf, inf, inf, inf, inf, inf, inf, inf, inf, inf, inf, inf, inf, inf, inf, inf, inf, inf, inf, inf, inf, inf, inf, inf, inf, inf, inf, inf, inf, inf, inf, inf, inf, inf, inf, inf, inf, inf, inf, inf, inf, inf, inf, inf, inf, inf, inf, inf, inf, inf, inf, inf, inf, inf, inf, inf, inf, inf, inf, inf, inf, inf, inf, inf, inf, inf, inf, inf, inf, inf, inf, inf, inf, inf, inf, inf, inf, inf, inf, inf, inf, inf, inf, inf, inf, inf, inf, inf, inf, inf, inf, inf, inf, inf, inf, inf, inf, inf, inf, inf, inf, inf, inf, inf, inf, inf, inf, inf, inf, inf, inf, inf, inf, inf, inf, inf, inf, inf, inf, inf, inf, inf, inf, inf, inf, inf, inf, inf, inf, inf, inf, inf, inf, inf, inf, inf, inf, inf, inf, inf, inf, inf, inf, inf, inf, inf, inf, inf, inf, inf, inf, inf, inf, inf, inf, inf, inf, inf, inf, inf, inf, inf, inf, inf, inf, inf, inf, inf, inf, inf, inf, inf, inf, inf, inf, inf, inf, inf]),0.01749303564429283,951808000000
array('f', [inf, inf, inf, inf, inf, inf, inf, inf, inf, inf, inf, inf, inf, inf, inf, inf, inf, inf, inf, inf, inf, inf, inf, inf, inf, inf, inf, inf, inf, inf, inf, inf, inf, inf, inf, inf, inf, inf, inf, inf, inf, inf, inf, inf, inf, inf, inf, inf, inf, inf, inf, inf, inf, inf, inf, inf, inf, inf, inf, inf, inf, inf, inf, inf, inf, inf, inf, inf, inf, inf, inf, inf, inf, inf, inf, inf, inf, inf, inf, inf, inf, inf, inf, inf, inf, inf, inf, inf, inf, inf, inf, inf, 3.2846519947052, inf, inf, inf, inf, inf, inf, inf, inf, inf, inf, inf, inf, inf, inf, inf, inf, inf, inf, inf, inf, inf, inf, inf, inf, inf, inf, inf, inf, inf, inf, inf, inf, inf, inf, inf, inf, inf, inf, inf, inf, inf, inf, inf, inf, inf, inf, inf, inf, inf, inf, inf, inf, inf, inf, inf, inf, inf, inf, inf, inf, inf, inf, inf, inf, inf, inf, inf, inf, inf, inf, inf, inf, inf, inf, inf, inf, inf, inf, inf, inf, inf, inf, inf, inf, inf, inf, inf, inf, inf, inf, inf, inf, inf, inf, inf, inf, inf, inf, inf, inf, inf, inf, inf, inf, inf, inf, inf, inf, inf, inf, inf, inf, inf, inf, inf, inf, inf, inf, inf, inf, inf, inf, inf, inf, inf, inf, inf, inf, inf, inf, inf, inf, inf, inf, inf, inf, inf, inf, inf, inf, inf, inf, inf, inf, inf, inf, inf, inf, inf, inf, inf, inf, inf, inf, inf, inf, inf, inf, inf, inf, inf, inf, inf, inf, inf, inf, inf, inf, inf, inf, inf, inf, inf, inf, inf, inf, inf, inf, inf, inf, inf, inf, inf, inf, inf, inf, inf, inf, inf, inf, inf, inf, inf, inf, inf, inf, inf, inf, inf, inf, inf, inf, inf, inf, inf, inf, inf, inf, inf, inf, inf, inf, inf, inf, inf, inf, inf, inf, inf, inf, inf, inf, inf, inf, inf, inf, inf, inf, inf, inf, inf, inf, inf, inf, inf, inf, inf, inf, inf, inf, inf, inf, inf, inf, inf, inf, inf, inf, inf, inf, inf, inf, inf, inf, inf, inf, inf, inf, inf, inf, inf, inf, inf, inf, inf, inf, inf]),0.01749303564429283,952008000000
array('f', [inf, inf, inf, inf, inf, inf, inf, inf, inf, inf, inf, inf, inf, inf, inf, inf, inf, inf, inf, inf, inf, inf, inf, inf, inf, inf, inf, inf, inf, inf, inf, inf, inf, inf, inf, inf, inf, inf, inf, inf, inf, inf, inf, inf, inf, inf, inf, inf, inf, inf, inf, inf, inf, inf, inf, inf, inf, 3.2239856719970703, inf, inf, inf, inf, inf, inf, inf, inf, inf, inf, inf, inf, inf, inf, inf, inf, inf, inf, inf, inf, inf, inf, inf, inf, inf, inf, inf, inf, inf, inf, inf, inf, inf, inf, inf, inf, inf, inf, inf, inf, inf, inf, inf, inf, inf, inf, inf, inf, inf, inf, inf, inf, inf, inf, inf, inf, inf, inf, inf, inf, inf, inf, inf, inf, inf, inf, inf, inf, inf, inf, inf, inf, inf, inf, inf, inf, inf, inf, inf, inf, inf, inf, inf, inf, inf, inf, inf, inf, inf, inf, inf, inf, inf, inf, inf, inf, inf, inf, inf, inf, inf, inf, inf, inf, inf, inf, inf, inf, inf, inf, inf, inf, inf, inf, inf, inf, inf, inf, inf, inf, inf, inf, inf, inf, inf, inf, inf, inf, inf, inf, inf, inf, inf, inf, inf, inf, inf, inf, inf, inf, inf, inf, inf, inf, inf, inf, inf, inf, inf, inf, inf, inf, inf, inf, inf, inf, inf, inf, inf, inf, inf, inf, inf, inf, inf, inf, inf, inf, inf, inf, inf, inf, inf, inf, inf, inf, inf, inf, inf, inf, inf, inf, inf, inf, inf, inf, inf, inf, inf, inf, inf, inf, inf, inf, inf, inf, inf, inf, inf, inf, inf, inf, inf, inf, inf, inf, inf, inf, inf, inf, inf, inf, inf, inf, inf, inf, inf, inf, inf, inf, inf, inf, inf, inf, inf, inf, inf, inf, inf, inf, inf, inf, inf, inf, inf, inf, inf, inf, inf, inf, inf, inf, inf, inf, inf, inf, inf, inf, inf, inf, inf, inf, inf, inf, inf, inf, inf, inf, inf, inf, inf, inf, inf, inf, inf, inf, inf, inf, inf, inf, inf, inf, inf, inf, inf, inf, inf, inf, inf, inf, inf, inf, inf, inf, inf, inf, inf, inf, inf, inf, inf, inf, inf, inf, inf, inf, inf, inf, inf, inf, inf, inf]),0.01749303564429283,952208000000
array('f', [3.435776948928833, 3.4542319774627686, 3.4108893871307373, 3.4156746864318848, 3.420379877090454, 3.4124562740325928, 3.392937660217285, inf, inf, inf, inf, inf, inf, inf, inf, inf, inf, inf, inf, 3.074406623840332, inf, inf, 3.5, 3.5, inf, inf, inf, inf, inf, inf, inf, inf, inf, inf, inf, inf, inf, inf, inf, inf, inf, inf, inf, inf, inf, inf, inf, inf, inf, inf, inf, inf, inf, inf, inf, inf, inf, inf, inf, inf, inf, inf, inf, inf, inf, inf, inf, inf, inf, inf, inf, inf, inf, inf, inf, inf, inf, inf, inf, inf, inf, inf, inf, inf, inf, inf, inf, inf, inf, inf, inf, inf, inf, inf, inf, inf, inf, inf, inf, inf, inf, inf, inf, inf, inf, inf, inf, inf, inf, inf, inf, inf, inf, inf, inf, inf, inf, inf, inf, inf, inf, inf, inf, inf, inf, inf, inf, inf, inf, inf, inf, inf, inf, inf, inf, inf, inf, inf, inf, inf, inf, inf, inf, inf, inf, inf, inf, inf, inf, inf, inf, inf, inf, inf, inf, inf, inf, inf, inf, inf, inf, inf, inf, inf, inf, inf, inf, inf, inf, inf, inf, inf, inf, inf, inf, inf, inf, inf, inf, inf, inf, inf, inf, inf, inf, inf, inf, inf, inf, inf, inf, inf, inf, inf, inf, inf, inf, inf, inf, inf, inf, inf, inf, inf, inf, inf, inf, inf, inf, inf, inf, inf, inf, inf, inf, inf, inf, inf, inf, inf, inf, inf, inf, inf, inf, inf, inf, inf, inf, inf, inf, inf, inf, inf, inf, inf, inf, inf, inf, inf, inf, inf, inf, inf, inf, inf, inf, inf, inf, inf, inf, inf, inf, inf, inf, inf, inf, inf, inf, inf, inf, inf, inf, inf, inf, inf, inf, 3.5, 3.479325294494629, 3.4657979011535645, 3.4559404850006104, 3.4607670307159424, 3.449476718902588, 3.4411120414733887, 3.4508965015411377, 3.422319173812866, 3.422908306121826, 3.420308828353882, 3.4284424781799316, 3.4362807273864746, 3.406594753265381, 3.4139199256896973, 3.434573173522949, 3.446460247039795, 3.440202474594116, 3.441378116607666, 3.466285467147827, 3.4711451530456543, 3.4811244010925293, 3.499964475631714, 3.4941749572753906, inf, inf, inf, inf, inf, inf, inf, inf, inf, inf, inf, inf, inf, inf, inf, inf, inf, inf, inf, inf, inf, inf, inf, inf, inf, inf, inf, inf, inf, inf, inf, inf, inf, inf, inf, inf, inf, inf, inf, inf, inf, inf, inf, inf, inf, inf, inf, inf, inf, inf, inf, inf, inf, inf, inf, inf, inf, inf, inf, inf, inf, inf, inf, 3.5, 3.48398494720459, 3.475534439086914, 3.449892997741699, 3.4492905139923096, 3.4309492111206055]),0.01749303564429283,952408000000
array('f', [inf, inf, inf, inf, inf, inf, inf, inf, inf, inf, inf, inf, inf, inf, inf, inf, inf, inf, inf, inf, inf, inf, inf, inf, inf, inf, inf, inf, inf, inf, inf, inf, inf, inf, inf, inf, inf, inf, inf, inf, inf, inf, inf, inf, inf, inf, inf, inf, inf, inf, inf, inf, inf, inf, inf, inf, inf, inf, inf, inf, inf, inf, inf, inf, inf, inf, inf, inf, inf, inf, inf, inf, inf, inf, inf, inf, inf, inf, inf, inf, inf, inf, inf, inf, inf, inf, inf, inf, inf, inf, inf, inf, inf, inf, inf, inf, inf, inf, inf, inf, inf, inf, inf, inf, inf, inf, inf, inf, inf, inf, inf, inf, inf, inf, inf, inf, inf, inf, inf, inf, inf, inf, inf, inf, inf, inf, inf, inf, inf, inf, inf, inf, inf, inf, inf, inf, inf, inf, inf, inf, inf, inf, inf, inf, inf, inf, inf, inf, inf, inf, inf, inf, inf, inf, inf, inf, inf, inf, inf, inf, inf, inf, inf, inf, inf, inf, inf, inf, inf, inf, inf, inf, inf, inf, inf, inf, inf, inf, inf, inf, inf, inf, inf, inf, inf, inf, inf, inf, inf, inf, inf, inf, inf, inf, inf, inf, inf, inf, inf, inf, inf, inf, inf, inf, inf, inf, inf, inf, inf, inf, inf, inf, inf, inf, inf, inf, inf, inf, inf, inf, inf, inf, inf, inf, inf, 3.4848031997680664, 3.470139741897583, 3.4740943908691406, 3.4758570194244385, 3.4543449878692627, 3.4579885005950928, 3.449493169784546, 3.448075294494629, 3.4492576122283936, 3.4551875591278076, 3.437662124633789, 3.4491703510284424, 3.4526383876800537, 3.436091899871826, 3.454183578491211, 3.468061923980713, 3.471860408782959, 3.480576992034912, 3.46675181388855, 3.492250442504883, inf, inf, inf, inf, inf, inf, inf, inf, inf, inf, inf, inf, inf, inf, inf, inf, inf, inf, inf, inf, inf, inf, inf, inf, inf, inf, inf, inf, inf, inf, inf, inf, inf, inf, inf, inf, inf, inf, inf, inf, inf, inf, inf, inf, inf, inf, inf, inf, inf, inf, inf, inf, inf, inf, inf, inf, 3.479997396469116, 3.4539363384246826, 3.427659749984741, 3.3954241275787354, 3.3704493045806885, 3.363189458847046, 3.3193252086639404, 3.333672046661377, 3.30830454826355, 3.3106491565704346, 3.269942283630371, 3.268291473388672, 3.262026786804199, 3.2524468898773193, 3.2341573238372803, 3.239793539047241, 3.2087583541870117, 3.218726396560669, 3.212712287902832, 3.185051441192627, 3.196603536605835, inf, inf, inf, inf, inf, inf, inf, inf, inf, inf, inf, inf, 2.8828887939453125, inf, inf, 3.271768808364868, 3.2750680446624756, 3.288459539413452, 3.3088326454162598, 3.3352296352386475, 3.3582379817962646, 3.366096258163452, 3.392322301864624, 3.4204487800598145, 3.421613931655884, 3.4633610248565674, 3.497847557067871, inf, inf, inf, inf, inf, inf, inf, inf, inf, inf, inf]),0.01749303564429283,952608000000
array('f', [inf, inf, inf, inf, inf, inf, inf, inf, inf, inf, inf, inf, inf, inf, inf, inf, inf, inf, inf, inf, inf, inf, inf, inf, inf, inf, inf, inf, inf, inf, inf, inf, inf, inf, inf, inf, inf, inf, inf, inf, inf, inf, inf, inf, inf, inf, inf, inf, inf, inf, inf, inf, inf, inf, inf, inf, inf, inf, inf, inf, inf, inf, inf, inf, inf, inf, inf, inf, inf, inf, inf, inf, inf, inf, inf, inf, inf, inf, inf, inf, inf, inf, inf, inf, inf, inf, inf, inf, inf, inf, inf, inf, inf, inf, inf, inf, inf, inf, inf, inf, inf, inf, inf, inf, inf, inf, inf, inf, inf, inf, inf, inf, inf, inf, inf, inf, inf, inf, inf, inf, inf, inf, inf, inf, inf, inf, inf, inf, inf, inf, inf, inf, inf, inf, inf, inf, inf, inf, inf, inf, inf, inf, inf, inf, inf, inf, inf, inf, inf, inf, inf, inf, inf, inf, inf, inf, inf, inf, inf, inf, inf, inf, inf, inf, inf, inf, inf, inf, inf, inf, inf, inf, inf, inf, inf, inf, inf, inf, inf, inf, inf, inf, inf, inf, inf, inf, inf, inf, inf, inf, inf, inf, inf, inf, inf, inf, inf, inf, inf, inf, inf, inf, inf, inf, inf, inf, inf, inf, inf, inf, inf, inf, inf, inf, inf, inf, inf, inf, inf, inf, inf, inf, inf, inf, inf, inf, inf, inf, inf, inf, inf, inf, inf, inf, inf, inf, inf, inf, inf, inf, inf, inf, inf, inf, inf, inf, inf, inf, inf, 3.4917800426483154, 3.444286823272705, 3.425436019897461, 3.4016973972320557, 3.377206563949585, 3.3446850776672363, 3.312044620513916, 3.289863109588623, 3.257948398590088, 3.2566282749176025, 3.234978199005127, 3.2082502841949463, 3.210357427597046, 3.189190149307251, 3.1842827796936035, 3.145026683807373, 3.1370975971221924, 3.1274666786193848, 3.1103837490081787, 3.1121504306793213, 3.110363006591797, 3.0812432765960693, 3.1562302112579346, inf, inf, inf, inf, inf, inf, inf, inf, inf, inf, inf, inf, 2.7458114624023438, inf, inf, inf, 3.112898588180542, 3.133575916290283, 3.1507833003997803, 3.1568126678466797, 3.1710193157196045, 3.1869688034057617, 3.223141670227051, 3.2191343307495117, 3.249769449234009, 3.268988609313965, 3.27512264251709, 3.3198065757751465, 3.3154170513153076, 3.361299514770508, 3.4008705615997314, 3.4199368953704834, 3.4533541202545166, 3.4843192100524902, inf, inf, inf, inf, inf, inf, inf, inf, inf, inf, inf, inf, inf, inf, inf, inf, inf, inf, inf, inf, inf, inf, inf, inf, inf, inf, inf, inf, inf, inf, inf, inf, inf, inf, inf, inf, inf, inf, inf, inf, inf, inf, inf, inf, inf, inf, inf, inf, inf, inf, inf, inf, inf, inf]),0.01749303564429283,952808000000
array('f', [inf, inf, inf, inf, inf, inf, inf, inf, inf, inf, inf, inf, inf, inf, inf, inf, inf, inf, inf, inf, inf, inf, inf, inf, inf, inf, inf, inf, inf, inf, inf, inf, inf, inf, inf, inf, inf, inf, inf, inf, inf, inf, inf, inf, inf, inf, inf, inf, inf, inf, inf, inf, inf, inf, inf, inf, inf, inf, inf, inf, inf, inf, inf, inf, inf, inf, inf, inf, inf, inf, inf, inf, inf, inf, inf, inf, inf, inf, inf, inf, inf, inf, inf, inf, inf, inf, inf, inf, inf, inf, inf, inf, inf, inf, inf, inf, inf, inf, inf, inf, inf, inf, inf, inf, inf, inf, inf, inf, inf, inf, inf, inf, inf, inf, inf, inf, inf, inf, inf, inf, inf, inf, inf, inf, inf, inf, inf, inf, inf, inf, inf, inf, inf, inf, inf, inf, inf, inf, inf, inf, inf, inf, inf, inf, inf, inf, inf, inf, inf, inf, inf, inf, inf, inf, inf, inf, inf, inf, inf, inf, inf, inf, inf, inf, inf, inf, inf, inf, inf, inf, inf, inf, inf, inf, inf, inf, inf, inf, inf, inf, inf, inf, inf, inf, inf, inf, inf, inf, inf, inf, inf, inf, inf, inf, inf, inf, inf, inf, inf, 3.461974620819092, 3.4383134841918945, 3.411005735397339, 3.402008295059204, 3.361198663711548, 3.3463363647460938, 3.3010270595550537, 3.2974371910095215, 3.274900436401367, 3.253448009490967, 3.246934652328491, 3.229058265686035, 3.1907968521118164, 3.1830384731292725, 3.179568290710449, 3.1670799255371094, 3.1583032608032227, 3.204014301300049, inf, inf, inf, inf, inf, inf, inf, inf, inf, inf, inf, inf, 2.7446131706237793, inf, inf, inf, 3.121241569519043, 3.130077600479126, 3.1576921939849854, 3.140796184539795, 3.170398235321045, 3.1782562732696533, 3.1978721618652344, 3.2079601287841797, 3.2230818271636963, 3.232328176498413, 3.248891592025757, 3.2675273418426514, 3.271476984024048, 3.313737630844116, 3.3267784118652344, 3.358137369155884, 3.3762896060943604, 3.4117541313171387, 3.4413347244262695, 3.4654881954193115, 3.5, inf, inf, inf, inf, inf, inf, inf, inf, inf, inf, inf, inf, inf, inf, inf, inf, inf, inf, inf, inf, inf, inf, inf, inf, inf, inf, inf, inf, inf, inf, inf, inf, inf, inf, inf, inf, inf, inf, inf, inf, inf, inf, inf, inf, inf, inf, inf, inf, inf, inf, inf, inf, inf, inf, inf, inf, inf, inf, inf, inf, inf, inf, inf, inf, inf, inf, inf, inf, inf, inf, inf, inf, inf, inf, inf, inf, inf, inf, inf, inf, inf, inf, inf, inf, inf, inf, inf, inf, inf, inf, inf, inf, inf, inf, inf, inf, inf, inf, inf, inf, inf, inf, inf, inf, inf, inf]),0.01749303564429283,953008000000
array('f', [inf, inf, inf, inf, inf, inf, inf, inf, inf, inf, inf, inf, inf, inf, inf, inf, inf, inf, inf, inf, inf, inf, inf, inf, inf, inf, inf, inf, inf, inf, inf, inf, inf, inf, inf, inf, inf, inf, inf, inf, inf, inf, inf, inf, inf, inf, inf, inf, inf, inf, inf, inf, inf, inf, inf, inf, inf, inf, inf, inf, inf, inf, inf, inf, inf, inf, inf, inf, inf, inf, inf, inf, inf, inf, inf, inf, inf, inf, inf, inf, inf, inf, inf, inf, inf, inf, inf, inf, inf, inf, inf, inf, inf, inf, inf, inf, inf, inf, inf, inf, inf, inf, inf, inf, inf, inf, inf, inf, inf, inf, inf, inf, inf, inf, inf, inf, inf, inf, inf, inf, inf, inf, inf, inf, inf, inf, inf, inf, inf, inf, inf, inf, inf, inf, inf, inf, inf, inf, inf, inf, inf, inf, inf, inf, inf, inf, inf, inf, inf, inf, inf, 3.4982500076293945, 3.445824146270752, 3.4313366413116455, 3.420286178588867, 3.4163172245025635, 3.4028916358947754, 3.374284029006958, 3.3616716861724854, 3.340684175491333, 3.427990198135376, inf, inf, inf, inf, inf, inf, inf, inf, inf, inf, inf, 2.9341371059417725, inf, inf, inf, 3.3059942722320557, 3.3099329471588135, 3.3072805404663086, 3.3219499588012695, 3.3306214809417725, 3.3164775371551514, 3.3653507232666016, 3.363903045654297, 3.353365898132324, 3.3770594596862793, 3.386157512664795, 3.4221644401550293, 3.4324779510498047, 3.461949110031128, 3.5, inf, inf, inf, inf, inf, inf, inf, inf, inf, inf, inf, inf, inf, inf, inf, inf, inf, inf, inf, inf, inf, inf, inf, inf, inf, inf, inf, inf, inf, inf, inf, inf, inf, inf, inf, inf, inf, inf, inf, inf, inf, inf, inf, inf, inf, inf, inf, inf, inf, inf, inf, inf, inf, inf, inf, inf, inf, inf, inf, inf, inf, inf, inf, inf, inf, inf, inf, inf, inf, inf, inf, inf, inf, inf, inf, inf, inf, inf, inf, inf, inf, inf, inf, inf, inf, inf, inf, inf, inf, inf, inf, inf, inf, inf, inf, inf, inf, inf, inf, inf, inf, inf, inf, inf, inf, inf, inf, inf, inf, inf, inf, inf, inf, inf, inf, inf, inf, inf, inf, inf, inf, inf, inf, inf, inf, inf, inf, inf, inf, inf, inf, inf, inf, inf, inf, inf, inf, inf, inf, inf, inf, inf, inf, inf, inf, inf, inf, inf, inf, inf, inf, inf, inf, inf, inf, inf, inf, inf, inf, inf, inf, inf, inf, inf, inf, inf, inf, inf, inf]),0.01749303564429283,953208000000
array('f', [inf, inf, inf, inf, inf, inf, inf, inf, inf, inf, inf, inf, inf, inf, inf, inf, inf, inf, inf, inf, inf, inf, inf, inf, inf, inf, inf, inf, inf, inf, inf, inf, inf, inf, inf, inf, inf, inf, inf, inf, inf, inf, inf, inf, inf, inf, inf, inf, inf, inf, inf, inf, inf, inf, inf, inf, inf, inf, inf, inf, inf, inf, inf, inf, inf, inf, inf, inf, inf, inf, inf, inf, inf, inf, inf, inf, inf, inf, inf, inf, inf, inf, inf, inf, inf, inf, inf, inf, inf, inf, inf, inf, inf, inf, inf, inf, inf, inf, inf, inf, inf, inf, inf, inf, inf, inf, inf, inf, inf, inf, inf, inf, inf, inf, inf, 3.124364137649536, inf, inf, inf, 3.4782533645629883, 3.4963431358337402, inf, inf, inf, inf, inf, inf, inf, inf, inf, inf, inf, inf, inf, inf, inf, inf, inf, inf, inf, inf, inf, inf, inf, inf, inf, inf, inf, inf, inf, inf, inf, inf, inf, inf, inf, inf, inf, inf, inf, inf, inf, inf, inf, inf, inf, inf, inf, inf, inf, inf, inf, inf, inf, inf, inf, inf, inf, inf, inf, inf, inf, inf, inf, inf, inf, inf, inf, inf, inf, inf, inf, inf, inf, inf, inf, inf, inf, inf, inf, inf, inf, inf, inf, inf, inf, inf, inf, inf, inf, inf, inf, inf, inf, inf, inf, inf, inf, inf, inf, inf, inf, inf, inf, inf, inf, inf, inf, inf, inf, inf, inf, inf, inf, inf, inf, inf, inf, inf, inf, inf, inf, inf, inf, inf, inf, inf, inf, inf, inf, inf, inf, inf, inf, inf, inf, inf, inf, inf, inf, inf, inf, inf, inf, inf, inf, inf, inf, inf, inf, inf, inf, inf, inf, inf, inf, inf, inf, inf, inf, inf, inf, inf, inf, inf, inf, inf, inf, inf, inf, inf, inf, inf, inf, inf, inf, inf, inf, inf, inf, inf, inf, inf, inf, inf, inf, inf, inf, inf, inf, inf, inf, inf, inf, inf, inf, inf, inf, inf, inf, inf, inf, inf, inf, inf, inf, inf, inf, inf, inf, inf, inf, inf, inf, inf, inf, inf, inf, inf, inf, inf, inf, inf, inf, inf, inf, inf, inf, inf, inf, inf, inf, inf, inf, inf, inf, inf, inf, inf, inf]),0.01749303564429283,953408000000
array('f', [inf, inf, inf, inf, inf, inf, inf, inf, inf, inf, inf, inf, inf, inf, inf, inf, inf, inf, inf, inf, inf, inf, inf, inf, inf, inf, inf, inf, inf, inf, inf, inf, inf, inf, inf, inf, inf, inf, inf, inf, inf, inf, inf, inf, 3.4906837940216064, 3.4765987396240234, 3.4765286445617676, inf, inf, inf, inf, inf, inf, inf, inf, inf, inf, inf, 3.1421961784362793, inf, inf, inf, inf, inf, inf, inf, inf, inf, inf, inf, inf, inf, inf, inf, inf, inf, inf, inf, inf, inf, inf, inf, inf, inf, inf, inf, inf, inf, inf, inf, inf, inf, inf, inf, inf, inf, inf, inf, inf, inf, inf, inf, inf, inf, inf, inf, inf, inf, inf, inf, inf, inf, inf, inf, inf, inf, inf, inf, inf, inf, inf, inf, inf, inf, inf, inf, inf, inf, inf, inf, inf, inf, inf, inf, inf, inf, inf, inf, inf, inf, inf, inf, inf, inf, inf, inf, inf, inf, inf, inf, inf, inf, inf, inf, inf, inf, inf, inf, inf, inf, inf, inf, inf, inf, inf, inf, inf, inf, inf, inf, inf, inf, inf, inf, inf, inf, inf, inf, inf, inf, inf, inf, inf, inf, inf, inf, inf, inf, inf, inf, inf, inf, inf, inf, inf, inf, inf, inf, inf, inf, inf, inf, inf, inf, inf, inf, inf, inf, inf, inf, inf, inf, inf, inf, inf, inf, inf, inf, inf, inf, inf, inf, inf, inf, inf, inf, inf, inf, inf, inf, inf, inf, inf, inf, inf, inf, inf, inf, inf, inf, inf, inf, inf, inf, inf, inf, inf, inf, inf, inf, inf, inf, inf, inf, inf, inf, inf, inf, inf, inf, inf, inf, inf, inf, inf, inf, inf, inf, inf, inf, inf, inf, inf, inf, inf, inf, inf, inf, inf, inf, inf, inf, inf, inf, inf, inf, inf, inf, inf, inf, inf, inf, inf, inf, inf, inf, inf, inf, inf, inf, inf, inf, inf, inf, inf, inf, inf, inf, inf, inf, inf, inf, inf, inf, inf, inf, inf, inf, inf, inf, inf, inf, inf, inf, inf, inf, inf, inf, inf, inf, inf, inf, inf, inf, inf, inf, inf, inf, inf, inf, inf, inf, inf, inf, inf, inf, inf, inf, inf, inf, inf, inf, inf, inf, inf, inf, inf, inf, inf, inf]),0.01749303564429283,953608000000
array('f', [inf, 2.956122398376465, inf, inf, 3.3798232078552246, 3.3688488006591797, 3.3958029747009277, 3.404287576675415, 3.438847780227661, 3.445664644241333, 3.4783473014831543, 3.496321439743042, inf, inf, inf, inf, inf, inf, inf, inf, inf, inf, inf, inf, inf, inf, inf, inf, inf, inf, inf, inf, inf, inf, inf, inf, inf, inf, inf, inf, inf, inf, inf, inf, inf, inf, inf, inf, inf, inf, inf, inf, inf, inf, inf, inf, inf, inf, inf, inf, inf, inf, inf, inf, inf, inf, inf, inf, inf, inf, inf, inf, inf, inf, inf, inf, inf, inf, inf, inf, inf, inf, inf, inf, inf, inf, inf, inf, inf, inf, inf, inf, inf, inf, inf, inf, inf, inf, inf, inf, inf, inf, inf, inf, inf, inf, inf, inf, inf, inf, inf, inf, inf, inf, inf, inf, inf, inf, inf, inf, inf, inf, inf, inf, inf, inf, inf, inf, inf, inf, inf, inf, inf, inf, inf, inf, inf, inf, inf, inf, inf, inf, inf, inf, inf, inf, inf, inf, inf, inf, inf, inf, inf, inf, inf, inf, inf, inf, inf, inf, inf, inf, inf, inf, inf, inf, inf, inf, inf, inf, inf, inf, inf, inf, inf, inf, inf, inf, inf, inf, inf, inf, inf, inf, inf, inf, inf, inf, inf, inf, inf, inf, inf, inf, inf, inf, inf, inf, inf, inf, inf, inf, inf, inf, inf, inf, inf, inf, inf, inf, inf, inf, inf, inf, inf, inf, inf, inf, inf, inf, inf, inf, inf, inf, inf, inf, inf, inf, inf, inf, inf, inf, inf, inf, inf, inf, inf, inf, inf, inf, inf, inf, inf, inf, inf, inf, inf, inf, inf, inf, inf, inf, inf, inf, 3.4984989166259766, 3.4717726707458496, 3.4750945568084717, 3.464127779006958, 3.4753425121307373, 3.4827470779418945, 3.4823520183563232, 3.4755730628967285, 3.4822075366973877, 3.454901695251465, 3.4707767963409424, 3.4775614738464355, 3.4793553352355957, 3.4959380626678467, 3.480304718017578, inf, inf, inf, inf, inf, inf, inf, inf, inf, inf, inf, inf, inf, inf, inf, inf, inf, inf, inf, inf, inf, inf, inf, inf, inf, inf, inf, inf, inf, inf, inf, inf, inf, inf, inf, inf, inf, inf, inf, inf, inf, inf, inf, inf, inf, inf, inf, inf, inf, inf, inf, inf, inf, inf, inf, inf, inf, inf, inf, inf, inf, inf, 3.4946718215942383, 3.4805638790130615, 3.4811058044433594, 3.448198080062866, 3.427769899368286, 3.4054129123687744, 3.384091377258301, 3.4011154174804688, 3.350003957748413, 3.34159779548645, 3.3458471298217773, 3.3314754962921143, 3.3074421882629395, 3.3079934120178223, 3.297111749649048, 3.3003530502319336, 3.288850784301758, inf, inf, inf, inf, inf, inf, inf, inf, inf, inf, inf, inf]),0.01749303564429283,953808000000
array('f', [inf, inf, inf, inf, inf, inf, inf, inf, inf, inf, inf, inf, inf, inf, inf, inf, inf, inf, inf, inf, inf, inf, inf, inf, inf, inf, inf, inf, inf, inf, inf, inf, inf, inf, inf, inf, inf, inf, inf, inf, inf, inf, inf, inf, inf, inf, inf, inf, inf, inf, inf, inf, inf, inf, inf, inf, inf, inf, inf, inf, inf, inf, inf, inf, inf, inf, inf, inf, inf, inf, inf, inf, inf, inf, inf, inf, inf, inf, inf, inf, inf, inf, inf, inf, inf, inf, inf, inf, inf, inf, inf, inf, inf, inf, inf, inf, inf, inf, inf, inf, inf, inf, inf, inf, inf, inf, inf, inf, inf, inf, inf, inf, inf, inf, inf, inf, inf, inf, inf, inf, inf, inf, inf, inf, inf, inf, inf, inf, inf, inf, inf, inf, inf, inf, inf, inf, inf, inf, inf, inf, inf, inf, inf, inf, inf, inf, inf, inf, inf, inf, inf, inf, inf, inf, inf, inf, inf, inf, inf, inf, inf, inf, inf, inf, inf, inf, inf, inf, inf, inf, inf, inf, inf, inf, inf, inf, inf, inf, inf, inf, inf, inf, inf, inf, inf, inf, inf, inf, inf, inf, inf, inf, inf, inf, inf, inf, inf, inf, inf, inf, inf, inf, inf, inf, inf, inf, inf, inf, inf, inf, inf, inf, inf, inf, inf, inf, inf, inf, inf, inf, inf, inf, inf, inf, inf, inf, inf, inf, inf, inf, inf, inf, inf, inf, inf, inf, inf, inf, inf, inf, inf, inf, inf, inf, inf, inf, inf, inf, inf, inf, inf, inf, inf, inf, inf, inf, inf, inf, inf, inf, inf, inf, inf, inf, inf, inf, 3.472404956817627, 3.4305827617645264, 3.4224443435668945, 3.385161876678467, 3.3525917530059814, 3.3454208374023438, 3.307724952697754, 3.301920175552368, 3.2941110134124756, 3.2479729652404785, 3.2368974685668945, 3.2245020866394043, 3.2183189392089844, 3.1973161697387695, 3.1874802112579346, 3.1900558471679688, 3.17362904548645, 3.1637377738952637, 3.143855571746826, 3.1366279125213623, 3.1373424530029297, inf, inf, inf, inf, inf, inf, inf, inf, inf, inf, inf, inf, inf, 2.8048434257507324, inf, inf, 3.178952217102051, 3.1889827251434326, 3.1844818592071533, 3.198256731033325, 3.2324788570404053, 3.2368502616882324, 3.2469887733459473, 3.260122537612915, 3.2964916229248047, 3.3038673400878906, 3.332711696624756, 3.339721202850342, 3.377183437347412, 3.4071595668792725, 3.4323019981384277, 3.458346366882324, 3.4648430347442627, inf, inf, inf, inf, inf, inf, inf, inf, inf, inf, inf, inf, inf, inf, inf, inf, inf, inf, inf, inf, inf, inf, inf, inf, inf, inf, inf, inf, inf, inf, inf, inf, inf, inf, inf, inf, inf, inf, inf, inf]),0.01749303564429283,954008000000
array('f', [inf, inf, inf, inf, inf, inf, inf, inf, inf, inf, inf, inf, inf, inf, inf, inf, inf, inf, inf, inf, inf, inf, inf, inf, inf, inf, inf, inf, inf, inf, inf, inf, inf, inf, inf, inf, inf, inf, inf, inf, inf, inf, inf, inf, inf, inf, inf, inf, inf, inf, inf, inf, inf, inf, inf, inf, inf, inf, inf, inf, inf, inf, inf, inf, inf, inf, inf, inf, inf, inf, inf, inf, inf, inf, inf, inf, inf, inf, inf, inf, inf, inf, inf, inf, inf, inf, inf, inf, inf, inf, inf, inf, inf, inf, inf, inf, inf, inf, inf, inf, inf, inf, inf, inf, inf, inf, inf, inf, inf, inf, inf, inf, inf, inf, inf, inf, inf, inf, inf, inf, inf, inf, inf, inf, inf, inf, inf, inf, inf, inf, inf, inf, inf, inf, inf, inf, inf, inf, inf, inf, inf, inf, inf, inf, inf, inf, inf, inf, inf, inf, inf, inf, inf, inf, inf, inf, inf, inf, inf, inf, inf, inf, inf, inf, inf, inf, inf, inf, inf, inf, inf, inf, inf, inf, inf, inf, inf, inf, inf, inf, inf, inf, inf, inf, inf, inf, inf, inf, inf, inf, inf, inf, inf, inf, inf, inf, inf, inf, inf, inf, inf, inf, inf, inf, inf, inf, inf, 3.479229688644409, 3.4543004035949707, 3.4448633193969727, 3.401279926300049, 3.36143159866333, 3.3547580242156982, 3.328301191329956, 3.313175916671753, 3.281567096710205, 3.2524471282958984, 3.245206832885742, 3.253499746322632, 3.211885452270508, 3.21579647064209, 3.1721956729888916, 3.178448438644409, 3.1663389205932617, 3.1578824520111084, 3.1241214275360107, inf, inf, inf, inf, inf, inf, inf, inf, inf, inf, inf, inf, 2.763772964477539, inf, inf, inf, 3.1332273483276367, 3.14595890045166, 3.149635076522827, 3.164992094039917, 3.174396276473999, 3.1821370124816895, 3.2189769744873047, 3.216529130935669, 3.227332592010498, 3.25327205657959, 3.251399040222168, 3.2642552852630615, 3.313014507293701, 3.322495460510254, 3.3480031490325928, 3.371800422668457, 3.387321710586548, 3.430575132369995, 3.4411466121673584, 3.485983371734619, inf, inf, inf, inf, inf, inf, inf, inf, inf, inf, inf, inf, inf, inf, inf, inf, inf, inf, inf, inf, inf, inf, inf, inf, inf, inf, inf, inf, inf, inf, inf, inf, inf, inf, inf, inf, inf, inf, inf, inf, inf, inf, inf, inf, inf, inf, inf, inf, inf, inf, inf, inf, inf, inf, inf, inf, inf, inf, inf, inf, inf, inf, inf, inf, inf, inf, inf, inf, inf, inf, inf, inf, inf, inf, inf, inf, inf, inf, inf, inf, inf, inf, inf, inf, inf, inf, inf, inf, inf, inf, inf, inf, inf, inf, inf, inf, inf, inf]),0.01749303564429283,954208000000
array('f', [inf, inf, inf, inf, inf, inf, inf, inf, inf, inf, inf, inf, inf, inf, inf, inf, inf, inf, inf, inf, inf, inf, inf, inf, inf, inf, inf, inf, inf, inf, inf, inf, inf, inf, inf, inf, inf, inf, inf, inf, inf, inf, inf, inf, inf, inf, inf, inf, inf, inf, inf, inf, inf, inf, inf, inf, inf, inf, inf, inf, inf, inf, inf, inf, inf, inf, inf, inf, inf, inf, inf, inf, inf, inf, inf, inf, inf, inf, inf, inf, inf, inf, inf, inf, inf, inf, inf, inf, inf, inf, inf, inf, inf, inf, inf, inf, inf, inf, inf, inf, inf, inf, inf, inf, inf, inf, inf, inf, inf, inf, inf, inf, inf, inf, inf, inf, inf, inf, inf, inf, inf, inf, inf, inf, inf, inf, inf, inf, inf, inf, inf, inf, inf, inf, inf, inf, inf, inf, inf, inf, inf, inf, inf, inf, inf, inf, inf, inf, inf, inf, inf, inf, inf, inf, inf, inf, inf, 3.4901010990142822, 3.4599485397338867, 3.4526207447052, 3.4400432109832764, 3.402787446975708, 3.4027178287506104, 3.3673348426818848, 3.3681693077087402, 3.3511009216308594, 3.3368449211120605, 3.340118408203125, 3.3260068893432617, inf, inf, inf, inf, inf, inf, inf, inf, inf, inf, inf, 2.9182562828063965, inf, inf, inf, 3.284820318222046, 3.286907911300659, 3.252716064453125, 3.289745330810547, 3.2946054935455322, 3.3050594329833984, 3.3205575942993164, 3.3621914386749268, 3.3531644344329834, 3.3869614601135254, 3.364173173904419, 3.3955252170562744, 3.437223434448242, 3.4345219135284424, 3.453707456588745, 3.5, inf, inf, inf, inf, inf, inf, inf, inf, inf, inf, inf, inf, inf, inf, inf, inf, inf, inf, inf, inf, inf, inf, inf, inf, inf, inf, inf, inf, inf, inf, inf, inf, inf, inf, inf, inf, inf, inf, inf, inf, inf, inf, inf, inf, inf, inf, inf, inf, inf, inf, inf, inf, inf, inf, inf, inf, inf, inf, inf, inf, inf, inf, inf, inf, inf, inf, inf, inf, inf, inf, inf, inf, inf, inf, inf, inf, inf, inf, inf, inf, inf, inf, inf, inf, inf, inf, inf, inf, inf, inf, inf, inf, inf, inf, inf, inf, inf, inf, inf, inf, inf, inf, inf, inf, inf, inf, inf, inf, inf, inf, inf, inf, inf, inf, inf, inf, inf, inf, inf, inf, inf, inf, inf, inf, inf, inf, inf, inf, inf, inf, inf, inf, inf, inf, inf, inf, inf, inf, inf, inf, inf, inf, inf, inf, inf, inf, inf, inf, inf, inf, inf, inf, inf, inf, inf, inf, inf, inf, inf, inf]),0.01749303564429283,954408000000
array('f', [inf, inf, inf, inf, inf, inf, inf, inf, inf, inf, inf, inf, inf, inf, inf, inf, inf, inf, inf, inf, inf, inf, inf, inf, inf, inf, inf, inf, inf, inf, inf, inf, inf, inf, inf, inf, inf, inf, inf, inf, inf, inf, inf, inf, inf, inf, inf, inf, inf, inf, inf, inf, inf, inf, inf, inf, inf, inf, inf, inf, inf, inf, inf, inf, inf, inf, inf, inf, inf, inf, inf, inf, inf, inf, inf, inf, inf, inf, inf, inf, inf, inf, inf, inf, inf, inf, inf, inf, inf, inf, inf, inf, inf, inf, inf, inf, inf, inf, inf, inf, inf, inf, inf, inf, inf, inf, inf, inf, inf, inf, inf, inf, inf, inf, inf, inf, inf, inf, 3.4921603202819824, 3.4996109008789062, inf, inf, inf, inf, inf, inf, inf, inf, inf, inf, inf, 3.1026206016540527, inf, inf, inf, 3.468712329864502, 3.487074613571167, 3.473548412322998, 3.4898903369903564, 3.4923884868621826, inf, inf, inf, inf, inf, inf, inf, inf, inf, inf, inf, inf, inf, inf, inf, inf, inf, inf, inf, inf, inf, inf, inf, inf, inf, inf, inf, inf, inf, inf, inf, inf, inf, inf, inf, inf, inf, inf, inf, inf, inf, inf, inf, inf, inf, inf, inf, inf, inf, inf, inf, inf, inf, inf, inf, inf, inf, inf, inf, inf, inf, inf, inf, inf, inf, inf, inf, inf, inf, inf, inf, inf, inf, inf, inf, inf, inf, inf, inf, inf, inf, inf, inf, inf, inf, inf, inf, inf, inf, inf, inf, inf, inf, inf, inf, inf, inf, inf, inf, inf, inf, inf, inf, inf, inf, inf, inf, inf, inf, inf, inf, inf, inf, inf, inf, inf, inf, inf, inf, inf, inf, inf, inf, inf, inf, inf, inf, inf, inf, inf, inf, inf, inf, inf, inf, inf, inf, inf, inf, inf, inf, inf, inf, inf, inf, inf, inf, inf, inf, inf, inf, inf, inf, inf, inf, inf, inf, inf, inf, inf, inf, inf, inf, inf, inf, inf, inf, inf, inf, inf, inf, inf, inf, inf, inf, inf, inf, inf, inf, inf, inf, inf, inf, inf, inf, inf, inf, inf, inf, inf, inf, inf, inf, inf, inf, inf, inf, inf, inf, inf, inf, inf, inf, inf, inf, inf, inf, inf, inf, inf, inf, inf, inf, inf, inf, inf, inf, inf, inf, inf]),0.01749303564429283,954608000000
array('f', [inf, inf, inf, inf, inf, inf, inf, inf, inf, inf, inf, inf, inf, inf, inf, inf, inf, inf, inf, inf, inf, inf, inf, inf, inf, inf, inf, inf, inf, inf, inf, inf, inf, inf, inf, inf, inf, inf, inf, inf, inf, inf, inf, inf, inf, inf, inf, inf, inf, inf, inf, inf, inf, inf, inf, inf, inf, inf, inf, inf, inf, inf, inf, inf, inf, inf, inf, inf, inf, inf, inf, inf, inf, inf, inf, inf, inf, inf, inf, inf, inf, inf, inf, inf, inf, inf, 3.1617684364318848, inf, inf, inf, inf, inf, inf, inf, inf, inf, inf, inf, inf, inf, inf, inf, inf, inf, inf, inf, inf, inf, inf, inf, inf, inf, inf, inf, inf, inf, inf, inf, inf, inf, inf, inf, inf, inf, inf, inf, inf, inf, inf, inf, inf, inf, inf, inf, inf, inf, inf, inf, inf, inf, inf, inf, inf, inf, inf, inf, inf, inf, inf, inf, inf, inf, inf, inf, inf, inf, inf, inf, inf, inf, inf, inf, inf, inf, inf, inf, inf, inf, inf, inf, inf, inf, inf, inf, inf, inf, inf, inf, inf, inf, inf, inf, inf, inf, inf, inf, inf, inf, inf, inf, inf, inf, inf, inf, inf, inf, inf, inf, inf, inf, inf, inf, inf, inf, inf, inf, inf, inf, inf, inf, inf, inf, inf, inf, inf, inf, inf, inf, inf, inf, inf, inf, inf, inf, inf, inf, inf, inf, inf, inf, inf, inf, inf, inf, inf, inf, inf, inf, inf, inf, inf, inf, inf, inf, inf, inf, inf, inf, inf, inf, inf, inf, inf, inf, inf, inf, inf, inf, inf, inf, inf, inf, inf, inf, inf, inf, inf, inf, inf, inf, inf, inf, inf, inf, inf, inf, inf, inf, inf, inf, inf, inf, inf, inf, inf, inf, inf, inf, inf, inf, inf, inf, inf, inf, inf, inf, inf, inf, inf, inf, inf, inf, inf, inf, inf, inf, inf, inf, inf, inf, inf, inf, inf, inf, inf, inf, inf, inf, inf, inf, inf, inf, inf, inf, inf, inf, inf, inf, inf, inf, inf, inf, inf, inf, inf, inf, inf, inf, inf, inf, inf, inf, inf, inf, inf, inf, inf, inf, inf, inf, inf, inf, inf, inf, inf, inf, inf, inf, inf, inf]),0.01749303564429283,954808000000
array('f', [inf, inf, inf, inf, inf, inf, inf, inf, inf, inf, inf, inf, inf, inf, inf, inf, inf, inf, inf, inf, inf, inf, inf, inf, inf, inf, inf, 3.476963758468628, 3.484250545501709, 3.4758353233337402, 3.4438726902008057, 3.454133987426758, 3.4337260723114014, 3.447697162628174, 3.451317310333252, inf, inf, inf, inf, inf, inf, inf, inf, inf, inf, inf, inf, 3.106449842453003, inf, inf, inf, inf, inf, inf, inf, inf, inf, inf, inf, inf, inf, inf, inf, inf, inf, inf, inf, inf, inf, inf, inf, inf, inf, inf, inf, inf, inf, inf, inf, inf, inf, inf, inf, inf, inf, inf, inf, inf, inf, inf, inf, inf, inf, inf, inf, inf, inf, inf, inf, inf, inf, inf, inf, inf, inf, inf, inf, inf, inf, inf, inf, inf, inf, inf, inf, inf, inf, inf, inf, inf, inf, inf, inf, inf, inf, inf, inf, inf, inf, inf, inf, inf, inf, inf, inf, inf, inf, inf, inf, inf, inf, inf, inf, inf, inf, inf, inf, inf, inf, inf, inf, inf, inf, inf, inf, inf, inf, inf, inf, inf, inf, inf, inf, inf, inf, inf, inf, inf, inf, inf, inf, inf, inf, inf, inf, inf, inf, inf, inf, inf, inf, inf, inf, inf, inf, inf, inf, inf, inf, inf, inf, inf, inf, inf, inf, inf, inf, inf, inf, inf, inf, inf, inf, inf, inf, inf, inf, inf, inf, inf, inf, inf, inf, inf, inf, inf, inf, inf, inf, inf, inf, inf, inf, inf, inf, inf, inf, inf, inf, inf, inf, inf, inf, inf, inf, inf, inf, inf, inf, inf, inf, inf, inf, inf, inf, inf, inf, inf, inf, inf, inf, inf, inf, inf, inf, inf, inf, inf, inf, inf, inf, inf, inf, inf, inf, inf, inf, inf, inf, inf, inf, inf, inf, inf, inf, inf, inf, inf, inf, inf, inf, inf, inf, inf, inf, inf, inf, inf, inf, inf, inf, inf, inf, inf, inf, inf, inf, inf, 3.4962589740753174, 3.4824163913726807, 3.474186897277832, 3.4814083576202393, 3.429879903793335, 3.45273494720459, 3.4410223960876465, 3.4468190670013428, 3.452624797821045, 3.4468555450439453, 3.4653875827789307, 3.4553396701812744, 3.443134069442749, 3.4435462951660156, 3.4556899070739746, 3.4561662673950195, 3.470137357711792, 3.476221799850464, 3.5, 3.5, inf, inf, inf, inf, inf, inf, inf, inf, inf, inf, inf, inf, inf, inf, inf, inf, inf, inf, inf, inf, inf, inf, inf, inf, inf, inf, inf, inf, inf, inf, inf, inf, inf, inf, inf, inf, inf, inf, inf, inf, inf, inf]),0.01749303564429283,955008000000
array('f', [inf, inf, inf, inf, inf, inf, inf, inf, inf, inf, 2.9612104892730713, inf, 3.4026920795440674, 3.369269371032715, 3.394490957260132, 3.401519775390625, 3.413684844970703, 3.4311764240264893, 3.4541404247283936, 3.4790406227111816, 3.4852981567382812, inf, inf, inf, inf, inf, inf, inf, inf, inf, inf, inf, inf, inf, inf, inf, inf, inf, inf, inf, inf, inf, inf, inf, inf, inf, inf, inf, inf, inf, inf, inf, inf, inf, inf, inf, inf, inf, inf, inf, inf, inf, inf, inf, inf, inf, inf, inf, inf, inf, inf, inf, inf, inf, inf, inf, inf, inf, inf, inf, inf, inf, inf, inf, inf, inf, inf, inf, inf, inf, inf, inf, inf, inf, inf, inf, inf, inf, inf, inf, inf, inf, inf, inf, inf, inf, inf, inf, inf, inf, inf, inf, inf, inf, inf, inf, inf, inf, inf, inf, inf, inf, inf, inf, inf, inf, inf, inf, inf, inf, inf, inf, inf, inf, inf, inf, inf, inf, inf, inf, inf, inf, inf, inf, inf, inf, inf, inf, inf, inf, inf, inf, inf, inf, inf, inf, inf, inf, inf, inf, inf, inf, inf, inf, inf, inf, inf, inf, inf, inf, inf, inf, inf, inf, inf, inf, inf, inf, inf, inf, inf, inf, inf, inf, inf, inf, inf, inf, inf, inf, inf, inf, inf, inf, inf, inf, inf, inf, inf, inf, inf, inf, inf, inf, inf, inf, inf, inf, inf, inf, inf, inf, inf, inf, inf, inf, inf, inf, inf, inf, inf, inf, inf, inf, inf, inf, inf, inf, inf, inf, inf, inf, inf, inf, inf, inf, inf, inf, inf, inf, inf, inf, inf, inf, inf, inf, inf, inf, inf, inf, inf, inf, inf, 3.4909558296203613, 3.4654643535614014, 3.46635365486145, 3.443114757537842, 3.4307215213775635, 3.4343531131744385, 3.4056687355041504, 3.402876615524292, 3.3896539211273193, 3.396671772003174, 3.3767611980438232, 3.3761565685272217, 3.39454984664917, 3.3746275901794434, 3.3705344200134277, 3.364952802658081, 3.362852096557617, 3.389268159866333, 3.360659122467041, 3.3555376529693604, 3.4086673259735107, 3.383291482925415, 3.392225742340088, 3.3961122035980225, 3.4194352626800537, 3.428719997406006, 3.440342426300049, 3.4579713344573975, 3.443665027618408, 3.450030565261841, 3.5, inf, inf, inf, inf, inf, inf, inf, inf, inf, inf, inf, inf, inf, inf, inf, inf, inf, inf, inf, inf, inf, inf, inf, inf, inf, inf, inf, inf, inf, inf, inf, inf, inf, inf, inf, inf, inf, inf, inf, inf, inf, inf, inf, inf, inf, inf, inf, inf, inf, inf, inf, inf, inf, 3.4835116863250732, 3.4524526596069336, 3.434964179992676, 3.417898654937744, 3.4190244674682617, 3.37895131111145, 3.360185384750366, 3.3583686351776123, 3.327467203140259, 3.332813262939453, 3.3261666297912598, 3.3139898777008057, 3.286334753036499, 3.2802135944366455, 3.2688047885894775, 3.2765953540802, 3.246954917907715, 3.2556257247924805, 3.2606046199798584, 3.3927624225616455, inf, inf, inf]),0.01749303564429283,955208000000
array('f', [inf, inf, inf, inf, inf, inf, inf, inf, inf, inf, inf, inf, inf, inf, inf, inf, inf, inf, inf, inf, inf, inf, inf, inf, inf, inf, inf, inf, inf, inf, inf, inf, inf, inf, inf, inf, inf, inf, inf, inf, inf, inf, inf, inf, inf, inf, inf, inf, inf, inf, inf, inf, inf, inf, inf, inf, inf, inf, inf, inf, inf, inf, inf, inf, inf, inf, inf, inf, inf, inf, inf, inf, inf, inf, inf, inf, inf, inf, inf, inf, inf, inf, inf, inf, inf, inf, inf, inf, inf, inf, inf, inf, inf, inf, inf, inf, inf, inf, inf, inf, inf, inf, inf, inf, inf, inf, inf, inf, inf, inf, inf, inf, inf, inf, inf, inf, inf, inf, inf, inf, inf, inf, inf, inf, inf, inf, inf, inf, inf, inf, inf, inf, inf, inf, inf, inf, inf, inf, inf, inf, inf, inf, inf, inf, inf, inf, inf, inf, inf, inf, inf, inf, inf, inf, inf, inf, inf, inf, inf, inf, inf, inf, inf, inf, inf, inf, inf, inf, inf, inf, inf, inf, inf, inf, inf, inf, inf, inf, inf, inf, inf, inf, inf, inf, inf, inf, inf, inf, inf, inf, inf, inf, inf, inf, inf, inf, inf, inf, inf, inf, inf, inf, inf, inf, inf, inf, inf, inf, inf, inf, inf, inf, inf, inf, inf, inf, inf, inf, inf, inf, 3.5, 3.4757633209228516, 3.455054998397827, 3.4658687114715576, 3.4427008628845215, 3.434720754623413, 3.441643714904785, 3.4197192192077637, 3.4165585041046143, 3.453258991241455, 3.4213483333587646, 3.433208703994751, 3.409250259399414, 3.4088258743286133, 3.4290449619293213, 3.411198616027832, 3.417449712753296, 3.4423139095306396, 3.438861131668091, 3.4500415325164795, 3.4629201889038086, 3.4831907749176025, 3.472393274307251, 3.4949193000793457, 3.484708547592163, inf, inf, inf, inf, inf, inf, inf, inf, inf, inf, inf, inf, inf, inf, inf, inf, inf, inf, inf, inf, inf, inf, inf, inf, inf, inf, inf, inf, inf, inf, inf, inf, inf, inf, inf, inf, inf, inf, inf, inf, inf, inf, inf, inf, inf, inf, inf, inf, 3.4840545654296875, 3.451967716217041, 3.433809518814087, 3.400078296661377, 3.3745901584625244, 3.3458304405212402, 3.311218738555908, 3.3044991493225098, 3.26190447807312, 3.2329177856445312, 3.228339672088623, 3.2300217151641846, 3.205843210220337, 3.1790411472320557, 3.1501410007476807, 3.1554224491119385, 3.1448371410369873, 3.137503147125244, 3.1121413707733154, 3.1097021102905273, 3.0898332595825195, 3.0890328884124756, 3.1030595302581787, 3.0884342193603516, 3.0812854766845703, 3.077035427093506, inf, inf, inf, inf, inf, inf, inf, inf, inf, inf, inf, inf, inf, 2.764760971069336, inf, inf, 3.204472541809082, 3.158693552017212, 3.1952905654907227, 3.1992228031158447, 3.2209110260009766, 3.212073802947998, 3.2543420791625977, 3.273885726928711, 3.293802261352539, 3.319406747817993, 3.34257435798645, 3.3544979095458984, 3.387747049331665, 3.431793451309204, 3.4689767360687256, 3.489245891571045, inf, inf, inf, inf, inf, inf, inf, inf, inf]),0.01749303564429283,955408000000
array('f', [inf, inf, inf, inf, inf, inf, inf, inf, inf, inf, inf, inf, inf, inf, inf, inf, inf, inf, inf, inf, inf, inf, inf, inf, inf, inf, inf, inf, inf, inf, inf, inf, inf, inf, inf, inf, inf, inf, inf, inf, inf, inf, inf, inf, inf, inf, inf, inf, inf, inf, inf, inf, inf, inf, inf, inf, inf, inf, inf, inf, inf, inf, inf, inf, inf, inf, inf, inf, inf, inf, inf, inf, inf, inf, inf, inf, inf, inf, inf, inf, inf, inf, inf, inf, inf, inf, inf, inf, inf, inf, inf, inf, inf, inf, inf, inf, inf, inf, inf, inf, inf, inf, inf, inf, inf, inf, inf, inf, inf, inf, inf, inf, inf, inf, inf, inf, inf, inf, inf, inf, inf, inf, inf, inf, inf, inf, inf, inf, inf, inf, inf, inf, inf, inf, inf, inf, inf, inf, inf, inf, inf, inf, inf, inf, inf, inf, inf, inf, inf, inf, inf, inf, inf, inf, inf, inf, inf, inf, inf, inf, inf, inf, inf, inf, inf, inf, inf, inf, inf, inf, inf, inf, inf, inf, inf, inf, inf, inf, inf, inf, inf, inf, inf, inf, inf, inf, inf, inf, inf, inf, inf, inf, inf, inf, inf, inf, inf, inf, inf, inf, inf, inf, inf, inf, inf, inf, inf, inf, inf, inf, inf, inf, inf, inf, inf, inf, inf, inf, inf, inf, inf, inf, inf, inf, inf, inf, inf, inf, inf, inf, inf, inf, inf, inf, inf, inf, inf, inf, inf, inf, inf, inf, inf, inf, inf, inf, inf, inf, inf, inf, inf, inf, inf, inf, inf, inf, 3.459031581878662, 3.428407669067383, 3.390948534011841, 3.3752667903900146, 3.323633909225464, 3.303553342819214, 3.266132354736328, 3.264481782913208, 3.2249975204467773, 3.1920392513275146, 3.1804704666137695, 3.136337995529175, 3.1132757663726807, 3.0834157466888428, 3.1153132915496826, 3.065235137939453, 3.063715934753418, 3.0490806102752686, 3.0303385257720947, 3.012667179107666, 3.001685619354248, 2.9824283123016357, 2.996244430541992, 2.9765522480010986, 2.959542751312256, 2.975192070007324, 2.9629461765289307, inf, inf, inf, inf, inf, inf, inf, inf, inf, inf, inf, inf, inf, 2.6151788234710693, inf, inf, inf, 2.999897003173828, 3.013857364654541, 3.0330402851104736, 3.0340020656585693, 3.060023546218872, 3.05671763420105, 3.0944578647613525, 3.110328435897827, 3.1327831745147705, 3.1548337936401367, 3.173124074935913, 3.1932387351989746, 3.214092254638672, 3.2283947467803955, 3.2620036602020264, 3.296290874481201, 3.3214025497436523, 3.3658950328826904, 3.38201904296875, 3.429441452026367, 3.460376501083374, inf, inf, inf, inf, inf, inf, inf, inf, inf, inf, inf, inf, inf, inf, inf, inf, inf, inf, inf, inf, inf, inf, inf, inf, inf, inf, inf, inf, inf, inf, inf, inf, inf, inf, inf, inf, inf, inf, inf]),0.01749303564429283,955608000000
array('f', [inf, inf, inf, inf, inf, inf, inf, inf, inf, inf, inf, inf, inf, inf, inf, inf, inf, inf, inf, inf, inf, inf, inf, inf, inf, inf, inf, inf, inf, inf, inf, inf, inf, inf, inf, inf, inf, inf, inf, inf, inf, inf, inf, inf, inf, inf, inf, inf, inf, inf, inf, inf, inf, inf, inf, inf, inf, inf, inf, inf, inf, inf, inf, inf, inf, inf, inf, inf, inf, inf, inf, inf, inf, inf, inf, inf, inf, inf, inf, inf, inf, inf, inf, inf, inf, inf, inf, inf, inf, inf, inf, inf, inf, inf, inf, inf, inf, inf, inf, inf, inf, inf, inf, inf, inf, inf, inf, inf, inf, inf, inf, inf, inf, inf, inf, inf, inf, inf, inf, inf, inf, inf, inf, inf, inf, inf, inf, inf, inf, inf, inf, inf, inf, inf, inf, inf, inf, inf, inf, inf, inf, inf, inf, inf, inf, inf, inf, inf, inf, inf, inf, inf, inf, inf, inf, inf, inf, inf, inf, inf, inf, inf, inf, inf, inf, inf, inf, inf, inf, inf, inf, inf, inf, inf, inf, inf, inf, inf, inf, inf, inf, inf, inf, inf, inf, inf, inf, inf, inf, inf, inf, inf, inf, inf, inf, inf, inf, inf, inf, inf, inf, inf, inf, inf, inf, inf, inf, inf, inf, inf, inf, inf, inf, inf, inf, inf, inf, inf, inf, inf, inf, inf, inf, 3.4726901054382324, 3.45218563079834, 3.397533655166626, 3.367558717727661, 3.332362651824951, 3.290700674057007, 3.2800350189208984, 3.226933479309082, 3.219245195388794, 3.188316822052002, 3.159093141555786, 3.155979871749878, 3.1241002082824707, 3.0893733501434326, 3.08271861076355, 3.0464072227478027, 3.0313291549682617, 3.0218615531921387, 3.0202882289886475, 2.9977023601531982, 2.9921090602874756, 2.9727981090545654, 2.9664995670318604, 2.960880756378174, inf, inf, inf, inf, inf, inf, inf, inf, inf, inf, inf, inf, inf, 2.557103157043457, inf, inf, inf, 2.937988042831421, 2.9396615028381348, 2.9792895317077637, 2.9735825061798096, 2.9796555042266846, 2.9808647632598877, 2.9969725608825684, 3.0147550106048584, 3.034085988998413, 3.0407893657684326, 3.0639796257019043, 3.0663084983825684, 3.099147081375122, 3.114744186401367, 3.1249349117279053, 3.16705060005188, 3.1836941242218018, 3.2254104614257812, 3.2304930686950684, 3.2700655460357666, 3.273989677429199, 3.3477561473846436, 3.37209415435791, 3.3892009258270264, 3.4310896396636963, 3.4754269123077393, inf, inf, inf, inf, inf, inf, inf, inf, inf, inf, inf, inf, inf, inf, inf, inf, inf, inf, inf, inf, inf, inf, inf, inf, inf, inf, inf, inf, inf, inf, inf, inf, inf, inf, inf, inf, inf, inf, inf, inf, inf, inf, inf, inf, inf, inf, inf, inf, inf, inf, inf, inf, inf, inf, inf, inf, inf, inf, inf, inf, inf, inf, inf, inf, inf, inf, inf, inf, inf, inf]),0.01749303564429283,955808000000
array('f', [inf, inf, inf, inf, inf, inf, inf, inf, inf, inf, inf, inf, inf, inf, inf, inf, inf, inf, inf, inf, inf, inf, inf, inf, inf, inf, inf, inf, inf, inf, inf, inf, inf, inf, inf, inf, inf, inf, inf, inf, inf, inf, inf, inf, inf, inf, inf, inf, inf, inf, inf, inf, inf, inf, inf, inf, inf, inf, inf, inf, inf, inf, inf, inf, inf, inf, inf, inf, inf, inf, inf, inf, inf, inf, inf, inf, inf, inf, inf, inf, inf, inf, inf, inf, inf, inf, inf, inf, inf, inf, inf, inf, inf, inf, inf, inf, inf, inf, inf, inf, inf, inf, inf, inf, inf, inf, inf, inf, inf, inf, inf, inf, inf, inf, inf, inf, inf, inf, inf, inf, inf, inf, inf, inf, inf, inf, inf, inf, inf, inf, inf, inf, inf, inf, inf, inf, inf, inf, inf, inf, inf, inf, inf, inf, inf, inf, inf, inf, inf, inf, inf, inf, inf, inf, inf, inf, inf, inf, inf, inf, inf, inf, inf, inf, inf, inf, inf, inf, inf, inf, inf, inf, inf, inf, inf, inf, inf, inf, inf, inf, inf, inf, inf, inf, inf, inf, inf, inf, inf, inf, inf, inf, inf, inf, inf, 3.4554476737976074, 3.427072763442993, 3.4227678775787354, 3.364287853240967, 3.349379539489746, 3.318822145462036, 3.3119797706604004, 3.2658538818359375, 3.2501962184906006, 3.218308210372925, 3.1920106410980225, 3.1791388988494873, 3.146855592727661, 3.1415648460388184, 3.1323039531707764, 3.099135160446167, 3.095841884613037, 3.0829224586486816, 3.056516408920288, inf, inf, inf, inf, inf, inf, inf, inf, inf, inf, inf, inf, 2.6389801502227783, inf, inf, inf, 2.998749017715454, 3.005405902862549, 3.0141351222991943, 3.015138864517212, 3.019409418106079, 3.032478094100952, 3.0414326190948486, 3.043290376663208, 3.0645248889923096, 3.0641348361968994, 3.085599422454834, 3.0976788997650146, 3.1072704792022705, 3.1187098026275635, 3.147473096847534, 3.185854434967041, 3.1720430850982666, 3.219538450241089, 3.22645902633667, 3.2559449672698975, 3.272606611251831, 3.3162848949432373, 3.342911958694458, 3.3661954402923584, 3.393531560897827, 3.424391508102417, 3.4643714427948, inf, inf, inf, inf, inf, inf, inf, inf, inf, inf, inf, inf, inf, inf, inf, inf, inf, inf, inf, inf, inf, inf, inf, inf, inf, inf, inf, inf, inf, inf, inf, inf, inf, inf, inf, inf, inf, inf, inf, inf, inf, inf, inf, inf, inf, inf, inf, inf, inf, inf, inf, inf, inf, inf, inf, inf, inf, inf, inf, inf, inf, inf, inf, inf, inf, inf, inf, inf, inf, inf, inf, inf, inf, inf, inf, inf, inf, inf, inf, inf, inf, inf, inf, inf, inf, inf, inf, inf, inf, inf, inf, inf, inf, inf, inf, inf, inf, inf, inf, inf, inf, inf, inf]),0.01749303564429283,956008000000
array('f', [inf, inf, inf, inf, inf, inf, inf, inf, inf, inf, inf, inf, inf, inf, inf, inf, inf, inf, inf, inf, inf, inf, inf, inf, inf, inf, inf, inf, inf, inf, inf, inf, inf, inf, inf, inf, inf, inf, inf, inf, inf, inf, inf, inf, inf, inf, inf, inf, inf, inf, inf, inf, inf, inf, inf, inf, inf, inf, inf, inf, inf, inf, inf, inf, inf, inf, inf, inf, inf, inf, inf, inf, inf, inf, inf, inf, inf, inf, inf, inf, inf, inf, inf, inf, inf, inf, inf, inf, inf, inf, inf, inf, inf, inf, inf, inf, inf, inf, inf, inf, inf, inf, inf, inf, inf, inf, inf, inf, inf, inf, inf, inf, inf, inf, inf, inf, inf, inf, inf, inf, inf, inf, inf, inf, inf, inf, inf, inf, inf, inf, inf, inf, inf, inf, inf, inf, inf, inf, inf, inf, inf, inf, inf, inf, inf, inf, inf, inf, inf, inf, inf, inf, inf, inf, inf, inf, inf, inf, inf, inf, inf, inf, inf, inf, inf, inf, inf, inf, inf, inf, inf, inf, 3.4898200035095215, 3.4768807888031006, 3.4271867275238037, 3.4117250442504883, 3.3933286666870117, 3.363614559173584, 3.3567261695861816, 3.3017208576202393, 3.3050308227539062, 3.294313430786133, 3.2742714881896973, 3.275402545928955, 3.3384463787078857, inf, inf, inf, inf, inf, inf, inf, inf, inf, inf, 2.804901599884033, inf, inf, inf, inf, 3.17281436920166, 3.1312663555145264, 3.1521756649017334, 3.1627705097198486, 3.1756176948547363, 3.1777284145355225, 3.164320468902588, 3.181684732437134, 3.1792361736297607, 3.2031331062316895, 3.233231782913208, 3.2237110137939453, 3.239264965057373, 3.2792811393737793, 3.278839349746704, 3.3076462745666504, 3.3115036487579346, 3.3376598358154297, 3.368246555328369, 3.3782689571380615, 3.4063644409179688, 3.440671682357788, 3.4671237468719482, 3.4925343990325928, inf, inf, inf, inf, inf, inf, inf, inf, inf, inf, inf, inf, inf, inf, inf, inf, inf, inf, inf, inf, inf, inf, inf, inf, inf, inf, inf, inf, inf, inf, inf, inf, inf, inf, inf, inf, inf, inf, inf, inf, inf, inf, inf, inf, inf, inf, inf, inf, inf, inf, inf, inf, inf, inf, inf, inf, inf, inf, inf, inf, inf, inf, inf, inf, inf, inf, inf, inf, inf, inf, inf, inf, inf, inf, inf, inf, inf, inf, inf, inf, inf, inf, inf, inf, inf, inf, inf, inf, inf, inf, inf, inf, inf, inf, inf, inf, inf, inf, inf, inf, inf, inf, inf, inf, inf, inf, inf, inf, inf, inf, inf, inf, inf, inf, inf, inf, inf, inf, inf, inf, inf, inf, inf, inf, inf, inf, inf, inf, inf, inf, inf, inf, inf, inf, inf, inf]),0.01749303564429283,956208000000
array('f', [inf, inf, inf, inf, inf, inf, inf, inf, inf, inf, inf, inf, inf, inf, inf, inf, inf, inf, inf, inf, inf, inf, inf, inf, inf, inf, inf, inf, inf, inf, inf, inf, inf, inf, inf, inf, inf, inf, inf, inf, inf, inf, inf, inf, inf, inf, inf, inf, inf, inf, inf, inf, inf, inf, inf, inf, inf, inf, inf, inf, inf, inf, inf, inf, inf, inf, inf, inf, inf, inf, inf, inf, inf, inf, inf, inf, inf, inf, inf, inf, inf, inf, inf, inf, inf, inf, inf, inf, inf, inf, inf, inf, inf, inf, inf, inf, inf, inf, inf, inf, inf, inf, inf, inf, inf, inf, inf, inf, inf, inf, inf, inf, inf, inf, inf, inf, inf, inf, inf, inf, inf, inf, inf, inf, inf, inf, inf, inf, inf, inf, inf, inf, inf, inf, inf, inf, inf, inf, inf, inf, inf, inf, inf, inf, inf, inf, inf, inf, inf, inf, inf, inf, inf, inf, 3.5, 3.4713857173919678, 3.454888105392456, 3.4332284927368164, inf, inf, inf, inf, inf, inf, inf, inf, inf, inf, 2.985783815383911, inf, inf, inf, inf, 3.360107660293579, 3.3371706008911133, 3.364457368850708, 3.368168592453003, 3.387704610824585, 3.376354694366455, 3.3882598876953125, 3.3859829902648926, 3.3956551551818848, 3.405022621154785, 3.4256603717803955, 3.429908275604248, 3.441779851913452, 3.45391583442688, 3.482045888900757, inf, inf, inf, inf, inf, inf, inf, inf, inf, inf, inf, inf, inf, inf, inf, inf, inf, inf, inf, inf, inf, inf, inf, inf, inf, inf, inf, inf, inf, inf, inf, inf, inf, inf, inf, inf, inf, inf, inf, inf, inf, inf, inf, inf, inf, inf, inf, inf, inf, inf, inf, inf, inf, inf, inf, inf, inf, inf, inf, inf, inf, inf, inf, inf, inf, inf, inf, inf, inf, inf, inf, inf, inf, inf, inf, inf, inf, inf, inf, inf, inf, inf, inf, inf, inf, inf, inf, inf, inf, inf, inf, inf, inf, inf, inf, inf, inf, inf, inf, inf, inf, inf, inf, inf, inf, inf, inf, inf, inf, inf, inf, inf, inf, inf, inf, inf, inf, inf, inf, inf, inf, inf, inf, inf, inf, inf, inf, inf, inf, inf, inf, inf, inf, inf, inf, inf, inf, inf, inf, inf, inf, inf, inf, inf, inf, inf, inf, inf, inf, inf, inf, inf, inf, inf, inf, inf, inf, inf, inf, inf, inf, inf, inf, inf, inf, inf, inf, inf, inf, inf, inf, inf]),0.01749303564429283,956408000000
array('f', [inf, inf, inf, inf, inf, inf, inf, inf, inf, inf, inf, inf, inf, inf, inf, inf, inf, inf, inf, inf, inf, inf, inf, inf, inf, inf, inf, inf, inf, inf, inf, inf, inf, inf, inf, inf, inf, inf, inf, inf, inf, inf, inf, inf, inf, inf, inf, inf, inf, inf, inf, inf, inf, inf, inf, inf, inf, inf, inf, inf, inf, inf, inf, inf, inf, inf, inf, inf, inf, inf, inf, inf, inf, inf, inf, inf, inf, inf, inf, inf, inf, inf, inf, inf, inf, inf, inf, inf, inf, inf, inf, inf, inf, inf, inf, inf, inf, inf, inf, inf, inf, inf, inf, inf, inf, inf, inf, inf, inf, inf, inf, inf, inf, inf, inf, inf, inf, inf, inf, inf, inf, inf, inf, inf, inf, inf, inf, inf, inf, inf, inf, inf, inf, inf, inf, inf, inf, inf, inf, inf, inf, inf, inf, inf, inf, inf, inf, inf, inf, inf, inf, inf, inf, inf, inf, inf, inf, inf, inf, inf, inf, inf, inf, inf, inf, inf, inf, inf, inf, inf, inf, inf, inf, inf, inf, inf, inf, inf, inf, inf, inf, inf, inf, inf, inf, inf, inf, inf, inf, inf, inf, inf, inf, inf, inf, inf, inf, inf, inf, inf, inf, inf, inf, inf, inf, inf, inf, inf, inf, inf, inf, inf, inf, inf, inf, inf, inf, inf, inf, inf, inf, inf, inf, inf, inf, inf, inf, inf, inf, inf, inf, inf, inf, inf, inf, inf, inf, inf, inf, inf, inf, inf, inf, inf, inf, inf, inf, inf, inf, inf, inf, inf, inf, inf, inf, inf, inf, inf, inf, inf, inf, inf, inf, inf, inf, inf, inf, inf, inf, inf, inf, inf, inf, inf, inf, inf, inf, inf, inf, inf, inf, inf, inf, inf, inf, inf, inf, inf, inf, inf, inf, inf, inf, inf, inf, inf, inf, inf, inf, inf, inf, inf, inf, inf, inf, inf, inf, inf, inf, inf, inf, inf, inf, inf, inf, inf, inf, inf, inf, inf, inf, inf, inf, inf, inf, inf, inf, inf, inf, inf, inf, inf, inf, inf, inf, inf, inf, inf, inf, inf, inf, inf, inf, inf, inf, inf, inf, inf, inf, inf, inf, inf, inf, inf, inf, inf, inf, inf, inf, inf]),0.01749303564429283,956608000000
array('f', [inf, inf, inf, inf, inf, inf, inf, inf, inf, inf, inf, inf, inf, inf, inf, inf, inf, inf, inf, inf, inf, inf, inf, inf, inf, inf, inf, inf, inf, inf, inf, inf, inf, inf, inf, inf, inf, inf, inf, inf, inf, inf, inf, inf, inf, inf, inf, inf, inf, inf, inf, inf, inf, inf, inf, inf, inf, inf, inf, inf, inf, inf, inf, inf, inf, inf, inf, inf, inf, inf, inf, inf, inf, inf, inf, inf, inf, inf, inf, inf, inf, inf, inf, inf, inf, inf, inf, inf, inf, inf, inf, inf, inf, inf, inf, inf, inf, inf, inf, inf, inf, inf, inf, inf, inf, inf, inf, inf, inf, inf, inf, inf, inf, inf, inf, inf, inf, inf, inf, inf, inf, inf, 3.3438048362731934, inf, inf, inf, inf, inf, inf, inf, inf, inf, inf, inf, inf, inf, inf, inf, inf, inf, inf, inf, inf, inf, inf, inf, inf, inf, inf, inf, inf, inf, inf, inf, inf, inf, inf, inf, inf, inf, inf, inf, inf, inf, inf, inf, inf, inf, inf, inf, inf, inf, inf, inf, inf, inf, inf, inf, inf, inf, inf, inf, inf, inf, inf, inf, inf, inf, inf, inf, inf, inf, inf, inf, inf, inf, inf, inf, inf, inf, inf, inf, inf, inf, inf, inf, inf, inf, inf, inf, inf, inf, inf, inf, inf, inf, inf, inf, inf, inf, inf, inf, inf, inf, inf, inf, inf, inf, inf, inf, inf, inf, inf, inf, inf, inf, inf, inf, inf, inf, inf, inf, inf, inf, inf, inf, inf, inf, inf, inf, inf, inf, inf, inf, inf, inf, inf, inf, inf, inf, inf, inf, inf, inf, inf, inf, inf, inf, inf, inf, inf, inf, inf, inf, inf, inf, inf, inf, inf, inf, inf, inf, inf, inf, inf, inf, inf, inf, inf, inf, inf, inf, inf, inf, inf, inf, inf, inf, inf, inf, inf, inf, inf, inf, inf, inf, inf, inf, inf, inf, inf, inf, inf, inf, inf, inf, inf, inf, inf, inf, inf, inf, inf, inf, inf, inf, inf, inf, inf, inf, inf, inf, inf, inf, inf, inf, inf, inf, inf, inf, inf, inf, inf, inf, inf, inf, inf, inf, inf, inf, inf, inf, inf, inf, inf, inf, inf, inf, inf, inf]),0.01749303564429283,956808000000
array('f', [inf, inf, inf, inf, inf, inf, inf, inf, inf, inf, inf, inf, inf, inf, inf, inf, inf, inf, inf, inf, inf, inf, inf, inf, inf, inf, inf, inf, inf, inf, inf, inf, inf, inf, inf, inf, inf, inf, inf, inf, inf, inf, inf, inf, inf, inf, inf, inf, inf, inf, inf, inf, inf, inf, inf, inf, inf, inf, inf, inf, inf, inf, inf, inf, inf, inf, inf, inf, inf, inf, inf, inf, inf, inf, inf, inf, inf, inf, inf, inf, inf, inf, inf, inf, inf, inf, inf, inf, inf, inf, inf, inf, inf, inf, inf, inf, inf, inf, inf, inf, inf, inf, 3.4275705814361572, inf, inf, inf, inf, inf, inf, inf, inf, inf, inf, inf, inf, inf, inf, inf, inf, inf, inf, inf, inf, inf, inf, inf, inf, inf, inf, inf, inf, inf, inf, inf, inf, inf, inf, inf, inf, inf, inf, inf, inf, inf, inf, inf, inf, inf, inf, inf, inf, inf, inf, inf, inf, inf, inf, inf, inf, inf, inf, inf, inf, inf, inf, inf, inf, inf, inf, inf, inf, inf, inf, inf, inf, inf, inf, inf, inf, inf, inf, inf, inf, inf, inf, inf, inf, inf, inf, inf, inf, inf, inf, inf, inf, inf, inf, inf, inf, inf, inf, inf, inf, inf, inf, inf, inf, inf, inf, inf, inf, inf, inf, inf, inf, inf, inf, inf, inf, inf, inf, inf, inf, inf, inf, inf, inf, inf, inf, inf, inf, inf, inf, inf, inf, inf, inf, inf, inf, inf, inf, inf, inf, inf, inf, inf, inf, inf, inf, inf, inf, inf, inf, inf, inf, inf, inf, inf, inf, inf, inf, inf, inf, inf, inf, inf, inf, inf, inf, inf, inf, inf, inf, inf, inf, inf, inf, inf, inf, inf, inf, inf, inf, inf, inf, inf, inf, inf, inf, inf, inf, inf, inf, inf, inf, inf, inf, inf, inf, inf, inf, inf, inf, inf, inf, inf, inf, inf, inf, inf, inf, inf, inf, inf, inf, inf, inf, inf, inf, inf, inf, inf, inf, inf, inf, inf, inf, inf, inf, inf, inf, inf, inf, inf, inf, inf, inf, inf, inf, inf, inf, inf, inf, inf, inf, inf, inf, inf, inf, inf, inf, inf, inf, inf, inf, inf, inf, inf, inf, inf]),0.01749303564429283,957008000000
array('f', [inf, inf, inf, inf, inf, inf, inf, inf, inf, inf, inf, inf, inf, inf, inf, inf, inf, inf, inf, inf, inf, inf, inf, inf, inf, inf, inf, inf, inf, inf, inf, inf, inf, inf, inf, inf, inf, inf, inf, inf, inf, inf, inf, inf, inf, inf, inf, inf, inf, inf, inf, inf, inf, inf, inf, inf, inf, inf, inf, inf, inf, inf, inf, inf, inf, inf, inf, inf, inf, inf, inf, inf, inf, inf, inf, inf, inf, inf, inf, inf, inf, inf, inf, inf, inf, inf, inf, inf, inf, inf, inf, inf, inf, inf, inf, inf, inf, inf, inf, inf, inf, inf, inf, inf, inf, inf, inf, inf, inf, inf, inf, inf, inf, inf, inf, inf, inf, inf, inf, inf, inf, inf, inf, inf, inf, inf, inf, inf, inf, inf, inf, inf, inf, inf, inf, inf, inf, inf, inf, inf, inf, inf, inf, inf, inf, inf, inf, inf, inf, inf, inf, inf, inf, inf, inf, inf, inf, inf, inf, inf, inf, inf, inf, inf, inf, inf, inf, inf, inf, inf, inf, inf, inf, inf, inf, inf, inf, inf, inf, inf, inf, inf, inf, inf, inf, inf, inf, inf, inf, inf, inf, inf, inf, inf, inf, inf, inf, inf, inf, inf, inf, inf, inf, inf, inf, inf, inf, inf, inf, inf, inf, inf, inf, inf, inf, inf, inf, inf, inf, inf, inf, inf, inf, inf, inf, inf, inf, inf, inf, inf, inf, inf, inf, inf, inf, inf, inf, inf, inf, inf, inf, inf, inf, inf, inf, inf, inf, inf, inf, inf, inf, inf, inf, inf, inf, inf, inf, inf, inf, inf, inf, inf, inf, inf, inf, inf, inf, inf, inf, inf, inf, inf, inf, inf, inf, inf, inf, inf, inf, inf, inf, inf, inf, inf, inf, inf, inf, inf, inf, inf, inf, inf, inf, inf, inf, inf, inf, inf, inf, inf, inf, inf, inf, inf, inf, inf, inf, inf, inf, inf, inf, inf, inf, inf, inf, inf, inf, inf, inf, inf, inf, inf, inf, inf, inf, inf, inf, inf, inf, inf, inf, inf, inf, inf, inf, inf, inf, inf, inf, inf, inf, inf, inf, inf, inf, inf, inf, inf, inf, inf, inf, inf, inf, inf, inf, inf, inf, inf, inf, inf]),0.01749303564429283,957208000000
array('f', [inf, inf, inf, inf, inf, inf, inf, inf, inf, inf, inf, inf, inf, inf, inf, inf, inf, inf, inf, inf, inf, inf, inf, inf, inf, inf, inf, inf, inf, inf, inf, inf, inf, inf, inf, inf, inf, inf, inf, inf, inf, inf, inf, inf, inf, inf, inf, inf, inf, inf, inf, inf, inf, inf, inf, inf, inf, inf, inf, inf, inf, inf, inf, inf, inf, 3.3880255222320557, inf, inf, inf, inf, inf, inf, inf, inf, inf, inf, inf, inf, inf, inf, inf, inf, inf, inf, inf, inf, inf, inf, inf, inf, inf, inf, inf, inf, inf, inf, inf, inf, inf, inf, inf, inf, inf, inf, inf, inf, inf, inf, inf, inf, inf, inf, inf, inf, inf, inf, inf, inf, inf, inf, inf, inf, inf, inf, inf, inf, inf, inf, inf, inf, inf, inf, inf, inf, inf, inf, inf, inf, inf, inf, inf, inf, inf, inf, inf, inf, inf, inf, inf, inf, inf, inf, inf, inf, inf, inf, inf, inf, inf, inf, inf, inf, inf, inf, inf, inf, inf, inf, inf, inf, inf, inf, inf, inf, inf, inf, inf, inf, inf, inf, inf, inf, inf, inf, inf, inf, inf, inf, inf, inf, inf, inf, inf, inf, inf, inf, inf, inf, inf, inf, inf, inf, inf, inf, inf, inf, inf, inf, inf, inf, inf, inf, inf, inf, inf, inf, inf, inf, inf, inf, inf, inf, inf, inf, inf, inf, inf, inf, inf, inf, inf, inf, inf, inf, inf, inf, inf, inf, inf, inf, inf, inf, inf, inf, inf, inf, inf, inf, inf, inf, inf, inf, inf, inf, inf, inf, inf, inf, inf, inf, inf, inf, inf, inf, inf, inf, inf, inf, inf, inf, inf, inf, inf, inf, inf, inf, inf, inf, inf, inf, inf, inf, inf, inf, inf, inf, inf, inf, inf, inf, inf, inf, inf, inf, inf, inf, inf, inf, inf, inf, inf, inf, inf, inf, inf, inf, inf, 3.497542381286621, 3.448702096939087, 3.4437472820281982, 3.4190635681152344, 3.4095590114593506, 3.3949568271636963, 3.395963668823242, 3.3772881031036377, 3.355369806289673, 3.3764681816101074, 3.3605058193206787, 3.3551924228668213, 3.3231303691864014, 3.3399012088775635, 3.339653491973877, 3.33469295501709, 3.318765878677368, 3.326308012008667, 3.32727313041687, 3.3372395038604736, 3.3205244541168213, 3.3408312797546387, 3.343540668487549, 3.336045503616333, 3.347360610961914, 3.3555891513824463, 3.3650214672088623, 3.371011257171631, 3.382397413253784, 3.370687961578369, 3.414074182510376, 3.434142589569092, 3.457970380783081, 3.463224411010742, 3.475262403488159, 3.4881956577301025, inf, inf, inf, inf, inf, inf, inf, inf, inf, inf, inf, inf, inf, inf, inf, inf, inf]),0.01749303564429283,957408000000
array('f', [inf, inf, inf, inf, inf, inf, inf, inf, inf, inf, inf, inf, inf, inf, inf, inf, inf, inf, inf, inf, inf, inf, inf, inf, inf, inf, inf, inf, inf, inf, inf, inf, inf, inf, inf, inf, inf, inf, inf, inf, inf, inf, inf, inf, inf, inf, inf, inf, 3.29844069480896, inf, inf, inf, inf, inf, inf, inf, inf, inf, inf, inf, inf, inf, inf, inf, inf, inf, inf, inf, inf, inf, inf, inf, inf, inf, inf, inf, inf, inf, inf, inf, inf, inf, inf, inf, inf, inf, inf, inf, inf, inf, inf, inf, inf, inf, inf, inf, inf, inf, inf, inf, inf, inf, inf, inf, inf, inf, inf, inf, inf, inf, inf, inf, inf, inf, inf, inf, inf, inf, inf, inf, inf, inf, inf, inf, inf, inf, inf, inf, inf, inf, inf, inf, inf, inf, inf, inf, inf, inf, inf, inf, inf, inf, inf, inf, inf, inf, inf, inf, inf, inf, inf, inf, inf, inf, inf, inf, inf, inf, inf, inf, inf, inf, inf, inf, inf, inf, inf, inf, inf, inf, inf, inf, inf, inf, inf, inf, inf, inf, inf, inf, inf, inf, inf, inf, inf, inf, inf, inf, inf, inf, inf, inf, inf, inf, inf, inf, inf, inf, inf, inf, inf, inf, inf, inf, inf, inf, inf, inf, inf, inf, inf, inf, inf, inf, inf, inf, inf, inf, inf, inf, inf, inf, inf, inf, inf, inf, inf, inf, inf, inf, inf, inf, inf, inf, inf, inf, inf, inf, inf, inf, inf, inf, inf, inf, inf, inf, inf, inf, inf, inf, inf, inf, inf, inf, inf, inf, inf, inf, inf, inf, inf, inf, inf, inf, inf, inf, inf, inf, inf, inf, inf, inf, inf, inf, inf, inf, inf, inf, inf, inf, 3.483091115951538, 3.4587972164154053, 3.422376871109009, 3.417999505996704, 3.4017152786254883, 3.384902000427246, 3.337035655975342, 3.3209261894226074, 3.302976369857788, 3.276512861251831, 3.2644083499908447, 3.2759900093078613, 3.250361442565918, 3.2311978340148926, 3.2293474674224854, 3.22268009185791, 3.215484380722046, 3.191148281097412, 3.200533151626587, 3.1727354526519775, 3.2002968788146973, 3.1800267696380615, 3.1827621459960938, 3.170013427734375, 3.1584677696228027, 3.1624560356140137, 3.180407762527466, 3.1868808269500732, 3.1971771717071533, 3.209609270095825, 3.17665958404541, 3.1783719062805176, 3.206252336502075, 3.2077574729919434, 3.2031850814819336, 3.2448742389678955, 3.2257232666015625, 3.2695870399475098, 3.2620129585266113, 3.2925753593444824, 3.311248540878296, 3.328460454940796, 3.3624730110168457, 3.3656697273254395, 3.3933727741241455, 3.4128541946411133, 3.4529154300689697, 3.4672653675079346, 3.465083122253418, inf, inf, inf, inf, inf, inf, inf, inf, inf, inf, inf, inf, inf, inf, inf, inf, inf, inf, inf, inf, inf, inf, inf, inf, inf, inf, inf, inf, inf, inf, inf]),0.01749303564429283,957608000000
array('f', [inf, 3.4910812377929688, 3.4722063541412354, 3.453697443008423, 3.452442169189453, 3.4397199153900146, 3.4366300106048584, 3.4203009605407715, 3.405133008956909, 3.4170522689819336, 3.3841519355773926, 3.3766870498657227, 3.3843045234680176, 3.380441665649414, 3.37957501411438, 3.380575656890869, 3.386690855026245, 3.3757100105285645, 3.369128704071045, inf, inf, inf, inf, inf, inf, inf, inf, inf, inf, inf, inf, 3.155256986618042, inf, inf, inf, inf, inf, inf, inf, inf, inf, inf, inf, inf, inf, inf, inf, inf, inf, inf, inf, inf, inf, inf, inf, inf, inf, inf, inf, inf, inf, inf, inf, inf, inf, inf, inf, inf, inf, inf, inf, inf, inf, inf, inf, inf, inf, inf, inf, inf, inf, inf, inf, inf, inf, inf, inf, inf, inf, inf, inf, inf, inf, inf, inf, inf, inf, inf, inf, inf, inf, inf, inf, inf, inf, inf, inf, inf, inf, inf, inf, inf, inf, inf, inf, inf, inf, inf, inf, inf, inf, inf, inf, inf, inf, inf, inf, inf, inf, inf, inf, inf, inf, inf, inf, inf, inf, inf, inf, inf, inf, inf, inf, inf, inf, inf, inf, inf, inf, inf, inf, inf, inf, inf, inf, inf, inf, inf, inf, inf, inf, inf, inf, inf, inf, inf, inf, inf, inf, inf, inf, inf, inf, inf, inf, inf, inf, inf, inf, inf, inf, inf, inf, inf, inf, inf, inf, inf, inf, inf, inf, inf, inf, inf, inf, inf, inf, inf, inf, inf, inf, inf, inf, inf, inf, inf, inf, inf, inf, inf, inf, inf, inf, inf, inf, inf, inf, inf, inf, inf, inf, inf, inf, inf, inf, inf, inf, inf, inf, inf, inf, inf, inf, inf, inf, inf, inf, inf, inf, inf, inf, inf, inf, inf, inf, inf, inf, inf, inf, inf, inf, inf, inf, inf, inf, inf, inf, 3.4913747310638428, 3.4568450450897217, 3.4197216033935547, 3.372835636138916, 3.363914728164673, 3.3313660621643066, 3.312086582183838, 3.2931582927703857, 3.286731481552124, 3.2396299839019775, 3.248826503753662, 3.204310417175293, 3.205266237258911, 3.198094129562378, 3.1908695697784424, 3.1650230884552, 3.1519765853881836, 3.1452715396881104, 3.1302576065063477, 3.1197869777679443, 3.117255210876465, 3.1186535358428955, 3.1050195693969727, 3.085770845413208, 3.088169574737549, 3.0975284576416016, 3.0909883975982666, 3.0794386863708496, 3.0713906288146973, 3.0926458835601807, 3.0933074951171875, 3.0742807388305664, 3.0958921909332275, 3.091615676879883, 3.1118338108062744, 3.10024356842041, 3.1169638633728027, 3.1142094135284424, 3.145615816116333, 3.1459407806396484, 3.162663459777832, 3.1776301860809326, 3.181500196456909, 3.196943998336792, 3.1990158557891846, 3.2472760677337646, 3.270399332046509, 3.26180362701416, 3.287341594696045, 3.3131062984466553, 3.335728645324707, 3.371652841567993, 3.396674633026123, 3.418975830078125, 3.455918073654175, 3.486135959625244, inf, inf, inf, inf, inf, inf, inf, inf, inf, inf, inf, inf, inf, inf, inf, inf, inf, inf, inf, inf, inf, inf, inf, inf, inf, inf, inf, inf, inf, inf, inf, inf, inf, inf, inf, inf, inf, inf, inf, inf, inf, inf, inf, inf, inf, inf, inf]),0.01749303564429283,957807000000
array('f', [3.1869828701019287, inf, inf, inf, inf, inf, inf, inf, inf, inf, inf, inf, inf, inf, 2.9795703887939453, 3.4608678817749023, 3.3851473331451416, 3.4009857177734375, 3.439120292663574, 3.4647603034973145, 3.4883980751037598, inf, inf, inf, inf, inf, inf, inf, inf, inf, inf, inf, inf, inf, inf, inf, inf, inf, inf, inf, inf, inf, inf, inf, inf, inf, inf, inf, inf, inf, inf, inf, inf, inf, inf, inf, inf, inf, inf, inf, inf, inf, inf, inf, inf, inf, inf, inf, inf, inf, inf, inf, inf, inf, inf, inf, inf, inf, inf, inf, inf, inf, inf, inf, inf, inf, inf, inf, inf, inf, inf, inf, inf, inf, inf, inf, inf, inf, inf, inf, inf, inf, inf, inf, inf, inf, inf, inf, inf, inf, inf, inf, inf, inf, inf, inf, inf, inf, inf, inf, inf, inf, inf, inf, inf, inf, inf, inf, inf, inf, inf, inf, inf, inf, inf, inf, inf, inf, inf, inf, inf, inf, inf, inf, inf, inf, inf, inf, inf, inf, inf, inf, inf, inf, inf, inf, inf, inf, inf, inf, inf, inf, inf, inf, inf, inf, inf, inf, inf, inf, inf, inf, inf, inf, inf, inf, inf, inf, inf, inf, inf, inf, inf, inf, inf, inf, inf, inf, inf, inf, inf, inf, inf, inf, inf, inf, inf, inf, inf, inf, inf, inf, inf, inf, inf, inf, inf, inf, inf, inf, inf, inf, inf, inf, inf, inf, inf, inf, inf, inf, inf, inf, inf, inf, inf, inf, inf, inf, inf, inf, inf, inf, inf, inf, inf, inf, inf, 3.4696359634399414, 3.4594011306762695, 3.4194905757904053, 3.3749468326568604, 3.3717734813690186, 3.33286190032959, 3.3339197635650635, 3.2766244411468506, 3.2823565006256104, 3.2428414821624756, 3.223020553588867, 3.2069807052612305, 3.192842960357666, 3.1735594272613525, 3.1489346027374268, 3.1267476081848145, 3.117812395095825, 3.136244058609009, 3.107976198196411, 3.0873963832855225, 3.0807077884674072, 3.0828537940979004, 3.0852906703948975, 3.057849645614624, 3.059511661529541, 3.0633978843688965, 3.0609211921691895, 3.0542445182800293, 3.0549936294555664, 3.0588953495025635, 3.05784010887146, 3.055635452270508, 3.060683488845825, 3.0601627826690674, 3.0696394443511963, 3.0727803707122803, 3.0952157974243164, 3.096076250076294, 3.090101480484009, 3.1095573902130127, 3.1064369678497314, 3.1235756874084473, 3.132777452468872, 3.1501517295837402, 3.174901247024536, 3.1835415363311768, 3.192420244216919, 3.207618236541748, 3.243844509124756, 3.262277126312256, 3.2945520877838135, 3.3134260177612305, 3.3291218280792236, 3.3473222255706787, 3.3909647464752197, 3.413187026977539, 3.431698799133301, 3.4780776500701904, inf, inf, inf, inf, inf, inf, inf, inf, inf, inf, inf, inf, inf, inf, inf, inf, inf, inf, inf, inf, inf, inf, inf, inf, inf, inf, inf, inf, inf, inf, inf, inf, inf, inf, inf, inf, 3.490506172180176, 3.4630720615386963, 3.441575527191162, 3.4175233840942383, 3.4064831733703613, 3.369276523590088, 3.344914436340332, 3.3413028717041016, 3.3414804935455322, 3.3107378482818604, 3.275165319442749, 3.2515225410461426, 3.2586441040039062, 3.2608094215393066, 3.2228450775146484, 3.2143383026123047, 3.2267956733703613, 3.222161293029785, 3.1935505867004395, 3.206970691680908, 3.19765305519104, 3.1782212257385254, 3.190483570098877, 3.173966407775879, 3.192342758178711, 3.190711736679077, 3.194408416748047, 3.1693308353424072, 3.1817822456359863]),0.01749303564429283,958008000000
array('f', [3.2096004486083984, 3.226837396621704, 3.243292808532715, 3.2838895320892334, 3.3185248374938965, 3.3369245529174805, 3.363970994949341, 3.381214141845703, 3.4458541870117188, 3.4725472927093506, inf, inf, inf, inf, inf, inf, inf, inf, inf, inf, inf, inf, inf, inf, inf, inf, inf, inf, inf, inf, inf, inf, inf, inf, inf, inf, inf, inf, inf, inf, inf, inf, inf, inf, inf, inf, inf, inf, inf, inf, inf, inf, inf, inf, inf, inf, inf, inf, inf, inf, inf, inf, inf, inf, inf, inf, inf, inf, inf, inf, inf, inf, inf, inf, inf, inf, inf, inf, inf, inf, inf, inf, inf, inf, inf, inf, inf, inf, inf, inf, inf, inf, inf, inf, inf, inf, inf, inf, inf, inf, inf, inf, inf, inf, inf, inf, inf, inf, inf, inf, inf, inf, inf, inf, inf, inf, inf, inf, inf, inf, inf, inf, inf, inf, inf, inf, inf, inf, inf, inf, inf, inf, inf, inf, inf, inf, inf, inf, inf, inf, inf, inf, inf, inf, inf, inf, inf, inf, inf, inf, inf, inf, inf, inf, inf, inf, inf, inf, inf, inf, inf, inf, inf, inf, inf, inf, inf, inf, inf, inf, inf, inf, inf, inf, inf, inf, inf, inf, inf, inf, inf, inf, inf, inf, inf, inf, inf, inf, inf, inf, inf, inf, inf, inf, inf, inf, inf, inf, inf, inf, inf, inf, inf, inf, inf, inf, inf, inf, inf, inf, inf, inf, inf, inf, inf, inf, inf, inf, inf, inf, 3.4850149154663086, 3.448777675628662, 3.4408178329467773, 3.4119038581848145, 3.371995210647583, 3.345358371734619, 3.344956398010254, 3.3204450607299805, 3.2769155502319336, 3.272251605987549, 3.2477939128875732, 3.2226033210754395, 3.2246196269989014, 3.1883437633514404, 3.183896780014038, 3.1500744819641113, 3.1588521003723145, 3.131058692932129, 3.1413235664367676, 3.132473945617676, 3.1150453090667725, 3.1071386337280273, 3.1008214950561523, 3.0997676849365234, 3.09995174407959, 3.085423231124878, 3.1008362770080566, 3.0895793437957764, 3.0943310260772705, 3.0787010192871094, 3.0948994159698486, 3.1245124340057373, 3.1005287170410156, 3.099409580230713, 3.1163809299468994, 3.1172120571136475, 3.1147685050964355, 3.126011371612549, 3.1429080963134766, 3.1554906368255615, 3.155963659286499, 3.191108226776123, 3.192316770553589, 3.198289155960083, 3.203317880630493, 3.2132935523986816, 3.2539496421813965, 3.2675113677978516, 3.2958247661590576, 3.315788984298706, 3.331716299057007, 3.3466086387634277, 3.383809804916382, 3.4195964336395264, 3.4304587841033936, 3.4641075134277344, inf, inf, inf, inf, inf, inf, inf, inf, inf, inf, inf, inf, inf, inf, inf, inf, inf, inf, inf, inf, inf, inf, inf, inf, inf, inf, inf, inf, inf, inf, inf, 3.4651339054107666, 3.449964761734009, 3.4242541790008545, 3.396141290664673, 3.349846601486206, 3.320613384246826, 3.2911038398742676, 3.261768102645874, 3.2393276691436768, 3.2124762535095215, 3.210599422454834, 3.1821484565734863, 3.1413395404815674, 3.134528875350952, 3.1289784908294678, 3.109314441680908, 3.0984079837799072, 3.0783722400665283, 3.0677902698516846, 3.04172420501709, 3.0456032752990723, 3.0323967933654785, 3.0275559425354004, 3.002504587173462, 3.007667064666748, 3.0198280811309814, 3.006815195083618, 2.988447427749634, 2.984747886657715, 2.9861111640930176, 2.985394239425659, 2.9950761795043945, 2.978154182434082, 2.9584078788757324, 2.977396249771118, inf, inf, inf, inf, inf, inf, inf, inf, inf, inf, inf, inf, inf, 2.7930877208709717, 2.7870655059814453, 3.241957187652588, 3.1776223182678223, 3.196124792098999]),0.01749303564429283,958208000000
array('f', [inf, inf, inf, inf, inf, inf, inf, inf, inf, inf, inf, inf, inf, inf, inf, inf, inf, inf, inf, inf, inf, inf, inf, inf, inf, inf, inf, inf, inf, inf, inf, inf, inf, inf, inf, inf, inf, inf, inf, inf, inf, inf, inf, inf, inf, inf, inf, inf, inf, inf, inf, inf, inf, inf, inf, inf, inf, inf, inf, inf, inf, inf, inf, inf, inf, inf, inf, inf, inf, inf, inf, inf, inf, inf, inf, inf, inf, inf, inf, inf, inf, inf, inf, inf, inf, inf, inf, inf, inf, inf, inf, inf, inf, inf, inf, inf, inf, inf, inf, inf, inf, inf, inf, inf, inf, inf, inf, inf, inf, inf, inf, inf, inf, inf, inf, inf, inf, inf, inf, inf, inf, inf, inf, inf, inf, inf, inf, inf, inf, inf, inf, inf, inf, inf, inf, inf, inf, inf, inf, inf, inf, inf, inf, inf, inf, inf, inf, inf, inf, inf, inf, inf, inf, inf, inf, inf, inf, inf, inf, inf, inf, inf, inf, inf, inf, inf, inf, inf, inf, inf, inf, inf, inf, inf, inf, inf, inf, inf, inf, inf, inf, inf, inf, inf, inf, inf, inf, inf, inf, inf, inf, inf, inf, inf, inf, inf, inf, inf, inf, inf, inf, inf, inf, inf, inf, inf, 3.474583148956299, 3.4602372646331787, 3.430037498474121, 3.4058475494384766, 3.3929693698883057, 3.358234167098999, 3.344632625579834, 3.3241748809814453, 3.311398983001709, 3.30316424369812, 3.269113540649414, 3.26419734954834, 3.2422502040863037, 3.242387533187866, 3.23087739944458, 3.202953577041626, 3.208069324493408, 3.20009708404541, 3.198544979095459, 3.200493335723877, 3.1908888816833496, 3.170240640640259, 3.1695470809936523, 3.197451591491699, 3.1713738441467285, 3.190573215484619, 3.19213604927063, 3.1758971214294434, 3.1723666191101074, 3.2146427631378174, 3.195286750793457, 3.2004036903381348, 3.2127177715301514, 3.2212448120117188, 3.226390838623047, 3.267162322998047, 3.2463996410369873, 3.269207000732422, 3.282120704650879, 3.276876211166382, 3.31371808052063, 3.319777011871338, 3.3514440059661865, 3.36784029006958, 3.375537633895874, 3.394422769546509, 3.4334561824798584, 3.441798448562622, 3.4924395084381104, inf, inf, inf, inf, inf, inf, inf, inf, inf, inf, inf, inf, inf, inf, inf, inf, inf, inf, inf, inf, inf, inf, inf, inf, inf, inf, inf, inf, inf, 3.462339162826538, 3.4307777881622314, 3.4097344875335693, 3.3456854820251465, 3.315356969833374, 3.2855918407440186, 3.260587692260742, 3.21937894821167, 3.1834490299224854, 3.1401491165161133, 3.1326749324798584, 3.1023802757263184, 3.0639169216156006, 3.049964666366577, 3.017453908920288, 3.0220437049865723, 2.9885456562042236, 2.9943487644195557, 2.9409127235412598, 2.925508975982666, 2.915682077407837, 2.9218196868896484, 2.897656202316284, 2.876077651977539, 2.87492299079895, 2.85282301902771, 2.8463010787963867, 2.853074312210083, 2.845787286758423, 2.8274497985839844, 2.812964677810669, 2.82932186126709, 2.8231263160705566, 2.8211543560028076, 2.810826539993286, 2.7847681045532227, 2.8135149478912354, 2.817293167114258, inf, inf, inf, inf, inf, inf, inf, inf, inf, inf, inf, inf, inf, inf, inf, 2.5749881267547607, inf, 2.983793258666992, 2.9909234046936035, 3.0115206241607666, 3.042955160140991, 3.0747015476226807, 3.0780816078186035, 3.0985660552978516, 3.1137757301330566, 3.154757022857666, 3.1884512901306152, 3.1976358890533447, 3.2439632415771484, 3.281589984893799, 3.3171279430389404, 3.366708517074585, 3.4182562828063965, 3.4535470008850098, 3.490391254425049, inf, inf, inf]),0.01749303564429283,958408000000
