ranges, angle_increment, stamp, 
3.1081035137176514;3.0541045665740967;3.0056769847869873;2.957930326461792;2.9200713634490967;2.8634371757507324;2.8129665851593018;2.7859303951263428;2.7518513202667236;2.7132232189178467;2.6854004859924316;2.671088695526123;2.613694190979004;2.5743894577026367;2.5593905448913574;2.519655466079712;2.5072567462921143;2.482767105102539;2.4583425521850586;2.4447619915008545;2.4207239151000977;2.403153419494629;2.3732001781463623;2.371912956237793;2.344546318054199;2.3274598121643066;2.2976343631744385;2.3054845333099365;2.299139976501465;2.266235828399658;2.263288736343384;2.2564661502838135;2.2409846782684326;2.233008623123169;2.221912384033203;2.2136623859405518;2.219691514968872;2.205686330795288;2.204251766204834;2.199286699295044;2.1821482181549072;2.1944191455841064;2.188880205154419;2.196528196334839;2.186847686767578;2.1768741607666016;2.196805477142334;2.1978087425231934;2.20692777633667;2.190110206604004;2.2073354721069336;2.185788154602051;2.1991639137268066;2.2179365158081055;2.2146754264831543;2.2223706245422363;2.229532480239868;2.2414205074310303;2.23309588432312;2.273695945739746;2.2517855167388916;2.265031576156616;2.2821216583251953;2.316253662109375;2.319349765777588;2.3185946941375732;2.3098442554473877;2.3739960193634033;2.3793718814849854;2.389975070953369;2.4251325130462646;2.4337856769561768;2.459615707397461;2.494192123413086;2.5067577362060547;2.531278133392334;2.5585837364196777;2.5824644565582275;2.6017861366271973;2.638449192047119;2.6678168773651123;2.715289831161499;2.722885847091675;2.7822954654693604;2.8271138668060303;2.873805522918701;2.8998005390167236;2.948698043823242;2.9843387603759766;3.05121111869812;3.1090123653411865;3.163552761077881;3.213629722595215;3.279770851135254;3.35024094581604;3.4041502475738525;3.4765024185180664;3.467613697052002;3.4252817630767822;3.4028446674346924;3.3626887798309326;3.31534481048584;3.256985664367676;3.246670722961426;3.194960117340088;3.1668922901153564;3.137685537338257;3.1055972576141357;3.0897674560546875;3.051593542098999;3.021331787109375;3.008039951324463;2.98972487449646;2.950223445892334;2.942675828933716;2.927062511444092;2.90440034866333;2.8920936584472656;2.853506565093994;2.8404364585876465;2.833327293395996;2.8457729816436768;2.8309314250946045;2.798719644546509;2.797502040863037;2.7736752033233643;2.7815535068511963;2.777695894241333;2.745511054992676;2.7520084381103516;2.762868642807007;2.731308698654175;2.7575533390045166;2.7358105182647705;2.7413811683654785;2.743741512298584;2.749580144882202;2.7463066577911377;2.739065408706665;2.74806809425354;2.7595605850219727;2.7538352012634277;2.753058910369873;2.7758398056030273;2.7742936611175537;2.7755067348480225;2.792724132537842;2.8201115131378174;2.8308749198913574;2.8211519718170166;2.8287277221679688;2.860093116760254;2.870779275894165;2.889065980911255;2.8936097621917725;2.9147493839263916;2.9338369369506836;2.953565835952759;2.9582507610321045;2.9944467544555664;3.0285966396331787;3.0562679767608643;3.0819880962371826;3.109964370727539;3.127899408340454;inf;inf;inf;inf;inf;inf;inf;inf;inf;inf;inf;inf;inf;inf;inf;inf;inf;inf;inf;inf;inf;inf;inf;inf;inf;inf;inf;inf;inf;inf;inf;inf;inf;inf;inf;inf;inf;inf;inf;inf;inf;inf;inf;inf;inf;inf;inf;inf;inf;inf;inf;inf;inf;inf;inf;inf;inf;inf;inf;inf;inf;inf;inf;inf;inf;inf;inf;inf;inf;inf;inf;inf;inf;inf;inf;inf;inf;inf;inf;inf;inf;inf;inf;inf;inf;inf;inf;inf;inf;inf;inf;inf;inf;inf;inf;inf;inf;inf;inf;inf;inf;inf;inf;inf;inf;inf;inf;inf;inf;inf;inf;inf;inf;inf;inf;inf;inf;inf;inf;inf;inf;inf;inf;inf;inf;inf;inf;inf;inf;inf;inf;inf;inf;inf;inf;inf;inf;inf;inf;inf;inf;inf;inf;inf;inf;inf;inf;inf;inf;inf;inf;inf;inf;inf;inf;inf;inf;inf;inf;inf;inf;inf;inf;inf;inf;inf;inf;inf;inf;inf;inf;inf;inf;inf;inf;inf;inf;inf;inf;inf;inf;inf;inf;inf;inf;inf;inf;inf;inf;3.433497905731201;3.3683063983917236;3.2942121028900146;3.249229907989502;3.1866612434387207;3.1255900859832764,0.01749303564429283,2513218000000
2.799772024154663;2.749600887298584;2.6922447681427;2.660135507583618;2.630241870880127;2.605426788330078;2.5797336101531982;2.5560858249664307;2.5330545902252197;2.509497880935669;2.4822850227355957;2.4425957202911377;2.437354326248169;2.4147517681121826;2.387932062149048;2.350313425064087;2.349586248397827;2.3254499435424805;2.3403267860412598;2.311232089996338;2.2784063816070557;2.270225763320923;2.2582709789276123;2.2495787143707275;2.230689525604248;2.223255157470703;2.21258807182312;2.217036247253418;2.195189952850342;2.199172019958496;2.185976028442383;2.1794166564941406;2.187511444091797;2.166877031326294;2.163789749145508;2.1653575897216797;2.157846450805664;2.16072416305542;2.1502628326416016;2.160305976867676;2.1766304969787598;2.164642810821533;2.152540683746338;2.1527981758117676;2.1919124126434326;2.1695802211761475;2.1757423877716064;2.1616928577423096;2.1808202266693115;2.183621883392334;2.1930460929870605;2.1836507320404053;2.220923662185669;2.2309341430664062;2.240631341934204;2.2376270294189453;2.259425640106201;2.261995792388916;2.2797698974609375;2.2926385402679443;2.315432071685791;2.332875967025757;2.3315725326538086;2.3421125411987305;2.389434814453125;2.376511573791504;2.4158520698547363;2.4279205799102783;2.4576711654663086;2.494957208633423;2.515458106994629;2.512242555618286;2.556870460510254;2.5913777351379395;2.6278796195983887;2.6463241577148438;2.669625759124756;2.7314260005950928;2.748673677444458;2.809136390686035;2.857393980026245;2.888885974884033;2.9320755004882812;2.9692227840423584;3.0242233276367188;3.0831189155578613;3.14902663230896;3.1852967739105225;3.2795443534851074;3.3427534103393555;3.4087576866149902;3.479006052017212;3.4971511363983154;3.448495626449585;3.412797451019287;3.3609519004821777;3.3244028091430664;3.2881686687469482;3.27421498298645;3.2284514904022217;3.195521831512451;3.147392988204956;3.1298601627349854;3.0775418281555176;3.0759122371673584;3.051923990249634;3.03373122215271;3.0076112747192383;2.971756935119629;2.972458600997925;2.9421756267547607;2.9159445762634277;2.900806427001953;2.878298282623291;2.8761608600616455;2.8574771881103516;2.841972589492798;2.8535423278808594;2.8240466117858887;2.8160197734832764;2.815608263015747;2.818739414215088;2.8176679611206055;2.794282913208008;2.7914345264434814;2.789153575897217;2.7890751361846924;2.777801513671875;2.7853009700775146;2.766948938369751;2.7831838130950928;2.795356512069702;2.7715256214141846;2.7834432125091553;2.7843708992004395;2.803536891937256;2.8005120754241943;2.7996838092803955;2.818516731262207;2.823863983154297;2.82409930229187;2.8315539360046387;2.8514151573181152;2.8630547523498535;2.876690626144409;2.901027202606201;2.9034693241119385;2.928664207458496;2.9421098232269287;2.947537422180176;2.9631094932556152;2.9888956546783447;3.0257160663604736;3.0413081645965576;3.055259943008423;3.077394723892212;3.111990213394165;3.143916130065918;3.173994779586792;3.1971969604492188;inf;inf;inf;inf;inf;inf;inf;inf;inf;inf;inf;inf;inf;inf;inf;inf;inf;inf;inf;inf;inf;inf;inf;inf;inf;inf;inf;inf;inf;inf;inf;inf;inf;inf;inf;inf;inf;inf;inf;inf;inf;inf;inf;inf;inf;inf;inf;inf;inf;inf;inf;inf;inf;inf;inf;inf;inf;inf;inf;inf;inf;inf;inf;inf;inf;inf;inf;inf;inf;inf;inf;inf;inf;inf;inf;inf;inf;inf;inf;inf;inf;inf;inf;inf;inf;inf;inf;inf;inf;inf;inf;inf;inf;inf;inf;inf;inf;inf;inf;inf;inf;inf;inf;inf;inf;inf;inf;inf;inf;inf;inf;inf;inf;inf;inf;inf;inf;inf;inf;inf;inf;inf;inf;inf;inf;inf;inf;inf;inf;inf;inf;inf;inf;inf;inf;inf;inf;inf;inf;inf;inf;inf;inf;inf;inf;inf;inf;inf;inf;inf;inf;inf;inf;inf;inf;inf;inf;inf;inf;inf;inf;inf;inf;inf;inf;inf;inf;inf;inf;inf;inf;inf;inf;inf;inf;inf;inf;inf;inf;inf;inf;inf;inf;inf;inf;inf;inf;3.468471050262451;3.39823842048645;3.330620527267456;3.271754026412964;3.192791700363159;3.1426875591278076;3.0789501667022705;3.0362377166748047;2.9827871322631836;2.9333226680755615;2.8865034580230713;2.8276798725128174;2.7935996055603027,0.01749303564429283,2513419000000
2.532369375228882;2.528052806854248;2.4851796627044678;2.4707958698272705;2.431708574295044;2.4012792110443115;2.393033027648926;2.3845667839050293;2.352715492248535;2.341161012649536;2.3035309314727783;2.2847681045532227;2.2872695922851562;2.26259708404541;2.2569937705993652;2.2413833141326904;2.229686975479126;2.225550413131714;2.214087724685669;2.1955950260162354;2.1680803298950195;2.166388988494873;2.159933567047119;2.168623924255371;2.1379711627960205;2.1479501724243164;2.156235694885254;2.1585466861724854;2.1524136066436768;2.120256185531616;2.1323986053466797;2.134744167327881;2.0995142459869385;2.1210460662841797;2.116285562515259;2.1281065940856934;2.1103758811950684;2.0985379219055176;2.1105637550354004;2.1363794803619385;2.121753692626953;2.138754367828369;2.1383297443389893;2.157890558242798;2.1607656478881836;2.1737489700317383;2.162268877029419;2.182438611984253;2.1791391372680664;2.1898152828216553;2.2115371227264404;2.202568292617798;2.2378876209259033;2.2552108764648438;2.2550652027130127;2.268287181854248;2.2788422107696533;2.306093454360962;2.3290529251098633;2.3533732891082764;2.3505945205688477;2.377631187438965;2.4123504161834717;2.419666290283203;2.437129497528076;2.480520009994507;2.50351619720459;2.534651041030884;2.5687522888183594;2.5941898822784424;2.622196912765503;2.638784408569336;2.7001495361328125;2.742082118988037;2.7727270126342773;2.810603141784668;2.8550922870635986;2.9348137378692627;2.9669535160064697;3.014681100845337;3.08557391166687;3.1280739307403564;3.1879842281341553;3.255805730819702;3.32161545753479;3.3956689834594727;3.461007833480835;3.494886875152588;3.4422447681427;3.410576581954956;3.3805272579193115;3.3566229343414307;3.2938835620880127;3.2754297256469727;3.2255373001098633;3.1870243549346924;3.1630475521087646;3.1409201622009277;3.0883562564849854;3.079349994659424;3.1031668186187744;3.029421806335449;3.013563394546509;3.00720477104187;2.9885425567626953;2.9679179191589355;2.9368977546691895;2.938856840133667;2.9081029891967773;2.908085584640503;2.887451648712158;2.888183832168579;2.8764560222625732;2.8776967525482178;2.837203025817871;2.8241312503814697;2.8273391723632812;2.846440553665161;2.8303089141845703;2.807229518890381;2.8036036491394043;2.8110814094543457;2.833911180496216;2.8294777870178223;2.8073437213897705;2.807882308959961;2.807649612426758;2.816425085067749;2.826016426086426;2.819659948348999;2.8218095302581787;2.82441782951355;2.852487325668335;2.856391429901123;2.8446693420410156;2.8656463623046875;2.881054639816284;2.885284900665283;2.887242317199707;2.9225265979766846;2.928408622741699;2.9512579441070557;2.9708352088928223;2.977600336074829;2.985018014907837;3.0194292068481445;3.0485687255859375;3.058202028274536;3.0968546867370605;3.1361026763916016;3.16654372215271;3.172246217727661;3.1870784759521484;3.2448465824127197;inf;inf;inf;inf;inf;inf;inf;inf;inf;inf;inf;inf;inf;inf;inf;inf;inf;inf;inf;inf;inf;inf;inf;inf;inf;inf;inf;inf;inf;inf;inf;inf;inf;inf;inf;inf;inf;inf;inf;inf;inf;inf;inf;inf;inf;inf;inf;inf;inf;inf;inf;inf;inf;inf;inf;inf;inf;inf;inf;inf;inf;inf;inf;inf;inf;inf;inf;inf;inf;inf;inf;inf;inf;inf;inf;inf;inf;inf;inf;inf;inf;inf;inf;inf;inf;inf;inf;inf;inf;inf;inf;inf;inf;inf;inf;inf;inf;inf;inf;inf;inf;inf;inf;inf;inf;inf;inf;inf;inf;inf;inf;inf;inf;inf;inf;inf;inf;inf;inf;inf;inf;inf;inf;inf;inf;inf;inf;inf;inf;inf;inf;inf;inf;inf;inf;inf;inf;inf;inf;inf;inf;inf;inf;inf;inf;inf;inf;inf;inf;inf;inf;inf;inf;inf;inf;inf;inf;inf;inf;inf;inf;inf;inf;inf;inf;inf;inf;inf;inf;inf;inf;inf;inf;inf;inf;inf;inf;inf;inf;inf;inf;inf;inf;inf;inf;inf;inf;3.426905632019043;3.358165979385376;3.295827865600586;3.2296571731567383;3.167031764984131;3.097956895828247;3.0486443042755127;2.9904141426086426;2.932863473892212;2.881678581237793;2.860339879989624;2.8017468452453613;2.76222825050354;2.72096586227417;2.680833101272583;2.638936996459961;2.603320360183716;2.5871002674102783;2.5412471294403076,0.01749303564429283,2513619000000
2.339099645614624;2.3471007347106934;2.3201236724853516;2.278653383255005;2.2833871841430664;2.265305757522583;2.2400317192077637;2.2187705039978027;2.216320753097534;2.1887407302856445;2.195547103881836;2.1755106449127197;2.1517698764801025;2.1470842361450195;2.1481029987335205;2.143505096435547;2.1147518157958984;2.1340560913085938;2.092292308807373;2.103400707244873;2.0844273567199707;2.089586019515991;2.0728275775909424;2.071208953857422;2.0792839527130127;2.0634071826934814;2.067833423614502;2.0779876708984375;2.0618646144866943;2.08968448638916;2.080843687057495;2.0836734771728516;2.073634624481201;2.0998833179473877;2.096689224243164;2.0926034450531006;2.093106269836426;2.10111403465271;2.0979878902435303;2.1109910011291504;2.1177732944488525;2.1229560375213623;2.1300084590911865;2.1452109813690186;2.1567580699920654;2.161397695541382;2.1711971759796143;2.2061898708343506;2.208606481552124;2.2314670085906982;2.2291479110717773;2.259570360183716;2.299146890640259;2.2844858169555664;2.3177194595336914;2.3322365283966064;2.3511366844177246;2.389652729034424;2.407750368118286;2.4178764820098877;2.4430348873138428;2.487656593322754;2.504600763320923;2.5360119342803955;2.5732479095458984;2.586223602294922;2.6373589038848877;2.6743602752685547;2.7132256031036377;2.761056900024414;2.8000407218933105;2.8553009033203125;2.8737640380859375;2.9524190425872803;3.0101001262664795;3.050428867340088;3.1238505840301514;3.189777374267578;3.2488999366760254;3.2896602153778076;3.3911142349243164;3.4507086277008057;inf;3.4644641876220703;3.4172158241271973;3.3783280849456787;3.339700698852539;3.2945029735565186;3.291912794113159;3.239281177520752;3.2084805965423584;3.18825626373291;3.142385959625244;3.117748498916626;3.111739158630371;3.0724294185638428;3.0371532440185547;3.035252571105957;3.0079636573791504;2.9953389167785645;2.9838860034942627;2.9422600269317627;2.951550006866455;2.9511899948120117;2.9294936656951904;2.9139316082000732;2.906043529510498;2.902498245239258;2.8849689960479736;2.8870673179626465;2.868054151535034;2.8665552139282227;2.8509466648101807;2.8655169010162354;2.8424575328826904;2.8445844650268555;2.8356547355651855;2.847609043121338;2.8384780883789062;2.8358826637268066;2.8501839637756348;2.8244245052337646;2.8363358974456787;2.8585827350616455;2.842022180557251;2.8738133907318115;2.8691442012786865;2.855415105819702;2.8718647956848145;2.901656150817871;2.9102096557617188;2.9154598712921143;2.940192699432373;2.929908037185669;2.9564566612243652;2.9853811264038086;2.983567476272583;3.0092175006866455;3.025547981262207;3.0558643341064453;3.078117847442627;3.0952272415161133;3.101503849029541;3.1459338665008545;3.153669595718384;3.2084078788757324;3.227545738220215;3.248649835586548;3.2872023582458496;inf;inf;inf;inf;inf;inf;inf;inf;inf;inf;inf;inf;inf;inf;inf;inf;inf;inf;inf;inf;inf;inf;inf;inf;inf;inf;inf;inf;inf;inf;inf;inf;inf;inf;inf;inf;inf;inf;inf;inf;inf;inf;inf;inf;inf;inf;inf;inf;inf;inf;inf;inf;inf;inf;inf;inf;inf;inf;inf;inf;inf;inf;inf;inf;inf;inf;inf;inf;inf;inf;inf;inf;inf;inf;inf;inf;inf;inf;inf;inf;inf;inf;inf;inf;inf;inf;inf;inf;inf;inf;inf;inf;inf;inf;inf;inf;inf;inf;inf;inf;inf;inf;inf;inf;inf;inf;inf;inf;inf;inf;inf;inf;inf;inf;inf;inf;inf;inf;inf;inf;inf;inf;inf;inf;inf;inf;inf;inf;inf;inf;inf;inf;inf;inf;inf;inf;inf;inf;inf;inf;inf;inf;inf;inf;inf;inf;inf;inf;inf;inf;inf;inf;inf;inf;inf;inf;inf;inf;inf;inf;inf;inf;inf;inf;inf;inf;inf;inf;inf;inf;inf;inf;inf;inf;inf;inf;inf;inf;inf;inf;inf;inf;inf;inf;inf;3.4845845699310303;3.3923511505126953;3.3054070472717285;3.2430198192596436;3.185119867324829;3.1120288372039795;3.0639078617095947;3.007399082183838;2.9510936737060547;2.886366844177246;2.8559796810150146;2.7954745292663574;2.7558493614196777;2.7126975059509277;2.6763129234313965;2.640399932861328;2.5890390872955322;2.5743632316589355;2.544522762298584;2.5036633014678955;2.4643640518188477;2.4589617252349854;2.438589334487915;2.4152443408966064;2.3778440952301025;2.3674309253692627,0.01749303564429283,2513819000000
2.188746213912964;2.18802547454834;2.1688034534454346;2.151426315307617;2.141880512237549;2.112989664077759;2.1188580989837646;2.0996015071868896;2.0990686416625977;2.101407289505005;2.0571653842926025;2.0884945392608643;2.0608444213867188;2.057121753692627;2.0589497089385986;2.0431671142578125;2.047645092010498;2.03070068359375;2.0283474922180176;2.0380589962005615;2.030522108078003;2.040074586868286;2.0274531841278076;2.044766426086426;2.052142858505249;2.0343246459960938;2.0236988067626953;2.0353405475616455;2.04132080078125;2.0463929176330566;2.0455358028411865;2.0495715141296387;2.051628589630127;2.0556905269622803;2.0785202980041504;2.088655710220337;2.0928478240966797;2.1052255630493164;2.1053171157836914;2.1402039527893066;2.1254658699035645;2.1308047771453857;2.1561930179595947;2.1843197345733643;2.197861433029175;2.217554807662964;2.2185842990875244;2.2381975650787354;2.2557671070098877;2.260709762573242;2.310228109359741;2.315396785736084;2.3553152084350586;2.3534650802612305;2.408998489379883;2.409449338912964;2.446526288986206;2.477400302886963;2.5135347843170166;2.5546698570251465;2.569363832473755;2.622673749923706;2.659271240234375;2.7072012424468994;2.73992657661438;2.7680861949920654;2.815098524093628;2.863494396209717;2.9119324684143066;2.986990451812744;3.036512613296509;3.0791802406311035;3.1782917976379395;3.2277233600616455;3.3038430213928223;3.3718245029449463;3.451627016067505;3.5;3.4525411128997803;3.4178428649902344;3.360172986984253;3.346914052963257;3.3264336585998535;3.2624964714050293;3.2567992210388184;3.190587043762207;3.1834850311279297;3.149712562561035;3.125540256500244;3.11922025680542;3.089627981185913;3.0529963970184326;3.04982590675354;3.0175232887268066;3.0192220211029053;2.9976727962493896;2.9784419536590576;2.974733829498291;2.9585964679718018;2.914713144302368;2.9199979305267334;2.9090559482574463;2.8935554027557373;2.879140853881836;2.8835840225219727;2.8687796592712402;2.8657755851745605;2.8798978328704834;2.8654470443725586;2.8641488552093506;2.8431544303894043;2.876906394958496;2.8433871269226074;2.8582305908203125;2.862603187561035;2.884145498275757;2.858253240585327;2.890197277069092;2.8748886585235596;2.8936240673065186;2.911564588546753;2.905613899230957;2.911181926727295;2.9075751304626465;2.9368419647216797;2.924450159072876;2.9600017070770264;2.9608404636383057;2.96012806892395;2.9996914863586426;3.0077614784240723;3.025195360183716;3.0673766136169434;3.0640008449554443;3.090437173843384;3.1213467121124268;3.125452756881714;3.1515936851501465;3.188336133956909;3.2342984676361084;3.228376865386963;3.2617928981781006;3.2889785766601562;inf;inf;inf;inf;inf;inf;inf;inf;inf;inf;inf;inf;inf;inf;inf;inf;inf;inf;inf;inf;inf;inf;inf;inf;inf;inf;inf;inf;inf;inf;inf;inf;inf;inf;inf;inf;inf;inf;inf;inf;inf;inf;inf;inf;inf;inf;inf;inf;inf;inf;inf;inf;inf;inf;inf;inf;inf;inf;inf;inf;inf;inf;inf;inf;inf;inf;inf;inf;inf;inf;inf;inf;inf;inf;inf;inf;inf;inf;inf;inf;inf;inf;inf;inf;inf;inf;inf;inf;inf;inf;inf;inf;inf;inf;inf;inf;inf;inf;inf;inf;inf;inf;inf;inf;inf;inf;inf;inf;inf;inf;inf;inf;inf;inf;inf;inf;inf;inf;inf;inf;inf;inf;inf;inf;inf;inf;inf;inf;inf;inf;inf;inf;inf;inf;inf;inf;inf;inf;inf;inf;inf;inf;inf;inf;inf;inf;inf;inf;inf;inf;inf;inf;inf;inf;inf;inf;inf;inf;inf;inf;inf;inf;inf;inf;inf;inf;inf;inf;inf;inf;inf;inf;inf;inf;inf;inf;inf;inf;inf;inf;inf;inf;inf;inf;3.4818105697631836;3.4000864028930664;3.325368881225586;3.2518672943115234;3.192850351333618;3.1250081062316895;3.081789970397949;3.012913465499878;2.9542393684387207;2.8978254795074463;2.8571441173553467;2.8198206424713135;2.77140212059021;2.701526641845703;2.685950517654419;2.6264522075653076;2.587524175643921;2.559490203857422;2.520573139190674;2.489722490310669;2.4567935466766357;2.440828800201416;2.4047348499298096;2.3888723850250244;2.357635736465454;2.328026056289673;2.311234712600708;2.2756199836730957;2.251358985900879;2.2509589195251465;2.236915111541748;2.1996700763702393;2.190218925476074,0.01749303564429283,2514018000000
2.0654449462890625;2.0760350227355957;2.042506217956543;2.0325510501861572;2.037814140319824;2.0215566158294678;1.9962280988693237;2.007596254348755;1.9998871088027954;2.000126361846924;2.0017104148864746;2.003291368484497;1.9786361455917358;1.9999674558639526;1.9826191663742065;1.9830265045166016;1.9999232292175293;1.983771562576294;2.0006368160247803;1.9876534938812256;1.9818625450134277;1.983567714691162;1.9904485940933228;1.999746561050415;2.002303123474121;2.0080459117889404;2.004779100418091;2.0191216468811035;2.021493434906006;2.0322136878967285;2.042185068130493;2.051082134246826;2.0814003944396973;2.0703341960906982;2.0719034671783447;2.1012582778930664;2.1005876064300537;2.1307156085968018;2.14620304107666;2.159870147705078;2.157153606414795;2.2009739875793457;2.21108341217041;2.2184951305389404;2.2280352115631104;2.27046799659729;2.2726519107818604;2.3044397830963135;2.350447177886963;2.3487350940704346;2.3708205223083496;2.424687385559082;2.4653520584106445;2.484049081802368;2.520099639892578;2.5500879287719727;2.5781474113464355;2.6081526279449463;2.6770219802856445;2.7116870880126953;2.7527806758880615;2.7836263179779053;2.8440792560577393;2.9049935340881348;2.963714599609375;3.0070245265960693;3.071654796600342;3.1458253860473633;3.2192611694335938;3.2909414768218994;3.3752901554107666;3.443629741668701;3.4827282428741455;3.4491195678710938;3.4190049171447754;3.373004913330078;3.3504021167755127;3.2956442832946777;3.2706491947174072;3.232793092727661;3.211463689804077;3.1866016387939453;3.1414995193481445;3.1210410594940186;3.1185824871063232;3.0982768535614014;3.0745058059692383;3.045412063598633;3.028585433959961;3.0136709213256836;3.005258560180664;2.9888930320739746;2.971601724624634;2.940246105194092;2.970468044281006;2.9188029766082764;2.926132917404175;2.915557861328125;2.903251886367798;2.892922878265381;2.904877185821533;2.8837811946868896;2.8774428367614746;2.871873617172241;2.884500026702881;2.8777036666870117;2.882873296737671;2.876128673553467;2.8747174739837646;2.8891215324401855;2.8870913982391357;2.8913216590881348;2.9048454761505127;2.895887851715088;2.900118827819824;2.9473743438720703;2.92220401763916;2.934720039367676;2.939507246017456;2.943751573562622;2.9576268196105957;2.9862594604492188;2.9808225631713867;3.011727809906006;3.020747661590576;3.0336191654205322;3.071746826171875;3.08774733543396;3.0995147228240967;3.1252126693725586;3.134199857711792;3.188051700592041;3.2109930515289307;3.2378382682800293;3.264179229736328;3.295440435409546;3.3210456371307373;3.3617537021636963;inf;inf;inf;inf;inf;inf;inf;inf;inf;inf;inf;inf;inf;inf;inf;inf;inf;inf;inf;inf;inf;inf;inf;inf;inf;inf;inf;inf;inf;inf;inf;inf;inf;inf;inf;inf;inf;inf;inf;inf;inf;inf;inf;inf;inf;inf;inf;inf;inf;inf;inf;inf;inf;inf;inf;inf;inf;inf;inf;inf;inf;inf;inf;inf;inf;inf;inf;inf;inf;inf;inf;inf;inf;inf;inf;inf;inf;inf;inf;inf;inf;inf;inf;inf;inf;inf;inf;inf;inf;inf;inf;inf;inf;inf;inf;inf;inf;inf;inf;inf;inf;inf;inf;inf;inf;inf;inf;inf;inf;inf;inf;inf;inf;inf;inf;inf;inf;inf;inf;inf;inf;inf;inf;inf;inf;inf;inf;inf;inf;inf;inf;inf;inf;inf;inf;inf;inf;inf;inf;inf;inf;inf;inf;inf;inf;inf;inf;inf;inf;inf;inf;inf;inf;inf;inf;inf;inf;inf;inf;inf;inf;inf;inf;inf;inf;inf;inf;inf;inf;inf;inf;inf;inf;inf;inf;inf;3.480743646621704;inf;inf;inf;inf;inf;inf;3.406621217727661;3.3588156700134277;3.2738289833068848;3.213334083557129;3.131047487258911;3.056704521179199;2.9971349239349365;2.933886766433716;2.8982152938842773;2.8274340629577637;2.7880289554595947;2.7614197731018066;2.7003588676452637;2.6478888988494873;2.58974027633667;2.557291269302368;2.53236722946167;2.492992639541626;2.4935126304626465;2.451660394668579;2.41701340675354;2.37400484085083;2.3504817485809326;2.3423855304718018;2.3081717491149902;2.274592876434326;2.272219181060791;2.233654260635376;2.212172269821167;2.2056822776794434;2.1884403228759766;2.1566569805145264;2.1300694942474365;2.131016492843628;2.1250550746917725;2.1088473796844482;2.078169584274292;2.0818045139312744;2.0996689796447754,0.01749303564429283,2514218000000
1.971416711807251;1.9734467267990112;1.9556922912597656;1.9558953046798706;1.9593521356582642;1.9381824731826782;1.9450050592422485;1.9261995553970337;1.9257601499557495;1.9228461980819702;1.9251251220703125;1.927263617515564;1.9423259496688843;1.9644852876663208;1.9369131326675415;1.945281982421875;1.9226365089416504;1.9610347747802734;1.960686445236206;1.956923007965088;1.9767301082611084;1.9812333583831787;1.9801379442214966;1.9996812343597412;1.9923821687698364;2.0030837059020996;2.013904333114624;2.0261800289154053;2.0361602306365967;2.0337936878204346;2.05812668800354;2.065798282623291;2.076442003250122;2.0916383266448975;2.1157684326171875;2.1421866416931152;2.151139259338379;2.1599245071411133;2.1734962463378906;2.204930543899536;2.222649335861206;2.2575037479400635;2.2718281745910645;2.288357973098755;2.3418684005737305;2.3628029823303223;2.4020957946777344;2.4084537029266357;2.4276773929595947;2.4783692359924316;2.517563581466675;2.5569987297058105;2.572329044342041;2.619800329208374;2.6805009841918945;2.716155767440796;2.7819766998291016;2.813833236694336;2.875129222869873;2.9329702854156494;2.994990110397339;3.0525012016296387;3.0998024940490723;3.1834731101989746;3.268268346786499;3.349987745285034;3.4308218955993652;3.4779748916625977;3.429903268814087;3.3890955448150635;3.3621325492858887;3.3475100994110107;3.303251266479492;3.267829418182373;3.2526886463165283;3.2083580493927;3.1772372722625732;3.1648592948913574;3.1196749210357666;3.1254074573516846;3.0900468826293945;3.08282732963562;3.036574363708496;3.0409727096557617;3.0116987228393555;3.0148558616638184;3.0034468173980713;2.9911012649536133;2.976947069168091;2.951882839202881;2.9270596504211426;2.921820640563965;2.9268136024475098;2.92098331451416;2.9075329303741455;2.904066562652588;2.906893730163574;2.91147518157959;2.8998610973358154;2.892221689224243;2.897331714630127;2.886054754257202;2.8979179859161377;2.902594566345215;2.9053573608398438;2.9072721004486084;2.9078457355499268;2.910334587097168;2.9265224933624268;2.9244720935821533;2.9325180053710938;2.954318046569824;2.9596076011657715;2.971104860305786;2.983509063720703;2.9862067699432373;2.9950413703918457;3.019022226333618;3.0313925743103027;3.070737361907959;3.078897476196289;3.095353841781616;3.118948221206665;3.1404707431793213;3.15169358253479;3.211583137512207;3.1916165351867676;3.2374439239501953;3.2538981437683105;3.3045830726623535;3.3321802616119385;3.373201608657837;3.4159939289093018;inf;inf;inf;inf;inf;inf;inf;inf;inf;inf;inf;inf;inf;inf;inf;inf;inf;inf;inf;inf;inf;inf;inf;inf;inf;inf;inf;inf;inf;inf;inf;inf;inf;inf;inf;inf;inf;inf;inf;inf;inf;inf;inf;inf;inf;inf;inf;inf;inf;inf;inf;inf;inf;inf;inf;inf;inf;inf;inf;inf;inf;inf;inf;inf;inf;inf;inf;inf;inf;inf;inf;inf;inf;inf;inf;inf;inf;inf;inf;inf;inf;inf;inf;inf;inf;inf;inf;inf;inf;inf;inf;inf;inf;inf;inf;inf;inf;inf;inf;inf;inf;inf;inf;inf;inf;inf;inf;inf;inf;inf;inf;inf;inf;inf;inf;inf;inf;inf;inf;inf;inf;inf;inf;inf;inf;inf;inf;inf;inf;inf;inf;inf;inf;inf;inf;inf;inf;inf;inf;inf;inf;inf;inf;inf;inf;inf;inf;inf;inf;inf;inf;inf;inf;inf;inf;inf;inf;inf;inf;inf;inf;inf;inf;inf;inf;inf;inf;inf;inf;inf;inf;inf;inf;inf;inf;inf;inf;inf;inf;inf;inf;inf;3.3734066486358643;3.2888360023498535;3.2149980068206787;3.1308772563934326;3.065485954284668;2.9906768798828125;2.94997501373291;2.8669064044952393;2.823017120361328;2.7846450805664062;2.742948293685913;2.672393560409546;2.6346206665039062;2.5861310958862305;2.5650930404663086;2.5048346519470215;2.478820323944092;2.4655354022979736;2.420978307723999;2.386833906173706;2.3619253635406494;2.349885940551758;2.3119959831237793;2.275700330734253;2.2761785984039307;2.225405693054199;2.1993248462677;2.1799709796905518;2.1671981811523438;2.1610186100006104;2.1433537006378174;2.0921640396118164;2.0961146354675293;2.0899291038513184;2.0771772861480713;2.058077812194824;2.065281391143799;2.0274112224578857;2.0199477672576904;2.01611590385437;2.0056607723236084;1.9817044734954834;1.9802755117416382;1.9812957048416138;1.9690724611282349,0.01749303564429283,2514418000000
1.8811181783676147;1.9039788246154785;1.8969863653182983;1.8955801725387573;1.882509708404541;1.8861627578735352;1.8946418762207031;1.8842360973358154;1.8771682977676392;1.9122174978256226;1.8989821672439575;1.9093245267868042;1.9033327102661133;1.9027336835861206;1.893921136856079;1.9345018863677979;1.931176781654358;1.936049461364746;1.9361646175384521;1.9497151374816895;1.9583479166030884;1.9601267576217651;1.9840331077575684;2.0091183185577393;1.9819146394729614;1.979379415512085;2.0363502502441406;2.058483123779297;2.0620205402374268;2.06382155418396;2.0774476528167725;2.0981431007385254;2.150418996810913;2.150404930114746;2.1649580001831055;2.1886582374572754;2.218923330307007;2.244551658630371;2.2562272548675537;2.276654005050659;2.3181087970733643;2.3539488315582275;2.3762660026550293;2.411186933517456;2.4412806034088135;2.473912477493286;2.515148162841797;2.5547969341278076;2.5909030437469482;2.6446125507354736;2.690369129180908;2.7335002422332764;2.8086044788360596;2.817453145980835;2.8960063457489014;2.9324169158935547;3.035853385925293;3.091015577316284;3.1682851314544678;3.2263684272766113;3.324385404586792;3.4081759452819824;3.453731060028076;3.42171049118042;3.3950209617614746;3.3471179008483887;3.3213274478912354;3.286769151687622;3.2501626014709473;3.237388849258423;3.193506956100464;3.173339605331421;3.1486809253692627;3.139147996902466;3.0969700813293457;3.077471971511841;3.0821685791015625;3.044926404953003;3.037031650543213;3.0191521644592285;3.004945755004883;2.987204074859619;2.9655520915985107;2.9653589725494385;2.970576047897339;2.949376344680786;2.9304826259613037;2.929410219192505;2.932521104812622;2.9247915744781494;2.912705659866333;2.920630693435669;2.9354305267333984;2.90789794921875;2.915400266647339;2.8950304985046387;2.899487257003784;2.8991751670837402;2.921299457550049;2.9202044010162354;2.929614782333374;2.9320619106292725;2.932814359664917;2.9372432231903076;2.955775499343872;2.9657022953033447;2.9854981899261475;2.972930669784546;2.9719297885894775;2.9886622428894043;3.0298118591308594;3.0199215412139893;3.0420830249786377;3.04476261138916;3.093923568725586;3.0837957859039307;3.113696813583374;3.140496253967285;3.1752543449401855;3.1872053146362305;3.2213997840881348;3.2382559776306152;3.2757036685943604;3.296196222305298;3.332016944885254;3.401557207107544;3.398433208465576;3.439157247543335;inf;inf;inf;inf;inf;inf;inf;inf;inf;inf;inf;inf;inf;inf;inf;inf;inf;inf;inf;inf;inf;inf;inf;inf;inf;inf;inf;inf;inf;inf;inf;inf;inf;inf;inf;inf;inf;inf;inf;inf;inf;inf;inf;inf;inf;inf;inf;inf;inf;inf;inf;inf;inf;inf;inf;inf;inf;inf;inf;inf;inf;inf;inf;inf;inf;inf;inf;inf;inf;inf;inf;inf;inf;inf;inf;inf;inf;inf;inf;inf;inf;inf;inf;inf;inf;inf;inf;inf;inf;inf;inf;inf;inf;inf;inf;inf;inf;inf;inf;inf;inf;inf;inf;inf;inf;inf;inf;inf;inf;inf;inf;inf;inf;inf;inf;inf;inf;inf;inf;inf;inf;inf;inf;inf;inf;inf;inf;inf;inf;inf;inf;inf;inf;inf;inf;inf;inf;inf;inf;inf;inf;inf;inf;inf;inf;inf;inf;inf;inf;inf;inf;inf;inf;inf;inf;inf;inf;inf;inf;inf;inf;inf;inf;inf;inf;inf;inf;inf;inf;inf;inf;inf;inf;3.4332382678985596;inf;inf;inf;inf;inf;inf;3.379882574081421;3.3012917041778564;3.209315061569214;3.126695394515991;3.084012269973755;3.0137386322021484;2.9528324604034424;2.8938117027282715;2.832958936691284;2.7796642780303955;2.7237818241119385;2.68196177482605;2.6206371784210205;2.5893502235412598;2.5546231269836426;2.496415138244629;2.4794955253601074;2.43973445892334;2.394155263900757;2.3730390071868896;2.3314695358276367;2.3130452632904053;2.2754721641540527;2.236504316329956;2.219074010848999;2.212836503982544;2.1686697006225586;2.165430784225464;2.156905174255371;2.120086669921875;2.0949504375457764;2.0921268463134766;2.082580327987671;2.0523464679718018;2.0380802154541016;2.0206947326660156;2.0225307941436768;2.009798288345337;1.9808100461959839;1.9689874649047852;1.962758183479309;1.9585562944412231;1.9337794780731201;1.9362096786499023;1.9333622455596924;1.9242912530899048;1.9174473285675049;1.9252640008926392;1.899121642112732;1.882558822631836;1.8985353708267212;1.8970141410827637,0.01749303564429283,2514618000000
1.837649941444397;1.8410394191741943;1.8377007246017456;1.8546366691589355;1.8388570547103882;1.8536558151245117;1.8691461086273193;1.8569914102554321;1.8659563064575195;1.861541509628296;1.8609493970870972;1.8704578876495361;1.8823776245117188;1.8728342056274414;1.902310848236084;1.920153021812439;1.9242687225341797;1.932434320449829;1.945561408996582;1.948681354522705;1.9570590257644653;2.0028774738311768;2.0040669441223145;2.015214443206787;2.03781795501709;2.028646230697632;2.0589122772216797;2.081047534942627;2.0965821743011475;2.1178832054138184;2.1491382122039795;2.1736764907836914;2.2096853256225586;2.2109365463256836;2.2446177005767822;2.275355815887451;2.3014113903045654;2.335768222808838;2.377037525177002;2.3908565044403076;2.4401769638061523;2.472785234451294;2.5175514221191406;2.5593650341033936;2.589386463165283;2.641805648803711;2.6955997943878174;2.7359020709991455;2.799156665802002;2.8831217288970947;2.930332899093628;2.9857444763183594;3.045964002609253;3.139119863510132;3.2023684978485107;3.297560691833496;3.3753793239593506;3.4403228759765625;3.3956973552703857;3.3618292808532715;3.31711745262146;3.3234970569610596;3.2821784019470215;3.242051839828491;3.190157175064087;3.1880226135253906;3.155733346939087;3.1287944316864014;3.1165404319763184;3.0933961868286133;3.078679323196411;3.07140851020813;3.0458860397338867;3.040651559829712;3.0322210788726807;2.99015474319458;3.005220890045166;2.9691696166992188;2.961156129837036;2.9491355419158936;2.949448823928833;2.936842203140259;2.947284460067749;2.910853385925293;2.9373490810394287;2.923271656036377;2.9062047004699707;2.9153499603271484;2.9174954891204834;2.900163173675537;2.8936357498168945;2.9105875492095947;2.9237780570983887;2.9279580116271973;2.9146764278411865;2.936593770980835;2.9407193660736084;2.930457592010498;2.9387705326080322;2.9462621212005615;2.97200083732605;2.986112117767334;2.968761920928955;3.0102899074554443;3.0083441734313965;3.03016996383667;3.040428876876831;3.083509683609009;3.092545509338379;3.0990726947784424;3.137547016143799;3.1416568756103516;3.168398380279541;3.1828880310058594;3.225766897201538;3.2356934547424316;3.2754008769989014;3.286210298538208;3.3336527347564697;3.372318744659424;3.4115681648254395;3.447312593460083;3.4669458866119385;inf;inf;inf;inf;inf;inf;inf;inf;inf;inf;inf;inf;inf;inf;inf;inf;inf;inf;inf;inf;inf;inf;inf;inf;inf;inf;inf;inf;inf;inf;inf;inf;inf;inf;inf;inf;inf;inf;inf;inf;inf;inf;inf;inf;inf;inf;inf;inf;inf;inf;inf;inf;inf;inf;inf;inf;inf;inf;inf;inf;inf;inf;inf;inf;inf;inf;inf;inf;inf;inf;inf;inf;inf;inf;inf;inf;inf;inf;inf;inf;inf;inf;inf;inf;inf;inf;inf;inf;inf;inf;inf;inf;inf;inf;inf;inf;inf;inf;inf;inf;inf;inf;inf;inf;inf;inf;inf;inf;inf;inf;inf;inf;inf;inf;inf;inf;inf;inf;inf;inf;inf;inf;inf;inf;inf;inf;inf;inf;inf;inf;inf;inf;inf;inf;inf;inf;inf;inf;inf;inf;inf;inf;inf;inf;inf;inf;inf;inf;inf;inf;inf;inf;inf;inf;inf;inf;inf;inf;inf;inf;inf;inf;inf;inf;inf;inf;inf;inf;inf;inf;inf;inf;3.4016435146331787;inf;inf;inf;inf;inf;inf;3.338440418243408;3.213536024093628;3.135878801345825;3.078125238418579;3.0269062519073486;2.9670023918151855;2.8935556411743164;2.8165249824523926;2.765683174133301;2.7117183208465576;2.6784913539886475;2.6209988594055176;2.5808160305023193;2.525003433227539;2.4907047748565674;2.4444658756256104;2.43186092376709;2.383768320083618;2.3424901962280273;2.3209681510925293;2.26885986328125;2.248102903366089;2.224799156188965;2.2130839824676514;2.18941593170166;2.1686177253723145;2.1280832290649414;2.1146509647369385;2.0929174423217773;2.0800793170928955;2.0624797344207764;2.04341459274292;2.0234148502349854;2.002288341522217;1.9894275665283203;1.9614659547805786;1.958384394645691;1.9563844203948975;1.935914158821106;1.9222514629364014;1.9108104705810547;1.9114015102386475;1.90638267993927;1.885036587715149;1.8784035444259644;1.8712248802185059;1.87106454372406;1.858890414237976;1.8400483131408691;1.8610824346542358;1.8417754173278809;1.8400328159332275;1.8381332159042358;1.8305636644363403;1.839640498161316;1.8277170658111572;1.851371169090271;1.8309968709945679,0.01749303564429283,2514818000000
1.814690351486206;1.7996306419372559;1.81914484500885;1.8138302564620972;1.826568365097046;1.819894552230835;1.8389520645141602;1.834774374961853;1.8532276153564453;1.8625916242599487;1.8788813352584839;1.8806109428405762;1.883489966392517;1.8991591930389404;1.9170928001403809;1.9208375215530396;1.9183536767959595;1.9407875537872314;1.9657459259033203;1.9812835454940796;2.0068700313568115;2.0318291187286377;2.0366387367248535;2.0593931674957275;2.088313102722168;2.1048460006713867;2.1536459922790527;2.1571104526519775;2.1892929077148438;2.209427833557129;2.2243597507476807;2.267303943634033;2.296555757522583;2.338949680328369;2.3645098209381104;2.415104866027832;2.4451961517333984;2.4863064289093018;2.5448896884918213;2.5668370723724365;2.6129729747772217;2.663271903991699;2.736159086227417;2.7854413986206055;2.8244597911834717;2.905080795288086;2.948017120361328;3.035670042037964;3.1130311489105225;3.205247640609741;3.2741141319274902;3.3714377880096436;3.4056379795074463;3.3634417057037354;3.3464183807373047;3.29854154586792;3.268493413925171;3.2400460243225098;3.214705467224121;3.162944793701172;3.1513993740081787;3.135068655014038;3.1132466793060303;3.092844009399414;3.0807900428771973;3.0570223331451416;3.04262638092041;3.038112163543701;3.01076340675354;2.9996836185455322;2.981137275695801;2.9813151359558105;2.966513156890869;2.9573209285736084;2.9595470428466797;2.9391558170318604;2.918534517288208;2.92829966545105;2.9196431636810303;2.913980007171631;2.907352924346924;2.9100120067596436;2.937304735183716;2.923412561416626;2.9222309589385986;2.922921657562256;2.916795492172241;2.90631365776062;2.9181079864501953;2.9412806034088135;2.920931577682495;2.9380548000335693;2.9647104740142822;2.9503495693206787;2.9579715728759766;2.9677541255950928;2.9797489643096924;3.001448392868042;3.0120835304260254;3.0279316902160645;3.039858102798462;3.0571839809417725;3.0810117721557617;3.105325698852539;3.132828712463379;3.1399986743927;3.169177293777466;3.189314126968384;3.1977405548095703;3.2388055324554443;3.2752108573913574;3.2972939014434814;3.321079730987549;3.3641061782836914;3.394706964492798;3.4320337772369385;3.4869866371154785;inf;inf;inf;inf;inf;inf;inf;inf;inf;inf;inf;inf;inf;inf;inf;inf;inf;inf;inf;inf;inf;inf;inf;inf;inf;inf;inf;inf;inf;inf;inf;inf;inf;inf;inf;inf;inf;inf;inf;inf;inf;inf;inf;inf;inf;inf;inf;inf;inf;inf;inf;inf;inf;inf;inf;inf;inf;inf;inf;inf;inf;inf;inf;inf;inf;inf;inf;inf;inf;inf;inf;inf;inf;inf;inf;inf;inf;inf;inf;inf;inf;inf;inf;inf;inf;inf;inf;inf;inf;inf;inf;inf;inf;inf;inf;inf;inf;inf;inf;inf;inf;inf;inf;inf;inf;inf;inf;inf;inf;inf;inf;inf;inf;inf;inf;inf;inf;inf;inf;inf;inf;inf;inf;inf;inf;inf;inf;inf;inf;inf;inf;inf;inf;inf;inf;inf;inf;inf;inf;inf;inf;inf;inf;inf;inf;inf;inf;inf;inf;inf;inf;inf;inf;inf;inf;inf;inf;inf;inf;inf;inf;inf;inf;inf;inf;inf;inf;inf;inf;inf;inf;3.357957124710083;inf;inf;inf;inf;inf;inf;3.344468832015991;3.248684883117676;3.160087823867798;3.0791432857513428;3.0122575759887695;2.931385040283203;2.8793933391571045;2.8099613189697266;2.7533841133117676;2.7061920166015625;2.655043363571167;2.59899640083313;2.565150022506714;2.506186008453369;2.4595274925231934;2.4094126224517822;2.37961483001709;2.374133586883545;2.314067840576172;2.291531801223755;2.252230644226074;2.247360944747925;2.204108715057373;2.178286552429199;2.1468091011047363;2.1201181411743164;2.100670576095581;2.0662150382995605;2.050288200378418;2.047473669052124;2.0105810165405273;1.9794055223464966;1.9747717380523682;1.9640535116195679;1.9320839643478394;1.944075345993042;1.9352517127990723;1.9026257991790771;1.8943889141082764;1.8683726787567139;1.877579927444458;1.8735802173614502;1.856796145439148;1.8342338800430298;1.8535879850387573;1.8206127882003784;1.8200469017028809;1.812432050704956;1.8037691116333008;1.8216546773910522;1.8007466793060303;1.7886910438537598;1.790773868560791;1.826352596282959;1.7914708852767944;1.7883039712905884;1.7879701852798462;1.7752848863601685;1.77467679977417;1.7783938646316528;1.7870509624481201;1.8058793544769287;1.7968300580978394;1.7922559976577759;1.8075666427612305,0.01749303564429283,2515019000000
1.7893128395080566;1.783254623413086;1.8132432699203491;1.80030357837677;1.8124016523361206;1.8311238288879395;1.8409404754638672;1.8382679224014282;1.8536211252212524;1.8629363775253296;1.9006505012512207;1.8825923204421997;1.9114189147949219;1.9447340965270996;1.947187066078186;1.9797037839889526;1.9694851636886597;1.9923555850982666;2.0255725383758545;2.0350329875946045;2.0585882663726807;2.0811705589294434;2.0983712673187256;2.1422793865203857;2.1791632175445557;2.206277370452881;2.2342748641967773;2.2604119777679443;2.2817375659942627;2.328176498413086;2.3526272773742676;2.40004563331604;2.4444942474365234;2.4971909523010254;2.5302882194519043;2.567779064178467;2.6148598194122314;2.697735548019409;2.7340433597564697;2.782034397125244;2.8626155853271484;2.9419636726379395;3.0019195079803467;3.0602200031280518;3.1499717235565186;3.250678777694702;3.3258330821990967;3.3731462955474854;3.32481050491333;3.3094921112060547;3.283268690109253;3.2633280754089355;3.2030813694000244;3.1808693408966064;3.16582989692688;3.134448289871216;3.1033177375793457;3.1031570434570312;3.071197986602783;3.046682596206665;3.0350749492645264;3.0463638305664062;3.014988660812378;2.994865894317627;2.9918627738952637;2.9729676246643066;2.9569129943847656;2.9615893363952637;2.9553842544555664;2.9187307357788086;2.919821262359619;2.9116883277893066;2.9158477783203125;2.898127794265747;2.9082677364349365;2.8985934257507324;2.8982326984405518;2.8938372135162354;2.9149868488311768;2.890249490737915;2.8968491554260254;2.9102914333343506;2.9119367599487305;2.9177379608154297;2.9317846298217773;2.9319822788238525;2.9121921062469482;2.9529404640197754;2.9435994625091553;2.9597549438476562;2.9992735385894775;3.003668785095215;3.0069329738616943;3.029362678527832;3.0402097702026367;3.0371179580688477;3.0667240619659424;3.080725908279419;3.0880656242370605;3.1278932094573975;3.1478943824768066;3.172342300415039;3.1912691593170166;3.218479633331299;3.257753610610962;3.278158187866211;3.308130979537964;3.3459055423736572;3.378850221633911;3.4117093086242676;3.4561169147491455;3.478332042694092;inf;inf;inf;inf;inf;inf;inf;inf;inf;inf;inf;inf;inf;inf;inf;inf;inf;inf;inf;inf;inf;inf;inf;inf;inf;inf;inf;inf;inf;inf;inf;inf;inf;inf;inf;inf;inf;inf;inf;inf;inf;inf;inf;inf;inf;inf;inf;inf;inf;inf;inf;inf;inf;inf;inf;inf;inf;inf;inf;inf;inf;inf;inf;inf;inf;inf;inf;inf;inf;inf;inf;inf;inf;inf;inf;inf;inf;inf;inf;inf;inf;inf;inf;inf;inf;inf;inf;inf;inf;inf;inf;inf;inf;inf;inf;inf;inf;inf;inf;inf;inf;inf;inf;inf;inf;inf;inf;inf;inf;inf;inf;inf;inf;inf;inf;inf;inf;inf;inf;inf;inf;inf;inf;inf;inf;inf;inf;inf;inf;inf;inf;inf;inf;inf;inf;inf;inf;inf;inf;inf;inf;inf;inf;inf;inf;inf;inf;inf;inf;inf;inf;inf;inf;inf;inf;inf;inf;inf;inf;inf;inf;inf;inf;inf;inf;inf;inf;inf;inf;inf;inf;inf;inf;inf;inf;inf;inf;3.27085018157959;3.1785011291503906;3.0839333534240723;3.0206172466278076;2.9482455253601074;2.8746018409729004;2.804616689682007;2.745518445968628;2.696725368499756;2.640092611312866;2.5759313106536865;2.534010648727417;2.489776372909546;2.476301908493042;2.4105453491210938;2.3845267295837402;2.3437013626098633;2.3026716709136963;2.2573866844177246;2.235487699508667;2.1944587230682373;2.170041084289551;2.1438705921173096;2.128222942352295;2.0949008464813232;2.066253185272217;2.0707545280456543;2.0278398990631104;2.0153472423553467;1.9884275197982788;1.957305908203125;1.9621288776397705;1.9318186044692993;1.9251806735992432;1.895889401435852;1.8893163204193115;1.8785490989685059;1.8581886291503906;1.872141718864441;1.857922077178955;1.8229613304138184;1.8035138845443726;1.7908560037612915;1.815687656402588;1.817379355430603;1.7893320322036743;1.7764776945114136;1.7849655151367188;1.7739641666412354;1.7446461915969849;1.7520467042922974;1.7379533052444458;1.7496120929718018;1.7500923871994019;1.7550945281982422;1.7445127964019775;1.7551648616790771;1.7287193536758423;1.738858699798584;1.758388638496399;1.735670804977417;1.7392585277557373;1.7322672605514526;1.7586721181869507;1.754868984222412;1.768561601638794;1.7557986974716187;1.7786225080490112;1.762660026550293;1.758159875869751;1.7717570066452026,0.01749303564429283,2515218000000
1.766982913017273;1.7988299131393433;1.79719877243042;1.8112506866455078;1.8508211374282837;1.8347538709640503;1.8614952564239502;1.8844033479690552;1.9071013927459717;1.9263187646865845;1.928574562072754;1.9333388805389404;1.9580328464508057;1.9731074571609497;2.015408992767334;2.0274972915649414;2.049787759780884;2.0689022541046143;2.1027603149414062;2.132887840270996;2.1528210639953613;2.205725908279419;2.2146992683410645;2.254429817199707;2.278514862060547;2.3288938999176025;2.383110523223877;2.3839144706726074;2.4684982299804688;2.4832236766815186;2.5410029888153076;2.589343309402466;2.648603677749634;2.7032785415649414;2.7728347778320312;2.8259944915771484;2.8980050086975098;2.9775753021240234;3.072305917739868;3.1596906185150146;3.221210479736328;3.3267126083374023;3.3488619327545166;3.2881991863250732;3.2775139808654785;3.2397284507751465;3.197524309158325;3.18343448638916;3.162227153778076;3.1308043003082275;3.1118667125701904;3.1090495586395264;3.079749584197998;3.0453102588653564;3.0357701778411865;3.029426097869873;2.99027419090271;2.990076780319214;2.988837957382202;2.964931011199951;2.9604673385620117;2.9447216987609863;2.9338724613189697;2.9149177074432373;2.9121532440185547;2.9308035373687744;2.891814708709717;2.9110074043273926;2.911886692047119;2.8868215084075928;2.9043753147125244;2.886164665222168;2.906036853790283;2.8902289867401123;2.89015793800354;2.9071457386016846;2.910919666290283;2.906787395477295;2.9142444133758545;2.921116590499878;2.9349896907806396;2.915754556655884;2.9453086853027344;2.9523568153381348;2.9766573905944824;2.9815971851348877;2.9759113788604736;3.011190414428711;3.0186851024627686;3.041090726852417;3.0413098335266113;3.0918285846710205;3.087434768676758;3.117762565612793;3.112537384033203;3.1504151821136475;3.191805124282837;3.2054247856140137;3.231563091278076;3.2694129943847656;3.2933831214904785;3.3249216079711914;3.3659605979919434;3.3964731693267822;3.4050421714782715;3.4632842540740967;inf;inf;inf;inf;inf;inf;inf;inf;inf;inf;inf;inf;inf;inf;inf;inf;inf;inf;inf;inf;inf;inf;inf;inf;inf;inf;inf;inf;inf;inf;inf;inf;inf;inf;inf;inf;inf;inf;inf;inf;inf;inf;inf;inf;inf;inf;inf;inf;inf;inf;inf;inf;inf;inf;inf;inf;inf;inf;inf;inf;inf;inf;inf;inf;inf;inf;inf;inf;inf;inf;inf;inf;inf;inf;inf;inf;inf;inf;inf;inf;inf;inf;inf;inf;inf;inf;inf;inf;inf;inf;inf;inf;inf;inf;inf;inf;inf;inf;inf;inf;inf;inf;inf;inf;inf;inf;inf;inf;inf;inf;inf;inf;inf;inf;inf;inf;inf;inf;inf;inf;inf;inf;inf;inf;inf;inf;inf;inf;inf;inf;inf;inf;inf;inf;inf;inf;inf;inf;inf;inf;inf;inf;inf;inf;inf;inf;inf;inf;inf;inf;inf;inf;inf;inf;inf;inf;inf;inf;inf;inf;inf;inf;inf;inf;inf;inf;inf;inf;inf;3.3370590209960938;inf;inf;inf;inf;inf;inf;3.296801805496216;3.1923320293426514;3.1113152503967285;3.0317130088806152;2.951500654220581;2.883967399597168;2.815434217453003;2.755908489227295;2.680802822113037;2.6196377277374268;2.5710370540618896;2.530043125152588;2.4772608280181885;2.446709632873535;2.3952457904815674;2.3698647022247314;2.324873924255371;2.26224684715271;2.2408053874969482;2.208456516265869;2.1691739559173584;2.1366164684295654;2.137935161590576;2.091686487197876;2.075413703918457;2.030015707015991;2.0193960666656494;1.9961907863616943;1.9700725078582764;1.9700517654418945;1.9252076148986816;1.9464339017868042;1.8906697034835815;1.887963056564331;1.8577265739440918;1.8702436685562134;1.8458850383758545;1.8301454782485962;1.8195245265960693;1.8112372159957886;1.791168212890625;1.7746827602386475;1.7732690572738647;1.763730764389038;1.744307041168213;1.7546308040618896;1.7262927293777466;1.7297072410583496;1.7291802167892456;1.70697820186615;1.710767149925232;1.7061128616333008;1.7163739204406738;1.6845107078552246;1.6896997690200806;1.7189562320709229;1.6906914710998535;1.688277244567871;1.6920281648635864;1.6716115474700928;1.6952998638153076;1.6823225021362305;1.6951258182525635;1.715416431427002;1.705071210861206;1.7011351585388184;1.7095296382904053;1.7089091539382935;1.7003934383392334;1.72529935836792;1.728165864944458;1.7514116764068604;1.7269290685653687;1.741855502128601;1.757941722869873;1.763809323310852;1.7815097570419312;1.768020749092102,0.01749303564429283,2515418000000
1.8261942863464355;1.807494044303894;1.818137526512146;1.8539681434631348;1.8319344520568848;1.887896180152893;1.9059475660324097;1.9143351316452026;1.9267704486846924;1.969706654548645;1.9946861267089844;2.0112481117248535;2.0358917713165283;2.0670082569122314;2.0813682079315186;2.1071481704711914;2.152912139892578;2.175945281982422;2.220625638961792;2.2617790699005127;2.2957358360290527;2.3229992389678955;2.3702306747436523;2.438326597213745;2.4670069217681885;2.519843578338623;2.5582659244537354;2.6161532402038574;2.6731765270233154;2.731145143508911;2.7970728874206543;2.8520898818969727;2.952878475189209;3.019589900970459;3.115818977355957;3.2121989727020264;3.2959461212158203;3.2807371616363525;3.2427866458892822;3.2278645038604736;3.189878463745117;3.154879093170166;3.159952163696289;3.1462364196777344;3.1216869354248047;3.074230909347534;3.0705199241638184;3.0422115325927734;3.0298852920532227;2.998708486557007;2.9699859619140625;2.9781672954559326;2.9689924716949463;2.9623422622680664;2.926365852355957;2.936877965927124;2.928220748901367;2.9036149978637695;2.921044111251831;2.9055287837982178;2.9077389240264893;2.8767406940460205;2.8821845054626465;2.877175807952881;2.87109637260437;2.8961617946624756;2.8816096782684326;2.8829267024993896;2.871837854385376;2.86604642868042;2.8937065601348877;2.8827052116394043;2.89361834526062;2.892725706100464;2.9015166759490967;2.909517526626587;2.921741485595703;2.938678741455078;2.9438045024871826;2.961176872253418;2.978069305419922;2.9932215213775635;2.9822120666503906;3.0028324127197266;3.0311858654022217;3.0625760555267334;3.0537521839141846;3.0917985439300537;3.099907159805298;3.141078233718872;3.149756669998169;3.1852784156799316;3.194938898086548;3.253906488418579;3.268927812576294;3.2901065349578857;3.331198215484619;3.358508825302124;3.392091989517212;3.4322149753570557;3.4789276123046875;inf;inf;inf;inf;inf;inf;inf;inf;inf;inf;inf;inf;inf;inf;inf;inf;inf;inf;inf;inf;inf;inf;inf;inf;inf;inf;inf;inf;inf;inf;inf;inf;inf;inf;inf;inf;inf;inf;inf;inf;inf;inf;inf;inf;inf;inf;inf;inf;inf;inf;inf;inf;inf;inf;inf;inf;inf;inf;inf;inf;inf;inf;inf;inf;inf;inf;inf;inf;inf;inf;inf;inf;inf;inf;inf;inf;inf;inf;inf;inf;inf;inf;inf;inf;inf;inf;inf;inf;inf;inf;inf;inf;inf;inf;inf;inf;inf;inf;inf;inf;inf;inf;inf;inf;inf;inf;inf;inf;inf;inf;inf;inf;inf;inf;inf;inf;inf;inf;inf;inf;inf;inf;inf;inf;inf;inf;inf;inf;inf;inf;inf;inf;inf;inf;inf;inf;inf;inf;inf;inf;inf;inf;inf;inf;inf;inf;inf;inf;inf;inf;inf;inf;inf;inf;inf;inf;inf;inf;inf;inf;inf;inf;inf;inf;inf;inf;inf;inf;inf;inf;inf;inf;inf;inf;inf;3.215073585510254;3.1302309036254883;3.037531614303589;2.9584975242614746;2.908527374267578;2.844919204711914;2.7489120960235596;2.689422845840454;2.64570689201355;2.5792794227600098;2.52071213722229;2.4774703979492188;2.423591136932373;2.3848049640655518;2.3322227001190186;2.266071081161499;2.2599639892578125;2.2233941555023193;2.17783260345459;2.161059856414795;2.122044563293457;2.0865445137023926;2.0641164779663086;2.0291588306427;2.019920825958252;1.9870824813842773;1.9835288524627686;1.9438982009887695;1.929376244544983;1.8895759582519531;1.8623452186584473;1.8789393901824951;1.8593063354492188;1.8438466787338257;1.823399543762207;1.8081989288330078;1.8021684885025024;1.7771037817001343;1.7659626007080078;1.7373775243759155;1.7375353574752808;1.7280247211456299;1.7298723459243774;1.7134830951690674;1.7088292837142944;1.6873760223388672;1.68022882938385;1.688791036605835;1.6729997396469116;1.6929694414138794;1.6781129837036133;1.6598682403564453;1.6425691843032837;1.6542787551879883;1.6354678869247437;1.6512091159820557;1.644628643989563;1.6368844509124756;1.6369929313659668;1.638650894165039;1.6414083242416382;1.6329209804534912;1.6450785398483276;1.6532467603683472;1.6498945951461792;1.6399846076965332;1.6393992900848389;1.6567881107330322;1.6731257438659668;1.6916217803955078;1.6546674966812134;1.6946953535079956;1.669722557067871;1.7042286396026611;1.704397439956665;1.717866063117981;1.7334595918655396;1.71361243724823;1.7508265972137451;1.7604873180389404;1.7620975971221924;1.7650024890899658;1.786064624786377;1.7795573472976685,0.01749303564429283,2515618000000
1.8378058671951294;1.8580650091171265;1.8958653211593628;1.9024890661239624;1.9104609489440918;1.9383982419967651;1.9755077362060547;1.9895049333572388;2.0099008083343506;2.052509307861328;2.067136287689209;2.1132102012634277;2.1328794956207275;2.181039333343506;2.22650146484375;2.2454817295074463;2.306218385696411;2.3378939628601074;2.3940727710723877;2.417149543762207;2.485717535018921;2.547396659851074;2.5689706802368164;2.66768217086792;2.723895311355591;2.768972396850586;2.847475051879883;2.932875156402588;2.9860305786132812;3.088797092437744;3.1795051097869873;3.287031888961792;3.2426774501800537;3.2261102199554443;3.197661876678467;3.1424829959869385;3.1318140029907227;3.1033263206481934;3.0858798027038574;3.066650867462158;3.059748411178589;3.037208080291748;3.010869026184082;2.96978497505188;2.9701409339904785;2.9721519947052;2.9346163272857666;2.944593906402588;2.902512311935425;2.9067203998565674;2.896294116973877;2.884082078933716;2.883666753768921;2.8815174102783203;2.875572443008423;2.8603949546813965;2.871812343597412;2.8674285411834717;2.863267183303833;2.8404386043548584;2.854637622833252;2.8322575092315674;2.859189033508301;2.846510171890259;2.8659658432006836;2.8698201179504395;2.8734309673309326;2.871737241744995;2.88409423828125;2.873959541320801;2.899735450744629;2.909480094909668;2.937368869781494;2.945831537246704;2.939044237136841;2.9529802799224854;2.962026596069336;2.9721455574035645;3.009491205215454;3.0225672721862793;3.047391414642334;3.0719995498657227;3.0908002853393555;3.1119141578674316;3.1269688606262207;3.165541172027588;3.1701743602752686;3.19378662109375;3.2372889518737793;3.263307571411133;3.303330898284912;3.334205150604248;3.370108127593994;3.3985891342163086;3.432046890258789;3.489064931869507;inf;inf;inf;inf;inf;inf;inf;inf;inf;inf;inf;inf;inf;inf;inf;inf;inf;inf;inf;inf;inf;inf;inf;inf;inf;inf;inf;inf;inf;inf;inf;inf;inf;inf;inf;inf;inf;inf;inf;inf;inf;inf;inf;inf;inf;inf;inf;inf;inf;inf;inf;inf;inf;inf;inf;inf;inf;inf;inf;inf;inf;inf;inf;inf;inf;inf;inf;inf;inf;inf;inf;inf;inf;inf;inf;inf;inf;inf;inf;inf;inf;inf;inf;inf;inf;inf;inf;inf;inf;inf;inf;inf;inf;inf;inf;inf;inf;inf;inf;inf;inf;inf;inf;inf;inf;inf;inf;inf;inf;inf;inf;inf;inf;inf;inf;inf;inf;inf;inf;inf;inf;inf;inf;inf;inf;inf;inf;inf;inf;inf;inf;inf;inf;inf;inf;inf;inf;inf;inf;inf;inf;inf;inf;inf;inf;inf;inf;inf;inf;inf;inf;inf;inf;inf;inf;inf;inf;inf;inf;inf;inf;inf;inf;inf;inf;inf;3.335434675216675;inf;inf;inf;inf;inf;inf;3.2756783962249756;3.159053325653076;3.061455011367798;2.9686148166656494;2.9086251258850098;2.830070972442627;2.757774829864502;2.7052419185638428;2.6341423988342285;2.575319528579712;2.5157880783081055;2.4690897464752197;2.4028289318084717;2.3640060424804688;2.303309917449951;2.28405499458313;2.238088846206665;2.200993061065674;2.1804065704345703;2.1408603191375732;2.1135048866271973;2.0639162063598633;2.042487621307373;2.0082783699035645;1.9773229360580444;1.9651689529418945;1.9412919282913208;1.9166275262832642;1.882993221282959;1.8626116514205933;1.8698184490203857;1.8352221250534058;1.808576226234436;1.7976208925247192;1.7819544076919556;1.778146505355835;1.76319420337677;1.7450690269470215;1.707872748374939;1.7218278646469116;1.690003752708435;1.6936088800430298;1.6814035177230835;1.6820484399795532;1.6689891815185547;1.6582481861114502;1.6514095067977905;1.6447782516479492;1.633950114250183;1.629547357559204;1.6172771453857422;1.6261602640151978;1.6153223514556885;1.6298152208328247;1.6245884895324707;1.5968952178955078;1.5921740531921387;1.6117249727249146;1.6074599027633667;1.600814938545227;1.5957049131393433;1.5890220403671265;1.5824886560440063;1.5960960388183594;1.612082600593567;1.5982975959777832;1.609336495399475;1.595861792564392;1.60833740234375;1.5963492393493652;1.6240981817245483;1.624428153038025;1.654114842414856;1.6349143981933594;1.6335986852645874;1.6456472873687744;1.647560715675354;1.6679741144180298;1.6811598539352417;1.6781960725784302;1.6985870599746704;1.7031700611114502;1.7295339107513428;1.7193331718444824;1.7412275075912476;1.7629525661468506;1.7626174688339233;1.7639343738555908;1.8039201498031616;1.8514916896820068;1.83449125289917,0.01749303564429283,2515819000000
1.909229040145874;1.9470444917678833;1.958838939666748;1.977847695350647;2.0140814781188965;2.0437145233154297;2.0849545001983643;2.0941059589385986;2.1428349018096924;2.1817376613616943;2.202789306640625;2.2577269077301025;2.2906835079193115;2.3416218757629395;2.4075255393981934;2.444169759750366;2.5011565685272217;2.5692243576049805;2.612055778503418;2.7010178565979004;2.736701488494873;2.8217902183532715;2.9032504558563232;2.98748779296875;3.0778629779815674;3.151621103286743;3.2331647872924805;3.196939468383789;3.170668601989746;3.131551504135132;3.1131203174591064;3.1086490154266357;3.0606565475463867;3.037247896194458;3.0326149463653564;3.003664255142212;2.994443893432617;2.973710298538208;2.9620935916900635;2.931187152862549;2.9075090885162354;2.9078903198242188;2.9205515384674072;2.9034276008605957;2.8879637718200684;2.872540235519409;2.8489933013916016;2.8749234676361084;2.844710111618042;2.843684196472168;2.8370673656463623;2.8404653072357178;2.8305156230926514;2.8213908672332764;2.840233087539673;2.838184356689453;2.8280510902404785;2.831831455230713;2.818185806274414;2.83770489692688;2.8463551998138428;2.858368396759033;2.8657476902008057;2.8929035663604736;2.88468599319458;2.8810155391693115;2.893817901611328;2.900327444076538;2.918032646179199;2.9372193813323975;2.9227797985076904;2.953782320022583;2.963242292404175;2.9873311519622803;3.0208065509796143;3.045482873916626;3.0528223514556885;3.063547134399414;3.0979859828948975;3.123460531234741;3.1533684730529785;3.187163829803467;3.187112331390381;3.2449700832366943;3.2800633907318115;3.3015427589416504;3.3094258308410645;3.3851916790008545;3.430433750152588;3.4574437141418457;3.499436616897583;inf;inf;inf;inf;inf;inf;inf;inf;inf;inf;inf;inf;inf;inf;inf;inf;inf;inf;inf;inf;inf;inf;inf;inf;inf;inf;inf;inf;inf;inf;inf;inf;inf;inf;inf;inf;inf;inf;inf;inf;inf;inf;inf;inf;inf;inf;inf;inf;inf;inf;inf;inf;inf;inf;inf;inf;inf;inf;inf;inf;inf;inf;inf;inf;inf;inf;inf;inf;inf;inf;inf;inf;inf;inf;inf;inf;inf;inf;inf;inf;inf;inf;inf;inf;inf;inf;inf;inf;inf;inf;inf;inf;inf;inf;inf;inf;inf;inf;inf;inf;inf;inf;inf;inf;inf;inf;inf;inf;inf;inf;inf;inf;inf;inf;inf;inf;inf;inf;inf;inf;inf;inf;inf;inf;inf;inf;inf;inf;inf;inf;inf;inf;inf;inf;inf;inf;inf;inf;inf;inf;inf;inf;inf;inf;inf;inf;inf;inf;inf;inf;inf;inf;inf;inf;inf;inf;inf;inf;inf;inf;inf;inf;inf;inf;3.321138620376587;inf;inf;inf;inf;inf;inf;inf;3.2064740657806396;3.0879807472229004;2.9991254806518555;2.9373648166656494;2.833862543106079;2.7711739540100098;2.6971142292022705;2.627157211303711;2.569270610809326;2.517535448074341;2.455857276916504;2.4202890396118164;2.361356258392334;2.323747158050537;2.275937080383301;2.247124195098877;2.1906776428222656;2.163224697113037;2.125115156173706;2.098653793334961;2.058159828186035;2.0281662940979004;1.997763752937317;1.9660857915878296;1.9583393335342407;1.912645697593689;1.8922611474990845;1.8714618682861328;1.8353983163833618;1.8400200605392456;1.7954140901565552;1.7794227600097656;1.7709681987762451;1.750542163848877;1.727883219718933;1.7252089977264404;1.7119061946868896;1.684561848640442;1.6805672645568848;1.6754131317138672;1.6840054988861084;1.66668701171875;1.657433032989502;1.6331310272216797;1.6125222444534302;1.6343727111816406;1.5990772247314453;1.612992525100708;1.5811843872070312;1.5824761390686035;1.598802089691162;1.5733177661895752;1.590987205505371;1.5859055519104004;1.5762221813201904;1.5660337209701538;1.5576317310333252;1.5450359582901;1.5683187246322632;1.548193097114563;1.5563794374465942;1.5547800064086914;1.5627800226211548;1.5679744482040405;1.5703866481781006;1.5497509241104126;1.5544904470443726;1.553754448890686;1.5661976337432861;1.5749099254608154;1.5613529682159424;1.5749129056930542;1.583891749382019;1.583984136581421;1.5796377658843994;1.609128475189209;1.620134949684143;1.6349159479141235;1.615816593170166;1.6424225568771362;1.6707074642181396;1.666550636291504;1.6578856706619263;1.6842262744903564;1.6887433528900146;1.6937509775161743;1.7215696573257446;1.7394084930419922;1.7326364517211914;1.7611886262893677;1.7965106964111328;1.7976516485214233;1.8150862455368042;1.838424801826477;1.8778630495071411;1.8761985301971436;1.8841439485549927,0.01749303564429283,2516018000000
2.025360584259033;2.0421197414398193;2.060188055038452;2.1063175201416016;2.134195566177368;2.201282262802124;2.21505069732666;2.2851643562316895;2.319301128387451;2.36647367477417;2.4225242137908936;2.4878454208374023;2.5359737873077393;2.597895622253418;2.6526939868927;2.743709087371826;2.8160641193389893;2.8902587890625;2.959258794784546;3.054338216781616;3.157970905303955;3.1715505123138428;3.1216254234313965;3.1004295349121094;3.0953855514526367;3.054596185684204;3.047529697418213;3.0218989849090576;3.005312919616699;2.9656765460968018;2.976865291595459;2.936505079269409;2.9053313732147217;2.9174396991729736;2.9029743671417236;2.8975472450256348;2.895817995071411;2.8692281246185303;2.886467695236206;2.833484411239624;2.835527181625366;2.825167417526245;2.813011407852173;2.8279991149902344;2.8002328872680664;2.8148858547210693;2.7929723262786865;2.832636833190918;2.7975573539733887;2.7968876361846924;2.813465118408203;2.8150482177734375;2.7880074977874756;2.8092966079711914;2.8253440856933594;2.8112783432006836;2.8188490867614746;2.8483636379241943;2.8549134731292725;2.85058331489563;2.863333225250244;2.880716323852539;2.8963818550109863;2.8965790271759033;2.9066758155822754;2.9248464107513428;2.9570131301879883;2.9599902629852295;2.983262062072754;3.0028936862945557;3.0164053440093994;3.0646402835845947;3.0485177040100098;3.1042542457580566;3.1132736206054688;3.1399309635162354;3.1503806114196777;3.1966283321380615;3.2458412647247314;3.2682595252990723;3.3150618076324463;3.31655216217041;3.374803066253662;3.3816747665405273;3.437762498855591;3.4910852909088135;inf;inf;inf;inf;inf;inf;inf;inf;inf;inf;inf;inf;inf;inf;inf;inf;inf;inf;inf;inf;inf;inf;inf;inf;inf;inf;inf;inf;inf;inf;inf;inf;inf;inf;inf;inf;inf;inf;inf;inf;inf;inf;inf;inf;inf;inf;inf;inf;inf;inf;inf;inf;inf;inf;inf;inf;inf;inf;inf;inf;inf;inf;inf;inf;inf;inf;inf;inf;inf;inf;inf;inf;inf;inf;inf;inf;inf;inf;inf;inf;inf;inf;inf;inf;inf;inf;inf;inf;inf;inf;inf;inf;inf;inf;inf;inf;inf;inf;inf;inf;inf;inf;inf;inf;inf;inf;inf;inf;inf;inf;inf;inf;inf;inf;inf;inf;inf;inf;inf;inf;inf;inf;inf;inf;inf;inf;inf;inf;inf;inf;inf;inf;inf;inf;inf;inf;inf;inf;inf;inf;inf;inf;inf;inf;inf;inf;inf;inf;inf;inf;inf;inf;inf;inf;inf;inf;inf;inf;inf;inf;inf;inf;inf;3.34047269821167;inf;inf;inf;inf;inf;inf;3.243727207183838;3.1329901218414307;3.0364506244659424;2.927241325378418;2.873317241668701;2.784466028213501;2.7048091888427734;2.6565780639648438;2.5796170234680176;2.5189859867095947;2.4409537315368652;2.4240407943725586;2.3552544116973877;2.331389904022217;2.256422996520996;2.2394137382507324;2.179382801055908;2.1377813816070557;2.097308397293091;2.0653045177459717;2.0387322902679443;2.0145797729492188;1.9789751768112183;1.954999327659607;1.9201570749282837;1.915029764175415;1.8739150762557983;1.8395779132843018;1.8199938535690308;1.7967634201049805;1.7766705751419067;1.7736289501190186;1.7491987943649292;1.7292394638061523;1.711706519126892;1.686301827430725;1.6795988082885742;1.6452958583831787;1.65619957447052;1.6260361671447754;1.6420897245407104;1.622983694076538;1.601061463356018;1.5998066663742065;1.5882242918014526;1.5834153890609741;1.5717055797576904;1.5553451776504517;1.5710450410842896;1.5446491241455078;1.5496230125427246;1.5519142150878906;1.5309799909591675;1.5378421545028687;1.5477831363677979;1.531383991241455;1.5205607414245605;1.4984703063964844;1.5232194662094116;1.5061769485473633;1.515812873840332;1.5173362493515015;1.5172004699707031;1.4942338466644287;1.5008395910263062;1.5166562795639038;1.5148138999938965;1.5329594612121582;1.5142922401428223;1.531742811203003;1.5288615226745605;1.5251073837280273;1.545561671257019;1.5399919748306274;1.5392050743103027;1.5499322414398193;1.5581516027450562;1.5509843826293945;1.6005527973175049;1.5822490453720093;1.589503526687622;1.5977928638458252;1.6097899675369263;1.6405357122421265;1.6236991882324219;1.6506046056747437;1.667758822441101;1.6877177953720093;1.6857151985168457;1.7049014568328857;1.7234736680984497;1.7483783960342407;1.7529557943344116;1.773431658744812;1.7978001832962036;1.797026515007019;1.8214236497879028;1.854146122932434;1.8590360879898071;1.9102489948272705;1.923980951309204;1.957848072052002;1.9982352256774902;2.0079126358032227,0.01749303564429283,2516218000000
2.1527011394500732;2.1972973346710205;2.244872808456421;2.291548252105713;2.3579559326171875;2.3811347484588623;2.460627317428589;2.5240797996520996;2.556316375732422;2.6402230262756348;2.7173891067504883;2.780627489089966;2.876079797744751;2.963404655456543;3.065476894378662;3.1319918632507324;3.1177146434783936;3.0915489196777344;3.0473673343658447;3.0574045181274414;3.0250797271728516;2.9761407375335693;2.9678027629852295;2.942943572998047;2.9438960552215576;2.9222166538238525;2.891178607940674;2.902477741241455;2.85093092918396;2.851632833480835;2.8447861671447754;2.8422188758850098;2.8319437503814697;2.8187673091888428;2.8056211471557617;2.7984673976898193;2.78320050239563;2.793375015258789;2.781756639480591;2.7801764011383057;2.776860237121582;2.7632877826690674;2.772782564163208;2.779674530029297;2.752032518386841;2.788787841796875;2.7825052738189697;2.7730939388275146;2.775932550430298;2.7908945083618164;2.7904281616210938;2.8150546550750732;2.808638334274292;2.8271405696868896;2.837620973587036;2.861906051635742;2.835564374923706;2.8606576919555664;2.8711347579956055;2.892436981201172;2.9024198055267334;2.9078867435455322;2.934232473373413;2.971569538116455;2.9748260974884033;2.983978748321533;3.0046744346618652;3.0289926528930664;3.0597126483917236;3.0745646953582764;3.1216800212860107;3.1538245677948;3.1794869899749756;3.2127673625946045;3.2517008781433105;3.2774465084075928;3.315419912338257;3.3485677242279053;3.386496067047119;3.4380042552948;3.4897005558013916;inf;inf;inf;inf;inf;inf;inf;inf;inf;inf;inf;inf;inf;inf;inf;inf;inf;inf;inf;inf;inf;inf;inf;inf;inf;inf;inf;inf;inf;inf;inf;inf;inf;inf;inf;inf;inf;inf;inf;inf;inf;inf;inf;inf;inf;inf;inf;inf;inf;inf;inf;inf;inf;inf;inf;inf;inf;inf;inf;inf;inf;inf;inf;inf;inf;inf;inf;inf;inf;inf;inf;inf;inf;inf;inf;inf;inf;inf;inf;inf;inf;inf;inf;inf;inf;inf;inf;inf;inf;inf;inf;inf;inf;inf;inf;inf;inf;inf;inf;inf;inf;inf;inf;inf;inf;inf;inf;inf;inf;inf;inf;inf;inf;inf;inf;inf;inf;inf;inf;inf;inf;inf;inf;inf;inf;inf;inf;inf;inf;inf;inf;inf;inf;inf;inf;inf;inf;inf;inf;inf;inf;inf;inf;inf;inf;inf;inf;inf;inf;inf;inf;inf;inf;inf;inf;inf;inf;inf;inf;inf;inf;3.3638792037963867;inf;inf;inf;inf;inf;inf;3.2804930210113525;3.1870474815368652;3.0721848011016846;2.9794721603393555;2.896491765975952;2.834996461868286;2.7375006675720215;2.6716203689575195;2.588176727294922;2.5218710899353027;2.4682457447052;2.3987481594085693;2.3515713214874268;2.3061513900756836;2.2751057147979736;2.2313990592956543;2.153430223464966;2.1380133628845215;2.109239339828491;2.0665836334228516;2.026425838470459;2.0031118392944336;1.9778423309326172;1.9302738904953003;1.9013527631759644;1.9099360704421997;1.8542531728744507;1.8311556577682495;1.8131245374679565;1.8086521625518799;1.7847298383712769;1.7318265438079834;1.7270325422286987;1.7159972190856934;1.7123585939407349;1.6700694561004639;1.6632311344146729;1.6439688205718994;1.6355241537094116;1.6224100589752197;1.612953543663025;1.5900845527648926;1.5866103172302246;1.561378836631775;1.5692256689071655;1.555506944656372;1.5586618185043335;1.5339269638061523;1.519058346748352;1.5289654731750488;1.5222479104995728;1.5050921440124512;1.5165660381317139;1.4940147399902344;1.4861860275268555;1.4858542680740356;1.4920951128005981;1.4795417785644531;1.4781596660614014;1.4812486171722412;1.474942684173584;1.4855002164840698;1.4580339193344116;1.4899284839630127;1.4694257974624634;1.484958529472351;1.4754728078842163;1.4821395874023438;1.4708774089813232;1.4779518842697144;1.4626867771148682;1.4862775802612305;1.4983888864517212;1.4819848537445068;1.5059781074523926;1.5064736604690552;1.5213291645050049;1.5220390558242798;1.5108792781829834;1.5389974117279053;1.5431721210479736;1.5542644262313843;1.561789870262146;1.5678428411483765;1.5873891115188599;1.5854759216308594;1.589111566543579;1.614817500114441;1.605857014656067;1.6502385139465332;1.6470550298690796;1.6697802543640137;1.6972384452819824;1.7088894844055176;1.7205500602722168;1.76531183719635;1.7536299228668213;1.7975484132766724;1.7978715896606445;1.8271510601043701;1.854032039642334;1.868445873260498;1.902886986732483;1.9082707166671753;1.9367924928665161;1.964682698249817;2.0298240184783936;2.0391664505004883;2.0828099250793457;2.1179885864257812;2.1537604331970215,0.01749303564429283,2516419000000
2.403073787689209;2.4553017616271973;2.509019613265991;2.5686306953430176;2.6395206451416016;2.7145495414733887;2.778064727783203;2.8627870082855225;2.9376282691955566;3.0622949600219727;3.064932107925415;3.056580066680908;3.0202653408050537;2.9873316287994385;2.9794576168060303;2.93269681930542;2.9121599197387695;2.9095535278320312;2.8906586170196533;2.8794751167297363;2.8333780765533447;2.852057456970215;2.8675525188446045;2.8116629123687744;2.810434103012085;2.812758207321167;2.7939846515655518;2.7822728157043457;2.7761428356170654;2.741729497909546;2.776054859161377;2.755439043045044;2.75836443901062;2.7429661750793457;2.7484774589538574;2.753692865371704;2.7211475372314453;2.7266645431518555;2.7369186878204346;2.7318055629730225;2.753150224685669;2.7292520999908447;2.756282329559326;2.7461254596710205;2.7559335231781006;2.749042510986328;2.7670159339904785;2.769624710083008;2.7940304279327393;2.7980308532714844;2.807203531265259;2.817908525466919;2.841684103012085;2.869068145751953;2.8506674766540527;2.8872172832489014;2.888843536376953;2.926771402359009;2.936058282852173;2.961627721786499;2.9743378162384033;3.010420560836792;3.0211594104766846;3.0474910736083984;3.0887787342071533;3.0922505855560303;3.14046049118042;3.1637256145477295;3.1799252033233643;3.2398874759674072;3.2512333393096924;3.304819345474243;3.3369476795196533;3.3789234161376953;3.4345264434814453;3.472773790359497;inf;inf;inf;inf;inf;inf;inf;inf;inf;inf;inf;inf;inf;inf;inf;inf;inf;inf;inf;inf;inf;inf;inf;inf;inf;inf;inf;inf;inf;inf;inf;inf;inf;inf;inf;inf;inf;inf;inf;inf;inf;inf;inf;inf;inf;inf;inf;inf;inf;inf;inf;inf;inf;inf;inf;inf;inf;inf;inf;inf;inf;inf;inf;inf;inf;inf;inf;inf;inf;inf;inf;inf;inf;inf;inf;inf;inf;inf;inf;inf;inf;inf;inf;inf;inf;inf;inf;inf;inf;inf;inf;inf;inf;inf;inf;inf;inf;inf;inf;inf;inf;inf;inf;inf;inf;inf;inf;inf;inf;inf;inf;inf;inf;inf;inf;inf;inf;inf;inf;inf;inf;inf;inf;inf;inf;inf;inf;inf;inf;inf;inf;inf;inf;inf;inf;inf;inf;inf;inf;inf;inf;inf;inf;inf;inf;inf;inf;inf;inf;inf;inf;inf;inf;inf;inf;inf;inf;inf;inf;inf;3.405604124069214;inf;inf;inf;inf;inf;inf;3.2415192127227783;3.133166551589966;3.013526678085327;2.9372353553771973;2.858139753341675;2.773789644241333;2.6897847652435303;2.6065638065338135;2.5419700145721436;2.482727527618408;2.422720193862915;2.3740651607513428;2.31669545173645;2.2711710929870605;2.1965529918670654;2.171943426132202;2.1379692554473877;2.0774192810058594;2.0544402599334717;2.0119740962982178;1.9945666790008545;1.952217698097229;1.934599757194519;1.8963111639022827;1.8670240640640259;1.834341287612915;1.8377079963684082;1.8048391342163086;1.771363377571106;1.7520126104354858;1.7373270988464355;1.7014036178588867;1.700828194618225;1.6545840501785278;1.670540452003479;1.6382079124450684;1.6229394674301147;1.6085970401763916;1.5998153686523438;1.6019456386566162;1.5580239295959473;1.5634753704071045;1.5477931499481201;1.529234528541565;1.5271222591400146;1.5110653638839722;1.503427267074585;1.511803388595581;1.5019636154174805;1.4822092056274414;1.4733713865280151;1.466786503791809;1.450848937034607;1.4596209526062012;1.441025972366333;1.4705719947814941;1.4509239196777344;1.4438755512237549;1.4654150009155273;1.4459524154663086;1.4710252285003662;1.4435909986495972;1.4408262968063354;1.4400830268859863;1.4470361471176147;1.431605339050293;1.4360134601593018;1.4308079481124878;1.4396697282791138;1.4439882040023804;1.4549732208251953;1.4497671127319336;1.4603698253631592;1.4564919471740723;1.469764232635498;1.469653606414795;1.4869307279586792;1.48302161693573;1.5023998022079468;1.4918137788772583;1.5058767795562744;1.5087876319885254;1.5265231132507324;1.5341335535049438;1.5454316139221191;1.547460913658142;1.5412046909332275;1.5816435813903809;1.5751347541809082;1.5764961242675781;1.6118453741073608;1.6218949556350708;1.6515090465545654;1.6825555562973022;1.674746036529541;1.7049052715301514;1.717203974723816;1.7464772462844849;1.7485586404800415;1.7834718227386475;1.8085033893585205;1.8187971115112305;1.834978461265564;1.8727986812591553;1.9047858715057373;1.9442123174667358;1.9491088390350342;1.9757713079452515;2.0167582035064697;2.0769288539886475;2.0984458923339844;2.1306564807891846;2.182720422744751;2.207204580307007;2.2716596126556396;2.3293120861053467;2.3647420406341553,0.01749303564429283,2516618000000
2.702523946762085;2.7956533432006836;2.8770041465759277;2.9558746814727783;3.0470263957977295;3.029973030090332;2.971247911453247;2.9557037353515625;2.942122459411621;2.9069876670837402;2.87868595123291;2.882624626159668;2.8503682613372803;2.8277106285095215;2.838226079940796;2.8144469261169434;2.798299789428711;2.7979633808135986;2.780367374420166;2.7607171535491943;2.7568418979644775;2.759146213531494;2.727163791656494;2.735588550567627;2.71806263923645;2.7038068771362305;2.7220723628997803;2.7012219429016113;2.715526819229126;2.702651023864746;2.688091993331909;2.7123007774353027;2.7032971382141113;2.702523708343506;2.7227518558502197;2.7088615894317627;2.698046922683716;2.726069688796997;2.7034549713134766;2.716810941696167;2.7417256832122803;2.720396041870117;2.747559070587158;2.7672712802886963;2.758136749267578;2.7774100303649902;2.785658359527588;2.799105167388916;2.824065923690796;2.8191959857940674;2.855583429336548;2.861055374145508;2.8816654682159424;2.9068410396575928;2.9315171241760254;2.9356675148010254;2.973372220993042;2.9853389263153076;3.0215322971343994;3.050081491470337;3.0677878856658936;3.101855516433716;3.131403684616089;3.164807081222534;3.1941075325012207;3.2579047679901123;3.290534734725952;3.330965280532837;3.367854118347168;3.4097743034362793;3.4622819423675537;inf;inf;inf;inf;inf;inf;inf;inf;inf;inf;inf;inf;inf;inf;inf;inf;inf;inf;inf;inf;inf;inf;inf;inf;inf;inf;inf;inf;inf;inf;inf;inf;inf;inf;inf;inf;inf;inf;inf;inf;inf;inf;inf;inf;inf;inf;inf;inf;inf;inf;inf;inf;inf;inf;inf;inf;inf;inf;inf;inf;inf;inf;inf;inf;inf;inf;inf;inf;inf;inf;inf;inf;inf;inf;inf;inf;inf;inf;inf;inf;inf;inf;inf;inf;inf;inf;inf;inf;inf;inf;inf;inf;inf;inf;inf;inf;inf;inf;inf;inf;inf;inf;inf;inf;inf;inf;inf;inf;inf;inf;inf;inf;inf;inf;inf;inf;inf;inf;inf;inf;inf;inf;inf;inf;inf;inf;inf;inf;inf;inf;inf;inf;inf;inf;inf;inf;inf;inf;inf;inf;inf;inf;inf;inf;inf;inf;inf;inf;inf;inf;inf;inf;inf;inf;inf;inf;inf;inf;3.418821334838867;inf;inf;inf;inf;inf;inf;3.3348805904388428;3.216754913330078;3.093601703643799;2.98078989982605;2.912691354751587;2.801499128341675;2.7284276485443115;2.659184455871582;2.5793204307556152;2.5075948238372803;2.4520065784454346;2.3836417198181152;2.341515064239502;2.2871153354644775;2.234463930130005;2.1865642070770264;2.1245758533477783;2.0991599559783936;2.0714986324310303;2.022230386734009;1.9922939538955688;1.947767734527588;1.9404454231262207;1.89495050907135;1.8636356592178345;1.8436356782913208;1.817370057106018;1.7850531339645386;1.771286129951477;1.7374993562698364;1.6964339017868042;1.7079466581344604;1.6882529258728027;1.6852449178695679;1.649321436882019;1.6351677179336548;1.6232455968856812;1.6040780544281006;1.5764697790145874;1.566733956336975;1.5571599006652832;1.5617021322250366;1.5317144393920898;1.5103415250778198;1.524997353553772;1.4965451955795288;1.4934173822402954;1.4811428785324097;1.4636973142623901;1.466678500175476;1.4690364599227905;1.4659490585327148;1.454082727432251;1.4470851421356201;1.439759612083435;1.4336110353469849;1.4219735860824585;1.425140380859375;1.4160728454589844;1.4280421733856201;1.41576087474823;1.4026591777801514;1.4205098152160645;1.4239308834075928;1.3935420513153076;1.4081822633743286;1.4295789003372192;1.4216785430908203;1.4295047521591187;1.4119327068328857;1.4105685949325562;1.4125746488571167;1.4245917797088623;1.4035649299621582;1.420942783355713;1.4257431030273438;1.429437279701233;1.4457472562789917;1.45767080783844;1.4494922161102295;1.4603214263916016;1.4734448194503784;1.4621590375900269;1.512335181236267;1.4858661890029907;1.4878002405166626;1.52780020236969;1.5257140398025513;1.5468719005584717;1.549098253250122;1.557173490524292;1.567622184753418;1.583225965499878;1.6012293100357056;1.6065170764923096;1.627589464187622;1.651867151260376;1.6724278926849365;1.679347038269043;1.7088953256607056;1.7362244129180908;1.7630915641784668;1.7753039598464966;1.7925254106521606;1.8261520862579346;1.856342077255249;1.8708653450012207;1.9041509628295898;1.943855881690979;1.9706099033355713;2.0133135318756104;2.049849271774292;2.090911626815796;2.1449902057647705;2.1655209064483643;2.190486192703247;2.264531373977661;2.3120524883270264;2.380384922027588;2.403468370437622;2.4823720455169678;2.542555332183838;2.6163156032562256;2.6831352710723877,0.01749303564429283,2516819000000
2.9561734199523926;2.9343314170837402;2.876857042312622;2.8863134384155273;2.8467156887054443;2.8340837955474854;2.820615530014038;2.798222541809082;2.7788212299346924;2.769306182861328;2.7473113536834717;2.749784469604492;2.717641592025757;2.738193988800049;2.708030939102173;2.6969645023345947;2.6990952491760254;2.6833558082580566;2.6827540397644043;2.6836936473846436;2.658503532409668;2.6901257038116455;2.637939214706421;2.656461715698242;2.6514434814453125;2.638725519180298;2.6562206745147705;2.643833637237549;2.6609761714935303;2.665172815322876;2.65818190574646;2.6661171913146973;2.685948133468628;2.665168523788452;2.685922384262085;2.689906358718872;2.682241201400757;2.711268186569214;2.713853359222412;2.738614559173584;2.733781099319458;2.773860216140747;2.7665677070617676;2.7854878902435303;2.794100522994995;2.8247439861297607;2.840604543685913;2.8513004779815674;2.855026960372925;2.8791306018829346;2.9144887924194336;2.9510858058929443;2.9673728942871094;3.0030128955841064;3.0056638717651367;3.0504074096679688;3.0774433612823486;3.13131046295166;3.176302433013916;3.1781585216522217;3.215831995010376;3.2721619606018066;3.314995527267456;3.3602540493011475;3.3818142414093018;3.4457459449768066;3.5;inf;inf;inf;inf;inf;inf;inf;inf;inf;inf;inf;inf;inf;inf;inf;inf;inf;inf;inf;inf;inf;inf;inf;inf;inf;inf;inf;inf;inf;inf;inf;inf;inf;inf;inf;inf;inf;inf;inf;inf;inf;inf;inf;inf;inf;inf;inf;inf;inf;inf;inf;inf;inf;inf;inf;inf;inf;inf;inf;inf;inf;inf;inf;inf;inf;inf;inf;inf;inf;inf;inf;inf;inf;inf;inf;inf;inf;inf;inf;inf;inf;inf;inf;inf;inf;inf;inf;inf;inf;inf;inf;inf;inf;inf;inf;inf;inf;inf;inf;inf;inf;inf;inf;inf;inf;inf;inf;inf;inf;inf;inf;inf;inf;inf;inf;inf;inf;inf;inf;inf;inf;inf;inf;inf;inf;inf;inf;inf;inf;inf;inf;inf;inf;inf;inf;inf;inf;inf;inf;inf;inf;inf;inf;inf;inf;inf;inf;inf;inf;inf;inf;inf;inf;inf;inf;inf;3.4418022632598877;inf;inf;inf;inf;inf;inf;3.305610179901123;3.1687209606170654;3.046647548675537;2.9662647247314453;2.8607215881347656;2.7695164680480957;2.6896135807037354;2.6190433502197266;2.5405638217926025;2.491549253463745;2.407837390899658;2.3641982078552246;2.3059728145599365;2.2611172199249268;2.215115547180176;2.159113645553589;2.104186534881592;2.0626895427703857;2.0236713886260986;1.9941744804382324;1.982495903968811;1.9139002561569214;1.90837824344635;1.8656312227249146;1.8347415924072266;1.8174666166305542;1.7884074449539185;1.7411171197891235;1.7264665365219116;1.7014249563217163;1.6965705156326294;1.6658656597137451;1.6581838130950928;1.6356290578842163;1.6143856048583984;1.5825715065002441;1.5933195352554321;1.572440266609192;1.5439749956130981;1.548378825187683;1.528864860534668;1.4965075254440308;1.5208925008773804;1.4895013570785522;1.4858916997909546;1.4680137634277344;1.4592617750167847;1.4616111516952515;1.454813003540039;1.4330064058303833;1.4229356050491333;1.4216241836547852;1.4269733428955078;1.4055534601211548;1.390367865562439;1.4183852672576904;1.412240743637085;1.3994742631912231;1.389389991760254;1.3803586959838867;1.3947311639785767;1.3927664756774902;1.395872950553894;1.3666117191314697;1.3929322957992554;1.3723227977752686;1.3923277854919434;1.4019253253936768;1.3895937204360962;1.3962589502334595;1.3963600397109985;1.395216703414917;1.3807978630065918;1.4025880098342896;1.4093226194381714;1.4043549299240112;1.3992929458618164;1.4232935905456543;1.438991665840149;1.4338839054107666;1.4254597425460815;1.4443440437316895;1.4554330110549927;1.471959114074707;1.465397834777832;1.4924389123916626;1.4957889318466187;1.4982930421829224;1.4937829971313477;1.5113155841827393;1.5234156847000122;1.5511971712112427;1.5656455755233765;1.5735803842544556;1.5670050382614136;1.5735549926757812;1.617988109588623;1.6476513147354126;1.652573585510254;1.6814417839050293;1.673412799835205;1.7028058767318726;1.7409601211547852;1.7363702058792114;1.7934118509292603;1.794504165649414;1.8091222047805786;1.8612719774246216;1.8973031044006348;1.9315149784088135;1.9850529432296753;2.0090246200561523;2.0380029678344727;2.079934597015381;2.1153831481933594;2.166262149810791;2.211940050125122;2.2512876987457275;2.3023502826690674;2.3744900226593018;2.4196765422821045;2.4898622035980225;2.5408267974853516;2.627473831176758;2.6986570358276367;2.792919158935547;2.863913059234619;2.9718985557556152;2.9661784172058105;2.95119309425354,0.01749303564429283,2517019000000
2.7732601165771484;2.7699227333068848;2.7212071418762207;2.753979444503784;2.713329315185547;2.708223581314087;2.6891372203826904;2.664379596710205;2.6587655544281006;2.655320167541504;2.655752182006836;2.630093812942505;2.6446008682250977;2.632838487625122;2.610124349594116;2.623035192489624;2.6262705326080322;2.624728202819824;2.6161861419677734;2.599001884460449;2.602224349975586;2.6263937950134277;2.6133248805999756;2.6238927841186523;2.626735210418701;2.633549451828003;2.6361982822418213;2.626795768737793;2.6349430084228516;2.6392953395843506;2.636554002761841;2.664508581161499;2.6674811840057373;2.6722676753997803;2.6957476139068604;2.7036330699920654;2.721428632736206;2.7323410511016846;2.736950635910034;2.754990816116333;2.7799861431121826;2.788705348968506;2.831204652786255;2.8549277782440186;2.8471686840057373;2.8930368423461914;2.917219638824463;2.950439214706421;2.9656059741973877;2.9869203567504883;3.0258867740631104;3.052953004837036;3.0772461891174316;3.138671398162842;3.168337106704712;3.197603225708008;3.241039276123047;3.281984567642212;3.319563150405884;3.3811628818511963;3.4217031002044678;3.451551914215088;inf;inf;inf;inf;inf;inf;inf;inf;inf;inf;inf;inf;inf;inf;inf;inf;inf;inf;inf;inf;inf;inf;inf;inf;inf;inf;inf;inf;inf;inf;inf;inf;inf;inf;inf;inf;inf;inf;inf;inf;inf;inf;inf;inf;inf;inf;inf;inf;inf;inf;inf;inf;inf;inf;inf;inf;inf;inf;inf;inf;inf;inf;inf;inf;inf;inf;inf;inf;inf;inf;inf;inf;inf;inf;inf;inf;inf;inf;inf;inf;inf;inf;inf;inf;inf;inf;inf;inf;inf;inf;inf;inf;inf;inf;inf;inf;inf;inf;inf;inf;inf;inf;inf;inf;inf;inf;inf;inf;inf;inf;inf;inf;inf;inf;inf;inf;inf;inf;inf;inf;inf;inf;inf;inf;inf;inf;inf;inf;inf;inf;inf;inf;inf;inf;inf;inf;inf;inf;inf;inf;inf;inf;inf;inf;inf;inf;inf;inf;inf;inf;inf;inf;inf;inf;inf;inf;inf;inf;inf;inf;inf;3.387355327606201;3.2494699954986572;3.148735761642456;3.0442209243774414;2.942659378051758;2.8367795944213867;2.7499876022338867;2.675485849380493;2.5919971466064453;2.5088446140289307;2.4474306106567383;2.407111406326294;2.336944818496704;2.275810718536377;2.2201974391937256;2.1843249797821045;2.13828706741333;2.075019598007202;2.056267738342285;1.989849328994751;1.9685505628585815;1.943758487701416;1.9135825634002686;1.8741579055786133;1.844836711883545;1.8132613897323608;1.811476230621338;1.7650004625320435;1.732961893081665;1.717362403869629;1.688097596168518;1.6604578495025635;1.6594419479370117;1.6279042959213257;1.5943429470062256;1.5797946453094482;1.57301926612854;1.5500636100769043;1.557108759880066;1.5310485363006592;1.5067423582077026;1.5050499439239502;1.514265775680542;1.4620298147201538;1.457561731338501;1.4568065404891968;1.4509804248809814;1.4457865953445435;1.43715238571167;1.4173775911331177;1.4289602041244507;1.4058473110198975;1.419023036956787;1.3927375078201294;1.4003366231918335;1.402735948562622;1.3834853172302246;1.3842891454696655;1.3831466436386108;1.3569304943084717;1.364044189453125;1.3789267539978027;1.363684058189392;1.3583223819732666;1.346011996269226;1.3501453399658203;1.3645293712615967;1.378510594367981;1.3689312934875488;1.3638662099838257;1.3647501468658447;1.3733558654785156;1.361010193824768;1.3731942176818848;1.3711315393447876;1.3920925855636597;1.3794363737106323;1.395383358001709;1.4101543426513672;1.3910270929336548;1.4050014019012451;1.4112646579742432;1.4156197309494019;1.4140065908432007;1.4327456951141357;1.4426718950271606;1.4512813091278076;1.4546808004379272;1.4849720001220703;1.472322702407837;1.489923119544983;1.4975217580795288;1.49870765209198;1.5205215215682983;1.533197283744812;1.5421357154846191;1.5721997022628784;1.5828397274017334;1.6251827478408813;1.6206649541854858;1.6408648490905762;1.6520678997039795;1.6863418817520142;1.6932566165924072;1.7290070056915283;1.7509413957595825;1.7644734382629395;1.7810461521148682;1.838789463043213;1.8565118312835693;1.8759286403656006;1.9133925437927246;1.9429042339324951;1.9868907928466797;2.017796277999878;2.0831377506256104;2.1082522869110107;2.162168264389038;2.2203540802001953;2.25192928314209;2.3230085372924805;2.3845555782318115;2.437781572341919;2.488133430480957;2.5602433681488037;2.6369576454162598;2.714371919631958;2.8170788288116455;2.8864054679870605;2.929917335510254;2.8947341442108154;2.892183303833008;2.867356777191162;2.836838960647583;2.820420980453491;2.7932887077331543;2.776942253112793,0.01749303564429283,2517218000000
2.6496424674987793;2.634902238845825;2.6219143867492676;2.6306936740875244;2.607638120651245;2.5971057415008545;2.582829713821411;2.579927682876587;2.5810487270355225;2.5688250064849854;2.5738589763641357;2.5702767372131348;2.5503687858581543;2.587266445159912;2.555180311203003;2.5686607360839844;2.5739035606384277;2.5741846561431885;2.5734317302703857;2.5833077430725098;2.572136640548706;2.56404447555542;2.5824499130249023;2.5973422527313232;2.5966978073120117;2.6172938346862793;2.639108419418335;2.6196658611297607;2.6460378170013428;2.644648551940918;2.6664018630981445;2.6962027549743652;2.6932287216186523;2.71010422706604;2.725283145904541;2.748295783996582;2.7607994079589844;2.80074405670166;2.806506872177124;2.840487480163574;2.859332799911499;2.8876543045043945;2.922825336456299;2.9284658432006836;2.960357189178467;2.989164113998413;3.025005340576172;3.070040702819824;3.0884950160980225;3.1439828872680664;3.175187349319458;3.2340610027313232;3.2714178562164307;3.3163866996765137;3.3489248752593994;3.385633707046509;3.442782402038574;inf;inf;inf;inf;inf;inf;inf;inf;inf;inf;inf;inf;inf;inf;inf;inf;inf;inf;inf;inf;inf;inf;inf;inf;inf;inf;inf;inf;inf;inf;inf;inf;inf;inf;inf;inf;inf;inf;inf;inf;inf;inf;inf;inf;inf;inf;inf;inf;inf;inf;inf;inf;inf;inf;inf;inf;inf;inf;inf;inf;inf;inf;inf;inf;inf;inf;inf;inf;inf;inf;inf;inf;inf;inf;inf;inf;inf;inf;inf;inf;inf;inf;inf;inf;inf;inf;inf;inf;inf;inf;inf;inf;inf;inf;inf;inf;inf;inf;inf;inf;inf;inf;inf;inf;inf;inf;inf;inf;inf;inf;inf;inf;inf;inf;inf;inf;inf;inf;inf;inf;inf;inf;inf;inf;inf;inf;inf;inf;inf;inf;inf;inf;inf;inf;inf;inf;inf;inf;inf;inf;inf;inf;inf;inf;inf;inf;inf;inf;inf;inf;inf;inf;inf;inf;inf;inf;inf;inf;inf;inf;3.3925247192382812;3.25713849067688;3.1369268894195557;3.0331802368164062;2.914903163909912;2.8328678607940674;2.72566556930542;2.6500191688537598;2.5859620571136475;2.51670503616333;2.4243836402893066;2.37937068939209;2.326551675796509;2.2436749935150146;2.1979944705963135;2.158444881439209;2.1133992671966553;2.0888116359710693;2.040231227874756;1.9862488508224487;1.9474246501922607;1.9338597059249878;1.8852427005767822;1.8497954607009888;1.8101286888122559;1.798540711402893;1.7663365602493286;1.7548333406448364;1.730063796043396;1.6991722583770752;1.6731772422790527;1.645341396331787;1.6268590688705444;1.630510687828064;1.60622239112854;1.5671275854110718;1.5694544315338135;1.5492395162582397;1.5234076976776123;1.5283399820327759;1.5034908056259155;1.4970958232879639;1.4725092649459839;1.462778925895691;1.4541257619857788;1.4539211988449097;1.4507226943969727;1.41358482837677;1.4162428379058838;1.411578893661499;1.399999737739563;1.3929996490478516;1.387791395187378;1.3793754577636719;1.3781366348266602;1.391763687133789;1.3639806509017944;1.35403573513031;1.3511645793914795;1.35029137134552;1.359169602394104;1.3468959331512451;1.3404499292373657;1.3608680963516235;1.3408701419830322;1.337070345878601;1.332456111907959;1.3285022974014282;1.3436909914016724;1.3647321462631226;1.3504271507263184;1.3509268760681152;1.3438631296157837;1.3530609607696533;1.3440132141113281;1.3609368801116943;1.3458170890808105;1.3640779256820679;1.3863978385925293;1.3770872354507446;1.3608012199401855;1.3816882371902466;1.3824440240859985;1.4066301584243774;1.4244391918182373;1.407997965812683;1.413913607597351;1.4380921125411987;1.4681525230407715;1.4567444324493408;1.4519777297973633;1.4720343351364136;1.4891893863677979;1.507006287574768;1.5005877017974854;1.540513277053833;1.530573844909668;1.572192668914795;1.5701321363449097;1.5762079954147339;1.6196205615997314;1.6351895332336426;1.659316897392273;1.67120361328125;1.703417181968689;1.7228634357452393;1.7593002319335938;1.7564388513565063;1.7954319715499878;1.8284997940063477;1.8566840887069702;1.8944286108016968;1.926330327987671;1.9301213026046753;1.9941140413284302;2.0192556381225586;2.0603251457214355;2.116976499557495;2.159820079803467;2.197685956954956;2.2704672813415527;2.3260085582733154;2.38057541847229;2.433173894882202;2.4966092109680176;2.584240436553955;2.6619229316711426;2.7313084602355957;2.8305232524871826;2.8900721073150635;2.8746581077575684;2.837367534637451;2.8147435188293457;2.8041372299194336;2.7697062492370605;2.7629387378692627;2.752775192260742;2.7226057052612305;2.696655511856079;2.712341070175171;2.676030397415161;2.638873338699341;2.6447324752807617,0.01749303564429283,2517418000000
2.542922019958496;2.543865442276001;2.525097131729126;2.5059616565704346;2.534877300262451;2.523545742034912;2.5306692123413086;2.510683059692383;2.5181307792663574;2.5162127017974854;2.51228666305542;2.493028402328491;2.5177600383758545;2.5356245040893555;2.5247879028320312;2.5386149883270264;2.5418217182159424;2.5447659492492676;2.5448689460754395;2.552791118621826;2.584977865219116;2.565286159515381;2.592400550842285;2.600736379623413;2.6015942096710205;2.611056089401245;2.637230634689331;2.657130479812622;2.6810946464538574;2.682979106903076;2.7166404724121094;2.7235310077667236;2.751605272293091;2.78914213180542;2.806271553039551;2.8273088932037354;2.8469371795654297;2.868832588195801;2.8970224857330322;2.9172046184539795;2.976073741912842;3.006727695465088;3.033518075942993;3.0749123096466064;3.0904011726379395;3.1422595977783203;3.1934659481048584;3.21697998046875;3.276573419570923;3.3166065216064453;3.376156806945801;3.4314277172088623;3.4868431091308594;inf;inf;inf;inf;inf;inf;inf;inf;inf;inf;inf;inf;inf;inf;inf;inf;inf;inf;inf;inf;inf;inf;inf;inf;inf;inf;inf;inf;inf;inf;inf;inf;inf;inf;inf;inf;inf;inf;inf;inf;inf;inf;inf;inf;inf;inf;inf;inf;inf;inf;inf;inf;inf;inf;inf;inf;inf;inf;inf;inf;inf;inf;inf;inf;inf;inf;inf;inf;inf;inf;inf;inf;inf;inf;inf;inf;inf;inf;inf;inf;inf;inf;inf;inf;inf;inf;inf;inf;inf;inf;inf;inf;inf;inf;inf;inf;inf;inf;inf;inf;inf;inf;inf;inf;inf;inf;inf;inf;inf;inf;inf;inf;inf;inf;inf;inf;inf;inf;inf;inf;inf;inf;inf;inf;inf;inf;inf;inf;inf;inf;inf;inf;inf;inf;inf;inf;inf;inf;inf;inf;inf;inf;inf;inf;inf;inf;inf;inf;inf;inf;inf;inf;inf;inf;inf;inf;inf;inf;3.376014232635498;3.2505364418029785;3.1436972618103027;3.0079104900360107;2.919215679168701;2.8180620670318604;2.754667282104492;2.655857801437378;2.565467596054077;2.5025806427001953;2.4233601093292236;2.362452745437622;2.3185646533966064;2.252103090286255;2.207733154296875;2.156541347503662;2.1307711601257324;2.0563395023345947;1.9967713356018066;2.002023220062256;1.9336618185043335;1.9115087985992432;1.8615190982818604;1.8429263830184937;1.8043975830078125;1.768525242805481;1.753957986831665;1.7385845184326172;1.7000709772109985;1.676444411277771;1.6632955074310303;1.643933653831482;1.618971586227417;1.578708529472351;1.5952116250991821;1.5528143644332886;1.5356703996658325;1.5274889469146729;1.5102176666259766;1.4937793016433716;1.492964506149292;1.4970489740371704;1.459380030632019;1.4820536375045776;1.4542359113693237;1.4294936656951904;1.4196466207504272;1.4100010395050049;1.4121733903884888;1.3946001529693604;1.394710898399353;1.3776715993881226;1.3700824975967407;1.3791489601135254;1.3639066219329834;1.3747245073318481;1.3486638069152832;1.3448957204818726;1.3519519567489624;1.3536057472229004;1.3382405042648315;1.3492525815963745;1.3234645128250122;1.341731309890747;1.325076699256897;1.3431147336959839;1.3253170251846313;1.310276746749878;1.3500105142593384;1.327752709388733;1.3327429294586182;1.3390474319458008;1.3263667821884155;1.3386918306350708;1.3405617475509644;1.3511193990707397;1.3464277982711792;1.3517754077911377;1.380415439605713;1.3468085527420044;1.3578606843948364;1.359011173248291;1.3965624570846558;1.3885362148284912;1.4104197025299072;1.3994933366775513;1.417147159576416;1.4370999336242676;1.4403249025344849;1.4303661584854126;1.4479806423187256;1.4731229543685913;1.4559682607650757;1.4990218877792358;1.495039463043213;1.5295829772949219;1.5250122547149658;1.5473175048828125;1.5408220291137695;1.565224528312683;1.575858473777771;1.6092982292175293;1.6200069189071655;1.6510698795318604;1.6647571325302124;1.7124536037445068;1.7243034839630127;1.7348227500915527;1.7841808795928955;1.8068815469741821;1.8245010375976562;1.8552623987197876;1.9005206823349;1.9399402141571045;1.9784481525421143;2.001539707183838;2.039386510848999;2.086636543273926;2.122791051864624;2.176403760910034;2.2547824382781982;2.2871289253234863;2.3500120639801025;2.398041248321533;2.4737532138824463;2.544750213623047;2.624209403991699;2.6841161251068115;2.785449981689453;2.834080219268799;2.811190366744995;2.8014073371887207;2.776120185852051;2.7469921112060547;2.7312755584716797;2.707233190536499;2.683166265487671;2.657156467437744;2.6525959968566895;2.6359481811523438;2.617793560028076;2.608856439590454;2.6073100566864014;2.591782331466675;2.604163408279419;2.5757486820220947;2.5520098209381104;2.5681190490722656;2.5387916564941406,0.01749303564429283,2517618000000
2.46759295463562;2.4646525382995605;2.459118604660034;2.466240406036377;2.4683644771575928;2.4785375595092773;2.458252191543579;2.4764206409454346;2.4743614196777344;2.4672911167144775;2.480149507522583;2.4738354682922363;2.494952440261841;2.509402275085449;2.5281195640563965;2.5186171531677246;2.5601656436920166;2.5537126064300537;2.5545806884765625;2.573579788208008;2.5866408348083496;2.614387273788452;2.621455192565918;2.636704206466675;2.6552062034606934;2.665217161178589;2.692671775817871;2.6984615325927734;2.7338368892669678;2.7536239624023438;2.781327962875366;2.813816785812378;2.8441545963287354;2.853782892227173;2.8980517387390137;2.91845440864563;2.965520143508911;2.9764702320098877;3.0339858531951904;3.0547173023223877;3.1207642555236816;3.1642887592315674;3.1954803466796875;3.2318785190582275;3.3082869052886963;3.3514442443847656;3.383301019668579;3.4788780212402344;inf;inf;inf;inf;inf;inf;inf;inf;inf;inf;inf;inf;inf;inf;inf;inf;inf;inf;inf;inf;inf;inf;inf;inf;inf;inf;inf;inf;inf;inf;inf;inf;inf;inf;inf;inf;inf;inf;inf;inf;inf;inf;inf;inf;inf;inf;inf;inf;inf;inf;inf;inf;inf;inf;inf;inf;inf;inf;inf;inf;inf;inf;inf;inf;inf;inf;inf;inf;inf;inf;inf;inf;inf;inf;inf;inf;inf;inf;inf;inf;inf;inf;inf;inf;inf;inf;inf;inf;inf;inf;inf;inf;inf;inf;inf;inf;inf;inf;inf;inf;inf;inf;inf;inf;inf;inf;inf;inf;inf;inf;inf;inf;inf;inf;inf;inf;inf;inf;inf;inf;inf;inf;inf;inf;inf;inf;inf;inf;inf;inf;inf;inf;inf;inf;inf;inf;inf;inf;inf;inf;inf;inf;inf;inf;inf;inf;inf;inf;inf;inf;inf;inf;inf;inf;inf;inf;inf;3.4046411514282227;3.2573740482330322;3.138977289199829;3.021876096725464;2.933896541595459;2.8287246227264404;2.7456493377685547;2.65605092048645;2.5906927585601807;2.507240056991577;2.4431416988372803;2.369774341583252;2.323685646057129;2.237422466278076;2.2132298946380615;2.131094455718994;2.116716146469116;2.068509101867676;2.0056543350219727;1.9746758937835693;1.9343620538711548;1.892406702041626;1.8686538934707642;1.8493834733963013;1.811052918434143;1.7929524183273315;1.7508193254470825;1.7184280157089233;1.719883918762207;1.6648995876312256;1.6425868272781372;1.6722402572631836;1.602143406867981;1.601279377937317;1.575309157371521;1.5623375177383423;1.5604132413864136;1.5058881044387817;1.4926884174346924;1.5111700296401978;1.4949065446853638;1.4641047716140747;1.4702669382095337;1.4463707208633423;1.427566409111023;1.4352527856826782;1.4119666814804077;1.4009044170379639;1.4042165279388428;1.368744134902954;1.3981846570968628;1.3817932605743408;1.3728138208389282;1.3754180669784546;1.3701826333999634;1.3486275672912598;1.3451179265975952;1.3399944305419922;1.3460419178009033;1.3182666301727295;1.3386541604995728;1.3213152885437012;1.3197031021118164;1.3183420896530151;1.3007662296295166;1.3308417797088623;1.331701397895813;1.3336174488067627;1.3326681852340698;1.3340829610824585;1.319684624671936;1.3146657943725586;1.3532166481018066;1.338021993637085;1.3262883424758911;1.34861421585083;1.3523478507995605;1.3455418348312378;1.346120834350586;1.3360109329223633;1.3745979070663452;1.3633416891098022;1.3616290092468262;1.3900749683380127;1.3750133514404297;1.3953510522842407;1.3858412504196167;1.4127334356307983;1.4418995380401611;1.4236856698989868;1.4301146268844604;1.438504695892334;1.4555715322494507;1.4594361782073975;1.4912441968917847;1.5019091367721558;1.5216270685195923;1.5491571426391602;1.5514665842056274;1.5690726041793823;1.5772126913070679;1.6022448539733887;1.6427611112594604;1.6374481916427612;1.6579322814941406;1.6734976768493652;1.6923198699951172;1.7165913581848145;1.7612533569335938;1.7854230403900146;1.8122942447662354;1.8399295806884766;1.8789944648742676;1.9020047187805176;1.9429335594177246;1.9785734415054321;2.0122151374816895;2.0776352882385254;2.1082980632781982;2.145852565765381;2.2135560512542725;2.251145124435425;2.3337554931640625;2.385679006576538;2.451674699783325;2.519925355911255;2.574819564819336;2.6503334045410156;2.7448339462280273;2.7872445583343506;2.762620449066162;2.7444331645965576;2.7226979732513428;2.701859474182129;2.6888771057128906;2.6644251346588135;2.653165340423584;2.6368279457092285;2.600266218185425;2.593806743621826;2.5712332725524902;2.582846164703369;2.552966356277466;2.5275986194610596;2.525951862335205;2.5114519596099854;2.532649517059326;2.5053060054779053;2.4902737140655518;2.4803316593170166;2.477781295776367;2.483919143676758;2.486382484436035;2.475433111190796;2.467806339263916,0.01749303564429283,2517819000000
2.407700777053833;2.423703193664551;2.4161298274993896;2.427300453186035;2.427816152572632;2.4386508464813232;2.452740430831909;2.4591946601867676;2.4788544178009033;2.4555649757385254;2.487173557281494;2.4940669536590576;2.501591205596924;2.5000159740448;2.5558359622955322;2.5365898609161377;2.5492753982543945;2.5784964561462402;2.6000967025756836;2.605278730392456;2.62331223487854;2.6480460166931152;2.666081190109253;2.663431406021118;2.7262418270111084;2.7583611011505127;2.7734267711639404;2.8022966384887695;2.820868968963623;2.859341621398926;2.908095121383667;2.933096408843994;2.9623255729675293;2.996170997619629;3.0366909503936768;3.079623222351074;3.112978935241699;3.1766231060028076;3.2226083278656006;3.2613120079040527;3.323612689971924;3.3681156635284424;inf;inf;inf;inf;inf;inf;inf;inf;inf;inf;inf;inf;inf;inf;inf;inf;inf;inf;inf;inf;inf;inf;inf;inf;inf;inf;inf;inf;inf;inf;inf;inf;inf;inf;inf;inf;inf;inf;inf;inf;inf;inf;inf;inf;inf;inf;inf;inf;inf;inf;inf;inf;inf;inf;inf;inf;inf;inf;inf;inf;inf;inf;inf;inf;inf;inf;inf;inf;inf;inf;inf;inf;inf;inf;inf;inf;inf;inf;inf;inf;inf;inf;inf;inf;inf;inf;inf;inf;inf;inf;inf;inf;inf;inf;inf;inf;inf;inf;inf;inf;inf;inf;inf;inf;inf;inf;inf;inf;inf;inf;inf;inf;inf;inf;inf;inf;inf;inf;inf;inf;inf;inf;inf;inf;inf;inf;inf;inf;inf;inf;inf;inf;inf;inf;inf;inf;inf;inf;inf;inf;inf;inf;inf;inf;inf;inf;inf;inf;inf;inf;inf;inf;inf;inf;inf;inf;inf;3.437211036682129;3.285069465637207;3.1579360961914062;3.076340913772583;2.938926935195923;2.850517511367798;2.7726497650146484;2.6483805179595947;2.5712366104125977;2.510795831680298;2.438724994659424;2.383573293685913;2.327284336090088;2.2627153396606445;2.2123780250549316;2.1760759353637695;2.1071598529815674;2.059845209121704;2.04175066947937;1.9872286319732666;1.9423682689666748;1.8969459533691406;1.8728158473968506;1.8354365825653076;1.8137519359588623;1.777164101600647;1.7560187578201294;1.732954740524292;1.6998422145843506;1.6844761371612549;1.6604034900665283;1.644911289215088;1.6115491390228271;1.6116693019866943;1.580999732017517;1.5437812805175781;1.5270626544952393;1.5293066501617432;1.528211236000061;1.4878500699996948;1.493133544921875;1.4775737524032593;1.4710044860839844;1.4425169229507446;1.4234594106674194;1.4253954887390137;1.4164528846740723;1.3976526260375977;1.3870118856430054;1.3780310153961182;1.410365343093872;1.3809744119644165;1.3667904138565063;1.3745760917663574;1.3526772260665894;1.3550902605056763;1.339740514755249;1.3158280849456787;1.3250038623809814;1.3446446657180786;1.3491082191467285;1.3067620992660522;1.3107789754867554;1.3216150999069214;1.3195605278015137;1.3193590641021729;1.324334979057312;1.3185981512069702;1.3077573776245117;1.3132880926132202;1.3261812925338745;1.3530082702636719;1.3433386087417603;1.3263226747512817;1.3300365209579468;1.3494527339935303;1.347232460975647;1.3204874992370605;1.3435816764831543;1.3517988920211792;1.3674713373184204;1.3682140111923218;1.3787519931793213;1.3810021877288818;1.3601840734481812;1.4007595777511597;1.3965107202529907;1.397200584411621;1.4192715883255005;1.424576759338379;1.4440916776657104;1.4402645826339722;1.4718482494354248;1.4647151231765747;1.4655377864837646;1.4771537780761719;1.4971849918365479;1.5469971895217896;1.523407220840454;1.568444013595581;1.5710688829421997;1.59380304813385;1.6057838201522827;1.6236340999603271;1.6645206212997437;1.6561763286590576;1.6788015365600586;1.7068077325820923;1.7532198429107666;1.7844051122665405;1.8259429931640625;1.8211761713027954;1.8360710144042969;1.8880770206451416;1.932803988456726;1.9580827951431274;2.0179007053375244;2.0497918128967285;2.1019980907440186;2.1307339668273926;2.1836135387420654;2.2438912391662598;2.299039363861084;2.346583604812622;2.4083659648895264;2.4817042350769043;2.5695769786834717;2.6231794357299805;2.726051092147827;2.742691993713379;2.7121331691741943;2.69978666305542;2.6733384132385254;2.6287014484405518;2.6242783069610596;2.593446969985962;2.5802292823791504;2.5569674968719482;2.564213752746582;2.5415289402008057;2.525266170501709;2.5325820446014404;2.506711006164551;2.5270211696624756;2.4856789112091064;2.4672484397888184;2.4562392234802246;2.4641692638397217;2.4563374519348145;2.436122179031372;2.4278886318206787;2.426093578338623;2.428264856338501;2.4282584190368652;2.412820339202881;2.4128239154815674;2.4215798377990723;2.430994987487793;2.423891544342041;2.4202394485473633;2.426785469055176,0.01749303564429283,2518018000000
2.388942003250122;2.3975930213928223;2.4066035747528076;2.4138071537017822;2.4241349697113037;2.4290997982025146;2.456409454345703;2.456810235977173;2.487338066101074;2.4888722896575928;2.4976253509521484;2.5215647220611572;2.529560089111328;2.5373027324676514;2.556723117828369;2.6068077087402344;2.6127490997314453;2.6396753787994385;2.642491102218628;2.674342155456543;2.6933979988098145;2.7343201637268066;2.772665500640869;2.7827322483062744;2.8118207454681396;2.8697290420532227;2.8987605571746826;2.9369919300079346;2.970823049545288;2.998185634613037;3.049816846847534;3.0917418003082275;3.1296417713165283;3.1847333908081055;3.22774076461792;3.2953999042510986;3.3574440479278564;inf;inf;inf;inf;inf;inf;inf;inf;inf;inf;inf;inf;inf;inf;inf;inf;inf;inf;inf;inf;inf;inf;inf;inf;inf;inf;inf;inf;inf;inf;inf;inf;inf;inf;inf;inf;inf;inf;inf;inf;inf;inf;inf;inf;inf;inf;inf;inf;inf;inf;inf;inf;inf;inf;inf;inf;inf;inf;inf;inf;inf;inf;inf;inf;inf;inf;inf;inf;inf;inf;inf;inf;inf;inf;inf;inf;inf;inf;inf;inf;inf;inf;inf;inf;inf;inf;inf;inf;inf;inf;inf;inf;inf;inf;inf;inf;inf;inf;inf;inf;inf;inf;inf;inf;inf;inf;inf;inf;inf;inf;inf;inf;inf;inf;inf;inf;inf;inf;inf;inf;inf;inf;inf;inf;inf;inf;inf;inf;inf;inf;inf;inf;inf;inf;inf;inf;inf;inf;inf;inf;inf;inf;inf;inf;inf;inf;inf;inf;inf;inf;inf;inf;inf;inf;inf;inf;3.461996078491211;3.350930690765381;3.193981885910034;3.099123477935791;2.961151123046875;2.8732993602752686;2.767106294631958;2.692470073699951;2.6026625633239746;2.52579665184021;2.44881010055542;2.402536153793335;2.3522725105285645;2.2904608249664307;2.214975595474243;2.1783084869384766;2.131096124649048;2.071878671646118;2.0253031253814697;2.0028464794158936;1.9495993852615356;1.9372113943099976;1.8964431285858154;1.8488324880599976;1.8315784931182861;1.8100025653839111;1.7485384941101074;1.7308969497680664;1.7063504457473755;1.6960642337799072;1.6580625772476196;1.648544192314148;1.6363236904144287;1.6002336740493774;1.559262990951538;1.5645654201507568;1.5503038167953491;1.5253275632858276;1.5182042121887207;1.5061390399932861;1.476524829864502;1.4911092519760132;1.4787421226501465;1.4468616247177124;1.4383931159973145;1.4196782112121582;1.4402000904083252;1.4214950799942017;1.3987178802490234;1.3772947788238525;1.385999321937561;1.3759729862213135;1.3707988262176514;1.3759673833847046;1.3514623641967773;1.3568878173828125;1.362691044807434;1.3420358896255493;1.3378056287765503;1.339338779449463;1.3246068954467773;1.345070481300354;1.3206403255462646;1.3244653940200806;1.3286783695220947;1.3151075839996338;1.3308378458023071;1.3039976358413696;1.3206490278244019;1.3259135484695435;1.3385186195373535;1.3209362030029297;1.3205267190933228;1.3372986316680908;1.3228106498718262;1.354157567024231;1.3470169305801392;1.3363323211669922;1.3559705018997192;1.3703736066818237;1.3587172031402588;1.370876431465149;1.3715417385101318;1.3758866786956787;1.3825632333755493;1.4018583297729492;1.3959978818893433;1.3958474397659302;1.4062436819076538;1.4216934442520142;1.428122639656067;1.4412541389465332;1.4530200958251953;1.4781521558761597;1.471721887588501;1.472190260887146;1.5125981569290161;1.5102444887161255;1.5402265787124634;1.5591411590576172;1.5646051168441772;1.6001708507537842;1.6051661968231201;1.6220269203186035;1.6493940353393555;1.6588307619094849;1.6993576288223267;1.72532320022583;1.745822548866272;1.7642018795013428;1.8061600923538208;1.822740077972412;1.8542966842651367;1.8991708755493164;1.9435657262802124;1.9575300216674805;2.014882802963257;2.056319236755371;2.058436393737793;2.1287600994110107;2.195974826812744;2.204688787460327;2.2903926372528076;2.3604397773742676;2.391036033630371;2.4538536071777344;2.555424690246582;2.6225247383117676;2.688852071762085;2.690406084060669;2.684244155883789;2.626781463623047;2.636336326599121;2.5994601249694824;2.567369222640991;2.5522220134735107;2.5434224605560303;2.525214195251465;2.5077266693115234;2.4857654571533203;2.4838736057281494;2.4525983333587646;2.4587152004241943;2.4458963871002197;2.4111762046813965;2.4137110710144043;2.406280994415283;2.413438081741333;2.4040768146514893;2.3947391510009766;2.382026195526123;2.3844473361968994;2.3622708320617676;2.3944618701934814;2.3789446353912354;2.362055540084839;2.367030382156372;2.342730760574341;2.375638723373413;2.359105110168457;2.356748580932617;2.3749096393585205;2.379964828491211;2.375575304031372;2.370037317276001;2.396216869354248;2.3956000804901123,0.01749303564429283,2518218000000
2.4029431343078613;2.3922042846679688;2.4105148315429688;2.4326910972595215;2.433274269104004;2.4744904041290283;2.4795005321502686;2.4969520568847656;2.5120835304260254;2.515601873397827;2.5405304431915283;2.564469814300537;2.5916526317596436;2.628775119781494;2.6561787128448486;2.673532009124756;2.697753429412842;2.738473892211914;2.754324197769165;2.7764341831207275;2.81148099899292;2.8638384342193604;2.8876750469207764;2.942065715789795;2.9768176078796387;3.0317678451538086;3.0517947673797607;3.1069328784942627;3.165635347366333;3.2079975605010986;3.2732560634613037;3.3225533962249756;inf;inf;inf;inf;inf;inf;inf;inf;inf;inf;inf;inf;inf;inf;inf;inf;inf;inf;inf;inf;inf;inf;inf;inf;inf;inf;inf;inf;inf;inf;inf;inf;inf;inf;inf;inf;inf;inf;inf;inf;inf;inf;inf;inf;inf;inf;inf;inf;inf;inf;inf;inf;inf;inf;inf;inf;inf;inf;inf;inf;inf;inf;inf;inf;inf;inf;inf;inf;inf;inf;inf;inf;inf;inf;inf;inf;inf;inf;inf;inf;inf;inf;inf;inf;inf;inf;inf;inf;inf;inf;inf;inf;inf;inf;inf;inf;inf;inf;inf;inf;inf;inf;inf;inf;inf;inf;inf;inf;inf;inf;inf;inf;inf;inf;inf;inf;inf;inf;inf;inf;inf;inf;inf;inf;inf;inf;inf;inf;inf;inf;inf;inf;inf;inf;inf;inf;inf;inf;inf;inf;inf;inf;inf;inf;inf;inf;inf;inf;inf;inf;inf;inf;inf;inf;inf;inf;3.3879952430725098;3.2626516819000244;3.1280314922332764;3.0119903087615967;2.923293352127075;2.837402582168579;2.7299723625183105;2.6376302242279053;2.569120168685913;2.496584415435791;2.4448914527893066;2.3696649074554443;2.314056158065796;2.241771936416626;2.2083566188812256;2.1573331356048584;2.11570405960083;2.0684642791748047;2.0085325241088867;1.968493103981018;1.945905089378357;1.9207450151443481;1.8715564012527466;1.8370745182037354;1.798022747039795;1.7731190919876099;1.7594428062438965;1.7315149307250977;1.719391107559204;1.6799232959747314;1.6584664583206177;1.647186517715454;1.630395770072937;1.6080589294433594;1.5663220882415771;1.5649787187576294;1.5385055541992188;1.5312554836273193;1.5073894262313843;1.5129568576812744;1.483216643333435;1.4678622484207153;1.44139564037323;1.4512684345245361;1.4445782899856567;1.4305038452148438;1.4124886989593506;1.422413945198059;1.400018572807312;1.399271845817566;1.3689079284667969;1.3695971965789795;1.3796573877334595;1.381462812423706;1.3432257175445557;1.3718870878219604;1.3622628450393677;1.3668838739395142;1.368253231048584;1.3631432056427002;1.3224564790725708;1.3439104557037354;1.3435784578323364;1.3320670127868652;1.3281123638153076;1.3294435739517212;1.336182713508606;1.3333964347839355;1.3071351051330566;1.3625844717025757;1.331010341644287;1.346165418624878;1.337172508239746;1.3272652626037598;1.3317474126815796;1.3563344478607178;1.3535772562026978;1.3620463609695435;1.3615838289260864;1.3460227251052856;1.3749467134475708;1.364199161529541;1.3850184679031372;1.3860853910446167;1.3916409015655518;1.403154969215393;1.4249601364135742;1.4257254600524902;1.44871985912323;1.4390166997909546;1.442589282989502;1.460022211074829;1.4472953081130981;1.4958983659744263;1.4907023906707764;1.501460075378418;1.522544503211975;1.5461962223052979;1.5570378303527832;1.5666991472244263;1.5751391649246216;1.604761004447937;1.618613839149475;1.6405278444290161;1.6683483123779297;1.6991081237792969;1.7268502712249756;1.7434895038604736;1.7487351894378662;1.7928928136825562;1.8439966440200806;1.8572255373001099;1.8902106285095215;1.9204204082489014;1.9651466608047485;2.009760856628418;2.0448451042175293;2.0970916748046875;2.132019281387329;2.181149959564209;2.2295615673065186;2.272902250289917;2.341785430908203;2.396721601486206;2.438544511795044;2.5493974685668945;2.6165599822998047;2.671989917755127;2.6362979412078857;2.611609697341919;2.6090478897094727;2.5537917613983154;2.5441126823425293;2.5236456394195557;2.5219767093658447;2.5107944011688232;2.476208448410034;2.467275619506836;2.4568135738372803;2.4117801189422607;2.4219863414764404;2.4214937686920166;2.3995466232299805;2.376605749130249;2.3664307594299316;2.3616232872009277;2.374250650405884;2.3648130893707275;2.338167667388916;2.335176944732666;2.3230903148651123;2.3267643451690674;2.3320586681365967;2.3117129802703857;2.330383062362671;2.3104021549224854;2.326145887374878;2.334887981414795;2.3332359790802;2.335710287094116;2.3165998458862305;2.3341944217681885;2.3266899585723877;2.3358347415924072;2.3216378688812256;2.3334755897521973;2.348238706588745;2.369431495666504;2.372796058654785;2.3859541416168213;2.3832738399505615;2.3978116512298584,0.01749303564429283,2518418000000
2.441107988357544;2.448228359222412;2.463606834411621;2.468264579772949;2.5034732818603516;2.520803213119507;2.5482888221740723;2.560864210128784;2.55795955657959;2.607328414916992;2.6322247982025146;2.6633877754211426;2.6973094940185547;2.7296829223632812;2.7604644298553467;2.7901721000671387;2.841080665588379;2.857966423034668;2.9006946086883545;2.937700033187866;2.9660656452178955;3.033202886581421;3.075340509414673;3.1275269985198975;3.1830897331237793;3.237137794494629;3.2871100902557373;inf;inf;inf;inf;inf;inf;inf;inf;inf;inf;inf;inf;inf;inf;inf;inf;inf;inf;inf;inf;inf;inf;inf;inf;inf;inf;inf;inf;inf;inf;inf;inf;inf;inf;inf;inf;inf;inf;inf;inf;inf;inf;inf;inf;inf;inf;inf;inf;inf;inf;inf;inf;inf;inf;inf;inf;inf;inf;inf;inf;inf;inf;inf;inf;inf;inf;inf;inf;inf;inf;inf;inf;inf;inf;inf;inf;inf;inf;inf;inf;inf;inf;inf;inf;inf;inf;inf;inf;inf;inf;inf;inf;inf;inf;inf;inf;inf;inf;inf;inf;inf;inf;inf;inf;inf;inf;inf;inf;inf;inf;inf;inf;inf;inf;inf;inf;inf;inf;inf;inf;inf;inf;inf;inf;inf;inf;inf;inf;inf;inf;inf;inf;inf;inf;inf;inf;inf;inf;inf;inf;inf;inf;inf;inf;inf;inf;inf;inf;inf;inf;inf;inf;inf;inf;inf;3.437333345413208;3.3074095249176025;3.19442081451416;3.0747182369232178;2.9799258708953857;2.875765800476074;2.7764291763305664;2.6925504207611084;2.6230647563934326;2.542768955230713;2.471381425857544;2.39521861076355;2.3412351608276367;2.295644521713257;2.241513729095459;2.1972341537475586;2.1445727348327637;2.086994171142578;2.047309637069702;2.0091519355773926;1.955128788948059;1.9319881200790405;1.9148374795913696;1.8674683570861816;1.8381145000457764;1.7916170358657837;1.7692773342132568;1.7585325241088867;1.727710247039795;1.7049654722213745;1.6660081148147583;1.6707502603530884;1.6446603536605835;1.6266454458236694;1.5896035432815552;1.575931191444397;1.547974944114685;1.5461194515228271;1.5337833166122437;1.5171037912368774;1.5020686388015747;1.5006303787231445;1.4777370691299438;1.4830191135406494;1.4508830308914185;1.4440617561340332;1.4236524105072021;1.435983419418335;1.420156717300415;1.4331129789352417;1.4044203758239746;1.3880538940429688;1.405367374420166;1.3620654344558716;1.3718622922897339;1.3715496063232422;1.361056923866272;1.3358383178710938;1.3568294048309326;1.3521149158477783;1.345177412033081;1.3388093709945679;1.3436232805252075;1.3373531103134155;1.35457181930542;1.3276894092559814;1.349783182144165;1.3346806764602661;1.3357794284820557;1.345507025718689;1.349556803703308;1.34885573387146;1.3501280546188354;1.3438224792480469;1.349288821220398;1.36257803440094;1.3446334600448608;1.3650041818618774;1.365246057510376;1.3606325387954712;1.3706560134887695;1.3910220861434937;1.3933749198913574;1.3980557918548584;1.3947548866271973;1.4011762142181396;1.4119614362716675;1.445289969444275;1.441426157951355;1.4449890851974487;1.446900725364685;1.470757246017456;1.469900369644165;1.4872262477874756;1.5082988739013672;1.535951852798462;1.527971625328064;1.567976474761963;1.5626890659332275;1.5969148874282837;1.593944787979126;1.6165387630462646;1.6537450551986694;1.6654942035675049;1.6842619180679321;1.7113897800445557;1.741472601890564;1.7478917837142944;1.7767385244369507;1.812940239906311;1.8384860754013062;1.8770033121109009;1.9094618558883667;1.942240834236145;1.9650167226791382;2.013800621032715;2.056483507156372;2.1065471172332764;2.1598501205444336;2.1764180660247803;2.2385003566741943;2.307718515396118;2.3509535789489746;2.4146835803985596;2.4774270057678223;2.546156406402588;2.625791072845459;2.5935754776000977;2.5928592681884766;2.5693557262420654;2.5510008335113525;2.5211751461029053;2.492858648300171;2.4869065284729004;2.483706474304199;2.4376156330108643;2.4289376735687256;2.3976941108703613;2.4019930362701416;2.387277603149414;2.387826919555664;2.3540892601013184;2.350266695022583;2.334455728530884;2.329021692276001;2.328634023666382;2.289299249649048;2.304234504699707;2.3032500743865967;2.2989158630371094;2.2825706005096436;2.2829158306121826;2.2744243144989014;2.268721342086792;2.2473409175872803;2.2795028686523438;2.2704665660858154;2.279446840286255;2.27054500579834;2.2734806537628174;2.2858951091766357;2.2779381275177;2.278700590133667;2.2875988483428955;2.293321132659912;2.301868438720703;2.303194046020508;2.289437770843506;2.297476053237915;2.323718309402466;2.3027305603027344;2.3313992023468018;2.3503549098968506;2.3581433296203613;2.3733654022216797;2.377147912979126;2.404810905456543;2.4177987575531006,0.01749303564429283,2518618000000
2.48013973236084;2.5040974617004395;2.5076425075531006;2.554914951324463;2.5886099338531494;2.591245651245117;2.651341199874878;2.6770269870758057;2.6999082565307617;2.7289748191833496;2.7623229026794434;2.789191961288452;2.827845335006714;2.8644485473632812;2.9195406436920166;2.962148427963257;3.0024845600128174;3.0458779335021973;3.0929784774780273;3.1523468494415283;3.2224090099334717;inf;inf;inf;inf;inf;inf;inf;inf;inf;inf;inf;inf;inf;inf;inf;inf;inf;inf;inf;inf;inf;inf;inf;inf;inf;inf;inf;inf;inf;inf;inf;inf;inf;inf;inf;inf;inf;inf;inf;inf;inf;inf;inf;inf;inf;inf;inf;inf;inf;inf;inf;inf;inf;inf;inf;inf;inf;inf;inf;inf;inf;inf;inf;inf;inf;inf;inf;inf;inf;inf;inf;inf;inf;inf;inf;inf;inf;inf;inf;inf;inf;inf;inf;inf;inf;inf;inf;inf;inf;inf;inf;inf;inf;inf;inf;inf;inf;inf;inf;inf;inf;inf;inf;inf;inf;inf;inf;inf;inf;inf;inf;inf;inf;inf;inf;inf;inf;inf;inf;inf;inf;inf;inf;inf;inf;inf;inf;inf;inf;inf;inf;inf;inf;inf;inf;inf;inf;inf;inf;inf;inf;inf;inf;inf;inf;inf;inf;inf;inf;inf;inf;inf;inf;inf;inf;inf;3.4109811782836914;3.2637906074523926;3.1456356048583984;3.0228354930877686;2.9328019618988037;2.8455231189727783;2.747253656387329;2.6723132133483887;2.603802442550659;2.510439395904541;2.4591407775878906;2.3979909420013428;2.323464870452881;2.2767789363861084;2.2412846088409424;2.1641900539398193;2.1337807178497314;2.0910093784332275;2.0335922241210938;2.0066518783569336;1.9597243070602417;1.9332658052444458;1.9062913656234741;1.8772320747375488;1.8296657800674438;1.8197535276412964;1.7839128971099854;1.7509143352508545;1.7063992023468018;1.724711537361145;1.6736414432525635;1.6692835092544556;1.6340874433517456;1.6391829252243042;1.6020407676696777;1.577863097190857;1.587323546409607;1.5550353527069092;1.5507302284240723;1.5138018131256104;1.5105578899383545;1.514694094657898;1.4911918640136719;1.477135419845581;1.4666697978973389;1.4548004865646362;1.43113112449646;1.4244939088821411;1.4314451217651367;1.426282286643982;1.4130175113677979;1.4052016735076904;1.4076313972473145;1.3867177963256836;1.3929716348648071;1.3906645774841309;1.3841018676757812;1.3677340745925903;1.3767924308776855;1.3754756450653076;1.3764188289642334;1.362073540687561;1.357771396636963;1.364701509475708;1.3390061855316162;1.3734604120254517;1.3349024057388306;1.3675216436386108;1.364224910736084;1.3341928720474243;1.3568018674850464;1.3611873388290405;1.371239185333252;1.366066813468933;1.3695710897445679;1.3684228658676147;1.381329894065857;1.4045559167861938;1.3905888795852661;1.388547658920288;1.4107530117034912;1.393019437789917;1.3931632041931152;1.422051191329956;1.4119328260421753;1.445692777633667;1.4572112560272217;1.4618529081344604;1.459765911102295;1.478344440460205;1.4815627336502075;1.4897326231002808;1.498793363571167;1.5166488885879517;1.5390080213546753;1.5523202419281006;1.553612470626831;1.5931251049041748;1.5946599245071411;1.617431879043579;1.6508491039276123;1.665148138999939;1.6646032333374023;1.7091264724731445;1.708676815032959;1.7554173469543457;1.763784408569336;1.794514536857605;1.815769076347351;1.8581956624984741;1.8892496824264526;1.9123191833496094;1.9695690870285034;1.9955397844314575;2.02237868309021;2.0585672855377197;2.0999696254730225;2.139589786529541;2.21783709526062;2.2750415802001953;2.3011996746063232;2.37447452545166;2.422372817993164;2.4874775409698486;2.5696070194244385;2.604865312576294;2.5617377758026123;2.5484228134155273;2.5102102756500244;2.4982478618621826;2.4760046005249023;2.4672679901123047;2.4348247051239014;2.4021854400634766;2.400927782058716;2.3889334201812744;2.3624987602233887;2.347139596939087;2.3403613567352295;2.324186325073242;2.303520441055298;2.304797649383545;2.2692060470581055;2.2661142349243164;2.2854912281036377;2.264695167541504;2.26305890083313;2.251800775527954;2.2452690601348877;2.2409310340881348;2.2205567359924316;2.225531816482544;2.22361421585083;2.2163825035095215;2.206716537475586;2.221209764480591;2.237732172012329;2.2340598106384277;2.2204949855804443;2.243117332458496;2.2295382022857666;2.22159481048584;2.235051155090332;2.2479660511016846;2.233203172683716;2.2539331912994385;2.2600855827331543;2.266082763671875;2.2575418949127197;2.283055543899536;2.286855459213257;2.296309471130371;2.3231875896453857;2.32212495803833;2.342972755432129;2.3443586826324463;2.376171112060547;2.3799288272857666;2.3878979682922363;2.4210903644561768;2.4392504692077637;2.4587581157684326;2.471040725708008,0.01749303564429283,2518818000000
2.5683722496032715;2.5821328163146973;2.608215808868408;2.660881996154785;2.6924796104431152;2.717149496078491;2.75942063331604;2.8034651279449463;2.8265111446380615;2.8702950477600098;2.9267778396606445;2.972374677658081;3.0208325386047363;3.0842227935791016;3.1239330768585205;3.1738486289978027;inf;inf;inf;inf;inf;inf;inf;inf;inf;inf;inf;inf;inf;inf;inf;inf;inf;inf;inf;inf;inf;inf;inf;inf;inf;inf;inf;inf;inf;inf;inf;inf;inf;inf;inf;inf;inf;inf;inf;inf;inf;inf;inf;inf;inf;inf;inf;inf;inf;inf;inf;inf;inf;inf;inf;inf;inf;inf;inf;inf;inf;inf;inf;inf;inf;inf;inf;inf;inf;inf;inf;inf;inf;inf;inf;inf;inf;inf;inf;inf;inf;inf;inf;inf;inf;inf;inf;inf;inf;inf;inf;inf;inf;inf;inf;inf;inf;inf;inf;inf;inf;inf;inf;inf;inf;inf;inf;inf;inf;inf;inf;inf;inf;inf;inf;inf;inf;inf;inf;inf;inf;inf;inf;inf;inf;inf;inf;inf;inf;inf;inf;inf;inf;inf;inf;inf;inf;inf;inf;inf;inf;inf;inf;inf;inf;inf;inf;inf;inf;inf;inf;inf;inf;inf;inf;3.4977529048919678;3.3594067096710205;3.2262914180755615;3.097625970840454;3.0050859451293945;2.902005672454834;2.817643404006958;2.740755558013916;2.6380157470703125;2.582810878753662;2.518909454345703;2.452051877975464;2.3723971843719482;2.3345391750335693;2.2936344146728516;2.2269725799560547;2.178510904312134;2.1292591094970703;2.087975025177002;2.035684585571289;2.01466965675354;1.971050500869751;1.9694632291793823;1.8989282846450806;1.873789668083191;1.8530243635177612;1.8209595680236816;1.7862390279769897;1.7536664009094238;1.7523452043533325;1.717179298400879;1.681828498840332;1.6721874475479126;1.6678239107131958;1.617428183555603;1.6279652118682861;1.6156648397445679;1.5938663482666016;1.5712178945541382;1.5557341575622559;1.5420092344284058;1.536484718322754;1.5001378059387207;1.4983876943588257;1.4935110807418823;1.492436170578003;1.4795420169830322;1.4473587274551392;1.451903223991394;1.4601075649261475;1.4407691955566406;1.4246058464050293;1.4226064682006836;1.419060230255127;1.426129937171936;1.4072808027267456;1.3953278064727783;1.4006154537200928;1.3906686305999756;1.3865357637405396;1.3787226676940918;1.3862922191619873;1.385437250137329;1.3944615125656128;1.3746672868728638;1.38114595413208;1.3670059442520142;1.3710373640060425;1.3778489828109741;1.3864080905914307;1.4051543474197388;1.3706012964248657;1.3986446857452393;1.3828171491622925;1.4020729064941406;1.3751921653747559;1.4058120250701904;1.4066804647445679;1.4146653413772583;1.4039770364761353;1.4156686067581177;1.4365203380584717;1.4365930557250977;1.4377286434173584;1.4544482231140137;1.4667869806289673;1.461187481880188;1.4789011478424072;1.4842853546142578;1.4979891777038574;1.5100679397583008;1.5147498846054077;1.5147181749343872;1.5362979173660278;1.5304903984069824;1.5735652446746826;1.5777592658996582;1.587829351425171;1.6308298110961914;1.6469826698303223;1.6478110551834106;1.6867220401763916;1.6863418817520142;1.7171770334243774;1.7462929487228394;1.7635074853897095;1.790940761566162;1.8207430839538574;1.851568341255188;1.8753342628479004;1.8950839042663574;1.9459936618804932;1.9749521017074585;1.9970589876174927;2.0458014011383057;2.0864081382751465;2.133957624435425;2.192124128341675;2.221785545349121;2.261143922805786;2.3148508071899414;2.387153148651123;2.4451820850372314;2.5170345306396484;2.5814507007598877;2.540879011154175;2.5120849609375;2.4831433296203613;2.4883878231048584;2.452529191970825;2.4278249740600586;2.385892391204834;2.3910324573516846;2.377753734588623;2.3440961837768555;2.3328089714050293;2.3211593627929688;2.3133864402770996;2.310063600540161;2.2909932136535645;2.2667698860168457;2.269010543823242;2.247072219848633;2.2293577194213867;2.1999995708465576;2.2132620811462402;2.21175217628479;2.2013192176818848;2.2072415351867676;2.205141067504883;2.1975109577178955;2.210538387298584;2.192161798477173;2.1953721046447754;2.162684440612793;2.1743223667144775;2.180483818054199;2.1740424633026123;2.1718881130218506;2.176959753036499;2.1801857948303223;2.1745998859405518;2.184377670288086;2.2052056789398193;2.206209421157837;2.2211475372314453;2.211306571960449;2.21974515914917;2.210859537124634;2.2426605224609375;2.2221055030822754;2.244718074798584;2.2465710639953613;2.2716481685638428;2.2839372158050537;2.3048341274261475;2.3127994537353516;2.33038067817688;2.3574557304382324;2.3399336338043213;2.3658270835876465;2.3866353034973145;2.3988945484161377;2.439490556716919;2.4506847858428955;2.494581460952759;2.523744583129883;2.5255634784698486;2.5472636222839355,0.01749303564429283,2519019000000
2.6945955753326416;2.7463579177856445;2.7806735038757324;2.8279757499694824;2.8549282550811768;2.9078357219696045;2.9470019340515137;2.9950406551361084;3.0528616905212402;3.108642339706421;3.1681079864501953;inf;inf;inf;inf;inf;inf;inf;inf;inf;inf;inf;inf;inf;inf;inf;inf;inf;inf;inf;inf;inf;inf;inf;inf;inf;inf;inf;inf;inf;inf;inf;inf;inf;inf;inf;inf;inf;inf;inf;inf;inf;inf;inf;inf;inf;inf;inf;inf;inf;inf;inf;inf;inf;inf;inf;inf;inf;inf;inf;inf;inf;inf;inf;inf;inf;inf;inf;inf;inf;inf;inf;inf;inf;inf;inf;inf;inf;inf;inf;inf;inf;inf;inf;inf;inf;inf;inf;inf;inf;inf;inf;inf;inf;inf;inf;inf;inf;inf;inf;inf;inf;inf;inf;inf;inf;inf;inf;inf;inf;inf;inf;inf;inf;inf;inf;inf;inf;inf;inf;inf;inf;inf;inf;inf;inf;inf;inf;inf;inf;inf;inf;inf;inf;inf;inf;inf;inf;inf;inf;inf;inf;inf;inf;inf;inf;inf;inf;inf;inf;inf;inf;inf;inf;inf;inf;3.447490930557251;3.3247427940368652;3.2057247161865234;3.099411964416504;3.0019924640655518;2.886866569519043;2.805680513381958;2.7289931774139404;2.6492738723754883;2.5729877948760986;2.4862451553344727;2.4469892978668213;2.38177227973938;2.3269731998443604;2.2870852947235107;2.246624708175659;2.200885772705078;2.1402807235717773;2.0830636024475098;2.059415102005005;2.028848648071289;1.9907797574996948;1.964547872543335;1.9181350469589233;1.885718584060669;1.8793671131134033;1.8460906744003296;1.8040425777435303;1.7903709411621094;1.7672407627105713;1.7361148595809937;1.7163184881210327;1.6850610971450806;1.6740549802780151;1.6549745798110962;1.63246750831604;1.621646761894226;1.6053619384765625;1.568920612335205;1.571786642074585;1.553065538406372;1.5620731115341187;1.5315951108932495;1.5253487825393677;1.5081350803375244;1.496038556098938;1.4891598224639893;1.4958916902542114;1.4790912866592407;1.4798544645309448;1.4487382173538208;1.448309302330017;1.4467508792877197;1.4495849609375;1.4264003038406372;1.4406027793884277;1.425478458404541;1.4139537811279297;1.4272327423095703;1.41391122341156;1.4057625532150269;1.4223920106887817;1.4078634977340698;1.4040179252624512;1.3973653316497803;1.4101979732513428;1.3971962928771973;1.3971847295761108;1.414489507675171;1.4189234972000122;1.4072965383529663;1.4006351232528687;1.4204438924789429;1.4192572832107544;1.413014531135559;1.422194480895996;1.4359807968139648;1.4139894247055054;1.4366850852966309;1.440209150314331;1.471070647239685;1.4553158283233643;1.4595807790756226;1.4634979963302612;1.4795395135879517;1.4961955547332764;1.490192174911499;1.5004932880401611;1.515084981918335;1.527912974357605;1.5464670658111572;1.5419738292694092;1.5810291767120361;1.5918689966201782;1.5975651741027832;1.619560956954956;1.6253188848495483;1.6564747095108032;1.667909860610962;1.6772152185440063;1.6907795667648315;1.7245434522628784;1.7440483570098877;1.7611932754516602;1.7943379878997803;1.799216866493225;1.8440186977386475;1.8643745183944702;1.9034907817840576;1.9344472885131836;1.9602549076080322;1.9871163368225098;2.050523281097412;2.0666003227233887;2.1194560527801514;2.1266374588012695;2.209137439727783;2.2523398399353027;2.2815492153167725;2.3566486835479736;2.4158411026000977;2.4733071327209473;2.543830394744873;2.5283634662628174;2.499572277069092;2.4955697059631348;2.455125570297241;2.4415531158447266;2.4055750370025635;2.3736705780029297;2.348843812942505;2.3507814407348633;2.3186895847320557;2.3142824172973633;2.3187363147735596;2.2907817363739014;2.271272897720337;2.248347759246826;2.2567689418792725;2.218477487564087;2.224256992340088;2.1852476596832275;2.2028586864471436;2.193418264389038;2.175804376602173;2.1673288345336914;2.171142578125;2.16068434715271;2.1499221324920654;2.165968179702759;2.1354916095733643;2.1422712802886963;2.1377406120300293;2.13383412361145;2.127134323120117;2.144296407699585;2.1174328327178955;2.1448187828063965;2.1512253284454346;2.133296489715576;2.149754762649536;2.1349074840545654;2.1576039791107178;2.160846710205078;2.1552703380584717;2.174975872039795;2.190824031829834;2.181938886642456;2.18619966506958;2.197859525680542;2.2113404273986816;2.221832036972046;2.2273969650268555;2.2342007160186768;2.2546768188476562;2.262601613998413;2.270547866821289;2.287576675415039;2.3138155937194824;2.322033166885376;2.358811140060425;2.3595590591430664;2.374183416366577;2.413933515548706;2.4277570247650146;2.4420130252838135;2.501279592514038;2.5157687664031982;2.5171937942504883;2.5557212829589844;2.592390298843384;2.611745595932007;2.6489949226379395;2.671693801879883,0.01749303564429283,2519218000000
2.881852865219116;2.922525405883789;2.979804754257202;3.0393292903900146;3.0988736152648926;inf;inf;inf;inf;inf;inf;inf;inf;inf;inf;inf;inf;inf;inf;inf;inf;inf;inf;inf;inf;inf;inf;inf;inf;inf;inf;inf;inf;inf;inf;inf;inf;inf;inf;inf;inf;inf;inf;inf;inf;inf;inf;inf;inf;inf;inf;inf;inf;inf;inf;inf;inf;inf;inf;inf;inf;inf;inf;inf;inf;inf;inf;inf;inf;inf;inf;inf;inf;inf;inf;inf;inf;inf;inf;inf;inf;inf;inf;inf;inf;inf;inf;inf;inf;inf;inf;inf;inf;inf;inf;inf;inf;inf;inf;inf;inf;inf;inf;inf;inf;inf;inf;inf;inf;inf;inf;inf;inf;inf;inf;inf;inf;inf;inf;inf;inf;inf;inf;inf;inf;inf;inf;inf;inf;inf;inf;inf;inf;inf;inf;inf;inf;inf;inf;inf;inf;inf;inf;inf;inf;inf;inf;inf;inf;inf;inf;inf;inf;inf;inf;inf;inf;inf;inf;inf;inf;3.424609899520874;3.302797555923462;3.179032325744629;3.074740171432495;2.985433340072632;2.895954132080078;2.7955267429351807;2.7150049209594727;2.6756465435028076;2.569504737854004;2.4901609420776367;2.4547107219696045;2.402219295501709;2.3381826877593994;2.300318956375122;2.2440121173858643;2.1850011348724365;2.144745349884033;2.0852034091949463;2.0681586265563965;2.0404646396636963;1.9912453889846802;1.9607431888580322;1.9517024755477905;1.9072239398956299;1.864233136177063;1.865739107131958;1.8337010145187378;1.810614824295044;1.7822856903076172;1.7653018236160278;1.7338396310806274;1.7184265851974487;1.7111575603485107;1.6935973167419434;1.661957025527954;1.6390563249588013;1.658280611038208;1.5955216884613037;1.6231653690338135;1.5892791748046875;1.588297724723816;1.551255226135254;1.5217660665512085;1.548269510269165;1.545370101928711;1.5031884908676147;1.5078258514404297;1.483166217803955;1.484885811805725;1.4698538780212402;1.4772889614105225;1.4625874757766724;1.4889448881149292;1.464923620223999;1.4393928050994873;1.4409655332565308;1.4413238763809204;1.4432189464569092;1.4465564489364624;1.4434937238693237;1.4637361764907837;1.4354994297027588;1.4308068752288818;1.4390077590942383;1.4303821325302124;1.449493169784546;1.4390453100204468;1.4179246425628662;1.446796178817749;1.4240542650222778;1.4324641227722168;1.4679770469665527;1.4508641958236694;1.4731227159500122;1.4497263431549072;1.4591871500015259;1.4713066816329956;1.4761239290237427;1.4644529819488525;1.466783046722412;1.4866509437561035;1.5002321004867554;1.5151370763778687;1.5126938819885254;1.5218632221221924;1.5392143726348877;1.5393168926239014;1.5710042715072632;1.558164119720459;1.6007471084594727;1.6118735074996948;1.6137045621871948;1.6381187438964844;1.648646354675293;1.6606948375701904;1.6827197074890137;1.7151038646697998;1.6990398168563843;1.7320828437805176;1.760226845741272;1.785393238067627;1.8042455911636353;1.8263368606567383;1.8464018106460571;1.8618611097335815;1.9007318019866943;1.9271267652511597;1.9517195224761963;2.0061159133911133;2.0211236476898193;2.0572619438171387;2.0998802185058594;2.163928508758545;2.1869211196899414;2.227754592895508;2.271174430847168;2.339235782623291;2.372922897338867;2.456714630126953;2.5119810104370117;2.530818223953247;2.4726099967956543;2.496891498565674;2.4371044635772705;2.4158935546875;2.4014501571655273;2.3886125087738037;2.3591082096099854;2.3209922313690186;2.311060667037964;2.2941136360168457;2.2673676013946533;2.2721402645111084;2.2366487979888916;2.235161781311035;2.1972241401672363;2.217081069946289;2.1894266605377197;2.1710000038146973;2.169294834136963;2.1643259525299072;2.164719343185425;2.1407103538513184;2.1300418376922607;2.135324239730835;2.1267921924591064;2.112905502319336;2.097599506378174;2.1088695526123047;2.0958778858184814;2.0996055603027344;2.0886905193328857;2.0794014930725098;2.0742268562316895;2.089754104614258;2.1033806800842285;2.113614320755005;2.1159768104553223;2.093682050704956;2.0976314544677734;2.1019253730773926;2.1087591648101807;2.1094770431518555;2.1068129539489746;2.121613025665283;2.1095998287200928;2.1300787925720215;2.1506996154785156;2.16701078414917;2.1660079956054688;2.18645977973938;2.202457904815674;2.192697763442993;2.2039072513580322;2.2346858978271484;2.2467501163482666;2.2698352336883545;2.2909841537475586;2.288774251937866;2.3023314476013184;2.3296854496002197;2.3847973346710205;2.3745062351226807;2.4076197147369385;2.445732593536377;2.4541823863983154;2.4607295989990234;2.5144805908203125;2.541945219039917;2.5713326930999756;2.5879404544830322;2.626376152038574;2.655722141265869;2.712261438369751;2.7444255352020264;2.7720043659210205;2.8281314373016357;2.8728725910186768,0.01749303564429283,2519418000000
inf;inf;inf;inf;inf;inf;inf;inf;inf;inf;inf;inf;inf;inf;inf;inf;inf;inf;inf;inf;inf;inf;inf;inf;inf;inf;inf;inf;inf;inf;inf;inf;inf;inf;inf;inf;inf;inf;inf;inf;inf;inf;inf;inf;inf;inf;inf;inf;inf;inf;inf;inf;inf;inf;inf;inf;inf;inf;inf;inf;inf;inf;inf;inf;inf;inf;inf;inf;inf;inf;inf;inf;inf;inf;inf;inf;inf;inf;inf;inf;inf;inf;inf;inf;inf;inf;inf;inf;inf;inf;inf;inf;inf;inf;inf;inf;inf;inf;inf;inf;inf;inf;inf;inf;inf;inf;inf;inf;inf;inf;inf;inf;inf;inf;inf;inf;inf;inf;inf;inf;inf;inf;inf;inf;inf;inf;inf;inf;inf;inf;inf;inf;inf;inf;inf;inf;inf;inf;inf;inf;inf;inf;inf;inf;inf;inf;inf;inf;inf;inf;inf;inf;inf;inf;inf;inf;3.4073526859283447;3.2992937564849854;3.1896579265594482;3.0811593532562256;2.9965219497680664;2.8892900943756104;2.8276963233947754;2.7239484786987305;2.6668145656585693;2.581186294555664;2.5165932178497314;2.471698522567749;2.4264097213745117;2.3591835498809814;2.3169238567352295;2.276961326599121;2.225609064102173;2.170485496520996;2.1300463676452637;2.0920917987823486;2.061567544937134;2.0339925289154053;1.971954107284546;1.9677830934524536;1.9506062269210815;1.9041646718978882;1.8671581745147705;1.8543813228607178;1.8200280666351318;1.8019107580184937;1.7639285326004028;1.7517107725143433;1.740136981010437;1.715116262435913;1.7120447158813477;1.6935902833938599;1.6658414602279663;1.65361487865448;1.634625792503357;1.6253173351287842;1.6070107221603394;1.6079143285751343;1.5969613790512085;1.5889198780059814;1.5759775638580322;1.5756033658981323;1.5334808826446533;1.530152440071106;1.5191566944122314;1.5421650409698486;1.516152262687683;1.5060516595840454;1.488412857055664;1.499229907989502;1.4839787483215332;1.4977219104766846;1.4800479412078857;1.4806398153305054;1.4822304248809814;1.4952847957611084;1.4793592691421509;1.4747631549835205;1.4803000688552856;1.4655197858810425;1.4633926153182983;1.4636802673339844;1.4849110841751099;1.4610124826431274;1.4681315422058105;1.4816710948944092;1.455454707145691;1.4834967851638794;1.4898930788040161;1.491400122642517;1.5003527402877808;1.5123076438903809;1.5080925226211548;1.5131876468658447;1.4947515726089478;1.5197851657867432;1.529988169670105;1.5364753007888794;1.5552963018417358;1.5387003421783447;1.5744491815567017;1.5803269147872925;1.583559274673462;1.5861867666244507;1.6069343090057373;1.6191856861114502;1.6191449165344238;1.6372649669647217;1.661921739578247;1.6794458627700806;1.6932426691055298;1.7299362421035767;1.7274307012557983;1.7397167682647705;1.7618528604507446;1.7879247665405273;1.8102344274520874;1.8274177312850952;1.8559001684188843;1.880293369293213;1.9102165699005127;1.928806185722351;1.9637079238891602;1.994637370109558;2.0354905128479004;2.080049514770508;2.1106512546539307;2.145188331604004;2.192535400390625;2.230536460876465;2.275766372680664;2.328803777694702;2.3804023265838623;2.4378528594970703;2.4833714962005615;2.5395560264587402;2.4997198581695557;2.4675214290618896;2.443565607070923;2.4036505222320557;2.3990378379821777;2.3495516777038574;2.327279567718506;2.338184118270874;2.3075408935546875;2.308048725128174;2.2511801719665527;2.2432286739349365;2.2413642406463623;2.1911842823028564;2.1840884685516357;2.161580801010132;2.17126202583313;2.140758991241455;2.141754388809204;2.1586201190948486;2.1326537132263184;2.1073479652404785;2.087120294570923;2.0858089923858643;2.103168487548828;2.0932581424713135;2.064162254333496;2.077390193939209;2.04543137550354;2.0621511936187744;2.0831103324890137;2.0591797828674316;2.052049398422241;2.0681796073913574;2.0656251907348633;2.0501842498779297;2.042320489883423;2.074385166168213;2.0693016052246094;2.0477302074432373;2.0648701190948486;2.068059206008911;2.0778534412384033;2.090728521347046;2.081023931503296;2.0832440853118896;2.1021924018859863;2.1260173320770264;2.0992398262023926;2.1348490715026855;2.13511061668396;2.1383092403411865;2.169102907180786;2.181964159011841;2.188037157058716;2.222320079803467;2.2185027599334717;2.2342231273651123;2.256746292114258;2.2574446201324463;2.2967309951782227;2.3046181201934814;2.3394813537597656;2.357029438018799;2.3717527389526367;2.391282320022583;2.4372029304504395;2.441969156265259;2.4763407707214355;2.501673936843872;2.5368611812591553;2.5552315711975098;2.618356466293335;2.6606597900390625;2.694040060043335;2.7174072265625;2.745290756225586;2.815499782562256;2.8541998863220215;2.9034407138824463;2.956157922744751;3.017141103744507;3.062054395675659;inf,0.01749303564429283,2519618000000
inf;inf;inf;inf;inf;inf;inf;inf;inf;inf;inf;inf;inf;inf;inf;inf;inf;inf;inf;inf;inf;inf;inf;inf;inf;inf;inf;inf;inf;inf;inf;inf;inf;inf;inf;inf;inf;inf;inf;inf;inf;inf;inf;inf;inf;inf;inf;inf;inf;inf;inf;inf;inf;inf;inf;inf;inf;inf;inf;inf;inf;inf;inf;inf;inf;inf;inf;inf;inf;inf;inf;inf;inf;inf;inf;inf;inf;inf;inf;inf;inf;inf;inf;inf;inf;inf;inf;inf;inf;inf;inf;inf;inf;inf;inf;inf;inf;inf;inf;inf;inf;inf;inf;inf;inf;inf;inf;inf;inf;inf;inf;inf;inf;inf;inf;inf;inf;inf;inf;inf;inf;inf;inf;inf;inf;inf;inf;inf;inf;inf;inf;inf;inf;inf;inf;inf;inf;inf;inf;inf;inf;inf;inf;inf;inf;inf;inf;inf;inf;inf;inf;3.415583372116089;3.298948287963867;3.187009334564209;3.0749740600585938;2.990792751312256;2.906620740890503;2.8219854831695557;2.7454559803009033;2.6876394748687744;2.6243557929992676;2.5404725074768066;2.469221353530884;2.4420039653778076;2.3692896366119385;2.335649013519287;2.2839314937591553;2.2459373474121094;2.2085702419281006;2.1596922874450684;2.1123368740081787;2.104372501373291;2.0495712757110596;2.021270513534546;2.0050365924835205;1.9735748767852783;1.9387187957763672;1.9182695150375366;1.8821834325790405;1.8551777601242065;1.8464717864990234;1.8477625846862793;1.7999273538589478;1.7595431804656982;1.7355347871780396;1.752638578414917;1.7114812135696411;1.6891148090362549;1.6724779605865479;1.664023756980896;1.667033076286316;1.640871286392212;1.6399506330490112;1.6294355392456055;1.602239727973938;1.593323826789856;1.6030545234680176;1.5970845222473145;1.5738252401351929;1.543558120727539;1.552476167678833;1.5562877655029297;1.5451290607452393;1.5157166719436646;1.5334489345550537;1.5117424726486206;1.528724193572998;1.513091802597046;1.5100842714309692;1.5284982919692993;1.4974256753921509;1.5208289623260498;1.512567400932312;1.5066617727279663;1.514509677886963;1.4990205764770508;1.4754302501678467;1.5075713396072388;1.5028804540634155;1.5151714086532593;1.5085461139678955;1.4925611019134521;1.5201231241226196;1.5321122407913208;1.5341778993606567;1.5219792127609253;1.5321670770645142;1.5304776430130005;1.5518144369125366;1.5573809146881104;1.5535961389541626;1.5723909139633179;1.577282428741455;1.5774738788604736;1.5958325862884521;1.6230261325836182;1.6110032796859741;1.630053162574768;1.6499083042144775;1.6714011430740356;1.6778620481491089;1.6754306554794312;1.6917331218719482;1.700516700744629;1.729845404624939;1.7568150758743286;1.776628851890564;1.7918144464492798;1.8109261989593506;1.834254264831543;1.8453696966171265;1.8566834926605225;1.8890972137451172;1.9105368852615356;1.9490137100219727;1.9684548377990723;2.0018563270568848;2.0446033477783203;2.077139139175415;2.1119141578674316;2.1485023498535156;2.1838252544403076;2.2512362003326416;2.2899489402770996;2.317007303237915;2.3707141876220703;2.4340624809265137;2.458747386932373;2.530479907989502;2.470672130584717;2.4750866889953613;2.440709114074707;2.393033504486084;2.367466926574707;2.3805184364318848;2.330744743347168;2.3114914894104004;2.279702663421631;2.264324903488159;2.2253711223602295;2.2381980419158936;2.2213895320892334;2.1912949085235596;2.177316665649414;2.1587133407592773;2.1509947776794434;2.1288976669311523;2.1194941997528076;2.106565475463867;2.0859179496765137;2.099972724914551;2.069913625717163;2.064387798309326;2.0550193786621094;2.0466439723968506;2.052816867828369;2.058058500289917;2.045933485031128;2.059908628463745;2.049060106277466;2.0133941173553467;2.011056661605835;2.024376392364502;2.033607006072998;2.010098695755005;2.033616542816162;2.0395891666412354;2.036151170730591;2.0251874923706055;2.036318778991699;2.0219695568084717;2.0454540252685547;2.042371988296509;2.044098138809204;2.0522360801696777;2.0684256553649902;2.0558454990386963;2.078477144241333;2.077423334121704;2.1028220653533936;2.103095054626465;2.129106044769287;2.1216061115264893;2.143979072570801;2.1425585746765137;2.169766664505005;2.178290605545044;2.165675401687622;2.2147839069366455;2.2175092697143555;2.2393879890441895;2.2820186614990234;2.291398763656616;2.302802562713623;2.319368839263916;2.363093852996826;2.382105827331543;2.406583547592163;2.4363512992858887;2.4646339416503906;2.4915056228637695;2.5364670753479004;2.561873197555542;2.5930728912353516;2.6174254417419434;2.6695754528045654;2.720991849899292;2.7438302040100098;2.814223051071167;2.8580145835876465;2.8926944732666016;2.963684558868408;3.0147955417633057;inf;inf;inf;inf;inf;inf;inf,0.01749303564429283,2519818000000
inf;inf;inf;inf;inf;inf;inf;inf;inf;inf;inf;inf;inf;inf;inf;inf;inf;inf;inf;inf;inf;inf;inf;inf;inf;inf;inf;inf;inf;inf;inf;inf;inf;inf;inf;inf;inf;inf;inf;inf;inf;inf;inf;inf;inf;inf;inf;inf;inf;inf;inf;inf;inf;inf;inf;inf;inf;inf;inf;inf;inf;inf;inf;inf;inf;inf;inf;inf;inf;inf;inf;inf;inf;inf;inf;inf;inf;inf;inf;inf;inf;inf;inf;inf;inf;inf;inf;inf;inf;inf;inf;inf;inf;inf;inf;inf;inf;inf;inf;inf;inf;inf;inf;inf;inf;inf;inf;inf;inf;inf;inf;inf;inf;inf;inf;inf;inf;inf;inf;inf;inf;inf;inf;inf;inf;inf;inf;inf;inf;inf;inf;inf;inf;inf;inf;inf;inf;inf;inf;inf;inf;inf;inf;inf;inf;inf;3.4391236305236816;3.2842824459075928;3.2090063095092773;3.0968329906463623;3.0091488361358643;2.928016185760498;2.8380234241485596;2.763132095336914;2.695868968963623;2.634490728378296;2.568014144897461;2.515737771987915;2.458207368850708;2.418757438659668;2.3504765033721924;2.307697296142578;2.2796452045440674;2.2284045219421387;2.176072120666504;2.1516191959381104;2.1297779083251953;2.0894601345062256;2.0572004318237305;2.0238616466522217;1.9809037446975708;1.9526559114456177;1.9515019655227661;1.9082982540130615;1.8925944566726685;1.866468906402588;1.8449480533599854;1.8374074697494507;1.7940510511398315;1.7792044878005981;1.7716366052627563;1.7457616329193115;1.7399572134017944;1.7177284955978394;1.6936343908309937;1.682373046875;1.6681396961212158;1.664548397064209;1.6533284187316895;1.6345638036727905;1.6544781923294067;1.6183483600616455;1.611526370048523;1.614586591720581;1.5988743305206299;1.6068843603134155;1.582288384437561;1.5777637958526611;1.577549695968628;1.5770025253295898;1.5795704126358032;1.558142066001892;1.5530791282653809;1.551277756690979;1.5421322584152222;1.5584391355514526;1.551308274269104;1.5532077550888062;1.5415009260177612;1.5204213857650757;1.5461022853851318;1.5495917797088623;1.5348329544067383;1.5469636917114258;1.5465887784957886;1.5526565313339233;1.540297031402588;1.5514463186264038;1.5789425373077393;1.572666049003601;1.5796107053756714;1.5891493558883667;1.5776087045669556;1.6025359630584717;1.6190906763076782;1.602476716041565;1.6231839656829834;1.6290018558502197;1.6336809396743774;1.650123119354248;1.6477439403533936;1.6668516397476196;1.6824089288711548;1.6832484006881714;1.699150800704956;1.7262178659439087;1.7418358325958252;1.747100591659546;1.786527395248413;1.7949761152267456;1.8010914325714111;1.8357837200164795;1.8483525514602661;1.8854833841323853;1.8844538927078247;1.923668384552002;1.9489654302597046;1.9779256582260132;2.0018246173858643;2.0387938022613525;2.0581843852996826;2.075272798538208;2.139335870742798;2.1591758728027344;2.172546148300171;2.241262674331665;2.2687809467315674;2.325706720352173;2.368718385696411;2.4156205654144287;2.4774105548858643;2.519127130508423;2.484731674194336;2.4603652954101562;2.4462664127349854;2.4080774784088135;2.3626317977905273;2.334918975830078;2.337015151977539;2.3157999515533447;2.265728712081909;2.2565534114837646;2.2204818725585938;2.2041945457458496;2.1886441707611084;2.19368839263916;2.172558069229126;2.1488287448883057;2.11741042137146;2.1370201110839844;2.10288143157959;2.077906608581543;2.086289167404175;2.0667457580566406;2.064145565032959;2.0547232627868652;2.0431857109069824;2.03743052482605;2.040173292160034;2.0452687740325928;2.0121161937713623;2.009366750717163;2.0024240016937256;1.977043867111206;1.9909049272537231;2.0071542263031006;2.0145888328552246;1.9957188367843628;2.0051584243774414;2.007498025894165;2.0229058265686035;1.9982194900512695;2.006162166595459;1.9825317859649658;2.008711099624634;2.008692502975464;2.004096031188965;2.0075666904449463;2.025033712387085;2.0449180603027344;2.0301289558410645;2.0527329444885254;2.026407480239868;2.0591139793395996;2.0702099800109863;2.0712130069732666;2.092651128768921;2.105154275894165;2.126851797103882;2.1403510570526123;2.1490225791931152;2.137316942214966;2.1594626903533936;2.1903882026672363;2.2033865451812744;2.216184377670288;2.2438576221466064;2.250532627105713;2.274381160736084;2.3009324073791504;2.3457696437835693;2.3642609119415283;2.3881170749664307;2.421950578689575;2.436300039291382;2.4889492988586426;2.522310972213745;2.5447986125946045;2.5925638675689697;2.6141810417175293;2.680246591567993;2.696578025817871;2.7428877353668213;2.7950689792633057;2.823990821838379;2.8924319744110107;2.944114923477173;inf;inf;inf;inf;inf;inf;inf;inf;inf;inf;inf;inf;inf,0.01749303564429283,2520018000000
inf;inf;inf;inf;inf;inf;inf;inf;inf;inf;inf;inf;inf;inf;inf;inf;inf;inf;inf;inf;inf;inf;inf;inf;inf;inf;inf;inf;inf;inf;inf;inf;inf;inf;inf;inf;inf;inf;inf;inf;inf;inf;inf;inf;inf;inf;inf;inf;inf;inf;inf;inf;inf;inf;inf;inf;inf;inf;inf;inf;inf;inf;inf;inf;inf;inf;inf;inf;inf;inf;inf;inf;inf;inf;inf;inf;inf;inf;inf;inf;inf;inf;inf;inf;inf;inf;inf;inf;inf;inf;inf;inf;inf;inf;inf;inf;inf;inf;inf;inf;inf;inf;inf;inf;inf;inf;inf;inf;inf;inf;inf;inf;inf;inf;inf;inf;inf;inf;inf;inf;inf;inf;inf;inf;inf;inf;inf;inf;inf;inf;inf;inf;inf;inf;inf;inf;inf;inf;inf;inf;inf;3.418626070022583;3.3221702575683594;3.1983776092529297;3.1183571815490723;3.0376405715942383;2.951399326324463;2.8638317584991455;2.8091442584991455;2.7389955520629883;2.6721584796905518;2.619981527328491;2.5332231521606445;2.497433662414551;2.440621852874756;2.396052360534668;2.354093313217163;2.304708242416382;2.261842727661133;2.215712308883667;2.1894543170928955;2.13420033454895;2.1090495586395264;2.0896339416503906;2.038919448852539;2.0099892616271973;2.0039238929748535;1.955422043800354;1.9473965167999268;1.9354758262634277;1.9067461490631104;1.8884035348892212;1.850418210029602;1.8306540250778198;1.824152946472168;1.8099517822265625;1.7752670049667358;1.7672144174575806;1.7670866250991821;1.7502838373184204;1.7414520978927612;1.7283746004104614;1.711485743522644;1.6983346939086914;1.6976866722106934;1.6740444898605347;1.6686474084854126;1.6540595293045044;1.6605894565582275;1.64595627784729;1.6255319118499756;1.6256203651428223;1.6144300699234009;1.6172977685928345;1.6083080768585205;1.601741075515747;1.6105457544326782;1.6075371503829956;1.5966615676879883;1.5962790250778198;1.576157569885254;1.587795615196228;1.5963083505630493;1.6023147106170654;1.6057788133621216;1.577783465385437;1.591888189315796;1.5938811302185059;1.604871392250061;1.6083335876464844;1.6042238473892212;1.6040699481964111;1.6303813457489014;1.6178719997406006;1.6307792663574219;1.6298441886901855;1.642438292503357;1.623544454574585;1.65504789352417;1.657923698425293;1.666003704071045;1.6655250787734985;1.6773988008499146;1.703163743019104;1.7034969329833984;1.7163312435150146;1.7221381664276123;1.726600170135498;1.7487621307373047;1.7579185962677002;1.7714216709136963;1.808279275894165;1.7834436893463135;1.8465758562088013;1.862593650817871;1.8618420362472534;1.914478063583374;1.9225821495056152;1.9475717544555664;1.9514648914337158;2.008699893951416;2.011806011199951;2.0291409492492676;2.068263053894043;2.1041996479034424;2.127850294113159;2.1595523357391357;2.1874895095825195;2.246051549911499;2.292581558227539;2.3256754875183105;2.373103141784668;2.4314939975738525;2.4742178916931152;2.5190250873565674;2.497168779373169;2.4688639640808105;2.4483065605163574;2.4021124839782715;2.383828639984131;2.347714900970459;2.3186748027801514;2.306401491165161;2.274599075317383;2.2536706924438477;2.2304842472076416;2.2261879444122314;2.200936794281006;2.1595489978790283;2.1574337482452393;2.145714044570923;2.1285150051116943;2.10191011428833;2.0992019176483154;2.08197021484375;2.0584263801574707;2.053468704223633;2.0569610595703125;2.0484025478363037;2.0397286415100098;2.0426368713378906;2.03309965133667;2.0169053077697754;2.00537109375;1.9787311553955078;2.009115219116211;1.9847559928894043;1.9878735542297363;1.9736251831054688;1.97689688205719;1.975145697593689;1.9696801900863647;1.9694361686706543;1.976952314376831;1.9662888050079346;1.968545913696289;1.959213376045227;1.963984489440918;1.9777332544326782;1.9996154308319092;1.9919394254684448;1.9888111352920532;1.9879955053329468;2.004195213317871;2.007052183151245;2.035276412963867;2.0238842964172363;2.0512099266052246;2.051635265350342;2.052274227142334;2.0430688858032227;2.068478584289551;2.0830624103546143;2.1052498817443848;2.1156373023986816;2.114727735519409;2.1303188800811768;2.1552116870880127;2.179908514022827;2.1889657974243164;2.2166168689727783;2.23911190032959;2.24832820892334;2.2685327529907227;2.304138422012329;2.3252530097961426;2.3258841037750244;2.3802833557128906;2.411088228225708;2.4362025260925293;2.485259771347046;2.5006892681121826;2.5348424911499023;2.567108631134033;2.621925115585327;2.6547746658325195;2.688857078552246;2.745771884918213;2.7888338565826416;2.841810941696167;2.884036064147949;inf;inf;inf;inf;inf;inf;inf;inf;inf;inf;inf;inf;inf;inf;inf;inf;inf;inf;inf,0.01749303564429283,2520218000000
inf;inf;inf;inf;inf;inf;inf;inf;inf;inf;inf;inf;inf;inf;inf;inf;inf;inf;inf;inf;inf;inf;inf;inf;inf;inf;inf;inf;inf;inf;inf;inf;inf;inf;inf;inf;inf;inf;inf;inf;inf;inf;inf;inf;inf;inf;inf;inf;inf;inf;inf;inf;inf;inf;inf;inf;inf;inf;inf;inf;inf;inf;inf;inf;inf;inf;inf;inf;inf;inf;inf;inf;inf;inf;inf;inf;inf;inf;inf;inf;inf;inf;inf;inf;inf;inf;inf;inf;inf;inf;inf;inf;inf;inf;inf;inf;inf;inf;inf;inf;inf;inf;inf;inf;inf;inf;inf;inf;inf;inf;inf;inf;inf;inf;inf;inf;inf;inf;inf;inf;inf;inf;inf;inf;inf;inf;inf;inf;inf;inf;inf;inf;inf;inf;inf;inf;3.446877956390381;3.3366031646728516;3.235581874847412;3.132690191268921;3.0427563190460205;2.9753901958465576;2.8870155811309814;2.8164610862731934;2.756059169769287;2.69948673248291;2.639777421951294;2.589285135269165;2.542097568511963;2.485353708267212;2.4262189865112305;2.372746229171753;2.3509397506713867;2.2905476093292236;2.263514518737793;2.216743230819702;2.17130184173584;2.1561837196350098;2.1355535984039307;2.087395429611206;2.0647785663604736;2.0385754108428955;2.018545627593994;1.983529806137085;1.982861876487732;1.9520201683044434;1.923567533493042;1.9035069942474365;1.8702915906906128;1.8527958393096924;1.8584184646606445;1.8382152318954468;1.8207136392593384;1.7953124046325684;1.7915006875991821;1.7792410850524902;1.753499984741211;1.739218831062317;1.754874587059021;1.737155556678772;1.7137638330459595;1.6975148916244507;1.7013888359069824;1.694352388381958;1.6890623569488525;1.6755775213241577;1.6655950546264648;1.6672972440719604;1.6651173830032349;1.6489760875701904;1.6387403011322021;1.6491354703903198;1.6440455913543701;1.652163028717041;1.6482982635498047;1.6414670944213867;1.6392979621887207;1.6450204849243164;1.647572636604309;1.6456788778305054;1.632026195526123;1.637839674949646;1.6404222249984741;1.6579715013504028;1.6421765089035034;1.6377476453781128;1.6550081968307495;1.6619138717651367;1.6770358085632324;1.6689307689666748;1.6569983959197998;1.686056137084961;1.6960031986236572;1.7008806467056274;1.692214012145996;1.7164338827133179;1.713512659072876;1.738908052444458;1.7393598556518555;1.739214539527893;1.7777535915374756;1.790420413017273;1.7991591691970825;1.8004459142684937;1.8155308961868286;1.8650250434875488;1.8488050699234009;1.8942387104034424;1.8959877490997314;1.9057579040527344;1.92629075050354;1.9622732400894165;1.9861226081848145;2.0073111057281494;2.0361571311950684;2.064990520477295;2.0912704467773438;2.113368272781372;2.140427350997925;2.185656785964966;2.220999240875244;2.2680766582489014;2.2958555221557617;2.3287320137023926;2.384044647216797;2.4091334342956543;2.4764113426208496;2.5313682556152344;2.5225093364715576;2.4938254356384277;2.4493422508239746;2.4055609703063965;2.4000632762908936;2.3518571853637695;2.3304636478424072;2.2978005409240723;2.2882606983184814;2.2570383548736572;2.2329955101013184;2.210980176925659;2.193936586380005;2.16601300239563;2.16921067237854;2.131519317626953;2.1346218585968018;2.1124486923217773;2.1006271839141846;2.092378616333008;2.0640084743499756;2.0627894401550293;2.0433530807495117;2.0243594646453857;2.0054116249084473;2.0129027366638184;2.0149104595184326;1.9857275485992432;2.00256085395813;1.9892363548278809;1.9839015007019043;1.9526950120925903;1.9762485027313232;1.9426097869873047;1.9571807384490967;1.953768253326416;1.9560655355453491;1.944027304649353;1.9423227310180664;1.9619197845458984;1.9498887062072754;1.9473665952682495;1.9408199787139893;1.9563268423080444;1.9486902952194214;1.9686521291732788;1.9656492471694946;1.967578649520874;1.9581509828567505;1.9787622690200806;1.9808217287063599;1.9992283582687378;2.015695571899414;2.0219783782958984;2.01971697807312;2.023442268371582;2.0492420196533203;2.0426228046417236;2.057037115097046;2.0863006114959717;2.073631525039673;2.11047625541687;2.098759174346924;2.139308452606201;2.1359472274780273;2.175821304321289;2.174884796142578;2.210378408432007;2.2219905853271484;2.2422983646392822;2.2694151401519775;2.2889058589935303;2.3158395290374756;2.36124849319458;2.3965249061584473;2.407407760620117;2.430433511734009;2.4546966552734375;2.49798846244812;2.527801752090454;2.5768401622772217;2.624321460723877;2.649249792098999;2.718952178955078;2.73594069480896;2.7988977432250977;2.8366873264312744;inf;inf;inf;inf;inf;inf;inf;inf;inf;inf;inf;inf;inf;inf;inf;inf;inf;inf;inf;inf;inf;inf;inf;inf;inf,0.01749303564429283,2520418000000
inf;inf;inf;inf;inf;inf;inf;inf;inf;inf;inf;inf;inf;inf;inf;inf;inf;inf;inf;inf;inf;inf;inf;inf;inf;inf;inf;inf;inf;inf;inf;inf;inf;inf;inf;inf;inf;inf;inf;inf;inf;inf;inf;inf;inf;inf;inf;inf;inf;inf;inf;inf;inf;inf;inf;inf;inf;inf;inf;inf;inf;inf;inf;inf;inf;inf;inf;inf;inf;inf;inf;inf;inf;inf;inf;inf;inf;inf;inf;inf;inf;inf;inf;inf;inf;inf;inf;inf;inf;inf;inf;inf;inf;inf;inf;inf;inf;inf;inf;inf;inf;inf;inf;inf;inf;inf;inf;inf;inf;inf;inf;inf;inf;inf;inf;inf;inf;inf;inf;inf;inf;inf;inf;inf;inf;inf;inf;inf;inf;inf;inf;3.456681251525879;3.339682102203369;3.2513680458068848;3.1612091064453125;3.060896396636963;3.0056772232055664;2.9287209510803223;2.848512649536133;2.791111946105957;2.7289798259735107;2.6750757694244385;2.6028571128845215;2.5641915798187256;2.5202393531799316;2.4581706523895264;2.4003984928131104;2.3648016452789307;2.332533597946167;2.2827064990997314;2.256054162979126;2.2155659198760986;2.194196939468384;2.1604461669921875;2.1189143657684326;2.095569610595703;2.073352098464966;2.0667529106140137;2.0144107341766357;1.9932359457015991;1.9710966348648071;1.9661434888839722;1.9438902139663696;1.921133279800415;1.8858792781829834;1.8902289867401123;1.8767324686050415;1.857545018196106;1.8416606187820435;1.8344089984893799;1.794816493988037;1.8006120920181274;1.7817260026931763;1.789615511894226;1.7666078805923462;1.7669368982315063;1.7551769018173218;1.7294259071350098;1.7383283376693726;1.7299236059188843;1.7045739889144897;1.7229301929473877;1.7190864086151123;1.7166063785552979;1.6940385103225708;1.6894816160202026;1.685996174812317;1.6657319068908691;1.68111252784729;1.6921855211257935;1.6897021532058716;1.6800448894500732;1.6941242218017578;1.6781632900238037;1.6829086542129517;1.6835849285125732;1.7021849155426025;1.6997402906417847;1.69838547706604;1.7069488763809204;1.7058191299438477;1.7093743085861206;1.7138928174972534;1.7400963306427002;1.7302746772766113;1.7249507904052734;1.7441884279251099;1.7456873655319214;1.7565045356750488;1.754287838935852;1.7897425889968872;1.7788132429122925;1.7923718690872192;1.8070300817489624;1.832710862159729;1.8323535919189453;1.8372808694839478;1.8500452041625977;1.8683422803878784;1.8965951204299927;1.8893084526062012;1.9375367164611816;1.9408940076828003;1.984236717224121;1.991416096687317;2.009434700012207;2.0557682514190674;2.0699238777160645;2.1103978157043457;2.1209144592285156;2.145801305770874;2.165231704711914;2.2011654376983643;2.2325987815856934;2.2783963680267334;2.3024256229400635;2.3648736476898193;2.406543493270874;2.4470877647399902;2.4884936809539795;2.522233724594116;2.550435781478882;2.514091968536377;2.469130516052246;2.4311046600341797;2.410886526107788;2.3726325035095215;2.357530355453491;2.3235111236572266;2.2892374992370605;2.2569711208343506;2.2449350357055664;2.2122950553894043;2.1944565773010254;2.191291093826294;2.1590676307678223;2.1413729190826416;2.1213161945343018;2.1081762313842773;2.0941383838653564;2.076549530029297;2.067248582839966;2.0479493141174316;2.0355851650238037;2.0345752239227295;2.0313117504119873;2.0222837924957275;2.0011048316955566;2.0030019283294678;1.9849823713302612;1.9814496040344238;1.9877705574035645;1.9598621129989624;1.9412199258804321;1.941888451576233;1.9298274517059326;1.9375425577163696;1.9540646076202393;1.9368034601211548;1.9310145378112793;1.934241771697998;1.9393047094345093;1.9204957485198975;1.9273244142532349;1.932781457901001;1.9476168155670166;1.9322504997253418;1.9666259288787842;1.966601014137268;1.939331293106079;1.9576622247695923;1.968400001525879;1.9687012434005737;1.959350824356079;1.99129319190979;1.967984676361084;1.989701747894287;1.985582947731018;2.0231645107269287;2.0324759483337402;2.0373997688293457;2.058616876602173;2.055469036102295;2.081631898880005;2.10980486869812;2.1077468395233154;2.1373236179351807;2.1257245540618896;2.165893077850342;2.1805455684661865;2.1806862354278564;2.227168083190918;2.253824234008789;2.269601583480835;2.2848527431488037;2.3185627460479736;2.3475544452667236;2.3870174884796143;2.4050159454345703;2.4343392848968506;2.4947192668914795;2.5151114463806152;2.552476406097412;2.572740316390991;2.6311464309692383;2.6692869663238525;2.704315423965454;2.7525336742401123;2.813718795776367;inf;inf;inf;inf;inf;inf;inf;inf;inf;inf;inf;inf;inf;inf;inf;inf;inf;inf;inf;inf;inf;inf;inf;inf;inf;inf;inf;inf;inf;inf;inf,0.01749303564429283,2520618000000
inf;inf;inf;inf;inf;inf;inf;inf;inf;inf;inf;inf;inf;inf;inf;inf;inf;inf;inf;inf;inf;inf;inf;inf;inf;inf;inf;inf;inf;inf;inf;inf;inf;inf;inf;inf;inf;inf;inf;inf;inf;inf;inf;inf;inf;inf;inf;inf;inf;inf;inf;inf;inf;inf;inf;inf;inf;inf;inf;inf;inf;inf;inf;inf;inf;inf;inf;inf;inf;inf;inf;inf;inf;inf;inf;inf;inf;inf;inf;inf;inf;inf;inf;inf;inf;inf;inf;inf;inf;inf;inf;inf;inf;inf;inf;inf;inf;inf;inf;inf;inf;inf;inf;inf;inf;inf;inf;inf;inf;inf;inf;inf;inf;inf;inf;inf;inf;inf;inf;inf;inf;inf;inf;inf;inf;inf;3.4868788719177246;3.376763105392456;3.2927401065826416;3.189500570297241;3.117765426635742;3.027794599533081;2.952346086502075;2.8812761306762695;2.838470458984375;2.7659173011779785;2.7095754146575928;2.648066282272339;2.598618268966675;2.5470130443573;2.5070788860321045;2.4644839763641357;2.415559768676758;2.3638768196105957;2.344372272491455;2.3109331130981445;2.2779250144958496;2.2223970890045166;2.2094497680664062;2.183133125305176;2.1397409439086914;2.1330039501190186;2.09326171875;2.0678417682647705;2.0450456142425537;2.0152981281280518;1.992536187171936;1.9842896461486816;1.9620323181152344;1.9559917449951172;1.9216420650482178;1.897520899772644;1.9043967723846436;1.8925586938858032;1.8965954780578613;1.8299829959869385;1.8467438220977783;1.8425010442733765;1.851769208908081;1.8161873817443848;1.8002164363861084;1.8001465797424316;1.8017171621322632;1.7629057168960571;1.772499680519104;1.742599606513977;1.7486616373062134;1.747230887413025;1.7556169033050537;1.7608891725540161;1.7617862224578857;1.7388266324996948;1.7179994583129883;1.7354451417922974;1.7321157455444336;1.7226613759994507;1.7375997304916382;1.7402384281158447;1.7326992750167847;1.739663004875183;1.7307705879211426;1.746005892753601;1.7529207468032837;1.73271644115448;1.7511907815933228;1.7396454811096191;1.764337420463562;1.7490482330322266;1.7883635759353638;1.776634693145752;1.7858924865722656;1.8012131452560425;1.803321123123169;1.8032227754592896;1.8029793500900269;1.8256590366363525;1.8503992557525635;1.8411279916763306;1.8715320825576782;1.8773908615112305;1.8960875272750854;1.9243583679199219;1.9197107553482056;1.9523603916168213;1.969814658164978;1.973164677619934;1.9986224174499512;2.032132387161255;2.0329599380493164;2.0625407695770264;2.091844081878662;2.118185043334961;2.1551923751831055;2.1758880615234375;2.2093358039855957;2.2140753269195557;2.270146369934082;2.3056163787841797;2.343442916870117;2.3833632469177246;2.3993079662323;2.4511735439300537;2.4990501403808594;2.5291380882263184;2.58868408203125;2.550372362136841;2.5099380016326904;2.4884791374206543;2.4500296115875244;2.3994414806365967;2.3614392280578613;2.3413639068603516;2.3300039768218994;2.289750099182129;2.2731029987335205;2.232788324356079;2.2193105220794678;2.199354648590088;2.1789538860321045;2.1421797275543213;2.134274959564209;2.1265697479248047;2.107805013656616;2.0910916328430176;2.097929000854492;2.0515944957733154;2.0455985069274902;2.035862684249878;2.0088534355163574;2.012124538421631;2.006417989730835;1.9970009326934814;1.9793120622634888;1.9782055616378784;1.9757769107818604;1.9571453332901;1.9585497379302979;1.93842351436615;1.9470980167388916;1.960121750831604;1.93064284324646;1.9315623044967651;1.9233289957046509;1.9317388534545898;1.9285751581192017;1.9386056661605835;1.9091365337371826;1.9162869453430176;1.9406675100326538;1.933890461921692;1.932903528213501;1.9434163570404053;1.9347724914550781;1.950553059577942;1.947475552558899;1.9568065404891968;1.9334195852279663;1.9623955488204956;1.9709454774856567;1.9572153091430664;1.999546766281128;2.007371187210083;2.0017950534820557;2.0035436153411865;2.024827480316162;2.027909517288208;2.0570600032806396;2.0588040351867676;2.087279796600342;2.116823196411133;2.116485595703125;2.1302671432495117;2.1381986141204834;2.171380043029785;2.1799063682556152;2.2157301902770996;2.219454050064087;2.2441933155059814;2.2922396659851074;2.295259475708008;2.33210825920105;2.3674771785736084;2.387866497039795;2.415621280670166;2.4409878253936768;2.4882700443267822;2.5369787216186523;2.5621302127838135;2.6014161109924316;2.6382527351379395;2.6791205406188965;2.722506046295166;2.7728073596954346;inf;inf;inf;inf;inf;inf;inf;inf;inf;inf;inf;inf;inf;inf;inf;inf;inf;inf;inf;inf;inf;inf;inf;inf;inf;inf;inf;inf;inf;inf;inf;inf;inf;inf;inf;inf;inf,0.01749303564429283,2520819000000
inf;inf;inf;inf;inf;inf;inf;inf;inf;inf;inf;inf;inf;inf;inf;inf;inf;inf;inf;inf;inf;inf;inf;inf;inf;inf;inf;inf;inf;inf;inf;inf;inf;inf;inf;inf;inf;inf;inf;inf;inf;inf;inf;inf;inf;inf;inf;inf;inf;inf;inf;inf;inf;inf;inf;inf;inf;inf;inf;inf;inf;inf;inf;inf;inf;inf;inf;inf;inf;inf;inf;inf;inf;inf;inf;inf;inf;inf;inf;inf;inf;inf;inf;inf;inf;inf;inf;inf;inf;inf;inf;inf;inf;inf;inf;inf;inf;inf;inf;inf;inf;inf;inf;inf;inf;inf;inf;inf;inf;inf;inf;inf;inf;inf;inf;inf;inf;inf;inf;inf;inf;inf;3.3931055068969727;3.307485818862915;3.2245450019836426;3.1296818256378174;3.0603792667388916;2.98260760307312;2.9195899963378906;2.859325885772705;2.799431085586548;2.7412843704223633;2.6800482273101807;2.63576602935791;2.5906200408935547;2.530064582824707;2.4855117797851562;2.4501307010650635;2.3961076736450195;2.376926898956299;2.353207588195801;2.3043572902679443;2.2896790504455566;2.238729953765869;2.213225841522217;2.1780006885528564;2.158052921295166;2.115504026412964;2.117997646331787;2.094081401824951;2.0758800506591797;2.041663885116577;2.0131380558013916;2.0120646953582764;1.9844467639923096;1.9764299392700195;1.9480760097503662;1.9455914497375488;1.9270210266113281;1.8963773250579834;1.9085687398910522;1.8934646844863892;1.8780895471572876;1.8586705923080444;1.8455971479415894;1.8399653434753418;1.8367996215820312;1.8261812925338745;1.8242436647415161;1.815619707107544;1.806815266609192;1.7927716970443726;1.8114614486694336;1.8164485692977905;1.7809510231018066;1.7947653532028198;1.7906121015548706;1.786797285079956;1.777965784072876;1.7788915634155273;1.7734684944152832;1.7733941078186035;1.7988635301589966;1.7764240503311157;1.799908995628357;1.781927466392517;1.788134217262268;1.778578758239746;1.8053553104400635;1.7980321645736694;1.809175968170166;1.8158483505249023;1.8394863605499268;1.8346630334854126;1.842598795890808;1.839296579360962;1.848343014717102;1.8710741996765137;1.878185749053955;1.877011775970459;1.8713665008544922;1.911579966545105;1.9204130172729492;1.9388419389724731;1.95560622215271;1.9703309535980225;1.9645180702209473;2.007514238357544;2.0009074211120605;2.030846118927002;2.049142599105835;2.0859720706939697;2.080990791320801;2.1244499683380127;2.142188787460327;2.1784276962280273;2.2087652683258057;2.2301087379455566;2.262634038925171;2.300354480743408;2.3229563236236572;2.3701913356781006;2.403393507003784;2.442840814590454;2.4606237411499023;2.505685329437256;2.557464122772217;2.608150005340576;2.5854122638702393;2.5539586544036865;2.519981861114502;2.482557535171509;2.455557107925415;2.401353597640991;2.3800554275512695;2.347764015197754;2.310755491256714;2.2805869579315186;2.266968250274658;2.2520766258239746;2.2087297439575195;2.2057535648345947;2.1666367053985596;2.1705174446105957;2.130934476852417;2.1408565044403076;2.0817794799804688;2.074550151824951;2.071690797805786;2.0661234855651855;2.0319838523864746;2.0091476440429688;2.018190383911133;2.0094194412231445;2.005767822265625;1.9806193113327026;1.9794124364852905;1.984747052192688;1.9377129077911377;1.9570223093032837;1.950459599494934;1.930388331413269;1.9240556955337524;1.9360320568084717;1.9415141344070435;1.920125126838684;1.924175500869751;1.9168177843093872;1.8995296955108643;1.919416904449463;1.913583517074585;1.9160188436508179;1.9321863651275635;1.91488516330719;1.9252392053604126;1.9458117485046387;1.9283275604248047;1.9210067987442017;1.9169641733169556;1.9520189762115479;1.9561575651168823;1.941473364830017;1.9670809507369995;1.9646981954574585;1.984439492225647;1.9728589057922363;1.99601411819458;2.0037460327148438;2.024251699447632;2.015465497970581;2.0342016220092773;2.0568790435791016;2.073852062225342;2.0840423107147217;2.1158246994018555;2.1135876178741455;2.1369376182556152;2.1477138996124268;2.1796367168426514;2.201012134552002;2.2239127159118652;2.231024742126465;2.2404353618621826;2.2915847301483154;2.284498929977417;2.3526647090911865;2.3631772994995117;2.382495641708374;2.414828300476074;2.4720022678375244;2.504328489303589;2.550835132598877;2.5643298625946045;2.6266908645629883;2.653033971786499;2.706587791442871;inf;inf;inf;inf;inf;inf;inf;inf;inf;inf;inf;inf;inf;inf;inf;inf;inf;inf;inf;inf;inf;inf;inf;inf;inf;inf;inf;inf;inf;inf;inf;inf;inf;inf;inf;inf;inf;inf;inf;inf;inf;inf;inf;inf,0.01749303564429283,2521018000000
inf;inf;inf;inf;inf;inf;inf;inf;inf;inf;inf;inf;inf;inf;inf;inf;inf;inf;inf;inf;inf;inf;inf;inf;inf;inf;inf;inf;inf;inf;inf;inf;inf;inf;inf;inf;inf;inf;inf;inf;inf;inf;inf;inf;inf;inf;inf;inf;inf;inf;inf;inf;inf;inf;inf;inf;inf;inf;inf;inf;inf;inf;inf;inf;inf;inf;inf;inf;inf;inf;inf;inf;inf;inf;inf;inf;inf;inf;inf;inf;inf;inf;inf;inf;inf;inf;inf;inf;inf;inf;inf;inf;inf;inf;inf;inf;inf;inf;inf;inf;inf;inf;inf;inf;inf;inf;inf;inf;inf;inf;inf;inf;inf;inf;inf;inf;inf;3.4241769313812256;3.34731125831604;3.236494541168213;3.153571367263794;3.105884313583374;3.004973888397217;2.9534287452697754;2.877138376235962;2.8267014026641846;2.763524055480957;2.6976399421691895;2.6497905254364014;2.6128156185150146;2.5566272735595703;2.5352392196655273;2.488424777984619;2.451723098754883;2.4290807247161865;2.3762073516845703;2.3556833267211914;2.3158388137817383;2.2805371284484863;2.250925302505493;2.2080790996551514;2.1887130737304688;2.1888511180877686;2.1573004722595215;2.13446044921875;2.0989017486572266;2.079092502593994;2.0822408199310303;2.056284189224243;2.031383991241455;2.015829086303711;2.014270544052124;1.9597595930099487;1.9696850776672363;1.9467662572860718;1.937222957611084;1.9395842552185059;1.9230663776397705;1.9332032203674316;1.9051226377487183;1.8986289501190186;1.8824821710586548;1.8834474086761475;1.8735227584838867;1.8632543087005615;1.8616899251937866;1.8508024215698242;1.8472212553024292;1.8432118892669678;1.8462773561477661;1.8375142812728882;1.8363326787948608;1.837027907371521;1.8201171159744263;1.840941071510315;1.8381212949752808;1.8206933736801147;1.8465166091918945;1.8244372606277466;1.8435087203979492;1.836655616760254;1.8243974447250366;1.8426403999328613;1.8591842651367188;1.8611431121826172;1.86859130859375;1.877120852470398;1.859228253364563;1.8829985857009888;1.8919472694396973;1.8985153436660767;1.9119116067886353;1.9139695167541504;1.9376227855682373;1.9502215385437012;1.9723782539367676;1.9707237482070923;1.9944360256195068;2.0259437561035156;2.001628875732422;2.036989450454712;2.0454261302948;2.0623393058776855;2.1029138565063477;2.107696294784546;2.132350206375122;2.16288161277771;2.1720476150512695;2.203226327896118;2.21596622467041;2.2611172199249268;2.2786285877227783;2.3175342082977295;2.3361446857452393;2.3775076866149902;2.402872085571289;2.4587442874908447;2.4876444339752197;2.525158166885376;2.568342924118042;2.6166112422943115;2.6595354080200195;2.5780272483825684;2.5575387477874756;2.5174994468688965;2.478252410888672;2.4289300441741943;2.413397789001465;2.3827059268951416;2.358095407485962;2.325587034225464;2.3059816360473633;2.2854015827178955;2.2491323947906494;2.2053189277648926;2.1832821369171143;2.1721227169036865;2.1646597385406494;2.1447880268096924;2.1154849529266357;2.0992674827575684;2.0934503078460693;2.0764522552490234;2.053091526031494;2.064617395401001;2.0325191020965576;2.0016183853149414;2.0009658336639404;1.9840970039367676;2.0057153701782227;1.974260687828064;1.9651055335998535;1.9514342546463013;1.9617294073104858;1.9486756324768066;1.9516164064407349;1.9430556297302246;1.9392374753952026;1.9366600513458252;1.9146695137023926;1.9237536191940308;1.9127553701400757;1.9274711608886719;1.9147157669067383;1.9266140460968018;1.9133765697479248;1.9207197427749634;1.9276658296585083;1.9169445037841797;1.916015386581421;1.9362082481384277;1.942058801651001;1.9137332439422607;1.9346076250076294;1.946035385131836;1.945013403892517;1.963833212852478;1.9871639013290405;1.9767041206359863;1.9791240692138672;1.9956642389297485;1.9970813989639282;2.0233359336853027;2.026752471923828;2.026188373565674;2.047436237335205;2.0672762393951416;2.078009843826294;2.0898683071136475;2.110602378845215;2.134423017501831;2.1455423831939697;2.1765284538269043;2.1752052307128906;2.193042278289795;2.2177507877349854;2.271416425704956;2.264224052429199;2.293696165084839;2.317930221557617;2.355440378189087;2.373513698577881;2.4201254844665527;2.4504477977752686;2.4861695766448975;2.522430419921875;2.5672271251678467;2.6052820682525635;2.6575920581817627;2.716053009033203;inf;inf;inf;inf;inf;inf;inf;inf;inf;inf;inf;inf;inf;inf;inf;inf;inf;inf;inf;inf;inf;inf;inf;inf;inf;inf;inf;inf;inf;inf;inf;inf;inf;inf;inf;inf;inf;inf;inf;inf;inf;inf;inf;inf;inf;inf;inf;inf;inf;inf,0.01749303564429283,2521218000000
inf;inf;inf;inf;inf;inf;inf;inf;inf;inf;inf;inf;inf;inf;inf;inf;inf;inf;inf;inf;inf;inf;inf;inf;inf;inf;inf;inf;inf;inf;inf;inf;inf;inf;inf;inf;inf;inf;inf;inf;inf;inf;inf;inf;inf;inf;inf;inf;inf;inf;inf;inf;inf;inf;inf;inf;inf;inf;inf;inf;inf;inf;inf;inf;inf;inf;inf;inf;inf;inf;inf;inf;inf;inf;inf;inf;inf;inf;inf;inf;inf;inf;inf;inf;inf;inf;inf;inf;inf;inf;inf;inf;inf;inf;inf;inf;inf;inf;inf;inf;inf;inf;inf;inf;inf;inf;inf;inf;inf;inf;inf;inf;3.4628548622131348;3.3605051040649414;3.2827892303466797;3.207510471343994;3.1188442707061768;3.0560615062713623;2.9905812740325928;2.9349381923675537;2.847961902618408;2.804826021194458;2.7633016109466553;2.7085952758789062;2.6514008045196533;2.5943825244903564;2.56988787651062;2.5232017040252686;2.4895901679992676;2.4381182193756104;2.425389289855957;2.38215970993042;2.3541791439056396;2.3225855827331543;2.3030097484588623;2.282750368118286;2.2402071952819824;2.2252752780914307;2.186119794845581;2.175027847290039;2.153940439224243;2.1332149505615234;2.0951807498931885;2.071763753890991;2.0871376991271973;2.0565619468688965;2.0268120765686035;2.0455000400543213;2.004650831222534;1.9960745573043823;1.9928160905838013;1.9756027460098267;1.9628537893295288;1.976157784461975;1.9395716190338135;1.9471136331558228;1.9322550296783447;1.9094631671905518;1.9233862161636353;1.9060792922973633;1.9141855239868164;1.8932794332504272;1.8904271125793457;1.8905208110809326;1.888102412223816;1.8876595497131348;1.8823777437210083;1.8875001668930054;1.8672802448272705;1.8803178071975708;1.8781393766403198;1.8769176006317139;1.8935192823410034;1.8828579187393188;1.89332914352417;1.8795294761657715;1.8909236192703247;1.9082103967666626;1.91850745677948;1.9117345809936523;1.9147512912750244;1.91915762424469;1.934722900390625;1.948543906211853;1.9510853290557861;1.9528287649154663;1.9630323648452759;1.983697533607483;1.9947961568832397;2.0050621032714844;2.0094094276428223;2.044389486312866;2.04162335395813;2.062950611114502;2.093010663986206;2.096421241760254;2.1197192668914795;2.1389777660369873;2.1352498531341553;2.1661641597747803;2.2082695960998535;2.223416566848755;2.2495479583740234;2.2665655612945557;2.300323009490967;2.3271284103393555;2.3651978969573975;2.393770217895508;2.4249460697174072;2.472224235534668;2.516273021697998;2.5358469486236572;2.572002410888672;2.635547161102295;2.6904263496398926;2.6696479320526123;2.6211001873016357;2.5647096633911133;2.5286145210266113;2.4886374473571777;2.4648025035858154;2.428159713745117;2.3855221271514893;2.382519006729126;2.327392339706421;2.3039910793304443;2.2688801288604736;2.264768600463867;2.233191728591919;2.199108839035034;2.183497905731201;2.171173095703125;2.150949478149414;2.133944511413574;2.1269259452819824;2.116140127182007;2.0765902996063232;2.0551888942718506;2.058117628097534;2.0446155071258545;2.023186683654785;2.0069820880889893;1.995367407798767;1.9886420965194702;1.9762767553329468;1.9805115461349487;1.9786723852157593;1.9653301239013672;1.96250319480896;1.9583837985992432;1.931268334388733;1.9394603967666626;1.9430406093597412;1.9225834608078003;1.923970103263855;1.9409219026565552;1.944595456123352;1.904461145401001;1.8960177898406982;1.9342660903930664;1.913756251335144;1.9220877885818481;1.9257951974868774;1.9223254919052124;1.9181344509124756;1.9355207681655884;1.9448705911636353;1.9317913055419922;1.9476193189620972;1.9560400247573853;1.9542638063430786;1.9638711214065552;1.9776943922042847;1.985434651374817;1.9989697933197021;2.00199556350708;2.0097951889038086;2.019829273223877;2.044846296310425;2.039976119995117;2.071598768234253;2.0728681087493896;2.092392683029175;2.1109471321105957;2.1399707794189453;2.1376280784606934;2.141570568084717;2.1772613525390625;2.2204477787017822;2.2251076698303223;2.23386812210083;2.281865358352661;2.293111801147461;2.321153402328491;2.3502449989318848;2.3817906379699707;2.4094622135162354;2.449310064315796;2.490638017654419;2.52632474899292;2.541666030883789;2.6145825386047363;2.6633503437042236;inf;inf;inf;inf;inf;inf;inf;inf;inf;inf;inf;inf;inf;inf;inf;inf;inf;inf;inf;inf;inf;inf;inf;inf;inf;inf;inf;inf;inf;inf;inf;inf;inf;inf;inf;inf;inf;inf;inf;inf;inf;inf;inf;inf;inf;inf;inf;inf;inf;inf;inf;inf;inf;inf;inf;inf;inf,0.01749303564429283,2521418000000
